DEPTH = 65536;
WIDTH = 16;

ADDRESS_RADIX = HEX;
DATA_RADIX = HEX;

CONTENT
BEGIN
0: cddf;
1: cddf;
2: cddf;
3: cddf;
4: cddf;
5: cddf;
6: cddf;
7: cddf;
8: cddf;
9: cddf;
a: cddf;
b: cddf;
c: cddf;
d: cddf;
e: cddf;
f: cddf;
10: cddf;
11: cddf;
12: cddf;
13: cddf;
14: cddf;
15: cddf;
16: cddf;
17: cddf;
18: cddf;
19: cddf;
1a: cddf;
1b: cddf;
1c: cddf;
1d: cddf;
1e: cddf;
1f: cddf;
20: cddf;
21: cddf;
22: cddf;
23: cddf;
24: cddf;
25: cddf;
26: cddf;
27: cddf;
28: cddf;
29: cddf;
2a: cddf;
2b: cddf;
2c: cddf;
2d: cddf;
2e: cddf;
2f: cddf;
30: cddf;
31: cddf;
32: cddf;
33: cddf;
34: cddf;
35: cddf;
36: cddf;
37: cddf;
38: cddf;
39: cddf;
3a: cddf;
3b: cddf;
3c: cddf;
3d: cddf;
3e: cddf;
3f: cddf;
40: cddf;
41: cddf;
42: cddf;
43: dddf;
44: dddf;
45: dddf;
46: dddf;
47: dddf;
48: dddf;
49: dddf;
4a: dddf;
4b: dddf;
4c: dddf;
4d: dddf;
4e: dddf;
4f: dddf;
50: dddf;
51: dddf;
52: dddf;
53: dddf;
54: dddf;
55: dddf;
56: dddf;
57: dddf;
58: dddf;
59: dddf;
5a: dddf;
5b: dddf;
5c: dddf;
5d: dddf;
5e: dddf;
5f: dddf;
60: dddf;
61: dddf;
62: dddf;
63: dddf;
64: dddf;
65: dddf;
66: dddf;
67: dddf;
68: dddf;
69: dddf;
6a: dddf;
6b: dddf;
6c: dddf;
6d: dddf;
6e: dddf;
6f: dddf;
70: dddf;
71: dddf;
72: dddf;
73: dddf;
74: dddf;
75: dddf;
76: dddf;
77: dddf;
78: dddf;
79: dddf;
7a: dddf;
7b: dddf;
7c: dddf;
7d: dddf;
7e: dddf;
7f: dddf;
80: dddf;
81: dddf;
82: dddf;
83: dddf;
84: dddf;
85: dddf;
86: dddf;
87: dddf;
88: dddf;
89: dddf;
8a: dddf;
8b: dddf;
8c: dddf;
8d: dddf;
8e: dddf;
8f: dddf;
90: dddf;
91: dddf;
92: dddf;
93: dddf;
94: dddf;
95: dddf;
96: dddf;
97: dddf;
98: dddf;
99: dddf;
9a: dddf;
9b: dddf;
9c: dddf;
9d: dddf;
9e: dddf;
9f: dddf;
a0: dddf;
a1: dddf;
a2: dddf;
a3: dddf;
a4: dddf;
a5: dddf;
a6: dddf;
a7: dddf;
a8: dddf;
a9: dddf;
aa: dddf;
ab: dddf;
ac: dddf;
ad: dddf;
ae: dddf;
af: dddf;
b0: dddf;
b1: dddf;
b2: dddf;
b3: dddf;
b4: dddf;
b5: dddf;
b6: dddf;
b7: dddf;
b8: dddf;
b9: dddf;
ba: dddf;
bb: dddf;
bc: dddf;
bd: dddf;
be: dddf;
bf: dddf;
c0: dddf;
c1: dddf;
c2: dddf;
c3: dddf;
c4: dddf;
c5: dddf;
c6: dddf;
c7: dddf;
c8: dddf;
c9: dddf;
ca: dddf;
cb: dddf;
cc: dddf;
cd: dddf;
ce: dddf;
cf: dddf;
d0: dddf;
d1: dddf;
d2: dddf;
d3: dddf;
d4: dddf;
d5: dddf;
d6: dddf;
d7: dddf;
d8: dddf;
d9: dddf;
da: dddf;
db: dddf;
dc: dddf;
dd: dddf;
de: dddf;
df: dddf;
e0: dddf;
e1: dddf;
e2: dddf;
e3: dddf;
e4: dddf;
e5: dddf;
e6: dddf;
e7: dddf;
e8: dddf;
e9: dddf;
ea: dddf;
eb: dddf;
ec: dddf;
ed: dddf;
ee: dddf;
ef: dddf;
f0: cdcf;
f1: cccf;
f2: cccf;
f3: bcbf;
f4: bbbf;
f5: bbbf;
f6: aaaf;
f7: 9a9f;
f8: 999f;
f9: 999f;
fa: 888f;
fb: 888f;
fc: 887f;
fd: 777f;
fe: 777f;
ff: 777f;
100: cddf;
101: cddf;
102: cddf;
103: cddf;
104: cddf;
105: cddf;
106: cddf;
107: cddf;
108: cddf;
109: cddf;
10a: cddf;
10b: cddf;
10c: cddf;
10d: cddf;
10e: cddf;
10f: cddf;
110: cddf;
111: cddf;
112: cddf;
113: cddf;
114: cddf;
115: cddf;
116: cddf;
117: cddf;
118: cddf;
119: cddf;
11a: cddf;
11b: cddf;
11c: cddf;
11d: cddf;
11e: cddf;
11f: cddf;
120: cddf;
121: cddf;
122: cddf;
123: cddf;
124: cddf;
125: cddf;
126: cddf;
127: cddf;
128: cddf;
129: cddf;
12a: cddf;
12b: cddf;
12c: cddf;
12d: cddf;
12e: cddf;
12f: cddf;
130: cddf;
131: cddf;
132: cddf;
133: cddf;
134: cddf;
135: cddf;
136: cddf;
137: cddf;
138: cddf;
139: cddf;
13a: cddf;
13b: cddf;
13c: cddf;
13d: cddf;
13e: cddf;
13f: cddf;
140: cddf;
141: cddf;
142: cddf;
143: dddf;
144: dddf;
145: dddf;
146: dddf;
147: dddf;
148: dddf;
149: dddf;
14a: dddf;
14b: dddf;
14c: dddf;
14d: dddf;
14e: dddf;
14f: dddf;
150: dddf;
151: dddf;
152: dddf;
153: dddf;
154: dddf;
155: dddf;
156: dddf;
157: dddf;
158: dddf;
159: dddf;
15a: dddf;
15b: dddf;
15c: dddf;
15d: dddf;
15e: dddf;
15f: dddf;
160: dddf;
161: dddf;
162: dddf;
163: dddf;
164: dddf;
165: dddf;
166: dddf;
167: dddf;
168: dddf;
169: dddf;
16a: dddf;
16b: dddf;
16c: dddf;
16d: dddf;
16e: dddf;
16f: dddf;
170: dddf;
171: dddf;
172: dddf;
173: dddf;
174: dddf;
175: dddf;
176: dddf;
177: dddf;
178: dddf;
179: dddf;
17a: dddf;
17b: dddf;
17c: dddf;
17d: dddf;
17e: dddf;
17f: dddf;
180: dddf;
181: dddf;
182: dddf;
183: dddf;
184: dddf;
185: dddf;
186: dddf;
187: dddf;
188: dddf;
189: dddf;
18a: dddf;
18b: dddf;
18c: dddf;
18d: dddf;
18e: dddf;
18f: dddf;
190: dddf;
191: dddf;
192: dddf;
193: dddf;
194: dddf;
195: dddf;
196: dddf;
197: dddf;
198: dddf;
199: dddf;
19a: dddf;
19b: dddf;
19c: dddf;
19d: dddf;
19e: dddf;
19f: dddf;
1a0: dddf;
1a1: dddf;
1a2: dddf;
1a3: dddf;
1a4: dddf;
1a5: dddf;
1a6: dddf;
1a7: dddf;
1a8: dddf;
1a9: dddf;
1aa: dddf;
1ab: dddf;
1ac: dddf;
1ad: dddf;
1ae: dddf;
1af: dddf;
1b0: dddf;
1b1: dddf;
1b2: dddf;
1b3: dddf;
1b4: dddf;
1b5: dddf;
1b6: dddf;
1b7: dddf;
1b8: dddf;
1b9: dddf;
1ba: dddf;
1bb: dddf;
1bc: dddf;
1bd: dddf;
1be: dddf;
1bf: dddf;
1c0: dddf;
1c1: dddf;
1c2: dddf;
1c3: dddf;
1c4: dddf;
1c5: dddf;
1c6: dddf;
1c7: dddf;
1c8: dddf;
1c9: dddf;
1ca: dddf;
1cb: dddf;
1cc: dddf;
1cd: dddf;
1ce: dddf;
1cf: dddf;
1d0: dddf;
1d1: dddf;
1d2: dddf;
1d3: dddf;
1d4: dddf;
1d5: dddf;
1d6: dddf;
1d7: dddf;
1d8: dddf;
1d9: dddf;
1da: dddf;
1db: dddf;
1dc: dddf;
1dd: dddf;
1de: dddf;
1df: dddf;
1e0: dddf;
1e1: dddf;
1e2: dddf;
1e3: dddf;
1e4: dddf;
1e5: dddf;
1e6: dddf;
1e7: dddf;
1e8: dddf;
1e9: dddf;
1ea: cdcf;
1eb: cccf;
1ec: cccf;
1ed: bccf;
1ee: bbbf;
1ef: bbbf;
1f0: bbbf;
1f1: aaaf;
1f2: aaaf;
1f3: 999f;
1f4: 999f;
1f5: 888f;
1f6: 888f;
1f7: 777f;
1f8: 777f;
1f9: 666f;
1fa: 666f;
1fb: 666f;
1fc: 665f;
1fd: 555f;
1fe: 555f;
1ff: 555f;
200: cddf;
201: cddf;
202: cddf;
203: cddf;
204: cddf;
205: cddf;
206: cddf;
207: cddf;
208: cddf;
209: cddf;
20a: cddf;
20b: cddf;
20c: cddf;
20d: cddf;
20e: cddf;
20f: cddf;
210: cddf;
211: cddf;
212: cddf;
213: cddf;
214: cddf;
215: cddf;
216: cddf;
217: cddf;
218: cddf;
219: cddf;
21a: cddf;
21b: cddf;
21c: cddf;
21d: cddf;
21e: cddf;
21f: cddf;
220: cddf;
221: cddf;
222: cddf;
223: cddf;
224: cddf;
225: cddf;
226: cddf;
227: cddf;
228: cddf;
229: cddf;
22a: cddf;
22b: cddf;
22c: cddf;
22d: cddf;
22e: cddf;
22f: cddf;
230: cddf;
231: cddf;
232: cddf;
233: cddf;
234: cddf;
235: cddf;
236: cddf;
237: cddf;
238: cddf;
239: cddf;
23a: cddf;
23b: cddf;
23c: cddf;
23d: cddf;
23e: cddf;
23f: cddf;
240: cddf;
241: cddf;
242: cddf;
243: dddf;
244: dddf;
245: dddf;
246: dddf;
247: dddf;
248: dddf;
249: dddf;
24a: dddf;
24b: dddf;
24c: dddf;
24d: dddf;
24e: dddf;
24f: dddf;
250: dddf;
251: dddf;
252: dddf;
253: dddf;
254: dddf;
255: dddf;
256: dddf;
257: dddf;
258: dddf;
259: dddf;
25a: dddf;
25b: dddf;
25c: dddf;
25d: dddf;
25e: dddf;
25f: dddf;
260: dddf;
261: dddf;
262: dddf;
263: dddf;
264: dddf;
265: dddf;
266: dddf;
267: dddf;
268: dddf;
269: dddf;
26a: dddf;
26b: dddf;
26c: dddf;
26d: dddf;
26e: dddf;
26f: dddf;
270: dddf;
271: dddf;
272: dddf;
273: dddf;
274: dddf;
275: dddf;
276: dddf;
277: dddf;
278: dddf;
279: dddf;
27a: dddf;
27b: dddf;
27c: dddf;
27d: dddf;
27e: dddf;
27f: dddf;
280: dddf;
281: dddf;
282: dddf;
283: dddf;
284: dddf;
285: dddf;
286: dddf;
287: dddf;
288: dddf;
289: dddf;
28a: dddf;
28b: dddf;
28c: dddf;
28d: dddf;
28e: dddf;
28f: dddf;
290: dddf;
291: dddf;
292: dddf;
293: dddf;
294: dddf;
295: dddf;
296: dddf;
297: dddf;
298: dddf;
299: dddf;
29a: dddf;
29b: dddf;
29c: dddf;
29d: dddf;
29e: dddf;
29f: dddf;
2a0: dddf;
2a1: dddf;
2a2: dddf;
2a3: dddf;
2a4: dddf;
2a5: dddf;
2a6: dddf;
2a7: dddf;
2a8: dddf;
2a9: dddf;
2aa: dddf;
2ab: dddf;
2ac: dddf;
2ad: dddf;
2ae: dddf;
2af: dddf;
2b0: dddf;
2b1: dddf;
2b2: dddf;
2b3: dddf;
2b4: dddf;
2b5: dddf;
2b6: dddf;
2b7: dddf;
2b8: dddf;
2b9: dddf;
2ba: dddf;
2bb: dddf;
2bc: dddf;
2bd: dddf;
2be: dddf;
2bf: dddf;
2c0: dddf;
2c1: dddf;
2c2: dddf;
2c3: dddf;
2c4: dddf;
2c5: dddf;
2c6: dddf;
2c7: dddf;
2c8: dddf;
2c9: dddf;
2ca: dddf;
2cb: dddf;
2cc: dddf;
2cd: dddf;
2ce: dddf;
2cf: dddf;
2d0: dddf;
2d1: dddf;
2d2: dddf;
2d3: dddf;
2d4: dddf;
2d5: dddf;
2d6: dddf;
2d7: dddf;
2d8: dddf;
2d9: dddf;
2da: dddf;
2db: dddf;
2dc: dddf;
2dd: dddf;
2de: dddf;
2df: dddf;
2e0: dddf;
2e1: dddf;
2e2: dddf;
2e3: dddf;
2e4: dddf;
2e5: dddf;
2e6: dddf;
2e7: cdcf;
2e8: cccf;
2e9: cccf;
2ea: bbbf;
2eb: bbbf;
2ec: aaaf;
2ed: aaaf;
2ee: 999f;
2ef: 999f;
2f0: 898f;
2f1: 888f;
2f2: 887f;
2f3: 777f;
2f4: 776f;
2f5: 666f;
2f6: 666f;
2f7: 665f;
2f8: 555f;
2f9: 555f;
2fa: 555f;
2fb: 555f;
2fc: 555f;
2fd: 554f;
2fe: 544f;
2ff: 444f;
300: cddf;
301: cddf;
302: cddf;
303: cddf;
304: cddf;
305: cddf;
306: cddf;
307: cddf;
308: cddf;
309: cddf;
30a: cddf;
30b: cddf;
30c: cddf;
30d: cddf;
30e: cddf;
30f: cddf;
310: cddf;
311: cddf;
312: cddf;
313: cddf;
314: cddf;
315: cddf;
316: cddf;
317: cddf;
318: cddf;
319: cddf;
31a: cddf;
31b: cddf;
31c: cddf;
31d: cddf;
31e: cddf;
31f: cddf;
320: cddf;
321: cddf;
322: cddf;
323: cddf;
324: cddf;
325: cddf;
326: cddf;
327: cddf;
328: cddf;
329: cddf;
32a: cddf;
32b: cddf;
32c: cddf;
32d: cddf;
32e: cddf;
32f: cddf;
330: cddf;
331: cddf;
332: cddf;
333: cddf;
334: cddf;
335: cddf;
336: cddf;
337: cddf;
338: cddf;
339: cddf;
33a: cddf;
33b: cddf;
33c: cddf;
33d: cddf;
33e: cddf;
33f: cddf;
340: cddf;
341: cddf;
342: cddf;
343: dddf;
344: dddf;
345: dddf;
346: dddf;
347: dddf;
348: dddf;
349: dddf;
34a: dddf;
34b: dddf;
34c: dddf;
34d: dddf;
34e: dddf;
34f: dddf;
350: dddf;
351: dddf;
352: dddf;
353: dddf;
354: dddf;
355: dddf;
356: dddf;
357: dddf;
358: dddf;
359: dddf;
35a: dddf;
35b: dddf;
35c: dddf;
35d: dddf;
35e: dddf;
35f: dddf;
360: dddf;
361: dddf;
362: dddf;
363: dddf;
364: dddf;
365: dddf;
366: dddf;
367: dddf;
368: dddf;
369: dddf;
36a: dddf;
36b: dddf;
36c: dddf;
36d: dddf;
36e: dddf;
36f: dddf;
370: dddf;
371: dddf;
372: dddf;
373: dddf;
374: dddf;
375: dddf;
376: dddf;
377: dddf;
378: dddf;
379: dddf;
37a: dddf;
37b: dddf;
37c: dddf;
37d: dddf;
37e: dddf;
37f: dddf;
380: dddf;
381: dddf;
382: dddf;
383: dddf;
384: dddf;
385: dddf;
386: dddf;
387: dddf;
388: dddf;
389: dddf;
38a: dddf;
38b: dddf;
38c: dddf;
38d: dddf;
38e: dddf;
38f: dddf;
390: dddf;
391: dddf;
392: dddf;
393: dddf;
394: dddf;
395: dddf;
396: dddf;
397: dddf;
398: dddf;
399: dddf;
39a: dddf;
39b: dddf;
39c: dddf;
39d: dddf;
39e: dddf;
39f: dddf;
3a0: dddf;
3a1: dddf;
3a2: dddf;
3a3: dddf;
3a4: dddf;
3a5: dddf;
3a6: dddf;
3a7: dddf;
3a8: dddf;
3a9: dddf;
3aa: dddf;
3ab: dddf;
3ac: dddf;
3ad: dddf;
3ae: dddf;
3af: dddf;
3b0: dddf;
3b1: dddf;
3b2: dddf;
3b3: dddf;
3b4: dddf;
3b5: dddf;
3b6: dddf;
3b7: dddf;
3b8: dddf;
3b9: dddf;
3ba: dddf;
3bb: dddf;
3bc: dddf;
3bd: dddf;
3be: dddf;
3bf: dddf;
3c0: dddf;
3c1: dddf;
3c2: dddf;
3c3: dddf;
3c4: dddf;
3c5: dddf;
3c6: dddf;
3c7: dddf;
3c8: dddf;
3c9: dddf;
3ca: dddf;
3cb: dddf;
3cc: dddf;
3cd: dddf;
3ce: dddf;
3cf: dddf;
3d0: dddf;
3d1: dddf;
3d2: dddf;
3d3: dddf;
3d4: dddf;
3d5: dddf;
3d6: dddf;
3d7: dddf;
3d8: dddf;
3d9: dddf;
3da: dddf;
3db: dddf;
3dc: dddf;
3dd: dddf;
3de: dddf;
3df: dddf;
3e0: dddf;
3e1: dedf;
3e2: dedf;
3e3: dddf;
3e4: dddf;
3e5: dddf;
3e6: cccf;
3e7: cccf;
3e8: bbbf;
3e9: aaaf;
3ea: aaaf;
3eb: 999f;
3ec: 888f;
3ed: 887f;
3ee: 777f;
3ef: 776f;
3f0: 666f;
3f1: 666f;
3f2: 665f;
3f3: 555f;
3f4: 555f;
3f5: 555f;
3f6: 554f;
3f7: 444f;
3f8: 444f;
3f9: 444f;
3fa: 444f;
3fb: 554f;
3fc: 444f;
3fd: 444f;
3fe: 444f;
3ff: 444f;
400: cddf;
401: cddf;
402: cddf;
403: cddf;
404: cddf;
405: cddf;
406: cddf;
407: cddf;
408: cddf;
409: cddf;
40a: cddf;
40b: cddf;
40c: cddf;
40d: cddf;
40e: cddf;
40f: cddf;
410: cddf;
411: cddf;
412: cddf;
413: cddf;
414: cddf;
415: cddf;
416: cddf;
417: cddf;
418: cddf;
419: cddf;
41a: cddf;
41b: cddf;
41c: cddf;
41d: cddf;
41e: cddf;
41f: cddf;
420: cddf;
421: cddf;
422: cddf;
423: cddf;
424: cddf;
425: cddf;
426: cddf;
427: cddf;
428: cddf;
429: cddf;
42a: cddf;
42b: cddf;
42c: cddf;
42d: cddf;
42e: cddf;
42f: cddf;
430: cddf;
431: cddf;
432: cddf;
433: cddf;
434: cddf;
435: cddf;
436: cddf;
437: cddf;
438: cddf;
439: cddf;
43a: cddf;
43b: cddf;
43c: cddf;
43d: cddf;
43e: cddf;
43f: cddf;
440: cddf;
441: cddf;
442: cddf;
443: dddf;
444: dddf;
445: dddf;
446: dddf;
447: dddf;
448: dddf;
449: dddf;
44a: dddf;
44b: dddf;
44c: dddf;
44d: dddf;
44e: dddf;
44f: dddf;
450: dddf;
451: dddf;
452: dddf;
453: dddf;
454: dddf;
455: dddf;
456: dddf;
457: dddf;
458: dddf;
459: dddf;
45a: dddf;
45b: dddf;
45c: dddf;
45d: dddf;
45e: dddf;
45f: dddf;
460: dddf;
461: dddf;
462: dddf;
463: dddf;
464: dddf;
465: dddf;
466: dddf;
467: dddf;
468: dddf;
469: dddf;
46a: dddf;
46b: dddf;
46c: dddf;
46d: dddf;
46e: dddf;
46f: dddf;
470: dddf;
471: dddf;
472: dddf;
473: dddf;
474: dddf;
475: dddf;
476: dddf;
477: dddf;
478: dddf;
479: dddf;
47a: dddf;
47b: dddf;
47c: dddf;
47d: dddf;
47e: dddf;
47f: dddf;
480: dddf;
481: dddf;
482: dddf;
483: dddf;
484: dddf;
485: dddf;
486: dddf;
487: dddf;
488: dddf;
489: dddf;
48a: dddf;
48b: dddf;
48c: dddf;
48d: dddf;
48e: dddf;
48f: dddf;
490: dddf;
491: dddf;
492: dddf;
493: dddf;
494: dddf;
495: dddf;
496: dddf;
497: dddf;
498: dddf;
499: dddf;
49a: dddf;
49b: dddf;
49c: dddf;
49d: dddf;
49e: dddf;
49f: dddf;
4a0: dddf;
4a1: dddf;
4a2: dddf;
4a3: dddf;
4a4: dddf;
4a5: dddf;
4a6: dddf;
4a7: dddf;
4a8: dddf;
4a9: dddf;
4aa: dddf;
4ab: dddf;
4ac: dddf;
4ad: dddf;
4ae: dddf;
4af: dddf;
4b0: dddf;
4b1: dddf;
4b2: dddf;
4b3: dddf;
4b4: dddf;
4b5: dddf;
4b6: dddf;
4b7: dddf;
4b8: dddf;
4b9: dddf;
4ba: dddf;
4bb: dddf;
4bc: dddf;
4bd: dddf;
4be: dddf;
4bf: dddf;
4c0: dddf;
4c1: dddf;
4c2: dddf;
4c3: dddf;
4c4: dddf;
4c5: dddf;
4c6: dddf;
4c7: dddf;
4c8: dddf;
4c9: dddf;
4ca: dddf;
4cb: dddf;
4cc: dddf;
4cd: dddf;
4ce: dddf;
4cf: dddf;
4d0: dddf;
4d1: dddf;
4d2: dddf;
4d3: dddf;
4d4: dddf;
4d5: dddf;
4d6: dddf;
4d7: dddf;
4d8: dddf;
4d9: dddf;
4da: dddf;
4db: dddf;
4dc: dddf;
4dd: dddf;
4de: dddf;
4df: dddf;
4e0: dddf;
4e1: dddf;
4e2: ddcf;
4e3: cccf;
4e4: cccf;
4e5: bbbf;
4e6: aaaf;
4e7: 999f;
4e8: 999f;
4e9: 888f;
4ea: 887f;
4eb: 777f;
4ec: 776f;
4ed: 666f;
4ee: 555f;
4ef: 555f;
4f0: 554f;
4f1: 554f;
4f2: 544f;
4f3: 444f;
4f4: 444f;
4f5: 444f;
4f6: 444f;
4f7: 444f;
4f8: 444f;
4f9: 444f;
4fa: 444f;
4fb: 444f;
4fc: 444f;
4fd: 444f;
4fe: 444f;
4ff: 444f;
500: cddf;
501: cddf;
502: cddf;
503: cddf;
504: cddf;
505: cddf;
506: cddf;
507: cddf;
508: cddf;
509: cddf;
50a: cddf;
50b: cddf;
50c: cddf;
50d: cddf;
50e: cddf;
50f: cddf;
510: cddf;
511: cddf;
512: cddf;
513: cddf;
514: cddf;
515: cddf;
516: cddf;
517: cddf;
518: cddf;
519: cddf;
51a: cddf;
51b: cddf;
51c: cddf;
51d: cddf;
51e: cddf;
51f: cddf;
520: cddf;
521: cddf;
522: cddf;
523: cddf;
524: cddf;
525: cddf;
526: cddf;
527: cddf;
528: cddf;
529: cddf;
52a: cddf;
52b: cddf;
52c: cddf;
52d: cddf;
52e: cddf;
52f: cddf;
530: cddf;
531: cddf;
532: cddf;
533: cddf;
534: cddf;
535: cddf;
536: cddf;
537: cddf;
538: cddf;
539: cddf;
53a: cddf;
53b: cddf;
53c: cddf;
53d: cddf;
53e: cddf;
53f: cddf;
540: cddf;
541: cddf;
542: cddf;
543: dddf;
544: dddf;
545: dddf;
546: dddf;
547: dddf;
548: dddf;
549: dddf;
54a: dddf;
54b: dddf;
54c: dddf;
54d: dddf;
54e: dddf;
54f: dddf;
550: dddf;
551: dddf;
552: dddf;
553: dddf;
554: dddf;
555: dddf;
556: dddf;
557: dddf;
558: dddf;
559: dddf;
55a: dddf;
55b: dddf;
55c: dddf;
55d: dddf;
55e: dddf;
55f: dddf;
560: dddf;
561: dddf;
562: dddf;
563: dddf;
564: dddf;
565: dddf;
566: dddf;
567: dddf;
568: dddf;
569: dddf;
56a: dddf;
56b: dddf;
56c: dddf;
56d: dddf;
56e: dddf;
56f: dddf;
570: dddf;
571: dddf;
572: dddf;
573: dddf;
574: dddf;
575: dddf;
576: dddf;
577: dddf;
578: dddf;
579: dddf;
57a: dddf;
57b: dddf;
57c: dddf;
57d: dddf;
57e: dddf;
57f: dddf;
580: dddf;
581: dddf;
582: dddf;
583: dddf;
584: dddf;
585: dddf;
586: dddf;
587: dddf;
588: dddf;
589: dddf;
58a: dddf;
58b: dddf;
58c: dddf;
58d: dddf;
58e: dddf;
58f: dddf;
590: dddf;
591: dddf;
592: dddf;
593: dddf;
594: dddf;
595: dddf;
596: dddf;
597: dddf;
598: dddf;
599: dddf;
59a: dddf;
59b: dddf;
59c: dddf;
59d: dddf;
59e: dddf;
59f: dddf;
5a0: dddf;
5a1: dddf;
5a2: dddf;
5a3: dddf;
5a4: dddf;
5a5: dddf;
5a6: dddf;
5a7: dddf;
5a8: dddf;
5a9: dddf;
5aa: dddf;
5ab: dddf;
5ac: dddf;
5ad: dddf;
5ae: dddf;
5af: dddf;
5b0: dddf;
5b1: dddf;
5b2: dddf;
5b3: dddf;
5b4: dddf;
5b5: dddf;
5b6: dddf;
5b7: dddf;
5b8: dddf;
5b9: dddf;
5ba: dddf;
5bb: dddf;
5bc: dddf;
5bd: dddf;
5be: dddf;
5bf: dddf;
5c0: dddf;
5c1: dddf;
5c2: dddf;
5c3: dddf;
5c4: dddf;
5c5: dddf;
5c6: dddf;
5c7: dddf;
5c8: dddf;
5c9: dddf;
5ca: dddf;
5cb: dddf;
5cc: dddf;
5cd: dddf;
5ce: dddf;
5cf: dddf;
5d0: dddf;
5d1: dddf;
5d2: dddf;
5d3: dddf;
5d4: dddf;
5d5: dddf;
5d6: dddf;
5d7: dddf;
5d8: dddf;
5d9: dddf;
5da: dddf;
5db: dddf;
5dc: dddf;
5dd: dddf;
5de: ddcf;
5df: cdcf;
5e0: cccf;
5e1: cccf;
5e2: bbbf;
5e3: bbaf;
5e4: aaaf;
5e5: 999f;
5e6: 888f;
5e7: 777f;
5e8: 777f;
5e9: 666f;
5ea: 665f;
5eb: 555f;
5ec: 555f;
5ed: 555f;
5ee: 444f;
5ef: 444f;
5f0: 444f;
5f1: 444f;
5f2: 444f;
5f3: 444f;
5f4: 444f;
5f5: 444f;
5f6: 444f;
5f7: 444f;
5f8: 444f;
5f9: 444f;
5fa: 444f;
5fb: 444f;
5fc: 444f;
5fd: 444f;
5fe: 444f;
5ff: 544f;
600: cddf;
601: cddf;
602: cddf;
603: cddf;
604: cddf;
605: cddf;
606: cddf;
607: cddf;
608: cddf;
609: cddf;
60a: cddf;
60b: cddf;
60c: cddf;
60d: cddf;
60e: cddf;
60f: cddf;
610: cddf;
611: cddf;
612: cddf;
613: cddf;
614: cddf;
615: cddf;
616: cddf;
617: cddf;
618: cddf;
619: cddf;
61a: cddf;
61b: cddf;
61c: cddf;
61d: cddf;
61e: cddf;
61f: cddf;
620: cddf;
621: cddf;
622: cddf;
623: cddf;
624: cddf;
625: cddf;
626: cddf;
627: cddf;
628: cddf;
629: cddf;
62a: cddf;
62b: cddf;
62c: cddf;
62d: cddf;
62e: cddf;
62f: cddf;
630: cddf;
631: cddf;
632: cddf;
633: cddf;
634: cddf;
635: cddf;
636: cddf;
637: cddf;
638: cddf;
639: cddf;
63a: cddf;
63b: cddf;
63c: cddf;
63d: cddf;
63e: cddf;
63f: cddf;
640: cddf;
641: cddf;
642: cddf;
643: dddf;
644: dddf;
645: dddf;
646: dddf;
647: dddf;
648: dddf;
649: dddf;
64a: dddf;
64b: dddf;
64c: dddf;
64d: dddf;
64e: dddf;
64f: dddf;
650: dddf;
651: dddf;
652: dddf;
653: dddf;
654: dddf;
655: dddf;
656: dddf;
657: dddf;
658: dddf;
659: dddf;
65a: dddf;
65b: dddf;
65c: dddf;
65d: dddf;
65e: dddf;
65f: dddf;
660: dddf;
661: dddf;
662: dddf;
663: dddf;
664: dddf;
665: dddf;
666: dddf;
667: dddf;
668: dddf;
669: dddf;
66a: dddf;
66b: dddf;
66c: dddf;
66d: dddf;
66e: dddf;
66f: dddf;
670: dddf;
671: dddf;
672: dddf;
673: dddf;
674: dddf;
675: dddf;
676: dddf;
677: dddf;
678: dddf;
679: dddf;
67a: dddf;
67b: dddf;
67c: dddf;
67d: dddf;
67e: dddf;
67f: dddf;
680: dddf;
681: dddf;
682: dddf;
683: dddf;
684: dddf;
685: dddf;
686: dddf;
687: dddf;
688: dddf;
689: dddf;
68a: dddf;
68b: dddf;
68c: dddf;
68d: dddf;
68e: dddf;
68f: dddf;
690: dddf;
691: dddf;
692: dddf;
693: dddf;
694: dddf;
695: dddf;
696: dddf;
697: dddf;
698: dddf;
699: dddf;
69a: dddf;
69b: dddf;
69c: dddf;
69d: dddf;
69e: dddf;
69f: dddf;
6a0: dddf;
6a1: dddf;
6a2: dddf;
6a3: dddf;
6a4: dddf;
6a5: dddf;
6a6: dddf;
6a7: dddf;
6a8: dddf;
6a9: dddf;
6aa: dddf;
6ab: dddf;
6ac: dddf;
6ad: dddf;
6ae: dddf;
6af: dddf;
6b0: dddf;
6b1: dddf;
6b2: dddf;
6b3: dddf;
6b4: dddf;
6b5: dddf;
6b6: dddf;
6b7: dddf;
6b8: dddf;
6b9: dddf;
6ba: dddf;
6bb: dddf;
6bc: dddf;
6bd: dddf;
6be: dddf;
6bf: dddf;
6c0: dddf;
6c1: dddf;
6c2: dddf;
6c3: dddf;
6c4: dddf;
6c5: dddf;
6c6: dddf;
6c7: dddf;
6c8: dddf;
6c9: dddf;
6ca: dddf;
6cb: dddf;
6cc: dddf;
6cd: dddf;
6ce: dddf;
6cf: dddf;
6d0: dddf;
6d1: dddf;
6d2: dddf;
6d3: dddf;
6d4: dddf;
6d5: dddf;
6d6: dddf;
6d7: dddf;
6d8: dddf;
6d9: dddf;
6da: dddf;
6db: dddf;
6dc: dddf;
6dd: dddf;
6de: ddcf;
6df: cccf;
6e0: bbbf;
6e1: aaaf;
6e2: 999f;
6e3: 888f;
6e4: 887f;
6e5: 777f;
6e6: 666f;
6e7: 555f;
6e8: 555f;
6e9: 544f;
6ea: 444f;
6eb: 444f;
6ec: 444f;
6ed: 444f;
6ee: 444f;
6ef: 444f;
6f0: 544f;
6f1: 544f;
6f2: 444f;
6f3: 444f;
6f4: 544f;
6f5: 544f;
6f6: 544f;
6f7: 544f;
6f8: 544f;
6f9: 544f;
6fa: 544f;
6fb: 544f;
6fc: 544f;
6fd: 544f;
6fe: 544f;
6ff: 544f;
700: cddf;
701: cddf;
702: cddf;
703: cddf;
704: cddf;
705: cddf;
706: cddf;
707: cddf;
708: cddf;
709: cddf;
70a: cddf;
70b: cddf;
70c: cddf;
70d: cddf;
70e: cddf;
70f: cddf;
710: cddf;
711: cddf;
712: cddf;
713: cddf;
714: cddf;
715: cddf;
716: cddf;
717: cddf;
718: cddf;
719: cddf;
71a: cddf;
71b: cddf;
71c: cddf;
71d: cddf;
71e: cddf;
71f: cddf;
720: cddf;
721: cddf;
722: cddf;
723: cddf;
724: cddf;
725: cddf;
726: cddf;
727: cddf;
728: cddf;
729: cddf;
72a: cddf;
72b: cddf;
72c: cddf;
72d: cddf;
72e: cddf;
72f: cddf;
730: cddf;
731: cddf;
732: cddf;
733: cddf;
734: cddf;
735: cddf;
736: cddf;
737: cddf;
738: cddf;
739: cddf;
73a: cddf;
73b: cddf;
73c: cddf;
73d: cddf;
73e: cddf;
73f: cddf;
740: cddf;
741: cddf;
742: cddf;
743: dddf;
744: dddf;
745: dddf;
746: dddf;
747: dddf;
748: dddf;
749: dddf;
74a: dddf;
74b: dddf;
74c: dddf;
74d: dddf;
74e: dddf;
74f: dddf;
750: dddf;
751: dddf;
752: dddf;
753: dddf;
754: dddf;
755: dddf;
756: dddf;
757: dddf;
758: dddf;
759: dddf;
75a: dddf;
75b: dddf;
75c: dddf;
75d: dddf;
75e: dddf;
75f: dddf;
760: dddf;
761: dddf;
762: dddf;
763: dddf;
764: dddf;
765: dddf;
766: dddf;
767: dddf;
768: dddf;
769: dddf;
76a: dddf;
76b: dddf;
76c: dddf;
76d: dddf;
76e: dddf;
76f: dddf;
770: dddf;
771: dddf;
772: dddf;
773: dddf;
774: dddf;
775: dddf;
776: dddf;
777: dddf;
778: dddf;
779: dddf;
77a: dddf;
77b: dddf;
77c: dddf;
77d: dddf;
77e: dddf;
77f: dddf;
780: dddf;
781: dddf;
782: dddf;
783: dddf;
784: dddf;
785: dddf;
786: dddf;
787: dddf;
788: dddf;
789: dddf;
78a: dddf;
78b: dddf;
78c: dddf;
78d: dddf;
78e: dddf;
78f: dddf;
790: dddf;
791: dddf;
792: dddf;
793: dddf;
794: dddf;
795: dddf;
796: dddf;
797: dddf;
798: dddf;
799: dddf;
79a: dddf;
79b: dddf;
79c: dddf;
79d: dddf;
79e: dddf;
79f: dddf;
7a0: dddf;
7a1: dddf;
7a2: dddf;
7a3: dddf;
7a4: dddf;
7a5: dddf;
7a6: dddf;
7a7: dddf;
7a8: dddf;
7a9: dddf;
7aa: dddf;
7ab: dddf;
7ac: dddf;
7ad: dddf;
7ae: dddf;
7af: dddf;
7b0: dddf;
7b1: dddf;
7b2: dddf;
7b3: dddf;
7b4: dddf;
7b5: dddf;
7b6: dddf;
7b7: dddf;
7b8: dddf;
7b9: dddf;
7ba: dddf;
7bb: dddf;
7bc: dddf;
7bd: dddf;
7be: dddf;
7bf: dddf;
7c0: dddf;
7c1: dddf;
7c2: dddf;
7c3: dddf;
7c4: dddf;
7c5: dddf;
7c6: dddf;
7c7: dddf;
7c8: dddf;
7c9: dddf;
7ca: dddf;
7cb: dddf;
7cc: dddf;
7cd: dddf;
7ce: dddf;
7cf: dddf;
7d0: dddf;
7d1: dddf;
7d2: dddf;
7d3: dddf;
7d4: dddf;
7d5: dddf;
7d6: dddf;
7d7: dddf;
7d8: dddf;
7d9: dddf;
7da: dddf;
7db: dddf;
7dc: cccf;
7dd: bbbf;
7de: bbaf;
7df: aaaf;
7e0: 999f;
7e1: 888f;
7e2: 777f;
7e3: 666f;
7e4: 565f;
7e5: 555f;
7e6: 555f;
7e7: 444f;
7e8: 544f;
7e9: 444f;
7ea: 444f;
7eb: 444f;
7ec: 444f;
7ed: 444f;
7ee: 444f;
7ef: 544f;
7f0: 544f;
7f1: 544f;
7f2: 544f;
7f3: 544f;
7f4: 544f;
7f5: 544f;
7f6: 544f;
7f7: 544f;
7f8: 544f;
7f9: 544f;
7fa: 544f;
7fb: 544f;
7fc: 544f;
7fd: 544f;
7fe: 544f;
7ff: 544f;
800: cddf;
801: cddf;
802: cddf;
803: cddf;
804: cddf;
805: cddf;
806: cddf;
807: cddf;
808: cddf;
809: cddf;
80a: cddf;
80b: cddf;
80c: cddf;
80d: cddf;
80e: cddf;
80f: cddf;
810: cddf;
811: cddf;
812: cddf;
813: cddf;
814: cddf;
815: cddf;
816: cddf;
817: cddf;
818: cddf;
819: cddf;
81a: cddf;
81b: cddf;
81c: cddf;
81d: cddf;
81e: cddf;
81f: cddf;
820: cddf;
821: cddf;
822: cddf;
823: cddf;
824: cddf;
825: cddf;
826: cddf;
827: cddf;
828: cddf;
829: cddf;
82a: cddf;
82b: cddf;
82c: cddf;
82d: cddf;
82e: cddf;
82f: cddf;
830: cddf;
831: cddf;
832: cddf;
833: cddf;
834: cddf;
835: cddf;
836: cddf;
837: cddf;
838: cddf;
839: cddf;
83a: cddf;
83b: cddf;
83c: cddf;
83d: cddf;
83e: cddf;
83f: cddf;
840: cddf;
841: cddf;
842: cddf;
843: cddf;
844: cddf;
845: cddf;
846: cddf;
847: cddf;
848: dddf;
849: dddf;
84a: dddf;
84b: dddf;
84c: dddf;
84d: dddf;
84e: dddf;
84f: dddf;
850: dddf;
851: dddf;
852: dddf;
853: dddf;
854: dddf;
855: dddf;
856: dddf;
857: dddf;
858: dddf;
859: dddf;
85a: dddf;
85b: dddf;
85c: dddf;
85d: dddf;
85e: dddf;
85f: dddf;
860: dddf;
861: dddf;
862: dddf;
863: dddf;
864: dddf;
865: dddf;
866: dddf;
867: dddf;
868: dddf;
869: dddf;
86a: dddf;
86b: dddf;
86c: dddf;
86d: dddf;
86e: dddf;
86f: dddf;
870: dddf;
871: dddf;
872: dddf;
873: dddf;
874: dddf;
875: dddf;
876: dddf;
877: dddf;
878: dddf;
879: dddf;
87a: dddf;
87b: dddf;
87c: dddf;
87d: dddf;
87e: dddf;
87f: dddf;
880: dddf;
881: dddf;
882: dddf;
883: dddf;
884: dddf;
885: dddf;
886: dddf;
887: dddf;
888: dddf;
889: dddf;
88a: dddf;
88b: dddf;
88c: dddf;
88d: dddf;
88e: dddf;
88f: dddf;
890: dddf;
891: dddf;
892: dddf;
893: dddf;
894: dddf;
895: dddf;
896: dddf;
897: dddf;
898: dddf;
899: dddf;
89a: dddf;
89b: dddf;
89c: dddf;
89d: dddf;
89e: dddf;
89f: dddf;
8a0: dddf;
8a1: dddf;
8a2: dddf;
8a3: dddf;
8a4: dddf;
8a5: dddf;
8a6: dddf;
8a7: dddf;
8a8: dddf;
8a9: dddf;
8aa: dddf;
8ab: dddf;
8ac: dddf;
8ad: dddf;
8ae: dddf;
8af: dddf;
8b0: dddf;
8b1: dddf;
8b2: dddf;
8b3: dddf;
8b4: dddf;
8b5: dddf;
8b6: dddf;
8b7: dddf;
8b8: dddf;
8b9: dddf;
8ba: dddf;
8bb: dddf;
8bc: dddf;
8bd: dddf;
8be: dddf;
8bf: dddf;
8c0: dddf;
8c1: dddf;
8c2: dddf;
8c3: dddf;
8c4: dddf;
8c5: dddf;
8c6: dddf;
8c7: dddf;
8c8: dddf;
8c9: dddf;
8ca: dddf;
8cb: dddf;
8cc: dddf;
8cd: dddf;
8ce: dddf;
8cf: dddf;
8d0: dddf;
8d1: dddf;
8d2: dddf;
8d3: dddf;
8d4: dddf;
8d5: dddf;
8d6: dedf;
8d7: dddf;
8d8: dddf;
8d9: cddf;
8da: cccf;
8db: bbbf;
8dc: aaaf;
8dd: 999f;
8de: 888f;
8df: 888f;
8e0: 666f;
8e1: 666f;
8e2: 555f;
8e3: 554f;
8e4: 444f;
8e5: 444f;
8e6: 444f;
8e7: 444f;
8e8: 444f;
8e9: 444f;
8ea: 444f;
8eb: 444f;
8ec: 544f;
8ed: 544f;
8ee: 544f;
8ef: 544f;
8f0: 544f;
8f1: 544f;
8f2: 544f;
8f3: 544f;
8f4: 544f;
8f5: 544f;
8f6: 544f;
8f7: 544f;
8f8: 544f;
8f9: 544f;
8fa: 544f;
8fb: 544f;
8fc: 544f;
8fd: 544f;
8fe: 544f;
8ff: 544f;
900: cddf;
901: cddf;
902: cddf;
903: cddf;
904: cddf;
905: cddf;
906: cddf;
907: cddf;
908: cddf;
909: cddf;
90a: cddf;
90b: cddf;
90c: cddf;
90d: cddf;
90e: cddf;
90f: cddf;
910: cddf;
911: cddf;
912: cddf;
913: cddf;
914: cddf;
915: cddf;
916: cddf;
917: cddf;
918: cddf;
919: cddf;
91a: cddf;
91b: cddf;
91c: cddf;
91d: cddf;
91e: cddf;
91f: cddf;
920: cddf;
921: cddf;
922: cddf;
923: cddf;
924: cddf;
925: cddf;
926: cddf;
927: cddf;
928: cddf;
929: cddf;
92a: cddf;
92b: cddf;
92c: cddf;
92d: cddf;
92e: cddf;
92f: cddf;
930: cddf;
931: cddf;
932: cddf;
933: cddf;
934: cddf;
935: cddf;
936: cddf;
937: cddf;
938: cddf;
939: cddf;
93a: cddf;
93b: cddf;
93c: cddf;
93d: cddf;
93e: cddf;
93f: cddf;
940: cddf;
941: cddf;
942: cddf;
943: cddf;
944: cddf;
945: cddf;
946: cddf;
947: cddf;
948: dddf;
949: dddf;
94a: dddf;
94b: dddf;
94c: dddf;
94d: dddf;
94e: dddf;
94f: dddf;
950: dddf;
951: dddf;
952: dddf;
953: dddf;
954: dddf;
955: dddf;
956: dddf;
957: dddf;
958: dddf;
959: dddf;
95a: dddf;
95b: dddf;
95c: dddf;
95d: dddf;
95e: dddf;
95f: dddf;
960: dddf;
961: dddf;
962: dddf;
963: dddf;
964: dddf;
965: dddf;
966: dddf;
967: dddf;
968: dddf;
969: dddf;
96a: dddf;
96b: dddf;
96c: dddf;
96d: dddf;
96e: dddf;
96f: dddf;
970: dddf;
971: dddf;
972: dddf;
973: dddf;
974: dddf;
975: dddf;
976: dddf;
977: dddf;
978: dddf;
979: dddf;
97a: dddf;
97b: dddf;
97c: dddf;
97d: dddf;
97e: dddf;
97f: dddf;
980: dddf;
981: dddf;
982: dddf;
983: dddf;
984: dddf;
985: dddf;
986: dddf;
987: dddf;
988: dddf;
989: dddf;
98a: dddf;
98b: dddf;
98c: dddf;
98d: dddf;
98e: dddf;
98f: dddf;
990: dddf;
991: dddf;
992: dddf;
993: dddf;
994: dddf;
995: dddf;
996: dddf;
997: dddf;
998: dddf;
999: dddf;
99a: dddf;
99b: dddf;
99c: dddf;
99d: dddf;
99e: dddf;
99f: dddf;
9a0: dddf;
9a1: dddf;
9a2: dddf;
9a3: dddf;
9a4: dddf;
9a5: dddf;
9a6: dddf;
9a7: dddf;
9a8: dddf;
9a9: dddf;
9aa: dddf;
9ab: dddf;
9ac: dddf;
9ad: dddf;
9ae: dddf;
9af: dddf;
9b0: dddf;
9b1: dddf;
9b2: dddf;
9b3: dddf;
9b4: dddf;
9b5: dddf;
9b6: dddf;
9b7: dddf;
9b8: dddf;
9b9: dddf;
9ba: dddf;
9bb: dddf;
9bc: dddf;
9bd: dddf;
9be: dddf;
9bf: dddf;
9c0: dddf;
9c1: dddf;
9c2: dddf;
9c3: dddf;
9c4: dddf;
9c5: dddf;
9c6: dddf;
9c7: dddf;
9c8: dddf;
9c9: dddf;
9ca: dddf;
9cb: dddf;
9cc: dddf;
9cd: dddf;
9ce: dddf;
9cf: dddf;
9d0: dddf;
9d1: dddf;
9d2: dddf;
9d3: dddf;
9d4: dddf;
9d5: dddf;
9d6: dddf;
9d7: cdcf;
9d8: cccf;
9d9: bbbf;
9da: aaaf;
9db: 999f;
9dc: 787f;
9dd: 777f;
9de: 666f;
9df: 666f;
9e0: 555f;
9e1: 555f;
9e2: 444f;
9e3: 444f;
9e4: 444f;
9e5: 444f;
9e6: 444f;
9e7: 444f;
9e8: 444f;
9e9: 444f;
9ea: 444f;
9eb: 444f;
9ec: 444f;
9ed: 444f;
9ee: 444f;
9ef: 444f;
9f0: 544f;
9f1: 544f;
9f2: 544f;
9f3: 544f;
9f4: 544f;
9f5: 544f;
9f6: 544f;
9f7: 544f;
9f8: 544f;
9f9: 544f;
9fa: 544f;
9fb: 544f;
9fc: 544f;
9fd: 544f;
9fe: 544f;
9ff: 544f;
a00: cddf;
a01: cddf;
a02: cddf;
a03: cddf;
a04: cddf;
a05: cddf;
a06: cddf;
a07: cddf;
a08: cddf;
a09: cddf;
a0a: cddf;
a0b: cddf;
a0c: cddf;
a0d: cddf;
a0e: cddf;
a0f: cddf;
a10: cddf;
a11: cddf;
a12: cddf;
a13: cddf;
a14: cddf;
a15: cddf;
a16: cddf;
a17: cddf;
a18: cddf;
a19: cddf;
a1a: cddf;
a1b: cddf;
a1c: cddf;
a1d: cddf;
a1e: cddf;
a1f: cddf;
a20: cddf;
a21: cddf;
a22: cddf;
a23: cddf;
a24: cddf;
a25: cddf;
a26: cddf;
a27: cddf;
a28: cddf;
a29: cddf;
a2a: cddf;
a2b: cddf;
a2c: cddf;
a2d: cddf;
a2e: cddf;
a2f: cddf;
a30: cddf;
a31: cddf;
a32: cddf;
a33: cddf;
a34: cddf;
a35: cddf;
a36: cddf;
a37: cddf;
a38: cddf;
a39: cddf;
a3a: cddf;
a3b: cddf;
a3c: cddf;
a3d: cddf;
a3e: cddf;
a3f: cddf;
a40: cddf;
a41: cddf;
a42: cddf;
a43: cddf;
a44: cddf;
a45: cddf;
a46: cddf;
a47: cddf;
a48: dddf;
a49: dddf;
a4a: dddf;
a4b: dddf;
a4c: dddf;
a4d: dddf;
a4e: dddf;
a4f: dddf;
a50: dddf;
a51: dddf;
a52: dddf;
a53: dddf;
a54: dddf;
a55: dddf;
a56: dddf;
a57: dddf;
a58: dddf;
a59: dddf;
a5a: dddf;
a5b: dddf;
a5c: dddf;
a5d: dddf;
a5e: dddf;
a5f: dddf;
a60: dddf;
a61: dddf;
a62: dddf;
a63: dddf;
a64: dddf;
a65: dddf;
a66: dddf;
a67: dddf;
a68: dddf;
a69: dddf;
a6a: dddf;
a6b: dddf;
a6c: dddf;
a6d: dddf;
a6e: dddf;
a6f: dddf;
a70: dddf;
a71: dddf;
a72: dddf;
a73: dddf;
a74: dddf;
a75: dddf;
a76: dddf;
a77: dddf;
a78: dddf;
a79: dddf;
a7a: dddf;
a7b: dddf;
a7c: dddf;
a7d: dddf;
a7e: dddf;
a7f: dddf;
a80: dddf;
a81: dddf;
a82: dddf;
a83: dddf;
a84: dddf;
a85: dddf;
a86: dddf;
a87: dddf;
a88: dddf;
a89: dddf;
a8a: dddf;
a8b: dddf;
a8c: dddf;
a8d: dddf;
a8e: dddf;
a8f: dddf;
a90: dddf;
a91: dddf;
a92: dddf;
a93: dddf;
a94: dddf;
a95: dddf;
a96: dddf;
a97: dddf;
a98: dddf;
a99: dddf;
a9a: dddf;
a9b: dddf;
a9c: dddf;
a9d: dddf;
a9e: dddf;
a9f: dddf;
aa0: dddf;
aa1: dddf;
aa2: dddf;
aa3: dddf;
aa4: dddf;
aa5: dddf;
aa6: dddf;
aa7: dddf;
aa8: dddf;
aa9: dddf;
aaa: dddf;
aab: dddf;
aac: dddf;
aad: dddf;
aae: dddf;
aaf: dddf;
ab0: dddf;
ab1: dddf;
ab2: dddf;
ab3: dddf;
ab4: dddf;
ab5: dddf;
ab6: dddf;
ab7: dddf;
ab8: dddf;
ab9: dddf;
aba: dddf;
abb: dddf;
abc: dddf;
abd: dddf;
abe: dddf;
abf: dddf;
ac0: dddf;
ac1: dddf;
ac2: dddf;
ac3: dddf;
ac4: dddf;
ac5: dddf;
ac6: dddf;
ac7: dddf;
ac8: dddf;
ac9: dddf;
aca: dddf;
acb: dddf;
acc: dddf;
acd: dddf;
ace: dddf;
acf: dddf;
ad0: dddf;
ad1: dddf;
ad2: dddf;
ad3: dddf;
ad4: dddf;
ad5: cccf;
ad6: bcbf;
ad7: aaaf;
ad8: 9a9f;
ad9: 999f;
ada: 888f;
adb: 777f;
adc: 565f;
add: 555f;
ade: 555f;
adf: 555f;
ae0: 554f;
ae1: 544f;
ae2: 444f;
ae3: 444f;
ae4: 444f;
ae5: 444f;
ae6: 444f;
ae7: 444f;
ae8: 444f;
ae9: 444f;
aea: 444f;
aeb: 444f;
aec: 444f;
aed: 444f;
aee: 444f;
aef: 444f;
af0: 544f;
af1: 544f;
af2: 544f;
af3: 544f;
af4: 544f;
af5: 544f;
af6: 544f;
af7: 544f;
af8: 544f;
af9: 544f;
afa: 544f;
afb: 544f;
afc: 544f;
afd: 544f;
afe: 544f;
aff: 544f;
b00: cddf;
b01: cddf;
b02: cddf;
b03: cddf;
b04: cddf;
b05: cddf;
b06: cddf;
b07: cddf;
b08: cddf;
b09: cddf;
b0a: cddf;
b0b: cddf;
b0c: cddf;
b0d: cddf;
b0e: cddf;
b0f: cddf;
b10: cddf;
b11: cddf;
b12: cddf;
b13: cddf;
b14: cddf;
b15: cddf;
b16: cddf;
b17: cddf;
b18: cddf;
b19: cddf;
b1a: cddf;
b1b: cddf;
b1c: cddf;
b1d: cddf;
b1e: cddf;
b1f: cddf;
b20: cddf;
b21: cddf;
b22: cddf;
b23: cddf;
b24: cddf;
b25: cddf;
b26: cddf;
b27: cddf;
b28: cddf;
b29: cddf;
b2a: cddf;
b2b: cddf;
b2c: cddf;
b2d: cddf;
b2e: cddf;
b2f: cddf;
b30: cddf;
b31: cddf;
b32: cddf;
b33: cddf;
b34: cddf;
b35: cddf;
b36: cddf;
b37: cddf;
b38: cddf;
b39: cddf;
b3a: cddf;
b3b: cddf;
b3c: cddf;
b3d: cddf;
b3e: cddf;
b3f: cddf;
b40: cddf;
b41: cddf;
b42: cddf;
b43: cddf;
b44: cddf;
b45: cddf;
b46: cddf;
b47: cddf;
b48: dddf;
b49: dddf;
b4a: dddf;
b4b: dddf;
b4c: dddf;
b4d: dddf;
b4e: dddf;
b4f: dddf;
b50: dddf;
b51: dddf;
b52: dddf;
b53: dddf;
b54: dddf;
b55: dddf;
b56: dddf;
b57: dddf;
b58: dddf;
b59: dddf;
b5a: dddf;
b5b: dddf;
b5c: dddf;
b5d: dddf;
b5e: dddf;
b5f: dddf;
b60: dddf;
b61: dddf;
b62: dddf;
b63: dddf;
b64: dddf;
b65: dddf;
b66: dddf;
b67: dddf;
b68: dddf;
b69: dddf;
b6a: dddf;
b6b: dddf;
b6c: dddf;
b6d: dddf;
b6e: dddf;
b6f: dddf;
b70: dddf;
b71: dddf;
b72: dddf;
b73: dddf;
b74: dddf;
b75: dddf;
b76: dddf;
b77: dddf;
b78: dddf;
b79: dddf;
b7a: dddf;
b7b: dddf;
b7c: dddf;
b7d: dddf;
b7e: dddf;
b7f: dddf;
b80: dddf;
b81: dddf;
b82: dddf;
b83: dddf;
b84: dddf;
b85: dddf;
b86: dddf;
b87: dddf;
b88: dddf;
b89: dddf;
b8a: dddf;
b8b: dddf;
b8c: dddf;
b8d: dddf;
b8e: dddf;
b8f: dddf;
b90: dddf;
b91: dddf;
b92: dddf;
b93: dddf;
b94: dddf;
b95: dddf;
b96: dddf;
b97: dddf;
b98: dddf;
b99: dddf;
b9a: dddf;
b9b: dddf;
b9c: dddf;
b9d: dddf;
b9e: dddf;
b9f: dddf;
ba0: dddf;
ba1: dddf;
ba2: dddf;
ba3: dddf;
ba4: dddf;
ba5: dddf;
ba6: dddf;
ba7: dddf;
ba8: dddf;
ba9: dddf;
baa: dddf;
bab: dddf;
bac: dddf;
bad: dddf;
bae: dddf;
baf: dddf;
bb0: dddf;
bb1: dddf;
bb2: dddf;
bb3: dddf;
bb4: dddf;
bb5: dddf;
bb6: dddf;
bb7: dddf;
bb8: dddf;
bb9: dddf;
bba: dddf;
bbb: dddf;
bbc: dddf;
bbd: dddf;
bbe: dddf;
bbf: dddf;
bc0: dddf;
bc1: dddf;
bc2: dddf;
bc3: dddf;
bc4: dddf;
bc5: dddf;
bc6: dddf;
bc7: dddf;
bc8: dddf;
bc9: dddf;
bca: dddf;
bcb: dddf;
bcc: dddf;
bcd: dddf;
bce: dddf;
bcf: dddf;
bd0: dddf;
bd1: dddf;
bd2: dddf;
bd3: cccf;
bd4: bbbf;
bd5: aaaf;
bd6: 999f;
bd7: 888f;
bd8: 787f;
bd9: 676f;
bda: 565f;
bdb: 555f;
bdc: 444f;
bdd: 444f;
bde: 444f;
bdf: 444f;
be0: 444f;
be1: 444f;
be2: 444f;
be3: 444f;
be4: 444f;
be5: 444f;
be6: 444f;
be7: 444f;
be8: 444f;
be9: 444f;
bea: 444f;
beb: 444f;
bec: 444f;
bed: 444f;
bee: 444f;
bef: 444f;
bf0: 544f;
bf1: 544f;
bf2: 544f;
bf3: 544f;
bf4: 544f;
bf5: 544f;
bf6: 544f;
bf7: 544f;
bf8: 544f;
bf9: 544f;
bfa: 544f;
bfb: 544f;
bfc: 544f;
bfd: 544f;
bfe: 544f;
bff: 544f;
c00: cddf;
c01: cddf;
c02: cddf;
c03: cddf;
c04: cddf;
c05: cddf;
c06: cddf;
c07: cddf;
c08: cddf;
c09: cddf;
c0a: cddf;
c0b: cddf;
c0c: cddf;
c0d: cddf;
c0e: cddf;
c0f: cddf;
c10: cddf;
c11: cddf;
c12: cddf;
c13: cddf;
c14: cddf;
c15: cddf;
c16: cddf;
c17: cddf;
c18: cddf;
c19: cddf;
c1a: cddf;
c1b: cddf;
c1c: cddf;
c1d: cddf;
c1e: cddf;
c1f: cddf;
c20: cddf;
c21: cddf;
c22: cddf;
c23: cddf;
c24: cddf;
c25: cddf;
c26: cddf;
c27: cddf;
c28: cddf;
c29: cddf;
c2a: cddf;
c2b: cddf;
c2c: cddf;
c2d: cddf;
c2e: cddf;
c2f: cddf;
c30: cddf;
c31: cddf;
c32: cddf;
c33: cddf;
c34: cddf;
c35: cddf;
c36: cddf;
c37: cddf;
c38: cddf;
c39: cddf;
c3a: cddf;
c3b: cddf;
c3c: cddf;
c3d: cddf;
c3e: cddf;
c3f: cddf;
c40: cddf;
c41: cddf;
c42: cddf;
c43: cddf;
c44: cddf;
c45: cddf;
c46: cddf;
c47: cddf;
c48: dddf;
c49: dddf;
c4a: dddf;
c4b: dddf;
c4c: dddf;
c4d: dddf;
c4e: dddf;
c4f: dddf;
c50: dddf;
c51: dddf;
c52: dddf;
c53: dddf;
c54: dddf;
c55: dddf;
c56: dddf;
c57: dddf;
c58: dddf;
c59: dddf;
c5a: dddf;
c5b: dddf;
c5c: dddf;
c5d: dddf;
c5e: dddf;
c5f: dddf;
c60: dddf;
c61: dddf;
c62: dddf;
c63: dddf;
c64: dddf;
c65: dddf;
c66: dddf;
c67: dddf;
c68: dddf;
c69: dddf;
c6a: dddf;
c6b: dddf;
c6c: dddf;
c6d: dddf;
c6e: dddf;
c6f: dddf;
c70: dddf;
c71: dddf;
c72: dddf;
c73: dddf;
c74: dddf;
c75: dddf;
c76: dddf;
c77: dddf;
c78: dddf;
c79: dddf;
c7a: dddf;
c7b: dddf;
c7c: dddf;
c7d: dddf;
c7e: dddf;
c7f: dddf;
c80: dddf;
c81: dddf;
c82: dddf;
c83: dddf;
c84: dddf;
c85: dddf;
c86: dddf;
c87: dddf;
c88: dddf;
c89: dddf;
c8a: dddf;
c8b: dddf;
c8c: dddf;
c8d: dddf;
c8e: dddf;
c8f: dddf;
c90: dddf;
c91: dddf;
c92: dddf;
c93: dddf;
c94: dddf;
c95: dddf;
c96: dddf;
c97: dddf;
c98: dddf;
c99: dddf;
c9a: dddf;
c9b: dddf;
c9c: dddf;
c9d: dddf;
c9e: dddf;
c9f: dddf;
ca0: dddf;
ca1: dddf;
ca2: dddf;
ca3: dddf;
ca4: dddf;
ca5: dddf;
ca6: dddf;
ca7: dddf;
ca8: dddf;
ca9: dddf;
caa: dddf;
cab: dddf;
cac: dddf;
cad: dddf;
cae: dddf;
caf: dddf;
cb0: dddf;
cb1: dddf;
cb2: dddf;
cb3: dddf;
cb4: dddf;
cb5: dddf;
cb6: dddf;
cb7: dddf;
cb8: dddf;
cb9: dddf;
cba: dddf;
cbb: dddf;
cbc: dddf;
cbd: dddf;
cbe: dddf;
cbf: dddf;
cc0: dddf;
cc1: dddf;
cc2: dddf;
cc3: dddf;
cc4: dddf;
cc5: dddf;
cc6: dddf;
cc7: dddf;
cc8: dddf;
cc9: dddf;
cca: dddf;
ccb: dddf;
ccc: dddf;
ccd: dddf;
cce: dddf;
ccf: dddf;
cd0: dddf;
cd1: cccf;
cd2: bbbf;
cd3: aaaf;
cd4: 999f;
cd5: 888f;
cd6: 777f;
cd7: 666f;
cd8: 555f;
cd9: 555f;
cda: 444f;
cdb: 444f;
cdc: 444f;
cdd: 444f;
cde: 444f;
cdf: 444f;
ce0: 444f;
ce1: 444f;
ce2: 444f;
ce3: 444f;
ce4: 544f;
ce5: 444f;
ce6: 444f;
ce7: 444f;
ce8: 444f;
ce9: 444f;
cea: 444f;
ceb: 444f;
cec: 444f;
ced: 444f;
cee: 444f;
cef: 444f;
cf0: 544f;
cf1: 544f;
cf2: 544f;
cf3: 544f;
cf4: 544f;
cf5: 544f;
cf6: 544f;
cf7: 544f;
cf8: 544f;
cf9: 544f;
cfa: 544f;
cfb: 544f;
cfc: 544f;
cfd: 544f;
cfe: 544f;
cff: 544f;
d00: cddf;
d01: cddf;
d02: cddf;
d03: cddf;
d04: cddf;
d05: cddf;
d06: cddf;
d07: cddf;
d08: cddf;
d09: cddf;
d0a: cddf;
d0b: cddf;
d0c: cddf;
d0d: cddf;
d0e: cddf;
d0f: cddf;
d10: cddf;
d11: cddf;
d12: cddf;
d13: cddf;
d14: cddf;
d15: cddf;
d16: cddf;
d17: cddf;
d18: cddf;
d19: cddf;
d1a: cddf;
d1b: cddf;
d1c: cddf;
d1d: cddf;
d1e: cddf;
d1f: cddf;
d20: cddf;
d21: cddf;
d22: cddf;
d23: cddf;
d24: cddf;
d25: cddf;
d26: cddf;
d27: cddf;
d28: cddf;
d29: cddf;
d2a: cddf;
d2b: cddf;
d2c: cddf;
d2d: cddf;
d2e: cddf;
d2f: cddf;
d30: cddf;
d31: cddf;
d32: cddf;
d33: cddf;
d34: cddf;
d35: cddf;
d36: cddf;
d37: cddf;
d38: cddf;
d39: cddf;
d3a: cddf;
d3b: cddf;
d3c: cddf;
d3d: cddf;
d3e: cddf;
d3f: cddf;
d40: cddf;
d41: cddf;
d42: cddf;
d43: cddf;
d44: cddf;
d45: cddf;
d46: cddf;
d47: cddf;
d48: dddf;
d49: dddf;
d4a: dddf;
d4b: dddf;
d4c: dddf;
d4d: dddf;
d4e: dddf;
d4f: dddf;
d50: dddf;
d51: dddf;
d52: dddf;
d53: dddf;
d54: dddf;
d55: dddf;
d56: dddf;
d57: dddf;
d58: dddf;
d59: dddf;
d5a: dddf;
d5b: dddf;
d5c: dddf;
d5d: dddf;
d5e: dddf;
d5f: dddf;
d60: dddf;
d61: dddf;
d62: dddf;
d63: dddf;
d64: dddf;
d65: dddf;
d66: dddf;
d67: dddf;
d68: dddf;
d69: dddf;
d6a: dddf;
d6b: dddf;
d6c: dddf;
d6d: dddf;
d6e: dddf;
d6f: dddf;
d70: dddf;
d71: dddf;
d72: dddf;
d73: dddf;
d74: dddf;
d75: dddf;
d76: dddf;
d77: dddf;
d78: dddf;
d79: dddf;
d7a: dddf;
d7b: dddf;
d7c: dddf;
d7d: dddf;
d7e: dddf;
d7f: dddf;
d80: dddf;
d81: dddf;
d82: dddf;
d83: dddf;
d84: dddf;
d85: dddf;
d86: dddf;
d87: dddf;
d88: dddf;
d89: dddf;
d8a: dddf;
d8b: dddf;
d8c: dddf;
d8d: dddf;
d8e: dddf;
d8f: dddf;
d90: dddf;
d91: dddf;
d92: dddf;
d93: dddf;
d94: dddf;
d95: dddf;
d96: dddf;
d97: dddf;
d98: dddf;
d99: dddf;
d9a: dddf;
d9b: dddf;
d9c: dddf;
d9d: dddf;
d9e: dddf;
d9f: dddf;
da0: dddf;
da1: dddf;
da2: dddf;
da3: dddf;
da4: dddf;
da5: dddf;
da6: dddf;
da7: dddf;
da8: dddf;
da9: dddf;
daa: dddf;
dab: dddf;
dac: dddf;
dad: dddf;
dae: dddf;
daf: dddf;
db0: dddf;
db1: dddf;
db2: dddf;
db3: dddf;
db4: dddf;
db5: dddf;
db6: dddf;
db7: dddf;
db8: dddf;
db9: dddf;
dba: dddf;
dbb: dddf;
dbc: dddf;
dbd: dddf;
dbe: dddf;
dbf: dddf;
dc0: dddf;
dc1: dddf;
dc2: dddf;
dc3: dddf;
dc4: dddf;
dc5: dddf;
dc6: dddf;
dc7: dddf;
dc8: dddf;
dc9: dddf;
dca: dddf;
dcb: dddf;
dcc: dddf;
dcd: dddf;
dce: cddf;
dcf: cdcf;
dd0: bccf;
dd1: aaaf;
dd2: 999f;
dd3: 888f;
dd4: 777f;
dd5: 666f;
dd6: 555f;
dd7: 554f;
dd8: 454f;
dd9: 444f;
dda: 444f;
ddb: 444f;
ddc: 444f;
ddd: 444f;
dde: 444f;
ddf: 444f;
de0: 444f;
de1: 444f;
de2: 444f;
de3: 444f;
de4: 544f;
de5: 444f;
de6: 444f;
de7: 444f;
de8: 444f;
de9: 444f;
dea: 444f;
deb: 444f;
dec: 444f;
ded: 444f;
dee: 444f;
def: 444f;
df0: 544f;
df1: 544f;
df2: 544f;
df3: 544f;
df4: 544f;
df5: 544f;
df6: 544f;
df7: 544f;
df8: 544f;
df9: 544f;
dfa: 544f;
dfb: 544f;
dfc: 544f;
dfd: 544f;
dfe: 544f;
dff: 544f;
e00: cddf;
e01: cddf;
e02: cddf;
e03: cddf;
e04: cddf;
e05: cddf;
e06: cddf;
e07: cddf;
e08: cddf;
e09: cddf;
e0a: cddf;
e0b: cddf;
e0c: cddf;
e0d: cddf;
e0e: cddf;
e0f: cddf;
e10: cddf;
e11: cddf;
e12: cddf;
e13: cddf;
e14: cddf;
e15: cddf;
e16: cddf;
e17: cddf;
e18: cddf;
e19: cddf;
e1a: cddf;
e1b: cddf;
e1c: cddf;
e1d: cddf;
e1e: cddf;
e1f: cddf;
e20: cddf;
e21: cddf;
e22: cddf;
e23: cddf;
e24: cddf;
e25: cddf;
e26: cddf;
e27: cddf;
e28: cddf;
e29: cddf;
e2a: cddf;
e2b: cddf;
e2c: cddf;
e2d: cddf;
e2e: cddf;
e2f: cddf;
e30: cddf;
e31: cddf;
e32: cddf;
e33: cddf;
e34: cddf;
e35: cddf;
e36: cddf;
e37: cddf;
e38: cddf;
e39: cddf;
e3a: cddf;
e3b: cddf;
e3c: cddf;
e3d: cddf;
e3e: cddf;
e3f: cddf;
e40: cddf;
e41: cddf;
e42: cddf;
e43: cddf;
e44: cddf;
e45: cddf;
e46: cddf;
e47: cddf;
e48: dddf;
e49: dddf;
e4a: dddf;
e4b: dddf;
e4c: dddf;
e4d: dddf;
e4e: dddf;
e4f: dddf;
e50: dddf;
e51: dddf;
e52: dddf;
e53: dddf;
e54: dddf;
e55: dddf;
e56: dddf;
e57: dddf;
e58: dddf;
e59: dddf;
e5a: dddf;
e5b: dddf;
e5c: dddf;
e5d: dddf;
e5e: dddf;
e5f: dddf;
e60: dddf;
e61: dddf;
e62: dddf;
e63: dddf;
e64: dddf;
e65: dddf;
e66: dddf;
e67: dddf;
e68: dddf;
e69: dddf;
e6a: dddf;
e6b: dddf;
e6c: dddf;
e6d: dddf;
e6e: dddf;
e6f: dddf;
e70: dddf;
e71: dddf;
e72: dddf;
e73: dddf;
e74: dddf;
e75: dddf;
e76: dddf;
e77: dddf;
e78: dddf;
e79: dddf;
e7a: dddf;
e7b: dddf;
e7c: dddf;
e7d: dddf;
e7e: dddf;
e7f: dddf;
e80: dddf;
e81: dddf;
e82: dddf;
e83: dddf;
e84: dddf;
e85: dddf;
e86: dddf;
e87: dddf;
e88: dddf;
e89: dddf;
e8a: dddf;
e8b: dddf;
e8c: dddf;
e8d: dddf;
e8e: dddf;
e8f: dddf;
e90: dddf;
e91: dddf;
e92: dddf;
e93: dddf;
e94: dddf;
e95: dddf;
e96: dddf;
e97: dddf;
e98: dddf;
e99: dddf;
e9a: dddf;
e9b: dddf;
e9c: dddf;
e9d: dddf;
e9e: dddf;
e9f: dddf;
ea0: dddf;
ea1: dddf;
ea2: dddf;
ea3: dddf;
ea4: dddf;
ea5: dddf;
ea6: dddf;
ea7: dddf;
ea8: dddf;
ea9: dddf;
eaa: dddf;
eab: dddf;
eac: dddf;
ead: dddf;
eae: dddf;
eaf: dddf;
eb0: dddf;
eb1: dddf;
eb2: dddf;
eb3: dddf;
eb4: dddf;
eb5: dddf;
eb6: dddf;
eb7: dddf;
eb8: dddf;
eb9: dddf;
eba: dddf;
ebb: dddf;
ebc: dddf;
ebd: dddf;
ebe: dddf;
ebf: dddf;
ec0: dddf;
ec1: dddf;
ec2: dddf;
ec3: dddf;
ec4: dddf;
ec5: dddf;
ec6: dddf;
ec7: dddf;
ec8: cddf;
ec9: dddf;
eca: dddf;
ecb: dddf;
ecc: dddf;
ecd: cccf;
ece: bccf;
ecf: bbbf;
ed0: aaaf;
ed1: 777f;
ed2: 776f;
ed3: 666f;
ed4: 555f;
ed5: 444f;
ed6: 444f;
ed7: 444f;
ed8: 444f;
ed9: 444f;
eda: 444f;
edb: 444f;
edc: 444f;
edd: 444f;
ede: 544f;
edf: 544f;
ee0: 544f;
ee1: 544f;
ee2: 544f;
ee3: 544f;
ee4: 544f;
ee5: 544f;
ee6: 544f;
ee7: 444f;
ee8: 444f;
ee9: 444f;
eea: 444f;
eeb: 444f;
eec: 444f;
eed: 444f;
eee: 444f;
eef: 444f;
ef0: 544f;
ef1: 544f;
ef2: 544f;
ef3: 544f;
ef4: 544f;
ef5: 544f;
ef6: 544f;
ef7: 544f;
ef8: 544f;
ef9: 544f;
efa: 544f;
efb: 544f;
efc: 544f;
efd: 544f;
efe: 544f;
eff: 544f;
f00: cddf;
f01: cddf;
f02: cddf;
f03: cddf;
f04: cddf;
f05: cddf;
f06: cddf;
f07: cddf;
f08: cddf;
f09: cddf;
f0a: cddf;
f0b: cddf;
f0c: cddf;
f0d: cddf;
f0e: cddf;
f0f: cddf;
f10: cddf;
f11: cddf;
f12: cddf;
f13: cddf;
f14: cddf;
f15: cddf;
f16: cddf;
f17: cddf;
f18: cddf;
f19: cddf;
f1a: cddf;
f1b: cddf;
f1c: cddf;
f1d: cddf;
f1e: cddf;
f1f: cddf;
f20: cddf;
f21: cddf;
f22: cddf;
f23: cddf;
f24: cddf;
f25: cddf;
f26: cddf;
f27: cddf;
f28: cddf;
f29: cddf;
f2a: cddf;
f2b: cddf;
f2c: cddf;
f2d: cddf;
f2e: cddf;
f2f: cddf;
f30: cddf;
f31: cddf;
f32: cddf;
f33: cddf;
f34: cddf;
f35: cddf;
f36: cddf;
f37: cddf;
f38: cddf;
f39: cddf;
f3a: cddf;
f3b: cddf;
f3c: cddf;
f3d: cddf;
f3e: cddf;
f3f: cddf;
f40: cddf;
f41: cddf;
f42: cddf;
f43: cddf;
f44: cddf;
f45: cddf;
f46: cddf;
f47: cddf;
f48: dddf;
f49: dddf;
f4a: dddf;
f4b: dddf;
f4c: dddf;
f4d: dddf;
f4e: dddf;
f4f: dddf;
f50: dddf;
f51: dddf;
f52: dddf;
f53: dddf;
f54: dddf;
f55: dddf;
f56: dddf;
f57: dddf;
f58: dddf;
f59: dddf;
f5a: dddf;
f5b: dddf;
f5c: dddf;
f5d: dddf;
f5e: dddf;
f5f: dddf;
f60: dddf;
f61: dddf;
f62: dddf;
f63: dddf;
f64: dddf;
f65: dddf;
f66: dddf;
f67: dddf;
f68: dddf;
f69: dddf;
f6a: dddf;
f6b: dddf;
f6c: dddf;
f6d: dddf;
f6e: dddf;
f6f: dddf;
f70: dddf;
f71: dddf;
f72: dddf;
f73: dddf;
f74: dddf;
f75: dddf;
f76: dddf;
f77: dddf;
f78: dddf;
f79: dddf;
f7a: dddf;
f7b: dddf;
f7c: dddf;
f7d: dddf;
f7e: dddf;
f7f: dddf;
f80: dddf;
f81: dddf;
f82: dddf;
f83: dddf;
f84: dddf;
f85: dddf;
f86: dddf;
f87: dddf;
f88: dddf;
f89: dddf;
f8a: dddf;
f8b: dddf;
f8c: dddf;
f8d: dddf;
f8e: dddf;
f8f: dddf;
f90: dddf;
f91: dddf;
f92: dddf;
f93: dddf;
f94: dddf;
f95: dddf;
f96: dddf;
f97: dddf;
f98: dddf;
f99: dddf;
f9a: dddf;
f9b: dddf;
f9c: dddf;
f9d: dddf;
f9e: dddf;
f9f: dddf;
fa0: dddf;
fa1: dddf;
fa2: dddf;
fa3: dddf;
fa4: dddf;
fa5: dddf;
fa6: dddf;
fa7: dddf;
fa8: dddf;
fa9: dddf;
faa: dddf;
fab: dddf;
fac: dddf;
fad: dddf;
fae: dddf;
faf: dddf;
fb0: dddf;
fb1: dddf;
fb2: dddf;
fb3: dddf;
fb4: dddf;
fb5: dddf;
fb6: dddf;
fb7: dddf;
fb8: dddf;
fb9: dddf;
fba: dddf;
fbb: dddf;
fbc: dddf;
fbd: dddf;
fbe: dddf;
fbf: dddf;
fc0: dddf;
fc1: dddf;
fc2: dddf;
fc3: dddf;
fc4: dddf;
fc5: dddf;
fc6: dddf;
fc7: dddf;
fc8: dddf;
fc9: dddf;
fca: cddf;
fcb: cddf;
fcc: bbbf;
fcd: abaf;
fce: 999f;
fcf: 898f;
fd0: 777f;
fd1: 555f;
fd2: 555f;
fd3: 554f;
fd4: 444f;
fd5: 444f;
fd6: 444f;
fd7: 444f;
fd8: 444f;
fd9: 444f;
fda: 444f;
fdb: 444f;
fdc: 444f;
fdd: 444f;
fde: 544f;
fdf: 544f;
fe0: 544f;
fe1: 544f;
fe2: 544f;
fe3: 544f;
fe4: 544f;
fe5: 544f;
fe6: 544f;
fe7: 444f;
fe8: 444f;
fe9: 444f;
fea: 444f;
feb: 444f;
fec: 444f;
fed: 444f;
fee: 444f;
fef: 444f;
ff0: 544f;
ff1: 544f;
ff2: 544f;
ff3: 544f;
ff4: 544f;
ff5: 544f;
ff6: 544f;
ff7: 544f;
ff8: 544f;
ff9: 544f;
ffa: 544f;
ffb: 544f;
ffc: 544f;
ffd: 544f;
ffe: 544f;
fff: 544f;
1000: cddf;
1001: cddf;
1002: cddf;
1003: cddf;
1004: cddf;
1005: cddf;
1006: cddf;
1007: cddf;
1008: cddf;
1009: cddf;
100a: cddf;
100b: cddf;
100c: cddf;
100d: cddf;
100e: cddf;
100f: cddf;
1010: cddf;
1011: cddf;
1012: cddf;
1013: cddf;
1014: cddf;
1015: cddf;
1016: cddf;
1017: cddf;
1018: cddf;
1019: cddf;
101a: cddf;
101b: cddf;
101c: cddf;
101d: cddf;
101e: cddf;
101f: cddf;
1020: cddf;
1021: cddf;
1022: cddf;
1023: cddf;
1024: cddf;
1025: cddf;
1026: cddf;
1027: cddf;
1028: cddf;
1029: cddf;
102a: cddf;
102b: cddf;
102c: cddf;
102d: cddf;
102e: cddf;
102f: cddf;
1030: cddf;
1031: cddf;
1032: cddf;
1033: cddf;
1034: cddf;
1035: cddf;
1036: cddf;
1037: cddf;
1038: cddf;
1039: cddf;
103a: cddf;
103b: cddf;
103c: cddf;
103d: cddf;
103e: cddf;
103f: cddf;
1040: cddf;
1041: cddf;
1042: cddf;
1043: cddf;
1044: cddf;
1045: cddf;
1046: cddf;
1047: cddf;
1048: cddf;
1049: dddf;
104a: dddf;
104b: dddf;
104c: dddf;
104d: dddf;
104e: dddf;
104f: dddf;
1050: dddf;
1051: dddf;
1052: dddf;
1053: dddf;
1054: dddf;
1055: dddf;
1056: dddf;
1057: dddf;
1058: dddf;
1059: dddf;
105a: dddf;
105b: dddf;
105c: dddf;
105d: dddf;
105e: dddf;
105f: dddf;
1060: dddf;
1061: dddf;
1062: dddf;
1063: dddf;
1064: dddf;
1065: dddf;
1066: dddf;
1067: dddf;
1068: dddf;
1069: dddf;
106a: dddf;
106b: dddf;
106c: dddf;
106d: dddf;
106e: dddf;
106f: dddf;
1070: dddf;
1071: dddf;
1072: dddf;
1073: dddf;
1074: dddf;
1075: dddf;
1076: dddf;
1077: dddf;
1078: dddf;
1079: dddf;
107a: dddf;
107b: dddf;
107c: dddf;
107d: dddf;
107e: dddf;
107f: dddf;
1080: dddf;
1081: dddf;
1082: dddf;
1083: dddf;
1084: dddf;
1085: dddf;
1086: dddf;
1087: dddf;
1088: dddf;
1089: dddf;
108a: dddf;
108b: dddf;
108c: dddf;
108d: dddf;
108e: dddf;
108f: dddf;
1090: dddf;
1091: dddf;
1092: dddf;
1093: dddf;
1094: dddf;
1095: dddf;
1096: dddf;
1097: dddf;
1098: dddf;
1099: dddf;
109a: dddf;
109b: dddf;
109c: dddf;
109d: dddf;
109e: dddf;
109f: dddf;
10a0: dddf;
10a1: dddf;
10a2: dddf;
10a3: dddf;
10a4: dddf;
10a5: dddf;
10a6: dddf;
10a7: dddf;
10a8: dddf;
10a9: dddf;
10aa: dddf;
10ab: dddf;
10ac: dddf;
10ad: dddf;
10ae: dddf;
10af: dddf;
10b0: dddf;
10b1: dddf;
10b2: dddf;
10b3: dddf;
10b4: dddf;
10b5: dddf;
10b6: dddf;
10b7: dddf;
10b8: dddf;
10b9: dddf;
10ba: dddf;
10bb: dddf;
10bc: dddf;
10bd: dddf;
10be: dddf;
10bf: dddf;
10c0: dddf;
10c1: dddf;
10c2: dddf;
10c3: dddf;
10c4: dddf;
10c5: dddf;
10c6: dddf;
10c7: cddf;
10c8: cddf;
10c9: cccf;
10ca: bbbf;
10cb: aaaf;
10cc: 9aaf;
10cd: 888f;
10ce: 777f;
10cf: 666f;
10d0: 555f;
10d1: 444f;
10d2: 444f;
10d3: 444f;
10d4: 444f;
10d5: 444f;
10d6: 444f;
10d7: 444f;
10d8: 444f;
10d9: 544f;
10da: 544f;
10db: 544f;
10dc: 444f;
10dd: 544f;
10de: 544f;
10df: 544f;
10e0: 544f;
10e1: 544f;
10e2: 544f;
10e3: 544f;
10e4: 544f;
10e5: 544f;
10e6: 544f;
10e7: 544f;
10e8: 544f;
10e9: 544f;
10ea: 544f;
10eb: 544f;
10ec: 544f;
10ed: 544f;
10ee: 544f;
10ef: 544f;
10f0: 544f;
10f1: 544f;
10f2: 544f;
10f3: 544f;
10f4: 544f;
10f5: 544f;
10f6: 544f;
10f7: 544f;
10f8: 544f;
10f9: 544f;
10fa: 544f;
10fb: 544f;
10fc: 544f;
10fd: 544f;
10fe: 544f;
10ff: 544f;
1100: cddf;
1101: cddf;
1102: cddf;
1103: cddf;
1104: cddf;
1105: cddf;
1106: cddf;
1107: cddf;
1108: cddf;
1109: cddf;
110a: cddf;
110b: cddf;
110c: cddf;
110d: cddf;
110e: cddf;
110f: cddf;
1110: cddf;
1111: cddf;
1112: cddf;
1113: cddf;
1114: cddf;
1115: cddf;
1116: cddf;
1117: cddf;
1118: cddf;
1119: cddf;
111a: cddf;
111b: cddf;
111c: cddf;
111d: cddf;
111e: cddf;
111f: cddf;
1120: cddf;
1121: cddf;
1122: cddf;
1123: cddf;
1124: cddf;
1125: cddf;
1126: cddf;
1127: cddf;
1128: cddf;
1129: cddf;
112a: cddf;
112b: cddf;
112c: cddf;
112d: cddf;
112e: cddf;
112f: cddf;
1130: cddf;
1131: cddf;
1132: cddf;
1133: cddf;
1134: cddf;
1135: cddf;
1136: cddf;
1137: cddf;
1138: cddf;
1139: cddf;
113a: cddf;
113b: cddf;
113c: cddf;
113d: cddf;
113e: cddf;
113f: cddf;
1140: cddf;
1141: cddf;
1142: cddf;
1143: cddf;
1144: cddf;
1145: cddf;
1146: cddf;
1147: cddf;
1148: cddf;
1149: cddf;
114a: dddf;
114b: dddf;
114c: dddf;
114d: dddf;
114e: dddf;
114f: dddf;
1150: dddf;
1151: dddf;
1152: dddf;
1153: dddf;
1154: dddf;
1155: dddf;
1156: dddf;
1157: dddf;
1158: dddf;
1159: dddf;
115a: dddf;
115b: dddf;
115c: dddf;
115d: dddf;
115e: dddf;
115f: dddf;
1160: dddf;
1161: dddf;
1162: dddf;
1163: dddf;
1164: dddf;
1165: dddf;
1166: dddf;
1167: dddf;
1168: dddf;
1169: dddf;
116a: dddf;
116b: dddf;
116c: dddf;
116d: dddf;
116e: dddf;
116f: dddf;
1170: dddf;
1171: dddf;
1172: dddf;
1173: dddf;
1174: dddf;
1175: dddf;
1176: dddf;
1177: dddf;
1178: dddf;
1179: dddf;
117a: dddf;
117b: dddf;
117c: dddf;
117d: dddf;
117e: dddf;
117f: dddf;
1180: dddf;
1181: dddf;
1182: dddf;
1183: dddf;
1184: dddf;
1185: dddf;
1186: dddf;
1187: dddf;
1188: dddf;
1189: dddf;
118a: dddf;
118b: dddf;
118c: dddf;
118d: dddf;
118e: dddf;
118f: dddf;
1190: dddf;
1191: dddf;
1192: dddf;
1193: dddf;
1194: dddf;
1195: dddf;
1196: dddf;
1197: dddf;
1198: dddf;
1199: dddf;
119a: dddf;
119b: dddf;
119c: dddf;
119d: dddf;
119e: dddf;
119f: dddf;
11a0: dddf;
11a1: dddf;
11a2: dddf;
11a3: dddf;
11a4: dddf;
11a5: dddf;
11a6: dddf;
11a7: dddf;
11a8: dddf;
11a9: dddf;
11aa: dddf;
11ab: dddf;
11ac: dddf;
11ad: dddf;
11ae: dddf;
11af: dddf;
11b0: dddf;
11b1: dddf;
11b2: dddf;
11b3: dddf;
11b4: dddf;
11b5: dddf;
11b6: dddf;
11b7: dddf;
11b8: dddf;
11b9: dddf;
11ba: dddf;
11bb: dddf;
11bc: dddf;
11bd: dddf;
11be: dddf;
11bf: dddf;
11c0: dddf;
11c1: dddf;
11c2: dddf;
11c3: dddf;
11c4: dddf;
11c5: dddf;
11c6: cddf;
11c7: cccf;
11c8: bccf;
11c9: bbbf;
11ca: 9aaf;
11cb: 888f;
11cc: 777f;
11cd: 666f;
11ce: 555f;
11cf: 454f;
11d0: 444f;
11d1: 444f;
11d2: 444f;
11d3: 444f;
11d4: 444f;
11d5: 544f;
11d6: 544f;
11d7: 444f;
11d8: 544f;
11d9: 544f;
11da: 544f;
11db: 544f;
11dc: 444f;
11dd: 544f;
11de: 544f;
11df: 544f;
11e0: 544f;
11e1: 544f;
11e2: 544f;
11e3: 544f;
11e4: 544f;
11e5: 544f;
11e6: 544f;
11e7: 544f;
11e8: 544f;
11e9: 544f;
11ea: 544f;
11eb: 544f;
11ec: 544f;
11ed: 544f;
11ee: 544f;
11ef: 544f;
11f0: 544f;
11f1: 544f;
11f2: 544f;
11f3: 544f;
11f4: 544f;
11f5: 544f;
11f6: 544f;
11f7: 544f;
11f8: 544f;
11f9: 544f;
11fa: 544f;
11fb: 544f;
11fc: 544f;
11fd: 544f;
11fe: 544f;
11ff: 544f;
1200: cddf;
1201: cddf;
1202: cddf;
1203: cddf;
1204: cddf;
1205: cddf;
1206: cddf;
1207: cddf;
1208: cddf;
1209: cddf;
120a: cddf;
120b: cddf;
120c: cddf;
120d: cddf;
120e: cddf;
120f: cddf;
1210: cddf;
1211: cddf;
1212: cddf;
1213: cddf;
1214: cddf;
1215: cddf;
1216: cddf;
1217: cddf;
1218: cddf;
1219: cddf;
121a: cddf;
121b: cddf;
121c: cddf;
121d: cddf;
121e: cddf;
121f: cddf;
1220: cddf;
1221: cddf;
1222: cddf;
1223: cddf;
1224: cddf;
1225: cddf;
1226: cddf;
1227: cddf;
1228: cddf;
1229: cddf;
122a: cddf;
122b: cddf;
122c: cddf;
122d: cddf;
122e: cddf;
122f: cddf;
1230: cddf;
1231: cddf;
1232: cddf;
1233: cddf;
1234: cddf;
1235: cddf;
1236: cddf;
1237: cddf;
1238: cddf;
1239: cddf;
123a: cddf;
123b: cddf;
123c: cddf;
123d: cddf;
123e: cddf;
123f: cddf;
1240: cddf;
1241: cddf;
1242: cddf;
1243: cddf;
1244: cddf;
1245: cddf;
1246: cddf;
1247: cddf;
1248: cddf;
1249: cddf;
124a: cddf;
124b: cddf;
124c: cddf;
124d: cddf;
124e: cddf;
124f: dddf;
1250: dddf;
1251: dddf;
1252: dddf;
1253: dddf;
1254: dddf;
1255: dddf;
1256: dddf;
1257: dddf;
1258: dddf;
1259: dddf;
125a: dddf;
125b: dddf;
125c: dddf;
125d: dddf;
125e: dddf;
125f: dddf;
1260: dddf;
1261: dddf;
1262: dddf;
1263: dddf;
1264: dddf;
1265: dddf;
1266: dddf;
1267: dddf;
1268: dddf;
1269: dddf;
126a: dddf;
126b: dddf;
126c: dddf;
126d: dddf;
126e: dddf;
126f: dddf;
1270: dddf;
1271: dddf;
1272: dddf;
1273: dddf;
1274: dddf;
1275: dddf;
1276: dddf;
1277: dddf;
1278: dddf;
1279: dddf;
127a: dddf;
127b: dddf;
127c: dddf;
127d: dddf;
127e: dddf;
127f: dddf;
1280: dddf;
1281: dddf;
1282: dddf;
1283: dddf;
1284: dddf;
1285: dddf;
1286: dddf;
1287: dddf;
1288: dddf;
1289: dddf;
128a: dddf;
128b: dddf;
128c: dddf;
128d: dddf;
128e: dddf;
128f: dddf;
1290: dddf;
1291: dddf;
1292: dddf;
1293: dddf;
1294: dddf;
1295: dddf;
1296: dddf;
1297: dddf;
1298: dddf;
1299: dddf;
129a: dddf;
129b: dddf;
129c: dddf;
129d: dddf;
129e: dddf;
129f: dddf;
12a0: dddf;
12a1: dddf;
12a2: dddf;
12a3: dddf;
12a4: dddf;
12a5: dddf;
12a6: dddf;
12a7: dddf;
12a8: dddf;
12a9: dddf;
12aa: dddf;
12ab: dddf;
12ac: dddf;
12ad: dddf;
12ae: dddf;
12af: dddf;
12b0: dddf;
12b1: dddf;
12b2: dddf;
12b3: dddf;
12b4: dddf;
12b5: dddf;
12b6: dddf;
12b7: dddf;
12b8: dddf;
12b9: dddf;
12ba: dddf;
12bb: dddf;
12bc: dddf;
12bd: dddf;
12be: dddf;
12bf: dddf;
12c0: dddf;
12c1: dddf;
12c2: dddf;
12c3: dddf;
12c4: dddf;
12c5: cddf;
12c6: bccf;
12c7: bbbf;
12c8: aaaf;
12c9: 999f;
12ca: 888f;
12cb: 666f;
12cc: 565f;
12cd: 555f;
12ce: 444f;
12cf: 444f;
12d0: 444f;
12d1: 444f;
12d2: 444f;
12d3: 444f;
12d4: 544f;
12d5: 544f;
12d6: 544f;
12d7: 544f;
12d8: 544f;
12d9: 544f;
12da: 544f;
12db: 544f;
12dc: 544f;
12dd: 544f;
12de: 544f;
12df: 544f;
12e0: 544f;
12e1: 544f;
12e2: 544f;
12e3: 544f;
12e4: 544f;
12e5: 544f;
12e6: 544f;
12e7: 544f;
12e8: 544f;
12e9: 544f;
12ea: 544f;
12eb: 544f;
12ec: 544f;
12ed: 544f;
12ee: 544f;
12ef: 544f;
12f0: 544f;
12f1: 544f;
12f2: 544f;
12f3: 544f;
12f4: 544f;
12f5: 544f;
12f6: 544f;
12f7: 544f;
12f8: 544f;
12f9: 544f;
12fa: 544f;
12fb: 544f;
12fc: 544f;
12fd: 544f;
12fe: 544f;
12ff: 544f;
1300: cddf;
1301: cddf;
1302: cddf;
1303: cddf;
1304: cddf;
1305: cddf;
1306: cddf;
1307: cddf;
1308: cddf;
1309: cddf;
130a: cddf;
130b: cddf;
130c: cddf;
130d: cddf;
130e: cddf;
130f: cddf;
1310: cddf;
1311: cddf;
1312: cddf;
1313: cddf;
1314: cddf;
1315: cddf;
1316: cddf;
1317: cddf;
1318: cddf;
1319: cddf;
131a: cddf;
131b: cddf;
131c: cddf;
131d: cddf;
131e: cddf;
131f: cddf;
1320: cddf;
1321: cddf;
1322: cddf;
1323: cddf;
1324: cddf;
1325: cddf;
1326: cddf;
1327: cddf;
1328: cddf;
1329: cddf;
132a: cddf;
132b: cddf;
132c: cddf;
132d: cddf;
132e: cddf;
132f: cddf;
1330: cddf;
1331: cddf;
1332: cddf;
1333: cddf;
1334: cddf;
1335: cddf;
1336: cddf;
1337: cddf;
1338: cddf;
1339: cddf;
133a: cddf;
133b: cddf;
133c: cddf;
133d: cddf;
133e: cddf;
133f: cddf;
1340: cddf;
1341: cddf;
1342: cddf;
1343: cddf;
1344: cddf;
1345: cddf;
1346: cddf;
1347: cddf;
1348: cddf;
1349: cddf;
134a: cddf;
134b: cddf;
134c: cddf;
134d: cddf;
134e: cddf;
134f: cddf;
1350: dddf;
1351: dddf;
1352: dddf;
1353: dddf;
1354: dddf;
1355: dddf;
1356: dddf;
1357: dddf;
1358: dddf;
1359: dddf;
135a: dddf;
135b: dddf;
135c: dddf;
135d: dddf;
135e: dddf;
135f: dddf;
1360: dddf;
1361: dddf;
1362: dddf;
1363: dddf;
1364: dddf;
1365: dddf;
1366: dddf;
1367: dddf;
1368: cddf;
1369: dddf;
136a: dddf;
136b: dddf;
136c: dddf;
136d: dddf;
136e: dddf;
136f: dddf;
1370: dddf;
1371: dddf;
1372: dddf;
1373: dddf;
1374: dddf;
1375: dddf;
1376: dddf;
1377: dddf;
1378: dddf;
1379: dddf;
137a: dddf;
137b: dddf;
137c: dddf;
137d: dddf;
137e: dddf;
137f: dddf;
1380: dddf;
1381: dddf;
1382: dddf;
1383: dddf;
1384: dddf;
1385: dddf;
1386: dddf;
1387: dddf;
1388: dddf;
1389: dddf;
138a: dddf;
138b: dddf;
138c: dddf;
138d: dddf;
138e: dddf;
138f: dddf;
1390: dddf;
1391: dddf;
1392: dddf;
1393: dddf;
1394: dddf;
1395: dddf;
1396: dddf;
1397: dddf;
1398: dddf;
1399: dddf;
139a: dddf;
139b: dddf;
139c: dddf;
139d: dddf;
139e: dddf;
139f: dddf;
13a0: dddf;
13a1: dddf;
13a2: dddf;
13a3: dddf;
13a4: dddf;
13a5: dddf;
13a6: dddf;
13a7: dddf;
13a8: dddf;
13a9: dddf;
13aa: dddf;
13ab: dddf;
13ac: dddf;
13ad: dddf;
13ae: dddf;
13af: dddf;
13b0: dddf;
13b1: dddf;
13b2: dddf;
13b3: dddf;
13b4: dddf;
13b5: dddf;
13b6: dddf;
13b7: dddf;
13b8: dddf;
13b9: dddf;
13ba: dddf;
13bb: dddf;
13bc: dddf;
13bd: dddf;
13be: dddf;
13bf: dddf;
13c0: dddf;
13c1: dddf;
13c2: cddf;
13c3: cccf;
13c4: cccf;
13c5: bbbf;
13c6: 9aaf;
13c7: 899f;
13c8: 888f;
13c9: 777f;
13ca: 666f;
13cb: 555f;
13cc: 555f;
13cd: 444f;
13ce: 444f;
13cf: 444f;
13d0: 444f;
13d1: 444f;
13d2: 444f;
13d3: 444f;
13d4: 444f;
13d5: 544f;
13d6: 544f;
13d7: 544f;
13d8: 544f;
13d9: 544f;
13da: 544f;
13db: 544f;
13dc: 544f;
13dd: 544f;
13de: 544f;
13df: 544f;
13e0: 544f;
13e1: 544f;
13e2: 544f;
13e3: 544f;
13e4: 544f;
13e5: 544f;
13e6: 544f;
13e7: 544f;
13e8: 544f;
13e9: 544f;
13ea: 544f;
13eb: 544f;
13ec: 544f;
13ed: 544f;
13ee: 544f;
13ef: 544f;
13f0: 544f;
13f1: 544f;
13f2: 544f;
13f3: 544f;
13f4: 544f;
13f5: 544f;
13f6: 544f;
13f7: 544f;
13f8: 544f;
13f9: 544f;
13fa: 544f;
13fb: 544f;
13fc: 544f;
13fd: 544f;
13fe: 544f;
13ff: 544f;
1400: cddf;
1401: cddf;
1402: cddf;
1403: cddf;
1404: cddf;
1405: cddf;
1406: cddf;
1407: cddf;
1408: cddf;
1409: cddf;
140a: cddf;
140b: cddf;
140c: cddf;
140d: cddf;
140e: cddf;
140f: cddf;
1410: cddf;
1411: cddf;
1412: cddf;
1413: cddf;
1414: cddf;
1415: cddf;
1416: cddf;
1417: cddf;
1418: cddf;
1419: cddf;
141a: cddf;
141b: cddf;
141c: cddf;
141d: cddf;
141e: cddf;
141f: cddf;
1420: cddf;
1421: cddf;
1422: cddf;
1423: cddf;
1424: cddf;
1425: cddf;
1426: cddf;
1427: cddf;
1428: cddf;
1429: cddf;
142a: cddf;
142b: cddf;
142c: cddf;
142d: cddf;
142e: cddf;
142f: cddf;
1430: cddf;
1431: cddf;
1432: cddf;
1433: cddf;
1434: cddf;
1435: cddf;
1436: cddf;
1437: cddf;
1438: cddf;
1439: cddf;
143a: cddf;
143b: cddf;
143c: cddf;
143d: cddf;
143e: cddf;
143f: cddf;
1440: cddf;
1441: cddf;
1442: cddf;
1443: cddf;
1444: cddf;
1445: cddf;
1446: cddf;
1447: cddf;
1448: cddf;
1449: cddf;
144a: cddf;
144b: cddf;
144c: cddf;
144d: cddf;
144e: cddf;
144f: cddf;
1450: dddf;
1451: dddf;
1452: dddf;
1453: dddf;
1454: dddf;
1455: dddf;
1456: dddf;
1457: dddf;
1458: dddf;
1459: dddf;
145a: dddf;
145b: dddf;
145c: dddf;
145d: dddf;
145e: dddf;
145f: dddf;
1460: dddf;
1461: dddf;
1462: dddf;
1463: dddf;
1464: dddf;
1465: dddf;
1466: dddf;
1467: dddf;
1468: dddf;
1469: dddf;
146a: dddf;
146b: dddf;
146c: dddf;
146d: dddf;
146e: dddf;
146f: dddf;
1470: dddf;
1471: dddf;
1472: dddf;
1473: dddf;
1474: dddf;
1475: dddf;
1476: dddf;
1477: dddf;
1478: dddf;
1479: dddf;
147a: dddf;
147b: dddf;
147c: dddf;
147d: dddf;
147e: dddf;
147f: dddf;
1480: dddf;
1481: dddf;
1482: dddf;
1483: dddf;
1484: dddf;
1485: dddf;
1486: dddf;
1487: dddf;
1488: dddf;
1489: dddf;
148a: dddf;
148b: dddf;
148c: dddf;
148d: dddf;
148e: dddf;
148f: dddf;
1490: dddf;
1491: dddf;
1492: dddf;
1493: dddf;
1494: dddf;
1495: dddf;
1496: dddf;
1497: dddf;
1498: dddf;
1499: dddf;
149a: dddf;
149b: dddf;
149c: dddf;
149d: dddf;
149e: dddf;
149f: dddf;
14a0: dddf;
14a1: dddf;
14a2: dddf;
14a3: dddf;
14a4: dddf;
14a5: dddf;
14a6: dddf;
14a7: dddf;
14a8: dddf;
14a9: dddf;
14aa: dddf;
14ab: dddf;
14ac: dddf;
14ad: dddf;
14ae: dddf;
14af: dddf;
14b0: dddf;
14b1: dddf;
14b2: dddf;
14b3: dddf;
14b4: dddf;
14b5: dddf;
14b6: dddf;
14b7: dddf;
14b8: dddf;
14b9: dddf;
14ba: dddf;
14bb: dddf;
14bc: dddf;
14bd: dddf;
14be: dddf;
14bf: dddf;
14c0: dddf;
14c1: cddf;
14c2: cccf;
14c3: bbbf;
14c4: aaaf;
14c5: 888f;
14c6: 777f;
14c7: 566f;
14c8: 555f;
14c9: 555f;
14ca: 444f;
14cb: 444f;
14cc: 444f;
14cd: 444f;
14ce: 444f;
14cf: 444f;
14d0: 444f;
14d1: 444f;
14d2: 444f;
14d3: 444f;
14d4: 544f;
14d5: 544f;
14d6: 544f;
14d7: 544f;
14d8: 544f;
14d9: 544f;
14da: 544f;
14db: 544f;
14dc: 544f;
14dd: 544f;
14de: 544f;
14df: 544f;
14e0: 544f;
14e1: 544f;
14e2: 544f;
14e3: 544f;
14e4: 544f;
14e5: 544f;
14e6: 544f;
14e7: 544f;
14e8: 544f;
14e9: 544f;
14ea: 544f;
14eb: 544f;
14ec: 544f;
14ed: 544f;
14ee: 544f;
14ef: 544f;
14f0: 544f;
14f1: 544f;
14f2: 544f;
14f3: 544f;
14f4: 544f;
14f5: 544f;
14f6: 544f;
14f7: 544f;
14f8: 544f;
14f9: 544f;
14fa: 544f;
14fb: 544f;
14fc: 544f;
14fd: 544f;
14fe: 544f;
14ff: 544f;
1500: cddf;
1501: cddf;
1502: cddf;
1503: cddf;
1504: cddf;
1505: cddf;
1506: cddf;
1507: cddf;
1508: cddf;
1509: cddf;
150a: cddf;
150b: cddf;
150c: cddf;
150d: cddf;
150e: cddf;
150f: cddf;
1510: cddf;
1511: cddf;
1512: cddf;
1513: cddf;
1514: cddf;
1515: cddf;
1516: cddf;
1517: cddf;
1518: cddf;
1519: cddf;
151a: cddf;
151b: cddf;
151c: cddf;
151d: cddf;
151e: cddf;
151f: cddf;
1520: cddf;
1521: cddf;
1522: cddf;
1523: cddf;
1524: cddf;
1525: cddf;
1526: cddf;
1527: cddf;
1528: cddf;
1529: cddf;
152a: cddf;
152b: cddf;
152c: cddf;
152d: cddf;
152e: cddf;
152f: cddf;
1530: cddf;
1531: cddf;
1532: cddf;
1533: cddf;
1534: cddf;
1535: cddf;
1536: cddf;
1537: cddf;
1538: cddf;
1539: cddf;
153a: cddf;
153b: cddf;
153c: cddf;
153d: cddf;
153e: cddf;
153f: cddf;
1540: cddf;
1541: cddf;
1542: cddf;
1543: cddf;
1544: cddf;
1545: cddf;
1546: cddf;
1547: cddf;
1548: cddf;
1549: cddf;
154a: cddf;
154b: cddf;
154c: cddf;
154d: cddf;
154e: cddf;
154f: cddf;
1550: dddf;
1551: dddf;
1552: dddf;
1553: dddf;
1554: dddf;
1555: dddf;
1556: dddf;
1557: dddf;
1558: dddf;
1559: dddf;
155a: dddf;
155b: dddf;
155c: dddf;
155d: dddf;
155e: dddf;
155f: dddf;
1560: dddf;
1561: dddf;
1562: dddf;
1563: dddf;
1564: dddf;
1565: dddf;
1566: dddf;
1567: dddf;
1568: dddf;
1569: dddf;
156a: dddf;
156b: dddf;
156c: dddf;
156d: dddf;
156e: dddf;
156f: dddf;
1570: dddf;
1571: dddf;
1572: dddf;
1573: dddf;
1574: dddf;
1575: dddf;
1576: dddf;
1577: dddf;
1578: dddf;
1579: dddf;
157a: dddf;
157b: dddf;
157c: dddf;
157d: dddf;
157e: dddf;
157f: dddf;
1580: dddf;
1581: dddf;
1582: dddf;
1583: dddf;
1584: dddf;
1585: dddf;
1586: dddf;
1587: dddf;
1588: dddf;
1589: dddf;
158a: dddf;
158b: dddf;
158c: dddf;
158d: dddf;
158e: dddf;
158f: dddf;
1590: dddf;
1591: dddf;
1592: dddf;
1593: dddf;
1594: dddf;
1595: dddf;
1596: dddf;
1597: dddf;
1598: dddf;
1599: dddf;
159a: dddf;
159b: dddf;
159c: dddf;
159d: dddf;
159e: dddf;
159f: dddf;
15a0: dddf;
15a1: dddf;
15a2: dddf;
15a3: dddf;
15a4: dddf;
15a5: dddf;
15a6: dddf;
15a7: dddf;
15a8: dddf;
15a9: dddf;
15aa: dddf;
15ab: dddf;
15ac: dddf;
15ad: dddf;
15ae: dddf;
15af: dddf;
15b0: dddf;
15b1: dddf;
15b2: dddf;
15b3: dddf;
15b4: dddf;
15b5: dddf;
15b6: dddf;
15b7: dddf;
15b8: dddf;
15b9: dddf;
15ba: dddf;
15bb: dddf;
15bc: dddf;
15bd: dddf;
15be: dddf;
15bf: cddf;
15c0: cccf;
15c1: bbbf;
15c2: aaaf;
15c3: 999f;
15c4: 888f;
15c5: 676f;
15c6: 555f;
15c7: 555f;
15c8: 444f;
15c9: 444f;
15ca: 444f;
15cb: 444f;
15cc: 444f;
15cd: 444f;
15ce: 444f;
15cf: 444f;
15d0: 444f;
15d1: 444f;
15d2: 444f;
15d3: 444f;
15d4: 544f;
15d5: 544f;
15d6: 544f;
15d7: 544f;
15d8: 544f;
15d9: 544f;
15da: 544f;
15db: 544f;
15dc: 544f;
15dd: 544f;
15de: 544f;
15df: 544f;
15e0: 544f;
15e1: 544f;
15e2: 544f;
15e3: 544f;
15e4: 544f;
15e5: 544f;
15e6: 544f;
15e7: 544f;
15e8: 544f;
15e9: 544f;
15ea: 544f;
15eb: 544f;
15ec: 544f;
15ed: 544f;
15ee: 544f;
15ef: 544f;
15f0: 544f;
15f1: 544f;
15f2: 544f;
15f3: 544f;
15f4: 544f;
15f5: 544f;
15f6: 544f;
15f7: 544f;
15f8: 544f;
15f9: 544f;
15fa: 544f;
15fb: 544f;
15fc: 544f;
15fd: 544f;
15fe: 544f;
15ff: 544f;
1600: cddf;
1601: cddf;
1602: cddf;
1603: cddf;
1604: cddf;
1605: cddf;
1606: cddf;
1607: cddf;
1608: cddf;
1609: cddf;
160a: cddf;
160b: cddf;
160c: cddf;
160d: cddf;
160e: cddf;
160f: cddf;
1610: cddf;
1611: cddf;
1612: cddf;
1613: cddf;
1614: cddf;
1615: cddf;
1616: cddf;
1617: cddf;
1618: cddf;
1619: cddf;
161a: cddf;
161b: cddf;
161c: cddf;
161d: cddf;
161e: cddf;
161f: cddf;
1620: cddf;
1621: cddf;
1622: cddf;
1623: cddf;
1624: cddf;
1625: cddf;
1626: cddf;
1627: cddf;
1628: cddf;
1629: cddf;
162a: cddf;
162b: cddf;
162c: cddf;
162d: cddf;
162e: cddf;
162f: cddf;
1630: cddf;
1631: cddf;
1632: cddf;
1633: cddf;
1634: cddf;
1635: cddf;
1636: cddf;
1637: cddf;
1638: cddf;
1639: cddf;
163a: cddf;
163b: cddf;
163c: cddf;
163d: cddf;
163e: cddf;
163f: cddf;
1640: cddf;
1641: cddf;
1642: cddf;
1643: cddf;
1644: cddf;
1645: cddf;
1646: cddf;
1647: cddf;
1648: cddf;
1649: cddf;
164a: cddf;
164b: cddf;
164c: cddf;
164d: cddf;
164e: cddf;
164f: cddf;
1650: cddf;
1651: cddf;
1652: cddf;
1653: cddf;
1654: cddf;
1655: cddf;
1656: cddf;
1657: cddf;
1658: dddf;
1659: dddf;
165a: dddf;
165b: dddf;
165c: dddf;
165d: dddf;
165e: dddf;
165f: dddf;
1660: dddf;
1661: dddf;
1662: dddf;
1663: dddf;
1664: dddf;
1665: dddf;
1666: dddf;
1667: dddf;
1668: dddf;
1669: dddf;
166a: dddf;
166b: dddf;
166c: dddf;
166d: dddf;
166e: dddf;
166f: dddf;
1670: dddf;
1671: dddf;
1672: dddf;
1673: dddf;
1674: dddf;
1675: dddf;
1676: dddf;
1677: dddf;
1678: dddf;
1679: dddf;
167a: dddf;
167b: dddf;
167c: dddf;
167d: dddf;
167e: dddf;
167f: dddf;
1680: dddf;
1681: dddf;
1682: dddf;
1683: dddf;
1684: dddf;
1685: dddf;
1686: dddf;
1687: dddf;
1688: dddf;
1689: dddf;
168a: dddf;
168b: dddf;
168c: dddf;
168d: dddf;
168e: dddf;
168f: dddf;
1690: dddf;
1691: dddf;
1692: dddf;
1693: dddf;
1694: dddf;
1695: dddf;
1696: dddf;
1697: dddf;
1698: dddf;
1699: dddf;
169a: dddf;
169b: dddf;
169c: dddf;
169d: dddf;
169e: dddf;
169f: dddf;
16a0: dddf;
16a1: dddf;
16a2: dddf;
16a3: dddf;
16a4: dddf;
16a5: dddf;
16a6: dddf;
16a7: dddf;
16a8: dddf;
16a9: dddf;
16aa: dddf;
16ab: dddf;
16ac: dddf;
16ad: dddf;
16ae: dddf;
16af: dddf;
16b0: dddf;
16b1: dddf;
16b2: dddf;
16b3: dddf;
16b4: dddf;
16b5: dddf;
16b6: dddf;
16b7: dddf;
16b8: dddf;
16b9: dddf;
16ba: dddf;
16bb: dddf;
16bc: dddf;
16bd: dddf;
16be: cccf;
16bf: bcbf;
16c0: abaf;
16c1: 999f;
16c2: 888f;
16c3: 777f;
16c4: 666f;
16c5: 555f;
16c6: 444f;
16c7: 444f;
16c8: 444f;
16c9: 444f;
16ca: 444f;
16cb: 444f;
16cc: 444f;
16cd: 444f;
16ce: 444f;
16cf: 444f;
16d0: 444f;
16d1: 444f;
16d2: 544f;
16d3: 544f;
16d4: 544f;
16d5: 544f;
16d6: 544f;
16d7: 544f;
16d8: 544f;
16d9: 544f;
16da: 544f;
16db: 544f;
16dc: 544f;
16dd: 544f;
16de: 544f;
16df: 544f;
16e0: 544f;
16e1: 544f;
16e2: 544f;
16e3: 544f;
16e4: 544f;
16e5: 544f;
16e6: 544f;
16e7: 544f;
16e8: 544f;
16e9: 544f;
16ea: 544f;
16eb: 544f;
16ec: 544f;
16ed: 544f;
16ee: 544f;
16ef: 544f;
16f0: 544f;
16f1: 544f;
16f2: 544f;
16f3: 544f;
16f4: 544f;
16f5: 544f;
16f6: 544f;
16f7: 544f;
16f8: 544f;
16f9: 544f;
16fa: 544f;
16fb: 544f;
16fc: 544f;
16fd: 544f;
16fe: 544f;
16ff: 544f;
1700: cddf;
1701: cddf;
1702: cddf;
1703: cddf;
1704: cddf;
1705: cddf;
1706: cddf;
1707: cddf;
1708: cddf;
1709: cddf;
170a: cddf;
170b: cddf;
170c: cddf;
170d: cddf;
170e: cddf;
170f: cddf;
1710: cddf;
1711: cddf;
1712: cddf;
1713: cddf;
1714: cddf;
1715: cddf;
1716: cddf;
1717: cddf;
1718: cddf;
1719: cddf;
171a: cddf;
171b: cddf;
171c: cddf;
171d: cddf;
171e: cddf;
171f: cddf;
1720: cddf;
1721: cddf;
1722: cddf;
1723: cddf;
1724: cddf;
1725: cddf;
1726: cddf;
1727: cddf;
1728: cddf;
1729: cddf;
172a: cddf;
172b: cddf;
172c: cddf;
172d: cddf;
172e: cddf;
172f: cddf;
1730: cddf;
1731: cddf;
1732: cddf;
1733: cddf;
1734: dddf;
1735: dddf;
1736: dddf;
1737: dddf;
1738: cddf;
1739: cddf;
173a: cddf;
173b: cddf;
173c: cddf;
173d: cddf;
173e: cddf;
173f: cddf;
1740: cddf;
1741: cddf;
1742: cddf;
1743: cddf;
1744: cddf;
1745: cddf;
1746: cddf;
1747: cddf;
1748: cddf;
1749: cddf;
174a: cddf;
174b: cddf;
174c: cddf;
174d: cddf;
174e: cddf;
174f: cddf;
1750: cddf;
1751: cddf;
1752: cddf;
1753: cddf;
1754: cddf;
1755: cddf;
1756: cddf;
1757: cddf;
1758: dddf;
1759: dddf;
175a: dddf;
175b: dddf;
175c: dddf;
175d: dddf;
175e: dddf;
175f: dddf;
1760: dddf;
1761: dddf;
1762: dddf;
1763: dddf;
1764: dddf;
1765: dddf;
1766: dddf;
1767: dddf;
1768: dddf;
1769: dddf;
176a: dddf;
176b: dddf;
176c: dddf;
176d: dddf;
176e: dddf;
176f: dddf;
1770: dddf;
1771: dddf;
1772: dddf;
1773: dddf;
1774: dddf;
1775: dddf;
1776: dddf;
1777: dddf;
1778: cddf;
1779: dddf;
177a: dddf;
177b: dddf;
177c: dddf;
177d: dddf;
177e: dddf;
177f: dddf;
1780: dddf;
1781: dddf;
1782: dddf;
1783: dddf;
1784: dddf;
1785: dddf;
1786: dddf;
1787: dddf;
1788: dddf;
1789: dddf;
178a: dddf;
178b: dddf;
178c: dddf;
178d: dddf;
178e: dddf;
178f: dddf;
1790: dddf;
1791: dddf;
1792: dddf;
1793: dddf;
1794: dddf;
1795: dddf;
1796: dddf;
1797: dddf;
1798: dddf;
1799: dddf;
179a: dddf;
179b: dddf;
179c: dddf;
179d: dddf;
179e: dddf;
179f: dddf;
17a0: dddf;
17a1: dddf;
17a2: dddf;
17a3: dddf;
17a4: dddf;
17a5: dddf;
17a6: dddf;
17a7: dddf;
17a8: dddf;
17a9: dddf;
17aa: dddf;
17ab: dddf;
17ac: dddf;
17ad: dddf;
17ae: dddf;
17af: dddf;
17b0: dddf;
17b1: dddf;
17b2: dddf;
17b3: dddf;
17b4: dddf;
17b5: dddf;
17b6: dddf;
17b7: dddf;
17b8: dddf;
17b9: dddf;
17ba: dddf;
17bb: dddf;
17bc: cdcf;
17bd: cccf;
17be: bbbf;
17bf: aaaf;
17c0: 888f;
17c1: 777f;
17c2: 666f;
17c3: 554f;
17c4: 444f;
17c5: 444f;
17c6: 444f;
17c7: 444f;
17c8: 444f;
17c9: 444f;
17ca: 444f;
17cb: 444f;
17cc: 444f;
17cd: 444f;
17ce: 444f;
17cf: 444f;
17d0: 444f;
17d1: 544f;
17d2: 544f;
17d3: 544f;
17d4: 544f;
17d5: 544f;
17d6: 544f;
17d7: 544f;
17d8: 544f;
17d9: 544f;
17da: 544f;
17db: 544f;
17dc: 544f;
17dd: 544f;
17de: 544f;
17df: 544f;
17e0: 544f;
17e1: 544f;
17e2: 544f;
17e3: 544f;
17e4: 544f;
17e5: 544f;
17e6: 544f;
17e7: 544f;
17e8: 544f;
17e9: 544f;
17ea: 544f;
17eb: 544f;
17ec: 544f;
17ed: 544f;
17ee: 544f;
17ef: 544f;
17f0: 544f;
17f1: 544f;
17f2: 544f;
17f3: 544f;
17f4: 544f;
17f5: 544f;
17f6: 544f;
17f7: 544f;
17f8: 544f;
17f9: 544f;
17fa: 544f;
17fb: 544f;
17fc: 544f;
17fd: 544f;
17fe: 544f;
17ff: 544f;
1800: cddf;
1801: cddf;
1802: cddf;
1803: cddf;
1804: cddf;
1805: cddf;
1806: cddf;
1807: cddf;
1808: cddf;
1809: cddf;
180a: cddf;
180b: cddf;
180c: cddf;
180d: cddf;
180e: cddf;
180f: cddf;
1810: cddf;
1811: cddf;
1812: cddf;
1813: cddf;
1814: cddf;
1815: cddf;
1816: cddf;
1817: cddf;
1818: cddf;
1819: cddf;
181a: cddf;
181b: cddf;
181c: cddf;
181d: cddf;
181e: cddf;
181f: cddf;
1820: cddf;
1821: cddf;
1822: cddf;
1823: cddf;
1824: cddf;
1825: cddf;
1826: cddf;
1827: cddf;
1828: cddf;
1829: cddf;
182a: cddf;
182b: cddf;
182c: cddf;
182d: cddf;
182e: cddf;
182f: cddf;
1830: cddf;
1831: cddf;
1832: cddf;
1833: cddf;
1834: cddf;
1835: cddf;
1836: cddf;
1837: cddf;
1838: dddf;
1839: cddf;
183a: cddf;
183b: cddf;
183c: cddf;
183d: cddf;
183e: cddf;
183f: cddf;
1840: cddf;
1841: cddf;
1842: cddf;
1843: cddf;
1844: cddf;
1845: cddf;
1846: cddf;
1847: cddf;
1848: cddf;
1849: cddf;
184a: cddf;
184b: cddf;
184c: cddf;
184d: cddf;
184e: cddf;
184f: cddf;
1850: cddf;
1851: cddf;
1852: cddf;
1853: cddf;
1854: cddf;
1855: cddf;
1856: cddf;
1857: cddf;
1858: dddf;
1859: dddf;
185a: dddf;
185b: dddf;
185c: dddf;
185d: dddf;
185e: dddf;
185f: dddf;
1860: dddf;
1861: dddf;
1862: dddf;
1863: dddf;
1864: dddf;
1865: dddf;
1866: dddf;
1867: dddf;
1868: dddf;
1869: dddf;
186a: dddf;
186b: dddf;
186c: dddf;
186d: dddf;
186e: dddf;
186f: dddf;
1870: dddf;
1871: dddf;
1872: dddf;
1873: dddf;
1874: dddf;
1875: dddf;
1876: dddf;
1877: dddf;
1878: cddf;
1879: cddf;
187a: cddf;
187b: cddf;
187c: dddf;
187d: dddf;
187e: dddf;
187f: dddf;
1880: dddf;
1881: dddf;
1882: dddf;
1883: dddf;
1884: dddf;
1885: dddf;
1886: dddf;
1887: dddf;
1888: dddf;
1889: dddf;
188a: dddf;
188b: dddf;
188c: dddf;
188d: dddf;
188e: dddf;
188f: dddf;
1890: dddf;
1891: dddf;
1892: dddf;
1893: dddf;
1894: dddf;
1895: dddf;
1896: dddf;
1897: dddf;
1898: dddf;
1899: dddf;
189a: dddf;
189b: dddf;
189c: dddf;
189d: dddf;
189e: dddf;
189f: dddf;
18a0: dddf;
18a1: dddf;
18a2: dddf;
18a3: dddf;
18a4: dddf;
18a5: dddf;
18a6: dddf;
18a7: dddf;
18a8: dddf;
18a9: dddf;
18aa: dddf;
18ab: dddf;
18ac: dddf;
18ad: dddf;
18ae: dddf;
18af: dddf;
18b0: dddf;
18b1: dddf;
18b2: dddf;
18b3: dddf;
18b4: dddf;
18b5: dddf;
18b6: dddf;
18b7: dddf;
18b8: dddf;
18b9: dddf;
18ba: cddf;
18bb: cccf;
18bc: bbbf;
18bd: aaaf;
18be: 999f;
18bf: 777f;
18c0: 666f;
18c1: 655f;
18c2: 554f;
18c3: 444f;
18c4: 444f;
18c5: 444f;
18c6: 444f;
18c7: 444f;
18c8: 444f;
18c9: 544f;
18ca: 544f;
18cb: 544f;
18cc: 544f;
18cd: 544f;
18ce: 544f;
18cf: 544f;
18d0: 544f;
18d1: 544f;
18d2: 544f;
18d3: 544f;
18d4: 544f;
18d5: 544f;
18d6: 544f;
18d7: 544f;
18d8: 544f;
18d9: 544f;
18da: 544f;
18db: 544f;
18dc: 544f;
18dd: 544f;
18de: 544f;
18df: 544f;
18e0: 544f;
18e1: 544f;
18e2: 544f;
18e3: 544f;
18e4: 544f;
18e5: 544f;
18e6: 544f;
18e7: 544f;
18e8: 544f;
18e9: 544f;
18ea: 544f;
18eb: 544f;
18ec: 544f;
18ed: 544f;
18ee: 544f;
18ef: 544f;
18f0: 544f;
18f1: 544f;
18f2: 544f;
18f3: 544f;
18f4: 544f;
18f5: 544f;
18f6: 544f;
18f7: 544f;
18f8: 544f;
18f9: 544f;
18fa: 544f;
18fb: 544f;
18fc: 544f;
18fd: 544f;
18fe: 544f;
18ff: 544f;
1900: cddf;
1901: cddf;
1902: cddf;
1903: cddf;
1904: cddf;
1905: cddf;
1906: cddf;
1907: cddf;
1908: cddf;
1909: cddf;
190a: cddf;
190b: cddf;
190c: cddf;
190d: cddf;
190e: cddf;
190f: cddf;
1910: cddf;
1911: cddf;
1912: cddf;
1913: cddf;
1914: cddf;
1915: cddf;
1916: cddf;
1917: cddf;
1918: cddf;
1919: cddf;
191a: cddf;
191b: cddf;
191c: cddf;
191d: cddf;
191e: cddf;
191f: cddf;
1920: cddf;
1921: cddf;
1922: cddf;
1923: cddf;
1924: cddf;
1925: cddf;
1926: cddf;
1927: cddf;
1928: cddf;
1929: cddf;
192a: cddf;
192b: cddf;
192c: cddf;
192d: cddf;
192e: cddf;
192f: cddf;
1930: cddf;
1931: cddf;
1932: cddf;
1933: cddf;
1934: cddf;
1935: cddf;
1936: cddf;
1937: cddf;
1938: cddf;
1939: cddf;
193a: cddf;
193b: cddf;
193c: cddf;
193d: cddf;
193e: cddf;
193f: cddf;
1940: cddf;
1941: cddf;
1942: cddf;
1943: cddf;
1944: cddf;
1945: cddf;
1946: cddf;
1947: cddf;
1948: cddf;
1949: cddf;
194a: cddf;
194b: cddf;
194c: cddf;
194d: cddf;
194e: cddf;
194f: cddf;
1950: cddf;
1951: cddf;
1952: cddf;
1953: cddf;
1954: cddf;
1955: cddf;
1956: cddf;
1957: cddf;
1958: dddf;
1959: dddf;
195a: dddf;
195b: dddf;
195c: dddf;
195d: dddf;
195e: dddf;
195f: dddf;
1960: dddf;
1961: dddf;
1962: dddf;
1963: dddf;
1964: dddf;
1965: dddf;
1966: dddf;
1967: dddf;
1968: dddf;
1969: dddf;
196a: dddf;
196b: dddf;
196c: dddf;
196d: dddf;
196e: dddf;
196f: dddf;
1970: dddf;
1971: dddf;
1972: dddf;
1973: dddf;
1974: dddf;
1975: dddf;
1976: dddf;
1977: dddf;
1978: cddf;
1979: cddf;
197a: cddf;
197b: cddf;
197c: dddf;
197d: dddf;
197e: dddf;
197f: dddf;
1980: dddf;
1981: dddf;
1982: dddf;
1983: dddf;
1984: dddf;
1985: dddf;
1986: dddf;
1987: dddf;
1988: dddf;
1989: dddf;
198a: dddf;
198b: dddf;
198c: dddf;
198d: dddf;
198e: dddf;
198f: dddf;
1990: dddf;
1991: dddf;
1992: dddf;
1993: dddf;
1994: dddf;
1995: dddf;
1996: dddf;
1997: dddf;
1998: dddf;
1999: dddf;
199a: dddf;
199b: dddf;
199c: dddf;
199d: dddf;
199e: dddf;
199f: dddf;
19a0: dddf;
19a1: dddf;
19a2: dddf;
19a3: dddf;
19a4: dddf;
19a5: dddf;
19a6: dddf;
19a7: dddf;
19a8: dddf;
19a9: dddf;
19aa: dddf;
19ab: dddf;
19ac: dddf;
19ad: dddf;
19ae: dddf;
19af: dddf;
19b0: dddf;
19b1: dddf;
19b2: dddf;
19b3: dddf;
19b4: dddf;
19b5: dddf;
19b6: dddf;
19b7: dddf;
19b8: dddf;
19b9: cccf;
19ba: bccf;
19bb: aaaf;
19bc: 999f;
19bd: 888f;
19be: 777f;
19bf: 565f;
19c0: 555f;
19c1: 544f;
19c2: 444f;
19c3: 444f;
19c4: 444f;
19c5: 444f;
19c6: 444f;
19c7: 444f;
19c8: 444f;
19c9: 544f;
19ca: 544f;
19cb: 544f;
19cc: 544f;
19cd: 544f;
19ce: 544f;
19cf: 544f;
19d0: 544f;
19d1: 544f;
19d2: 544f;
19d3: 544f;
19d4: 544f;
19d5: 544f;
19d6: 544f;
19d7: 544f;
19d8: 544f;
19d9: 544f;
19da: 544f;
19db: 544f;
19dc: 544f;
19dd: 544f;
19de: 544f;
19df: 544f;
19e0: 544f;
19e1: 544f;
19e2: 544f;
19e3: 544f;
19e4: 544f;
19e5: 544f;
19e6: 544f;
19e7: 544f;
19e8: 544f;
19e9: 544f;
19ea: 544f;
19eb: 544f;
19ec: 544f;
19ed: 544f;
19ee: 544f;
19ef: 544f;
19f0: 544f;
19f1: 544f;
19f2: 544f;
19f3: 544f;
19f4: 544f;
19f5: 544f;
19f6: 544f;
19f7: 544f;
19f8: 544f;
19f9: 544f;
19fa: 544f;
19fb: 544f;
19fc: 544f;
19fd: 544f;
19fe: 544f;
19ff: 544f;
1a00: cddf;
1a01: cddf;
1a02: cddf;
1a03: cddf;
1a04: cddf;
1a05: cddf;
1a06: cddf;
1a07: cddf;
1a08: cddf;
1a09: cddf;
1a0a: cddf;
1a0b: cddf;
1a0c: cddf;
1a0d: cddf;
1a0e: cddf;
1a0f: cddf;
1a10: cddf;
1a11: cddf;
1a12: cddf;
1a13: cddf;
1a14: cddf;
1a15: cddf;
1a16: cddf;
1a17: cddf;
1a18: cddf;
1a19: cddf;
1a1a: cddf;
1a1b: cddf;
1a1c: cddf;
1a1d: cddf;
1a1e: cddf;
1a1f: cddf;
1a20: cddf;
1a21: cddf;
1a22: cddf;
1a23: cddf;
1a24: cddf;
1a25: cddf;
1a26: cddf;
1a27: cddf;
1a28: cddf;
1a29: cddf;
1a2a: cddf;
1a2b: cddf;
1a2c: cddf;
1a2d: cddf;
1a2e: cddf;
1a2f: cddf;
1a30: cddf;
1a31: cddf;
1a32: cddf;
1a33: cddf;
1a34: cddf;
1a35: cddf;
1a36: cddf;
1a37: cddf;
1a38: cddf;
1a39: cddf;
1a3a: cddf;
1a3b: cddf;
1a3c: cddf;
1a3d: cddf;
1a3e: cddf;
1a3f: cddf;
1a40: cddf;
1a41: cddf;
1a42: cddf;
1a43: cddf;
1a44: cddf;
1a45: cddf;
1a46: cddf;
1a47: cddf;
1a48: cddf;
1a49: cddf;
1a4a: cddf;
1a4b: cddf;
1a4c: cddf;
1a4d: cddf;
1a4e: cddf;
1a4f: cddf;
1a50: cddf;
1a51: cddf;
1a52: cddf;
1a53: cddf;
1a54: cddf;
1a55: cddf;
1a56: cddf;
1a57: cddf;
1a58: dddf;
1a59: dddf;
1a5a: dddf;
1a5b: dddf;
1a5c: dddf;
1a5d: dddf;
1a5e: dddf;
1a5f: dddf;
1a60: dddf;
1a61: dddf;
1a62: dddf;
1a63: dddf;
1a64: dddf;
1a65: dddf;
1a66: dddf;
1a67: dddf;
1a68: dddf;
1a69: dddf;
1a6a: dddf;
1a6b: dddf;
1a6c: dddf;
1a6d: dddf;
1a6e: dddf;
1a6f: dddf;
1a70: dddf;
1a71: dddf;
1a72: dddf;
1a73: dddf;
1a74: dddf;
1a75: dddf;
1a76: dddf;
1a77: dddf;
1a78: cddf;
1a79: cddf;
1a7a: cddf;
1a7b: cddf;
1a7c: dddf;
1a7d: dddf;
1a7e: dddf;
1a7f: dddf;
1a80: dddf;
1a81: dddf;
1a82: dddf;
1a83: dddf;
1a84: dddf;
1a85: dddf;
1a86: dddf;
1a87: dddf;
1a88: dddf;
1a89: dddf;
1a8a: dddf;
1a8b: dddf;
1a8c: dddf;
1a8d: dddf;
1a8e: dddf;
1a8f: dddf;
1a90: dddf;
1a91: dddf;
1a92: dddf;
1a93: dddf;
1a94: dddf;
1a95: dddf;
1a96: dddf;
1a97: dddf;
1a98: dddf;
1a99: dddf;
1a9a: dddf;
1a9b: dddf;
1a9c: dddf;
1a9d: dddf;
1a9e: dddf;
1a9f: dddf;
1aa0: dddf;
1aa1: dddf;
1aa2: dddf;
1aa3: dddf;
1aa4: dddf;
1aa5: dddf;
1aa6: dddf;
1aa7: dddf;
1aa8: dddf;
1aa9: dddf;
1aaa: dddf;
1aab: dddf;
1aac: dddf;
1aad: dddf;
1aae: dddf;
1aaf: dddf;
1ab0: dddf;
1ab1: dddf;
1ab2: dddf;
1ab3: dddf;
1ab4: dddf;
1ab5: dddf;
1ab6: dddf;
1ab7: cdcf;
1ab8: cccf;
1ab9: bbbf;
1aba: aaaf;
1abb: 888f;
1abc: 777f;
1abd: 666f;
1abe: 555f;
1abf: 444f;
1ac0: 444f;
1ac1: 444f;
1ac2: 444f;
1ac3: 444f;
1ac4: 444f;
1ac5: 444f;
1ac6: 544f;
1ac7: 544f;
1ac8: 444f;
1ac9: 544f;
1aca: 544f;
1acb: 544f;
1acc: 544f;
1acd: 544f;
1ace: 544f;
1acf: 544f;
1ad0: 544f;
1ad1: 544f;
1ad2: 544f;
1ad3: 544f;
1ad4: 544f;
1ad5: 544f;
1ad6: 544f;
1ad7: 544f;
1ad8: 544f;
1ad9: 544f;
1ada: 544f;
1adb: 544f;
1adc: 544f;
1add: 544f;
1ade: 544f;
1adf: 544f;
1ae0: 544f;
1ae1: 544f;
1ae2: 544f;
1ae3: 544f;
1ae4: 544f;
1ae5: 544f;
1ae6: 544f;
1ae7: 544f;
1ae8: 544f;
1ae9: 544f;
1aea: 544f;
1aeb: 544f;
1aec: 544f;
1aed: 544f;
1aee: 544f;
1aef: 544f;
1af0: 544f;
1af1: 544f;
1af2: 544f;
1af3: 544f;
1af4: 544f;
1af5: 544f;
1af6: 544f;
1af7: 544f;
1af8: 544f;
1af9: 544f;
1afa: 544f;
1afb: 544f;
1afc: 544f;
1afd: 544f;
1afe: 544f;
1aff: 544f;
1b00: cddf;
1b01: cddf;
1b02: cddf;
1b03: cddf;
1b04: cddf;
1b05: cddf;
1b06: cddf;
1b07: cddf;
1b08: cddf;
1b09: cddf;
1b0a: cddf;
1b0b: cddf;
1b0c: cddf;
1b0d: cddf;
1b0e: cddf;
1b0f: cddf;
1b10: cddf;
1b11: cddf;
1b12: cddf;
1b13: cddf;
1b14: cddf;
1b15: cddf;
1b16: cddf;
1b17: cddf;
1b18: cddf;
1b19: cddf;
1b1a: cddf;
1b1b: cddf;
1b1c: cddf;
1b1d: cddf;
1b1e: cddf;
1b1f: cddf;
1b20: cddf;
1b21: cddf;
1b22: cddf;
1b23: cddf;
1b24: cddf;
1b25: cddf;
1b26: cddf;
1b27: cddf;
1b28: cddf;
1b29: cddf;
1b2a: cddf;
1b2b: cddf;
1b2c: cddf;
1b2d: cddf;
1b2e: cddf;
1b2f: cddf;
1b30: cddf;
1b31: cddf;
1b32: cddf;
1b33: cddf;
1b34: cddf;
1b35: cddf;
1b36: cddf;
1b37: cddf;
1b38: cddf;
1b39: cddf;
1b3a: cddf;
1b3b: cddf;
1b3c: cddf;
1b3d: cddf;
1b3e: cddf;
1b3f: cddf;
1b40: cddf;
1b41: cddf;
1b42: cddf;
1b43: cddf;
1b44: cddf;
1b45: cddf;
1b46: cddf;
1b47: cddf;
1b48: cddf;
1b49: cddf;
1b4a: cddf;
1b4b: cddf;
1b4c: cddf;
1b4d: cddf;
1b4e: cddf;
1b4f: cddf;
1b50: cddf;
1b51: cddf;
1b52: cddf;
1b53: cddf;
1b54: cddf;
1b55: cddf;
1b56: cddf;
1b57: cddf;
1b58: dddf;
1b59: dddf;
1b5a: dddf;
1b5b: dddf;
1b5c: dddf;
1b5d: dddf;
1b5e: dddf;
1b5f: dddf;
1b60: dddf;
1b61: dddf;
1b62: dddf;
1b63: dddf;
1b64: dddf;
1b65: dddf;
1b66: dddf;
1b67: dddf;
1b68: dddf;
1b69: dddf;
1b6a: dddf;
1b6b: dddf;
1b6c: dddf;
1b6d: dddf;
1b6e: dddf;
1b6f: dddf;
1b70: dddf;
1b71: dddf;
1b72: dddf;
1b73: dddf;
1b74: dddf;
1b75: dddf;
1b76: dddf;
1b77: dddf;
1b78: cddf;
1b79: cddf;
1b7a: cddf;
1b7b: cddf;
1b7c: dddf;
1b7d: dddf;
1b7e: dddf;
1b7f: dddf;
1b80: dddf;
1b81: dddf;
1b82: dddf;
1b83: dddf;
1b84: dddf;
1b85: dddf;
1b86: dddf;
1b87: dddf;
1b88: dddf;
1b89: dddf;
1b8a: dddf;
1b8b: dddf;
1b8c: dddf;
1b8d: dddf;
1b8e: dddf;
1b8f: dddf;
1b90: dddf;
1b91: dddf;
1b92: dddf;
1b93: dddf;
1b94: dddf;
1b95: dddf;
1b96: dddf;
1b97: dddf;
1b98: dddf;
1b99: dddf;
1b9a: dddf;
1b9b: dddf;
1b9c: dddf;
1b9d: dddf;
1b9e: dddf;
1b9f: dddf;
1ba0: dddf;
1ba1: dddf;
1ba2: dddf;
1ba3: dddf;
1ba4: dddf;
1ba5: dddf;
1ba6: dddf;
1ba7: dddf;
1ba8: dddf;
1ba9: dddf;
1baa: dddf;
1bab: dddf;
1bac: dddf;
1bad: dddf;
1bae: dddf;
1baf: dddf;
1bb0: dddf;
1bb1: dddf;
1bb2: dddf;
1bb3: dddf;
1bb4: dddf;
1bb5: dddf;
1bb6: cccf;
1bb7: bcbf;
1bb8: aaaf;
1bb9: 999f;
1bba: 888f;
1bbb: 666f;
1bbc: 555f;
1bbd: 555f;
1bbe: 444f;
1bbf: 444f;
1bc0: 444f;
1bc1: 444f;
1bc2: 444f;
1bc3: 444f;
1bc4: 444f;
1bc5: 544f;
1bc6: 544f;
1bc7: 544f;
1bc8: 444f;
1bc9: 544f;
1bca: 544f;
1bcb: 544f;
1bcc: 544f;
1bcd: 544f;
1bce: 544f;
1bcf: 544f;
1bd0: 544f;
1bd1: 544f;
1bd2: 544f;
1bd3: 544f;
1bd4: 544f;
1bd5: 544f;
1bd6: 544f;
1bd7: 544f;
1bd8: 544f;
1bd9: 544f;
1bda: 544f;
1bdb: 544f;
1bdc: 544f;
1bdd: 544f;
1bde: 544f;
1bdf: 544f;
1be0: 544f;
1be1: 544f;
1be2: 544f;
1be3: 544f;
1be4: 544f;
1be5: 544f;
1be6: 544f;
1be7: 544f;
1be8: 544f;
1be9: 544f;
1bea: 544f;
1beb: 544f;
1bec: 544f;
1bed: 544f;
1bee: 544f;
1bef: 544f;
1bf0: 544f;
1bf1: 544f;
1bf2: 544f;
1bf3: 544f;
1bf4: 544f;
1bf5: 544f;
1bf6: 544f;
1bf7: 544f;
1bf8: 544f;
1bf9: 544f;
1bfa: 544f;
1bfb: 544f;
1bfc: 544f;
1bfd: 544f;
1bfe: 544f;
1bff: 544f;
1c00: cddf;
1c01: cddf;
1c02: cddf;
1c03: cddf;
1c04: cddf;
1c05: cddf;
1c06: cddf;
1c07: cddf;
1c08: cddf;
1c09: cddf;
1c0a: cddf;
1c0b: cddf;
1c0c: cddf;
1c0d: cddf;
1c0e: cddf;
1c0f: cddf;
1c10: cddf;
1c11: cddf;
1c12: cddf;
1c13: cddf;
1c14: cddf;
1c15: cddf;
1c16: cddf;
1c17: cddf;
1c18: cddf;
1c19: cddf;
1c1a: cddf;
1c1b: cddf;
1c1c: cddf;
1c1d: cddf;
1c1e: cddf;
1c1f: cddf;
1c20: cddf;
1c21: cddf;
1c22: cddf;
1c23: cddf;
1c24: cddf;
1c25: cddf;
1c26: cddf;
1c27: cddf;
1c28: cddf;
1c29: cddf;
1c2a: cddf;
1c2b: cddf;
1c2c: cddf;
1c2d: cddf;
1c2e: cddf;
1c2f: cddf;
1c30: cddf;
1c31: cddf;
1c32: cddf;
1c33: cddf;
1c34: cddf;
1c35: cddf;
1c36: cddf;
1c37: cddf;
1c38: cddf;
1c39: cddf;
1c3a: cddf;
1c3b: cddf;
1c3c: cddf;
1c3d: cddf;
1c3e: cddf;
1c3f: cddf;
1c40: cddf;
1c41: cddf;
1c42: cddf;
1c43: cddf;
1c44: cddf;
1c45: cddf;
1c46: cddf;
1c47: cddf;
1c48: cddf;
1c49: cddf;
1c4a: cddf;
1c4b: cddf;
1c4c: cddf;
1c4d: cddf;
1c4e: cddf;
1c4f: cddf;
1c50: cddf;
1c51: cddf;
1c52: cddf;
1c53: cddf;
1c54: cddf;
1c55: cddf;
1c56: cddf;
1c57: cddf;
1c58: dddf;
1c59: dddf;
1c5a: dddf;
1c5b: dddf;
1c5c: dddf;
1c5d: dddf;
1c5e: dddf;
1c5f: dddf;
1c60: dddf;
1c61: dddf;
1c62: dddf;
1c63: dddf;
1c64: dddf;
1c65: dddf;
1c66: dddf;
1c67: dddf;
1c68: dddf;
1c69: dddf;
1c6a: dddf;
1c6b: dddf;
1c6c: dddf;
1c6d: dddf;
1c6e: dddf;
1c6f: dddf;
1c70: dddf;
1c71: dddf;
1c72: dddf;
1c73: dddf;
1c74: dddf;
1c75: dddf;
1c76: dddf;
1c77: dddf;
1c78: cddf;
1c79: cddf;
1c7a: cddf;
1c7b: dddf;
1c7c: dddf;
1c7d: dddf;
1c7e: dddf;
1c7f: dddf;
1c80: dddf;
1c81: dddf;
1c82: dddf;
1c83: dddf;
1c84: dddf;
1c85: dddf;
1c86: dddf;
1c87: dddf;
1c88: dddf;
1c89: dddf;
1c8a: dddf;
1c8b: dddf;
1c8c: dddf;
1c8d: dddf;
1c8e: dddf;
1c8f: dddf;
1c90: dddf;
1c91: dddf;
1c92: dddf;
1c93: dddf;
1c94: dddf;
1c95: dddf;
1c96: dddf;
1c97: dddf;
1c98: dddf;
1c99: dddf;
1c9a: dddf;
1c9b: dddf;
1c9c: dddf;
1c9d: dddf;
1c9e: dddf;
1c9f: dddf;
1ca0: dddf;
1ca1: dddf;
1ca2: dddf;
1ca3: dddf;
1ca4: dddf;
1ca5: dddf;
1ca6: dddf;
1ca7: dddf;
1ca8: dddf;
1ca9: dddf;
1caa: dddf;
1cab: dddf;
1cac: dddf;
1cad: dddf;
1cae: dddf;
1caf: dddf;
1cb0: dddf;
1cb1: dddf;
1cb2: dddf;
1cb3: dddf;
1cb4: cdcf;
1cb5: cccf;
1cb6: bbbf;
1cb7: aaaf;
1cb8: 888f;
1cb9: 777f;
1cba: 666f;
1cbb: 555f;
1cbc: 444f;
1cbd: 444f;
1cbe: 444f;
1cbf: 444f;
1cc0: 444f;
1cc1: 444f;
1cc2: 444f;
1cc3: 444f;
1cc4: 444f;
1cc5: 444f;
1cc6: 544f;
1cc7: 544f;
1cc8: 544f;
1cc9: 544f;
1cca: 544f;
1ccb: 544f;
1ccc: 544f;
1ccd: 544f;
1cce: 544f;
1ccf: 544f;
1cd0: 544f;
1cd1: 544f;
1cd2: 544f;
1cd3: 544f;
1cd4: 544f;
1cd5: 544f;
1cd6: 544f;
1cd7: 544f;
1cd8: 544f;
1cd9: 544f;
1cda: 544f;
1cdb: 544f;
1cdc: 544f;
1cdd: 544f;
1cde: 544f;
1cdf: 544f;
1ce0: 544f;
1ce1: 544f;
1ce2: 544f;
1ce3: 544f;
1ce4: 544f;
1ce5: 544f;
1ce6: 544f;
1ce7: 544f;
1ce8: 544f;
1ce9: 544f;
1cea: 544f;
1ceb: 544f;
1cec: 544f;
1ced: 544f;
1cee: 544f;
1cef: 544f;
1cf0: 544f;
1cf1: 544f;
1cf2: 544f;
1cf3: 544f;
1cf4: 544f;
1cf5: 544f;
1cf6: 544f;
1cf7: 544f;
1cf8: 544f;
1cf9: 544f;
1cfa: 544f;
1cfb: 544f;
1cfc: 544f;
1cfd: 544f;
1cfe: 544f;
1cff: 544f;
1d00: cddf;
1d01: cddf;
1d02: cddf;
1d03: cddf;
1d04: cddf;
1d05: cddf;
1d06: cddf;
1d07: cddf;
1d08: cddf;
1d09: cddf;
1d0a: cddf;
1d0b: cddf;
1d0c: cddf;
1d0d: cddf;
1d0e: cddf;
1d0f: cddf;
1d10: cddf;
1d11: cddf;
1d12: cddf;
1d13: cddf;
1d14: cddf;
1d15: cddf;
1d16: cddf;
1d17: cddf;
1d18: cddf;
1d19: cddf;
1d1a: cddf;
1d1b: cddf;
1d1c: cddf;
1d1d: cddf;
1d1e: cddf;
1d1f: cddf;
1d20: cddf;
1d21: cddf;
1d22: cddf;
1d23: cddf;
1d24: cddf;
1d25: cddf;
1d26: cddf;
1d27: cddf;
1d28: cddf;
1d29: cddf;
1d2a: cddf;
1d2b: cddf;
1d2c: cddf;
1d2d: cddf;
1d2e: cddf;
1d2f: cddf;
1d30: cddf;
1d31: cddf;
1d32: cddf;
1d33: cddf;
1d34: cddf;
1d35: cddf;
1d36: cddf;
1d37: cddf;
1d38: dddf;
1d39: cddf;
1d3a: cddf;
1d3b: cddf;
1d3c: cddf;
1d3d: cddf;
1d3e: cddf;
1d3f: cddf;
1d40: cddf;
1d41: cddf;
1d42: cddf;
1d43: cddf;
1d44: cddf;
1d45: cddf;
1d46: cddf;
1d47: cddf;
1d48: cddf;
1d49: cddf;
1d4a: cddf;
1d4b: cddf;
1d4c: cddf;
1d4d: cddf;
1d4e: cddf;
1d4f: cddf;
1d50: cddf;
1d51: cddf;
1d52: cddf;
1d53: cddf;
1d54: cddf;
1d55: cddf;
1d56: cddf;
1d57: cddf;
1d58: cddf;
1d59: dddf;
1d5a: dddf;
1d5b: dddf;
1d5c: dddf;
1d5d: dddf;
1d5e: dddf;
1d5f: dddf;
1d60: dddf;
1d61: dddf;
1d62: dddf;
1d63: dddf;
1d64: dddf;
1d65: dddf;
1d66: dddf;
1d67: dddf;
1d68: dddf;
1d69: dddf;
1d6a: dddf;
1d6b: dddf;
1d6c: dddf;
1d6d: dddf;
1d6e: dddf;
1d6f: dddf;
1d70: dddf;
1d71: dddf;
1d72: dddf;
1d73: dddf;
1d74: dddf;
1d75: dddf;
1d76: dddf;
1d77: dddf;
1d78: cddf;
1d79: cddf;
1d7a: cddf;
1d7b: dddf;
1d7c: dddf;
1d7d: dddf;
1d7e: dddf;
1d7f: dddf;
1d80: dddf;
1d81: dddf;
1d82: dddf;
1d83: dddf;
1d84: dddf;
1d85: dddf;
1d86: dddf;
1d87: dddf;
1d88: dddf;
1d89: dddf;
1d8a: dddf;
1d8b: dddf;
1d8c: dddf;
1d8d: dddf;
1d8e: dddf;
1d8f: dddf;
1d90: dddf;
1d91: dddf;
1d92: dddf;
1d93: dddf;
1d94: dddf;
1d95: dddf;
1d96: dddf;
1d97: dddf;
1d98: dddf;
1d99: dddf;
1d9a: dddf;
1d9b: dddf;
1d9c: dddf;
1d9d: dddf;
1d9e: dddf;
1d9f: dddf;
1da0: dddf;
1da1: dddf;
1da2: dddf;
1da3: dddf;
1da4: dddf;
1da5: dddf;
1da6: dddf;
1da7: dddf;
1da8: dddf;
1da9: dddf;
1daa: dddf;
1dab: dddf;
1dac: dddf;
1dad: dddf;
1dae: dddf;
1daf: dddf;
1db0: dddf;
1db1: dddf;
1db2: cddf;
1db3: cccf;
1db4: bbbf;
1db5: aaaf;
1db6: 999f;
1db7: 888f;
1db8: 666f;
1db9: 555f;
1dba: 554f;
1dbb: 444f;
1dbc: 444f;
1dbd: 444f;
1dbe: 444f;
1dbf: 444f;
1dc0: 544f;
1dc1: 544f;
1dc2: 444f;
1dc3: 444f;
1dc4: 444f;
1dc5: 544f;
1dc6: 544f;
1dc7: 544f;
1dc8: 544f;
1dc9: 544f;
1dca: 544f;
1dcb: 544f;
1dcc: 544f;
1dcd: 544f;
1dce: 544f;
1dcf: 544f;
1dd0: 544f;
1dd1: 544f;
1dd2: 544f;
1dd3: 544f;
1dd4: 544f;
1dd5: 544f;
1dd6: 544f;
1dd7: 544f;
1dd8: 544f;
1dd9: 544f;
1dda: 544f;
1ddb: 544f;
1ddc: 544f;
1ddd: 544f;
1dde: 544f;
1ddf: 544f;
1de0: 544f;
1de1: 544f;
1de2: 544f;
1de3: 544f;
1de4: 544f;
1de5: 544f;
1de6: 544f;
1de7: 544f;
1de8: 544f;
1de9: 544f;
1dea: 544f;
1deb: 544f;
1dec: 544f;
1ded: 544f;
1dee: 544f;
1def: 544f;
1df0: 544f;
1df1: 544f;
1df2: 544f;
1df3: 544f;
1df4: 544f;
1df5: 544f;
1df6: 544f;
1df7: 544f;
1df8: 544f;
1df9: 544f;
1dfa: 544f;
1dfb: 544f;
1dfc: 544f;
1dfd: 544f;
1dfe: 544f;
1dff: 544f;
1e00: cddf;
1e01: cddf;
1e02: cddf;
1e03: cddf;
1e04: cddf;
1e05: cddf;
1e06: cddf;
1e07: cddf;
1e08: cddf;
1e09: cddf;
1e0a: cddf;
1e0b: cddf;
1e0c: cddf;
1e0d: cddf;
1e0e: cddf;
1e0f: cddf;
1e10: cddf;
1e11: cddf;
1e12: cddf;
1e13: cddf;
1e14: cddf;
1e15: cddf;
1e16: cddf;
1e17: cddf;
1e18: cddf;
1e19: cddf;
1e1a: cddf;
1e1b: cddf;
1e1c: cddf;
1e1d: cddf;
1e1e: cddf;
1e1f: cddf;
1e20: cddf;
1e21: cddf;
1e22: cddf;
1e23: cddf;
1e24: cddf;
1e25: cddf;
1e26: cddf;
1e27: cddf;
1e28: cddf;
1e29: cddf;
1e2a: cddf;
1e2b: cddf;
1e2c: cddf;
1e2d: cddf;
1e2e: cddf;
1e2f: cddf;
1e30: cddf;
1e31: cddf;
1e32: cddf;
1e33: cddf;
1e34: cddf;
1e35: cddf;
1e36: cddf;
1e37: cddf;
1e38: dddf;
1e39: cddf;
1e3a: cddf;
1e3b: cddf;
1e3c: cddf;
1e3d: cddf;
1e3e: cddf;
1e3f: cddf;
1e40: cddf;
1e41: cddf;
1e42: cddf;
1e43: cddf;
1e44: cddf;
1e45: cddf;
1e46: cddf;
1e47: cddf;
1e48: cddf;
1e49: cddf;
1e4a: cddf;
1e4b: cddf;
1e4c: cddf;
1e4d: cddf;
1e4e: cddf;
1e4f: cddf;
1e50: cddf;
1e51: cddf;
1e52: cddf;
1e53: cddf;
1e54: cddf;
1e55: cddf;
1e56: cddf;
1e57: cddf;
1e58: cddf;
1e59: cddf;
1e5a: dddf;
1e5b: dddf;
1e5c: dddf;
1e5d: dddf;
1e5e: dddf;
1e5f: dddf;
1e60: dddf;
1e61: dddf;
1e62: dddf;
1e63: dddf;
1e64: dddf;
1e65: dddf;
1e66: dddf;
1e67: dddf;
1e68: dddf;
1e69: dddf;
1e6a: dddf;
1e6b: dddf;
1e6c: dddf;
1e6d: dddf;
1e6e: dddf;
1e6f: dddf;
1e70: dddf;
1e71: dddf;
1e72: dddf;
1e73: dddf;
1e74: dddf;
1e75: dddf;
1e76: dddf;
1e77: dddf;
1e78: cddf;
1e79: cddf;
1e7a: cddf;
1e7b: dddf;
1e7c: dddf;
1e7d: dddf;
1e7e: dddf;
1e7f: dddf;
1e80: dddf;
1e81: dddf;
1e82: dddf;
1e83: dddf;
1e84: dddf;
1e85: dddf;
1e86: dddf;
1e87: dddf;
1e88: dddf;
1e89: dddf;
1e8a: dddf;
1e8b: dddf;
1e8c: dddf;
1e8d: dddf;
1e8e: dddf;
1e8f: dddf;
1e90: dddf;
1e91: dddf;
1e92: dddf;
1e93: dddf;
1e94: dddf;
1e95: dddf;
1e96: dddf;
1e97: dddf;
1e98: dddf;
1e99: dddf;
1e9a: dddf;
1e9b: dddf;
1e9c: dddf;
1e9d: dddf;
1e9e: dddf;
1e9f: dddf;
1ea0: dddf;
1ea1: dddf;
1ea2: dddf;
1ea3: dddf;
1ea4: dddf;
1ea5: dddf;
1ea6: dddf;
1ea7: dddf;
1ea8: dddf;
1ea9: dddf;
1eaa: dddf;
1eab: dddf;
1eac: dddf;
1ead: dddf;
1eae: dddf;
1eaf: dddf;
1eb0: dddf;
1eb1: dddf;
1eb2: cccf;
1eb3: bbbf;
1eb4: 9a9f;
1eb5: 888f;
1eb6: 777f;
1eb7: 665f;
1eb8: 555f;
1eb9: 444f;
1eba: 444f;
1ebb: 444f;
1ebc: 444f;
1ebd: 544f;
1ebe: 554f;
1ebf: 554f;
1ec0: 554f;
1ec1: 544f;
1ec2: 544f;
1ec3: 544f;
1ec4: 544f;
1ec5: 544f;
1ec6: 544f;
1ec7: 544f;
1ec8: 544f;
1ec9: 544f;
1eca: 544f;
1ecb: 544f;
1ecc: 544f;
1ecd: 544f;
1ece: 544f;
1ecf: 544f;
1ed0: 544f;
1ed1: 544f;
1ed2: 544f;
1ed3: 544f;
1ed4: 544f;
1ed5: 544f;
1ed6: 544f;
1ed7: 544f;
1ed8: 544f;
1ed9: 544f;
1eda: 544f;
1edb: 544f;
1edc: 544f;
1edd: 544f;
1ede: 544f;
1edf: 544f;
1ee0: 544f;
1ee1: 544f;
1ee2: 544f;
1ee3: 544f;
1ee4: 544f;
1ee5: 544f;
1ee6: 544f;
1ee7: 544f;
1ee8: 544f;
1ee9: 544f;
1eea: 544f;
1eeb: 544f;
1eec: 544f;
1eed: 544f;
1eee: 544f;
1eef: 544f;
1ef0: 544f;
1ef1: 544f;
1ef2: 544f;
1ef3: 544f;
1ef4: 544f;
1ef5: 544f;
1ef6: 544f;
1ef7: 544f;
1ef8: 544f;
1ef9: 544f;
1efa: 544f;
1efb: 544f;
1efc: 544f;
1efd: 544f;
1efe: 544f;
1eff: 544f;
1f00: cddf;
1f01: cddf;
1f02: cddf;
1f03: cddf;
1f04: cddf;
1f05: cddf;
1f06: cddf;
1f07: cddf;
1f08: cddf;
1f09: cddf;
1f0a: cddf;
1f0b: cddf;
1f0c: cddf;
1f0d: cddf;
1f0e: cddf;
1f0f: cddf;
1f10: cddf;
1f11: cddf;
1f12: cddf;
1f13: cddf;
1f14: cddf;
1f15: cddf;
1f16: cddf;
1f17: cddf;
1f18: cddf;
1f19: cddf;
1f1a: cddf;
1f1b: cddf;
1f1c: cddf;
1f1d: cddf;
1f1e: cddf;
1f1f: cddf;
1f20: cddf;
1f21: cddf;
1f22: cddf;
1f23: cddf;
1f24: cddf;
1f25: cddf;
1f26: cddf;
1f27: cddf;
1f28: cddf;
1f29: cddf;
1f2a: cddf;
1f2b: cddf;
1f2c: cddf;
1f2d: cddf;
1f2e: cddf;
1f2f: cddf;
1f30: cddf;
1f31: cddf;
1f32: cddf;
1f33: cddf;
1f34: cddf;
1f35: cddf;
1f36: cddf;
1f37: cddf;
1f38: cddf;
1f39: cddf;
1f3a: cddf;
1f3b: cddf;
1f3c: cddf;
1f3d: cddf;
1f3e: cddf;
1f3f: cddf;
1f40: cddf;
1f41: cddf;
1f42: cddf;
1f43: cddf;
1f44: cddf;
1f45: cddf;
1f46: cddf;
1f47: cddf;
1f48: cddf;
1f49: cddf;
1f4a: cddf;
1f4b: cddf;
1f4c: cddf;
1f4d: cddf;
1f4e: cddf;
1f4f: cddf;
1f50: cddf;
1f51: cddf;
1f52: cddf;
1f53: cddf;
1f54: cddf;
1f55: cddf;
1f56: cddf;
1f57: cddf;
1f58: cddf;
1f59: cddf;
1f5a: cddf;
1f5b: dddf;
1f5c: dddf;
1f5d: dddf;
1f5e: dddf;
1f5f: dddf;
1f60: dddf;
1f61: dddf;
1f62: dddf;
1f63: dddf;
1f64: dddf;
1f65: dddf;
1f66: dddf;
1f67: dddf;
1f68: dddf;
1f69: dddf;
1f6a: dddf;
1f6b: dddf;
1f6c: dddf;
1f6d: dddf;
1f6e: dddf;
1f6f: dddf;
1f70: dddf;
1f71: dddf;
1f72: dddf;
1f73: dddf;
1f74: dddf;
1f75: dddf;
1f76: dddf;
1f77: dddf;
1f78: cddf;
1f79: cddf;
1f7a: cddf;
1f7b: dddf;
1f7c: dddf;
1f7d: dddf;
1f7e: dddf;
1f7f: dddf;
1f80: dddf;
1f81: dddf;
1f82: dddf;
1f83: dddf;
1f84: dddf;
1f85: dddf;
1f86: dddf;
1f87: dddf;
1f88: dddf;
1f89: dddf;
1f8a: dddf;
1f8b: dddf;
1f8c: dddf;
1f8d: dddf;
1f8e: dddf;
1f8f: dddf;
1f90: dddf;
1f91: dddf;
1f92: dddf;
1f93: dddf;
1f94: dddf;
1f95: dddf;
1f96: dddf;
1f97: dddf;
1f98: dddf;
1f99: dddf;
1f9a: dddf;
1f9b: dddf;
1f9c: dddf;
1f9d: dddf;
1f9e: dddf;
1f9f: dddf;
1fa0: dddf;
1fa1: dddf;
1fa2: dddf;
1fa3: dddf;
1fa4: dddf;
1fa5: dddf;
1fa6: dddf;
1fa7: dddf;
1fa8: dddf;
1fa9: dddf;
1faa: dddf;
1fab: dddf;
1fac: dddf;
1fad: dddf;
1fae: dddf;
1faf: dddf;
1fb0: cddf;
1fb1: cccf;
1fb2: bbbf;
1fb3: 999f;
1fb4: 887f;
1fb5: 666f;
1fb6: 555f;
1fb7: 444f;
1fb8: 444f;
1fb9: 444f;
1fba: 444f;
1fbb: 444f;
1fbc: 544f;
1fbd: 554f;
1fbe: 554f;
1fbf: 554f;
1fc0: 554f;
1fc1: 544f;
1fc2: 544f;
1fc3: 544f;
1fc4: 544f;
1fc5: 544f;
1fc6: 544f;
1fc7: 544f;
1fc8: 544f;
1fc9: 544f;
1fca: 544f;
1fcb: 544f;
1fcc: 544f;
1fcd: 544f;
1fce: 544f;
1fcf: 544f;
1fd0: 544f;
1fd1: 544f;
1fd2: 544f;
1fd3: 544f;
1fd4: 544f;
1fd5: 544f;
1fd6: 544f;
1fd7: 544f;
1fd8: 544f;
1fd9: 544f;
1fda: 544f;
1fdb: 544f;
1fdc: 544f;
1fdd: 544f;
1fde: 544f;
1fdf: 544f;
1fe0: 544f;
1fe1: 544f;
1fe2: 544f;
1fe3: 544f;
1fe4: 544f;
1fe5: 544f;
1fe6: 544f;
1fe7: 544f;
1fe8: 544f;
1fe9: 544f;
1fea: 544f;
1feb: 544f;
1fec: 544f;
1fed: 544f;
1fee: 544f;
1fef: 544f;
1ff0: 544f;
1ff1: 544f;
1ff2: 544f;
1ff3: 544f;
1ff4: 544f;
1ff5: 544f;
1ff6: 544f;
1ff7: 544f;
1ff8: 544f;
1ff9: 544f;
1ffa: 544f;
1ffb: 544f;
1ffc: 544f;
1ffd: 544f;
1ffe: 544f;
1fff: 544f;
2000: cddf;
2001: cddf;
2002: cddf;
2003: cddf;
2004: cddf;
2005: cddf;
2006: cddf;
2007: cddf;
2008: cddf;
2009: cddf;
200a: cddf;
200b: cddf;
200c: cddf;
200d: cddf;
200e: cddf;
200f: cddf;
2010: cddf;
2011: cddf;
2012: cddf;
2013: cddf;
2014: cddf;
2015: cddf;
2016: cddf;
2017: cddf;
2018: cddf;
2019: cddf;
201a: cddf;
201b: cddf;
201c: cddf;
201d: cddf;
201e: cddf;
201f: cddf;
2020: cddf;
2021: cddf;
2022: cddf;
2023: cddf;
2024: cddf;
2025: cddf;
2026: cddf;
2027: cddf;
2028: cddf;
2029: cddf;
202a: cddf;
202b: cddf;
202c: cddf;
202d: cddf;
202e: cddf;
202f: cddf;
2030: cddf;
2031: cddf;
2032: cddf;
2033: cddf;
2034: cddf;
2035: cddf;
2036: cddf;
2037: cddf;
2038: cddf;
2039: cddf;
203a: cddf;
203b: cddf;
203c: cddf;
203d: cddf;
203e: cddf;
203f: cddf;
2040: cddf;
2041: cddf;
2042: cddf;
2043: cddf;
2044: cddf;
2045: cddf;
2046: cddf;
2047: cddf;
2048: cddf;
2049: cddf;
204a: cddf;
204b: cddf;
204c: cddf;
204d: cddf;
204e: cddf;
204f: cddf;
2050: cddf;
2051: cddf;
2052: cddf;
2053: cddf;
2054: cddf;
2055: cddf;
2056: cddf;
2057: cddf;
2058: cddf;
2059: cddf;
205a: cddf;
205b: dddf;
205c: dddf;
205d: dddf;
205e: dddf;
205f: dddf;
2060: dddf;
2061: dddf;
2062: dddf;
2063: dddf;
2064: dddf;
2065: dddf;
2066: dddf;
2067: dddf;
2068: dddf;
2069: dddf;
206a: dddf;
206b: dddf;
206c: dddf;
206d: dddf;
206e: dddf;
206f: dddf;
2070: dddf;
2071: dddf;
2072: dddf;
2073: dddf;
2074: dddf;
2075: dddf;
2076: dddf;
2077: dddf;
2078: dddf;
2079: dddf;
207a: dddf;
207b: dddf;
207c: dddf;
207d: dddf;
207e: dddf;
207f: dddf;
2080: dddf;
2081: dddf;
2082: dddf;
2083: dddf;
2084: dddf;
2085: dddf;
2086: dddf;
2087: dddf;
2088: dddf;
2089: dddf;
208a: dddf;
208b: dddf;
208c: dddf;
208d: dddf;
208e: dddf;
208f: dddf;
2090: dddf;
2091: dddf;
2092: dddf;
2093: dddf;
2094: dddf;
2095: dddf;
2096: dddf;
2097: dddf;
2098: dddf;
2099: dddf;
209a: dddf;
209b: dddf;
209c: dddf;
209d: dddf;
209e: dddf;
209f: dddf;
20a0: dddf;
20a1: dddf;
20a2: dddf;
20a3: dddf;
20a4: dddf;
20a5: dddf;
20a6: dddf;
20a7: dddf;
20a8: dddf;
20a9: cddf;
20aa: dddf;
20ab: dddf;
20ac: dedf;
20ad: dddf;
20ae: cddf;
20af: cccf;
20b0: bccf;
20b1: aaaf;
20b2: 898f;
20b3: 777f;
20b4: 665f;
20b5: 555f;
20b6: 444f;
20b7: 444f;
20b8: 444f;
20b9: 444f;
20ba: 444f;
20bb: 444f;
20bc: 544f;
20bd: 544f;
20be: 544f;
20bf: 544f;
20c0: 544f;
20c1: 544f;
20c2: 544f;
20c3: 544f;
20c4: 544f;
20c5: 544f;
20c6: 544f;
20c7: 544f;
20c8: 544f;
20c9: 544f;
20ca: 544f;
20cb: 544f;
20cc: 544f;
20cd: 544f;
20ce: 544f;
20cf: 544f;
20d0: 544f;
20d1: 544f;
20d2: 544f;
20d3: 544f;
20d4: 544f;
20d5: 544f;
20d6: 544f;
20d7: 544f;
20d8: 544f;
20d9: 544f;
20da: 544f;
20db: 544f;
20dc: 544f;
20dd: 544f;
20de: 544f;
20df: 544f;
20e0: 544f;
20e1: 544f;
20e2: 544f;
20e3: 544f;
20e4: 544f;
20e5: 544f;
20e6: 544f;
20e7: 544f;
20e8: 544f;
20e9: 544f;
20ea: 544f;
20eb: 544f;
20ec: 544f;
20ed: 544f;
20ee: 544f;
20ef: 544f;
20f0: 554f;
20f1: 544f;
20f2: 544f;
20f3: 544f;
20f4: 544f;
20f5: 544f;
20f6: 544f;
20f7: 544f;
20f8: 544f;
20f9: 544f;
20fa: 544f;
20fb: 544f;
20fc: 544f;
20fd: 544f;
20fe: 544f;
20ff: 544f;
2100: cddf;
2101: cddf;
2102: cddf;
2103: cddf;
2104: cddf;
2105: cddf;
2106: cddf;
2107: cddf;
2108: cddf;
2109: cddf;
210a: cddf;
210b: cddf;
210c: cddf;
210d: cddf;
210e: cddf;
210f: cddf;
2110: cddf;
2111: cddf;
2112: cddf;
2113: cddf;
2114: cddf;
2115: cddf;
2116: cddf;
2117: cddf;
2118: cddf;
2119: cddf;
211a: cddf;
211b: cddf;
211c: cddf;
211d: cddf;
211e: cddf;
211f: cddf;
2120: cddf;
2121: cddf;
2122: cddf;
2123: cddf;
2124: cddf;
2125: cddf;
2126: cddf;
2127: cddf;
2128: cddf;
2129: cddf;
212a: cddf;
212b: cddf;
212c: cddf;
212d: cddf;
212e: cddf;
212f: cddf;
2130: cddf;
2131: cddf;
2132: cddf;
2133: cddf;
2134: cddf;
2135: cddf;
2136: cddf;
2137: cddf;
2138: cddf;
2139: cddf;
213a: cddf;
213b: cddf;
213c: cddf;
213d: cddf;
213e: cddf;
213f: cddf;
2140: cddf;
2141: cddf;
2142: cddf;
2143: cddf;
2144: cddf;
2145: cddf;
2146: cddf;
2147: cddf;
2148: cddf;
2149: cddf;
214a: cddf;
214b: cddf;
214c: cddf;
214d: cddf;
214e: cddf;
214f: cddf;
2150: cddf;
2151: cddf;
2152: cddf;
2153: cddf;
2154: cddf;
2155: cddf;
2156: cddf;
2157: cddf;
2158: cddf;
2159: cddf;
215a: cddf;
215b: dddf;
215c: dddf;
215d: dddf;
215e: dddf;
215f: dddf;
2160: dddf;
2161: dddf;
2162: dddf;
2163: dddf;
2164: dddf;
2165: dddf;
2166: dddf;
2167: dddf;
2168: dddf;
2169: dddf;
216a: dddf;
216b: dddf;
216c: dddf;
216d: dddf;
216e: dddf;
216f: dddf;
2170: dddf;
2171: dddf;
2172: dddf;
2173: dddf;
2174: dddf;
2175: dddf;
2176: dddf;
2177: dddf;
2178: dddf;
2179: dddf;
217a: dddf;
217b: dddf;
217c: dddf;
217d: dddf;
217e: dddf;
217f: dddf;
2180: dddf;
2181: dddf;
2182: dddf;
2183: dddf;
2184: dddf;
2185: dddf;
2186: dddf;
2187: dddf;
2188: dddf;
2189: dddf;
218a: dddf;
218b: dddf;
218c: dddf;
218d: dddf;
218e: dddf;
218f: dddf;
2190: dddf;
2191: dddf;
2192: dddf;
2193: dddf;
2194: dddf;
2195: dddf;
2196: dddf;
2197: dddf;
2198: dddf;
2199: dddf;
219a: dddf;
219b: dddf;
219c: dddf;
219d: dddf;
219e: dddf;
219f: dddf;
21a0: dddf;
21a1: dddf;
21a2: dddf;
21a3: dddf;
21a4: dddf;
21a5: dddf;
21a6: dddf;
21a7: dddf;
21a8: dddf;
21a9: cddf;
21aa: dddf;
21ab: dddf;
21ac: dddf;
21ad: cddf;
21ae: cccf;
21af: bbbf;
21b0: aaaf;
21b1: 888f;
21b2: 777f;
21b3: 555f;
21b4: 444f;
21b5: 444f;
21b6: 444f;
21b7: 444f;
21b8: 544f;
21b9: 544f;
21ba: 544f;
21bb: 544f;
21bc: 544f;
21bd: 544f;
21be: 544f;
21bf: 544f;
21c0: 544f;
21c1: 544f;
21c2: 544f;
21c3: 544f;
21c4: 544f;
21c5: 544f;
21c6: 544f;
21c7: 544f;
21c8: 544f;
21c9: 544f;
21ca: 544f;
21cb: 544f;
21cc: 544f;
21cd: 544f;
21ce: 544f;
21cf: 544f;
21d0: 544f;
21d1: 544f;
21d2: 544f;
21d3: 544f;
21d4: 544f;
21d5: 544f;
21d6: 544f;
21d7: 544f;
21d8: 544f;
21d9: 544f;
21da: 544f;
21db: 544f;
21dc: 544f;
21dd: 544f;
21de: 544f;
21df: 544f;
21e0: 544f;
21e1: 544f;
21e2: 544f;
21e3: 544f;
21e4: 544f;
21e5: 544f;
21e6: 544f;
21e7: 544f;
21e8: 544f;
21e9: 544f;
21ea: 544f;
21eb: 544f;
21ec: 544f;
21ed: 544f;
21ee: 544f;
21ef: 544f;
21f0: 554f;
21f1: 554f;
21f2: 544f;
21f3: 544f;
21f4: 544f;
21f5: 544f;
21f6: 544f;
21f7: 544f;
21f8: 544f;
21f9: 554f;
21fa: 554f;
21fb: 554f;
21fc: 554f;
21fd: 554f;
21fe: 554f;
21ff: 554f;
2200: cddf;
2201: cddf;
2202: cddf;
2203: cddf;
2204: cddf;
2205: cddf;
2206: cddf;
2207: cddf;
2208: cddf;
2209: cddf;
220a: cddf;
220b: cddf;
220c: cddf;
220d: cddf;
220e: cddf;
220f: cddf;
2210: cddf;
2211: cddf;
2212: cddf;
2213: cddf;
2214: cddf;
2215: cddf;
2216: cddf;
2217: cddf;
2218: cddf;
2219: cddf;
221a: cddf;
221b: cddf;
221c: cddf;
221d: cddf;
221e: cddf;
221f: cddf;
2220: cddf;
2221: cddf;
2222: cddf;
2223: cddf;
2224: cddf;
2225: cddf;
2226: cddf;
2227: cddf;
2228: cddf;
2229: cddf;
222a: cddf;
222b: cddf;
222c: cddf;
222d: cddf;
222e: cddf;
222f: cddf;
2230: cddf;
2231: cddf;
2232: cddf;
2233: cddf;
2234: cddf;
2235: cddf;
2236: cddf;
2237: cddf;
2238: cddf;
2239: cddf;
223a: cddf;
223b: cddf;
223c: cddf;
223d: cddf;
223e: cddf;
223f: cddf;
2240: cddf;
2241: cddf;
2242: cddf;
2243: cddf;
2244: cddf;
2245: cddf;
2246: cddf;
2247: cddf;
2248: cddf;
2249: cddf;
224a: cddf;
224b: cddf;
224c: cddf;
224d: cddf;
224e: cddf;
224f: cddf;
2250: cddf;
2251: cddf;
2252: cddf;
2253: cddf;
2254: cddf;
2255: cddf;
2256: cddf;
2257: cddf;
2258: cddf;
2259: cddf;
225a: cddf;
225b: dddf;
225c: dddf;
225d: dddf;
225e: dddf;
225f: dddf;
2260: dddf;
2261: dddf;
2262: dddf;
2263: dddf;
2264: dddf;
2265: dddf;
2266: dddf;
2267: dddf;
2268: dddf;
2269: dddf;
226a: dddf;
226b: dddf;
226c: dddf;
226d: dddf;
226e: dddf;
226f: dddf;
2270: dddf;
2271: dddf;
2272: dddf;
2273: dddf;
2274: dddf;
2275: dddf;
2276: dddf;
2277: dddf;
2278: dddf;
2279: dddf;
227a: dddf;
227b: dddf;
227c: dddf;
227d: dddf;
227e: dddf;
227f: dddf;
2280: dddf;
2281: dddf;
2282: dddf;
2283: dddf;
2284: dddf;
2285: dddf;
2286: dddf;
2287: dddf;
2288: dddf;
2289: dddf;
228a: dddf;
228b: dddf;
228c: dddf;
228d: dddf;
228e: dddf;
228f: dddf;
2290: dddf;
2291: dddf;
2292: dddf;
2293: dddf;
2294: dddf;
2295: dddf;
2296: dddf;
2297: dddf;
2298: dddf;
2299: dddf;
229a: dddf;
229b: dddf;
229c: dddf;
229d: dddf;
229e: dddf;
229f: dddf;
22a0: dddf;
22a1: dddf;
22a2: dddf;
22a3: dddf;
22a4: dddf;
22a5: dddf;
22a6: dddf;
22a7: dddf;
22a8: dddf;
22a9: dddf;
22aa: dddf;
22ab: dddf;
22ac: dddf;
22ad: cccf;
22ae: bbbf;
22af: aaaf;
22b0: 888f;
22b1: 666f;
22b2: 555f;
22b3: 444f;
22b4: 444f;
22b5: 444f;
22b6: 444f;
22b7: 444f;
22b8: 544f;
22b9: 544f;
22ba: 544f;
22bb: 544f;
22bc: 544f;
22bd: 544f;
22be: 544f;
22bf: 544f;
22c0: 544f;
22c1: 544f;
22c2: 544f;
22c3: 544f;
22c4: 544f;
22c5: 544f;
22c6: 544f;
22c7: 544f;
22c8: 544f;
22c9: 544f;
22ca: 544f;
22cb: 544f;
22cc: 544f;
22cd: 544f;
22ce: 544f;
22cf: 544f;
22d0: 544f;
22d1: 544f;
22d2: 544f;
22d3: 544f;
22d4: 544f;
22d5: 544f;
22d6: 544f;
22d7: 544f;
22d8: 544f;
22d9: 544f;
22da: 544f;
22db: 544f;
22dc: 544f;
22dd: 544f;
22de: 544f;
22df: 544f;
22e0: 544f;
22e1: 544f;
22e2: 544f;
22e3: 544f;
22e4: 544f;
22e5: 544f;
22e6: 544f;
22e7: 544f;
22e8: 544f;
22e9: 544f;
22ea: 544f;
22eb: 544f;
22ec: 544f;
22ed: 544f;
22ee: 544f;
22ef: 544f;
22f0: 554f;
22f1: 554f;
22f2: 554f;
22f3: 554f;
22f4: 554f;
22f5: 554f;
22f6: 554f;
22f7: 554f;
22f8: 555f;
22f9: 555f;
22fa: 555f;
22fb: 555f;
22fc: 555f;
22fd: 555f;
22fe: 555f;
22ff: 555f;
2300: cddf;
2301: cddf;
2302: cddf;
2303: cddf;
2304: cddf;
2305: cddf;
2306: cddf;
2307: cddf;
2308: cddf;
2309: cddf;
230a: cddf;
230b: cddf;
230c: cddf;
230d: cddf;
230e: cddf;
230f: cddf;
2310: cddf;
2311: cddf;
2312: cddf;
2313: cddf;
2314: cddf;
2315: cddf;
2316: cddf;
2317: cddf;
2318: cddf;
2319: cddf;
231a: cddf;
231b: cddf;
231c: cddf;
231d: cddf;
231e: cddf;
231f: cddf;
2320: cddf;
2321: cddf;
2322: cddf;
2323: cddf;
2324: cddf;
2325: cddf;
2326: cddf;
2327: cddf;
2328: cddf;
2329: cddf;
232a: cddf;
232b: cddf;
232c: cddf;
232d: cddf;
232e: cddf;
232f: cddf;
2330: cddf;
2331: cddf;
2332: cddf;
2333: cddf;
2334: cddf;
2335: cddf;
2336: cddf;
2337: cddf;
2338: cddf;
2339: cddf;
233a: cddf;
233b: cddf;
233c: cddf;
233d: cddf;
233e: cddf;
233f: cddf;
2340: cddf;
2341: cddf;
2342: cddf;
2343: cddf;
2344: cddf;
2345: cddf;
2346: cddf;
2347: cddf;
2348: cddf;
2349: cddf;
234a: cddf;
234b: cddf;
234c: cddf;
234d: cddf;
234e: cddf;
234f: cddf;
2350: cddf;
2351: cddf;
2352: cddf;
2353: cddf;
2354: cddf;
2355: cddf;
2356: cddf;
2357: cddf;
2358: cddf;
2359: cddf;
235a: cddf;
235b: dddf;
235c: dddf;
235d: dddf;
235e: dddf;
235f: dddf;
2360: dddf;
2361: dddf;
2362: dddf;
2363: dddf;
2364: dddf;
2365: dddf;
2366: dddf;
2367: dddf;
2368: dddf;
2369: dddf;
236a: dddf;
236b: dddf;
236c: dddf;
236d: dddf;
236e: dddf;
236f: dddf;
2370: dddf;
2371: dddf;
2372: dddf;
2373: dddf;
2374: dddf;
2375: dddf;
2376: dddf;
2377: dddf;
2378: dddf;
2379: dddf;
237a: dddf;
237b: dddf;
237c: dddf;
237d: dddf;
237e: dddf;
237f: dddf;
2380: dddf;
2381: dddf;
2382: dddf;
2383: dddf;
2384: dddf;
2385: dddf;
2386: dddf;
2387: dddf;
2388: dddf;
2389: dddf;
238a: dddf;
238b: dddf;
238c: dddf;
238d: dddf;
238e: dddf;
238f: dddf;
2390: dddf;
2391: dddf;
2392: dddf;
2393: dddf;
2394: dddf;
2395: dddf;
2396: dddf;
2397: dddf;
2398: dddf;
2399: dddf;
239a: dddf;
239b: dddf;
239c: dddf;
239d: dddf;
239e: dddf;
239f: dddf;
23a0: dddf;
23a1: dddf;
23a2: dddf;
23a3: dddf;
23a4: dddf;
23a5: dddf;
23a6: dddf;
23a7: dddf;
23a8: dddf;
23a9: dddf;
23aa: dddf;
23ab: dddf;
23ac: cccf;
23ad: bbbf;
23ae: 999f;
23af: 888f;
23b0: 666f;
23b1: 555f;
23b2: 444f;
23b3: 444f;
23b4: 443f;
23b5: 444f;
23b6: 444f;
23b7: 544f;
23b8: 544f;
23b9: 544f;
23ba: 544f;
23bb: 544f;
23bc: 544f;
23bd: 544f;
23be: 544f;
23bf: 544f;
23c0: 544f;
23c1: 544f;
23c2: 544f;
23c3: 544f;
23c4: 544f;
23c5: 544f;
23c6: 544f;
23c7: 544f;
23c8: 544f;
23c9: 544f;
23ca: 544f;
23cb: 544f;
23cc: 544f;
23cd: 544f;
23ce: 544f;
23cf: 544f;
23d0: 544f;
23d1: 544f;
23d2: 544f;
23d3: 544f;
23d4: 544f;
23d5: 544f;
23d6: 544f;
23d7: 544f;
23d8: 544f;
23d9: 544f;
23da: 544f;
23db: 544f;
23dc: 544f;
23dd: 544f;
23de: 544f;
23df: 544f;
23e0: 544f;
23e1: 544f;
23e2: 544f;
23e3: 544f;
23e4: 544f;
23e5: 544f;
23e6: 544f;
23e7: 544f;
23e8: 544f;
23e9: 544f;
23ea: 544f;
23eb: 544f;
23ec: 544f;
23ed: 544f;
23ee: 544f;
23ef: 544f;
23f0: 554f;
23f1: 554f;
23f2: 554f;
23f3: 554f;
23f4: 555f;
23f5: 555f;
23f6: 555f;
23f7: 555f;
23f8: 555f;
23f9: 555f;
23fa: 655f;
23fb: 655f;
23fc: 655f;
23fd: 655f;
23fe: 655f;
23ff: 655f;
2400: cddf;
2401: cddf;
2402: cddf;
2403: cddf;
2404: cddf;
2405: cddf;
2406: cddf;
2407: cddf;
2408: cddf;
2409: cddf;
240a: cddf;
240b: cddf;
240c: cddf;
240d: cddf;
240e: cddf;
240f: cddf;
2410: cddf;
2411: cddf;
2412: cddf;
2413: cddf;
2414: cddf;
2415: cddf;
2416: cddf;
2417: cddf;
2418: cddf;
2419: cddf;
241a: cddf;
241b: cddf;
241c: cddf;
241d: cddf;
241e: cddf;
241f: cddf;
2420: cddf;
2421: cddf;
2422: cddf;
2423: cddf;
2424: cddf;
2425: cddf;
2426: cddf;
2427: cddf;
2428: cddf;
2429: cddf;
242a: cddf;
242b: cddf;
242c: cddf;
242d: cddf;
242e: cddf;
242f: cddf;
2430: cddf;
2431: cddf;
2432: cddf;
2433: cddf;
2434: cddf;
2435: cddf;
2436: cddf;
2437: cddf;
2438: cddf;
2439: cddf;
243a: cddf;
243b: cddf;
243c: cddf;
243d: cddf;
243e: cddf;
243f: cddf;
2440: cddf;
2441: cddf;
2442: cddf;
2443: cddf;
2444: cddf;
2445: cddf;
2446: cddf;
2447: cddf;
2448: cddf;
2449: cddf;
244a: cddf;
244b: cddf;
244c: cddf;
244d: cddf;
244e: cddf;
244f: cddf;
2450: cddf;
2451: cddf;
2452: cddf;
2453: cddf;
2454: cddf;
2455: cddf;
2456: cddf;
2457: cddf;
2458: cddf;
2459: cddf;
245a: cddf;
245b: dddf;
245c: dddf;
245d: dddf;
245e: dddf;
245f: dddf;
2460: dddf;
2461: dddf;
2462: dddf;
2463: dddf;
2464: dddf;
2465: dddf;
2466: dddf;
2467: dddf;
2468: dddf;
2469: dddf;
246a: dddf;
246b: dddf;
246c: dddf;
246d: dddf;
246e: dddf;
246f: dddf;
2470: dddf;
2471: dddf;
2472: dddf;
2473: dddf;
2474: dddf;
2475: dddf;
2476: dddf;
2477: dddf;
2478: dddf;
2479: dddf;
247a: dddf;
247b: dddf;
247c: dddf;
247d: dddf;
247e: dddf;
247f: dddf;
2480: dddf;
2481: dddf;
2482: dddf;
2483: dddf;
2484: dddf;
2485: dddf;
2486: dddf;
2487: dddf;
2488: dddf;
2489: dddf;
248a: dddf;
248b: dddf;
248c: dddf;
248d: dddf;
248e: dddf;
248f: dddf;
2490: dddf;
2491: dddf;
2492: dddf;
2493: dddf;
2494: dddf;
2495: dddf;
2496: dddf;
2497: dddf;
2498: dddf;
2499: dddf;
249a: dddf;
249b: dddf;
249c: dddf;
249d: dddf;
249e: dddf;
249f: dddf;
24a0: dddf;
24a1: dddf;
24a2: dddf;
24a3: dddf;
24a4: dddf;
24a5: dddf;
24a6: cddf;
24a7: cddf;
24a8: dddf;
24a9: dddf;
24aa: dddf;
24ab: cccf;
24ac: bbbf;
24ad: 999f;
24ae: 777f;
24af: 666f;
24b0: 554f;
24b1: 444f;
24b2: 444f;
24b3: 444f;
24b4: 444f;
24b5: 544f;
24b6: 544f;
24b7: 544f;
24b8: 544f;
24b9: 544f;
24ba: 544f;
24bb: 544f;
24bc: 544f;
24bd: 544f;
24be: 544f;
24bf: 544f;
24c0: 544f;
24c1: 544f;
24c2: 544f;
24c3: 544f;
24c4: 544f;
24c5: 544f;
24c6: 544f;
24c7: 544f;
24c8: 544f;
24c9: 544f;
24ca: 544f;
24cb: 544f;
24cc: 544f;
24cd: 544f;
24ce: 544f;
24cf: 544f;
24d0: 544f;
24d1: 544f;
24d2: 544f;
24d3: 544f;
24d4: 544f;
24d5: 544f;
24d6: 544f;
24d7: 544f;
24d8: 544f;
24d9: 544f;
24da: 544f;
24db: 544f;
24dc: 544f;
24dd: 544f;
24de: 544f;
24df: 544f;
24e0: 544f;
24e1: 544f;
24e2: 544f;
24e3: 544f;
24e4: 554f;
24e5: 554f;
24e6: 554f;
24e7: 544f;
24e8: 554f;
24e9: 554f;
24ea: 554f;
24eb: 554f;
24ec: 555f;
24ed: 554f;
24ee: 555f;
24ef: 555f;
24f0: 555f;
24f1: 555f;
24f2: 555f;
24f3: 555f;
24f4: 555f;
24f5: 555f;
24f6: 555f;
24f7: 555f;
24f8: 655f;
24f9: 655f;
24fa: 655f;
24fb: 665f;
24fc: 665f;
24fd: 665f;
24fe: 665f;
24ff: 665f;
2500: cddf;
2501: cddf;
2502: cddf;
2503: cddf;
2504: cddf;
2505: cddf;
2506: cddf;
2507: cddf;
2508: cddf;
2509: cddf;
250a: cddf;
250b: cddf;
250c: cddf;
250d: cddf;
250e: cddf;
250f: cddf;
2510: cddf;
2511: cddf;
2512: cddf;
2513: cddf;
2514: cddf;
2515: cddf;
2516: cddf;
2517: cddf;
2518: cddf;
2519: cddf;
251a: cddf;
251b: cddf;
251c: cddf;
251d: cddf;
251e: cddf;
251f: cddf;
2520: cddf;
2521: cddf;
2522: cddf;
2523: cddf;
2524: cddf;
2525: cddf;
2526: cddf;
2527: cddf;
2528: cddf;
2529: cddf;
252a: cddf;
252b: cddf;
252c: cddf;
252d: cddf;
252e: cddf;
252f: cddf;
2530: cddf;
2531: cddf;
2532: cddf;
2533: cddf;
2534: cddf;
2535: cddf;
2536: cddf;
2537: cddf;
2538: cddf;
2539: cddf;
253a: cddf;
253b: cddf;
253c: cddf;
253d: cddf;
253e: cddf;
253f: cddf;
2540: cddf;
2541: cddf;
2542: cddf;
2543: cddf;
2544: cddf;
2545: cddf;
2546: cddf;
2547: cddf;
2548: cddf;
2549: cddf;
254a: cddf;
254b: cddf;
254c: cddf;
254d: cddf;
254e: cddf;
254f: cddf;
2550: cddf;
2551: cddf;
2552: cddf;
2553: cddf;
2554: cddf;
2555: cddf;
2556: cddf;
2557: cddf;
2558: cddf;
2559: cddf;
255a: cddf;
255b: dddf;
255c: dddf;
255d: dddf;
255e: dddf;
255f: dddf;
2560: dddf;
2561: dddf;
2562: dddf;
2563: dddf;
2564: dddf;
2565: dddf;
2566: dddf;
2567: dddf;
2568: dddf;
2569: dddf;
256a: dddf;
256b: dddf;
256c: dddf;
256d: dddf;
256e: dddf;
256f: dddf;
2570: dddf;
2571: dddf;
2572: dddf;
2573: dddf;
2574: dddf;
2575: dddf;
2576: dddf;
2577: dddf;
2578: dddf;
2579: dddf;
257a: dddf;
257b: dddf;
257c: dddf;
257d: dddf;
257e: dddf;
257f: dddf;
2580: dddf;
2581: dddf;
2582: dddf;
2583: dddf;
2584: dddf;
2585: dddf;
2586: dddf;
2587: dddf;
2588: dddf;
2589: dddf;
258a: dddf;
258b: dddf;
258c: dddf;
258d: dddf;
258e: dddf;
258f: dddf;
2590: dddf;
2591: dddf;
2592: dddf;
2593: dddf;
2594: dddf;
2595: dddf;
2596: dddf;
2597: dddf;
2598: dddf;
2599: dddf;
259a: dddf;
259b: dddf;
259c: dddf;
259d: dddf;
259e: dddf;
259f: dddf;
25a0: dddf;
25a1: dddf;
25a2: dddf;
25a3: dddf;
25a4: dddf;
25a5: dddf;
25a6: dddf;
25a7: cddf;
25a8: dddf;
25a9: cddf;
25aa: cccf;
25ab: abaf;
25ac: 998f;
25ad: 777f;
25ae: 555f;
25af: 444f;
25b0: 444f;
25b1: 444f;
25b2: 444f;
25b3: 554f;
25b4: 544f;
25b5: 554f;
25b6: 554f;
25b7: 544f;
25b8: 544f;
25b9: 544f;
25ba: 544f;
25bb: 544f;
25bc: 544f;
25bd: 544f;
25be: 544f;
25bf: 544f;
25c0: 544f;
25c1: 544f;
25c2: 544f;
25c3: 544f;
25c4: 544f;
25c5: 544f;
25c6: 544f;
25c7: 544f;
25c8: 544f;
25c9: 544f;
25ca: 544f;
25cb: 544f;
25cc: 544f;
25cd: 544f;
25ce: 544f;
25cf: 544f;
25d0: 544f;
25d1: 544f;
25d2: 544f;
25d3: 544f;
25d4: 544f;
25d5: 544f;
25d6: 544f;
25d7: 544f;
25d8: 544f;
25d9: 544f;
25da: 544f;
25db: 544f;
25dc: 544f;
25dd: 544f;
25de: 544f;
25df: 544f;
25e0: 544f;
25e1: 544f;
25e2: 544f;
25e3: 544f;
25e4: 544f;
25e5: 554f;
25e6: 554f;
25e7: 555f;
25e8: 555f;
25e9: 555f;
25ea: 555f;
25eb: 555f;
25ec: 555f;
25ed: 555f;
25ee: 555f;
25ef: 655f;
25f0: 655f;
25f1: 655f;
25f2: 655f;
25f3: 655f;
25f4: 655f;
25f5: 655f;
25f6: 655f;
25f7: 655f;
25f8: 665f;
25f9: 665f;
25fa: 665f;
25fb: 665f;
25fc: 666f;
25fd: 666f;
25fe: 666f;
25ff: 666f;
2600: cddf;
2601: cddf;
2602: cddf;
2603: cddf;
2604: cddf;
2605: cddf;
2606: cddf;
2607: cddf;
2608: cddf;
2609: cddf;
260a: cddf;
260b: cddf;
260c: cddf;
260d: cddf;
260e: cddf;
260f: cddf;
2610: cddf;
2611: cddf;
2612: cddf;
2613: cddf;
2614: cddf;
2615: cddf;
2616: cddf;
2617: cddf;
2618: cddf;
2619: cddf;
261a: cddf;
261b: cddf;
261c: cddf;
261d: cddf;
261e: cddf;
261f: cddf;
2620: cddf;
2621: cddf;
2622: cddf;
2623: cddf;
2624: cddf;
2625: cddf;
2626: cddf;
2627: cddf;
2628: cddf;
2629: cddf;
262a: cddf;
262b: cddf;
262c: cddf;
262d: cddf;
262e: cddf;
262f: cddf;
2630: cddf;
2631: cddf;
2632: cddf;
2633: cddf;
2634: cddf;
2635: cddf;
2636: cddf;
2637: cddf;
2638: cddf;
2639: cddf;
263a: cddf;
263b: cddf;
263c: cddf;
263d: cddf;
263e: cddf;
263f: cddf;
2640: cddf;
2641: cddf;
2642: cddf;
2643: cddf;
2644: cddf;
2645: cddf;
2646: cddf;
2647: cddf;
2648: cddf;
2649: cddf;
264a: cddf;
264b: cddf;
264c: cddf;
264d: cddf;
264e: cddf;
264f: cddf;
2650: cddf;
2651: cddf;
2652: cddf;
2653: cddf;
2654: cddf;
2655: cddf;
2656: cddf;
2657: cddf;
2658: cddf;
2659: cddf;
265a: cddf;
265b: dddf;
265c: dddf;
265d: dddf;
265e: dddf;
265f: dddf;
2660: dddf;
2661: dddf;
2662: dddf;
2663: dddf;
2664: dddf;
2665: dddf;
2666: dddf;
2667: dddf;
2668: dddf;
2669: dddf;
266a: dddf;
266b: dddf;
266c: dddf;
266d: dddf;
266e: dddf;
266f: dddf;
2670: dddf;
2671: dddf;
2672: dddf;
2673: dddf;
2674: dddf;
2675: dddf;
2676: dddf;
2677: dddf;
2678: dddf;
2679: dddf;
267a: dddf;
267b: dddf;
267c: dddf;
267d: dddf;
267e: dddf;
267f: dddf;
2680: dddf;
2681: dddf;
2682: dddf;
2683: dddf;
2684: dddf;
2685: dddf;
2686: dddf;
2687: dddf;
2688: dddf;
2689: dddf;
268a: dddf;
268b: dddf;
268c: dddf;
268d: dddf;
268e: dddf;
268f: dddf;
2690: dddf;
2691: dddf;
2692: dddf;
2693: dddf;
2694: dddf;
2695: dddf;
2696: dddf;
2697: dddf;
2698: dddf;
2699: dddf;
269a: dddf;
269b: dddf;
269c: dddf;
269d: dddf;
269e: dddf;
269f: dddf;
26a0: dddf;
26a1: dddf;
26a2: dddf;
26a3: dddf;
26a4: dddf;
26a5: dddf;
26a6: dddf;
26a7: cddf;
26a8: cccf;
26a9: bbbf;
26aa: aaaf;
26ab: 888f;
26ac: 666f;
26ad: 555f;
26ae: 444f;
26af: 444f;
26b0: 444f;
26b1: 444f;
26b2: 444f;
26b3: 444f;
26b4: 554f;
26b5: 554f;
26b6: 554f;
26b7: 544f;
26b8: 544f;
26b9: 544f;
26ba: 544f;
26bb: 544f;
26bc: 544f;
26bd: 544f;
26be: 544f;
26bf: 544f;
26c0: 544f;
26c1: 544f;
26c2: 544f;
26c3: 544f;
26c4: 544f;
26c5: 544f;
26c6: 544f;
26c7: 544f;
26c8: 544f;
26c9: 544f;
26ca: 544f;
26cb: 544f;
26cc: 544f;
26cd: 544f;
26ce: 544f;
26cf: 544f;
26d0: 544f;
26d1: 544f;
26d2: 544f;
26d3: 544f;
26d4: 544f;
26d5: 544f;
26d6: 544f;
26d7: 544f;
26d8: 544f;
26d9: 544f;
26da: 544f;
26db: 544f;
26dc: 544f;
26dd: 554f;
26de: 554f;
26df: 554f;
26e0: 554f;
26e1: 554f;
26e2: 554f;
26e3: 554f;
26e4: 554f;
26e5: 555f;
26e6: 655f;
26e7: 655f;
26e8: 655f;
26e9: 655f;
26ea: 655f;
26eb: 655f;
26ec: 655f;
26ed: 655f;
26ee: 655f;
26ef: 665f;
26f0: 665f;
26f1: 665f;
26f2: 665f;
26f3: 665f;
26f4: 665f;
26f5: 665f;
26f6: 665f;
26f7: 665f;
26f8: 665f;
26f9: 666f;
26fa: 666f;
26fb: 666f;
26fc: 666f;
26fd: 666f;
26fe: 666f;
26ff: 666f;
2700: cddf;
2701: cddf;
2702: cddf;
2703: cddf;
2704: cddf;
2705: cddf;
2706: cddf;
2707: cddf;
2708: cddf;
2709: cddf;
270a: cddf;
270b: cddf;
270c: cddf;
270d: cddf;
270e: cddf;
270f: cddf;
2710: cddf;
2711: cddf;
2712: cddf;
2713: cddf;
2714: cddf;
2715: cddf;
2716: cddf;
2717: cddf;
2718: cddf;
2719: cddf;
271a: cddf;
271b: cddf;
271c: cddf;
271d: cddf;
271e: cddf;
271f: cddf;
2720: cddf;
2721: cddf;
2722: cddf;
2723: cddf;
2724: cddf;
2725: cddf;
2726: cddf;
2727: cddf;
2728: cddf;
2729: cddf;
272a: cddf;
272b: cddf;
272c: cddf;
272d: cddf;
272e: cddf;
272f: cddf;
2730: cddf;
2731: cddf;
2732: cddf;
2733: cddf;
2734: cddf;
2735: cddf;
2736: cddf;
2737: cddf;
2738: cddf;
2739: cddf;
273a: cddf;
273b: cddf;
273c: cddf;
273d: cddf;
273e: cddf;
273f: cddf;
2740: cddf;
2741: cddf;
2742: cddf;
2743: cddf;
2744: cddf;
2745: cddf;
2746: cddf;
2747: cddf;
2748: cddf;
2749: cddf;
274a: cddf;
274b: cddf;
274c: cddf;
274d: cddf;
274e: cddf;
274f: cddf;
2750: cddf;
2751: cddf;
2752: cddf;
2753: cddf;
2754: cddf;
2755: cddf;
2756: cddf;
2757: cddf;
2758: cddf;
2759: cddf;
275a: cddf;
275b: dddf;
275c: dddf;
275d: dddf;
275e: dddf;
275f: dddf;
2760: dddf;
2761: dddf;
2762: dddf;
2763: dddf;
2764: dddf;
2765: dddf;
2766: dddf;
2767: dddf;
2768: dddf;
2769: dddf;
276a: dddf;
276b: dddf;
276c: dddf;
276d: dddf;
276e: dddf;
276f: dddf;
2770: dddf;
2771: dddf;
2772: dddf;
2773: dddf;
2774: dddf;
2775: dddf;
2776: dddf;
2777: dddf;
2778: dddf;
2779: dddf;
277a: dddf;
277b: dddf;
277c: dddf;
277d: dddf;
277e: dddf;
277f: dddf;
2780: dddf;
2781: dddf;
2782: dddf;
2783: dddf;
2784: dddf;
2785: dddf;
2786: dddf;
2787: dddf;
2788: dddf;
2789: dddf;
278a: dddf;
278b: dddf;
278c: dddf;
278d: dddf;
278e: dddf;
278f: dddf;
2790: dddf;
2791: dddf;
2792: dddf;
2793: dddf;
2794: dddf;
2795: dddf;
2796: dddf;
2797: dddf;
2798: dddf;
2799: dddf;
279a: dddf;
279b: dddf;
279c: cddf;
279d: dddf;
279e: dddf;
279f: dddf;
27a0: dddf;
27a1: dddf;
27a2: dddf;
27a3: dddf;
27a4: dddf;
27a5: dddf;
27a6: cddf;
27a7: cccf;
27a8: aaaf;
27a9: 999f;
27aa: 777f;
27ab: 666f;
27ac: 554f;
27ad: 444f;
27ae: 444f;
27af: 444f;
27b0: 444f;
27b1: 544f;
27b2: 444f;
27b3: 544f;
27b4: 544f;
27b5: 554f;
27b6: 544f;
27b7: 544f;
27b8: 544f;
27b9: 544f;
27ba: 544f;
27bb: 544f;
27bc: 544f;
27bd: 544f;
27be: 544f;
27bf: 544f;
27c0: 544f;
27c1: 544f;
27c2: 544f;
27c3: 544f;
27c4: 544f;
27c5: 544f;
27c6: 544f;
27c7: 544f;
27c8: 544f;
27c9: 544f;
27ca: 544f;
27cb: 544f;
27cc: 544f;
27cd: 544f;
27ce: 544f;
27cf: 544f;
27d0: 544f;
27d1: 544f;
27d2: 544f;
27d3: 544f;
27d4: 544f;
27d5: 544f;
27d6: 544f;
27d7: 544f;
27d8: 544f;
27d9: 544f;
27da: 544f;
27db: 544f;
27dc: 554f;
27dd: 554f;
27de: 555f;
27df: 555f;
27e0: 555f;
27e1: 555f;
27e2: 555f;
27e3: 555f;
27e4: 655f;
27e5: 655f;
27e6: 665f;
27e7: 665f;
27e8: 665f;
27e9: 665f;
27ea: 665f;
27eb: 665f;
27ec: 665f;
27ed: 665f;
27ee: 665f;
27ef: 666f;
27f0: 666f;
27f1: 666f;
27f2: 666f;
27f3: 666f;
27f4: 666f;
27f5: 666f;
27f6: 666f;
27f7: 666f;
27f8: 666f;
27f9: 666f;
27fa: 666f;
27fb: 666f;
27fc: 666f;
27fd: 666f;
27fe: 666f;
27ff: 666f;
2800: cddf;
2801: cddf;
2802: cddf;
2803: cddf;
2804: dddf;
2805: cddf;
2806: cddf;
2807: cddf;
2808: cddf;
2809: cddf;
280a: cddf;
280b: cddf;
280c: cddf;
280d: cddf;
280e: cddf;
280f: cddf;
2810: cddf;
2811: cddf;
2812: cddf;
2813: cddf;
2814: cddf;
2815: cddf;
2816: cddf;
2817: cddf;
2818: cddf;
2819: cddf;
281a: cddf;
281b: cddf;
281c: cddf;
281d: cddf;
281e: cddf;
281f: cddf;
2820: cddf;
2821: cddf;
2822: cddf;
2823: cddf;
2824: cddf;
2825: cddf;
2826: cddf;
2827: cddf;
2828: cddf;
2829: cddf;
282a: cddf;
282b: cddf;
282c: cddf;
282d: cddf;
282e: cddf;
282f: cddf;
2830: cddf;
2831: cddf;
2832: cddf;
2833: cddf;
2834: cddf;
2835: cddf;
2836: cddf;
2837: cddf;
2838: cddf;
2839: cddf;
283a: cddf;
283b: cddf;
283c: cddf;
283d: cddf;
283e: cddf;
283f: cddf;
2840: cddf;
2841: cddf;
2842: cddf;
2843: cddf;
2844: cddf;
2845: cddf;
2846: cddf;
2847: cddf;
2848: cddf;
2849: cddf;
284a: cddf;
284b: cddf;
284c: cddf;
284d: cddf;
284e: cddf;
284f: cddf;
2850: cddf;
2851: cddf;
2852: cddf;
2853: cddf;
2854: cddf;
2855: cddf;
2856: cddf;
2857: cddf;
2858: cddf;
2859: cddf;
285a: cddf;
285b: cddf;
285c: dddf;
285d: dddf;
285e: dddf;
285f: dddf;
2860: dddf;
2861: dddf;
2862: dddf;
2863: dddf;
2864: dddf;
2865: dddf;
2866: dddf;
2867: dddf;
2868: dddf;
2869: dddf;
286a: dddf;
286b: dddf;
286c: dddf;
286d: dddf;
286e: dddf;
286f: dddf;
2870: dddf;
2871: dddf;
2872: dddf;
2873: dddf;
2874: dddf;
2875: dddf;
2876: dddf;
2877: dddf;
2878: dddf;
2879: dddf;
287a: dddf;
287b: dddf;
287c: dddf;
287d: dddf;
287e: dddf;
287f: dddf;
2880: dddf;
2881: dddf;
2882: dddf;
2883: dddf;
2884: dddf;
2885: dddf;
2886: dddf;
2887: dddf;
2888: dddf;
2889: dddf;
288a: dddf;
288b: dddf;
288c: dddf;
288d: dddf;
288e: dddf;
288f: dddf;
2890: dddf;
2891: dddf;
2892: dddf;
2893: dddf;
2894: dddf;
2895: dddf;
2896: dddf;
2897: dddf;
2898: dddf;
2899: dddf;
289a: dddf;
289b: dddf;
289c: cddf;
289d: dddf;
289e: dddf;
289f: dddf;
28a0: dddf;
28a1: dddf;
28a2: dddf;
28a3: dddf;
28a4: cddf;
28a5: cddf;
28a6: cccf;
28a7: aaaf;
28a8: 888f;
28a9: 777f;
28aa: 555f;
28ab: 444f;
28ac: 444f;
28ad: 444f;
28ae: 444f;
28af: 444f;
28b0: 544f;
28b1: 544f;
28b2: 544f;
28b3: 544f;
28b4: 544f;
28b5: 444f;
28b6: 444f;
28b7: 544f;
28b8: 544f;
28b9: 544f;
28ba: 544f;
28bb: 544f;
28bc: 544f;
28bd: 544f;
28be: 544f;
28bf: 544f;
28c0: 544f;
28c1: 544f;
28c2: 544f;
28c3: 544f;
28c4: 544f;
28c5: 544f;
28c6: 544f;
28c7: 544f;
28c8: 544f;
28c9: 544f;
28ca: 544f;
28cb: 544f;
28cc: 544f;
28cd: 544f;
28ce: 544f;
28cf: 544f;
28d0: 544f;
28d1: 544f;
28d2: 544f;
28d3: 544f;
28d4: 544f;
28d5: 544f;
28d6: 554f;
28d7: 555f;
28d8: 555f;
28d9: 555f;
28da: 555f;
28db: 555f;
28dc: 555f;
28dd: 555f;
28de: 655f;
28df: 655f;
28e0: 655f;
28e1: 665f;
28e2: 665f;
28e3: 665f;
28e4: 665f;
28e5: 665f;
28e6: 665f;
28e7: 665f;
28e8: 665f;
28e9: 665f;
28ea: 665f;
28eb: 665f;
28ec: 666f;
28ed: 666f;
28ee: 666f;
28ef: 666f;
28f0: 666f;
28f1: 666f;
28f2: 666f;
28f3: 666f;
28f4: 666f;
28f5: 666f;
28f6: 666f;
28f7: 666f;
28f8: 666f;
28f9: 666f;
28fa: 666f;
28fb: 666f;
28fc: 666f;
28fd: 666f;
28fe: 666f;
28ff: 666f;
2900: cddf;
2901: cddf;
2902: cddf;
2903: cddf;
2904: cddf;
2905: cddf;
2906: cddf;
2907: cddf;
2908: cddf;
2909: cddf;
290a: cddf;
290b: cddf;
290c: cddf;
290d: cddf;
290e: cddf;
290f: cddf;
2910: cddf;
2911: cddf;
2912: cddf;
2913: cddf;
2914: cddf;
2915: cddf;
2916: cddf;
2917: cddf;
2918: cddf;
2919: cddf;
291a: cddf;
291b: cddf;
291c: cddf;
291d: cddf;
291e: cddf;
291f: cddf;
2920: cddf;
2921: cddf;
2922: cddf;
2923: cddf;
2924: cddf;
2925: cddf;
2926: cddf;
2927: cddf;
2928: cddf;
2929: cddf;
292a: cddf;
292b: cddf;
292c: cddf;
292d: cddf;
292e: cddf;
292f: cddf;
2930: cddf;
2931: cddf;
2932: cddf;
2933: cddf;
2934: cddf;
2935: cddf;
2936: cddf;
2937: cddf;
2938: cddf;
2939: cddf;
293a: cddf;
293b: cddf;
293c: cddf;
293d: cddf;
293e: cddf;
293f: cddf;
2940: cddf;
2941: cddf;
2942: cddf;
2943: cddf;
2944: cddf;
2945: cddf;
2946: cddf;
2947: cddf;
2948: cddf;
2949: cddf;
294a: cddf;
294b: cddf;
294c: cddf;
294d: cddf;
294e: cddf;
294f: cddf;
2950: cddf;
2951: cddf;
2952: cddf;
2953: cddf;
2954: cddf;
2955: cddf;
2956: cddf;
2957: cddf;
2958: cddf;
2959: cddf;
295a: cddf;
295b: cddf;
295c: dddf;
295d: dddf;
295e: dddf;
295f: dddf;
2960: dddf;
2961: dddf;
2962: dddf;
2963: dddf;
2964: dddf;
2965: dddf;
2966: dddf;
2967: dddf;
2968: dddf;
2969: dddf;
296a: dddf;
296b: dddf;
296c: dddf;
296d: dddf;
296e: dddf;
296f: dddf;
2970: dddf;
2971: dddf;
2972: dddf;
2973: dddf;
2974: dddf;
2975: dddf;
2976: dddf;
2977: dddf;
2978: dddf;
2979: dddf;
297a: dddf;
297b: dddf;
297c: dddf;
297d: dddf;
297e: dddf;
297f: dddf;
2980: dddf;
2981: dddf;
2982: dddf;
2983: dddf;
2984: dddf;
2985: dddf;
2986: dddf;
2987: dddf;
2988: dddf;
2989: dddf;
298a: dddf;
298b: dddf;
298c: dddf;
298d: dddf;
298e: dddf;
298f: dddf;
2990: dddf;
2991: dddf;
2992: dddf;
2993: dddf;
2994: dddf;
2995: dddf;
2996: dddf;
2997: dddf;
2998: dddf;
2999: dddf;
299a: dddf;
299b: dddf;
299c: cddf;
299d: dddf;
299e: dddf;
299f: cddf;
29a0: cddf;
29a1: dddf;
29a2: dddf;
29a3: dddf;
29a4: cccf;
29a5: bbbf;
29a6: aaaf;
29a7: 888f;
29a8: 777f;
29a9: 555f;
29aa: 444f;
29ab: 444f;
29ac: 444f;
29ad: 444f;
29ae: 444f;
29af: 444f;
29b0: 544f;
29b1: 544f;
29b2: 544f;
29b3: 544f;
29b4: 544f;
29b5: 444f;
29b6: 444f;
29b7: 444f;
29b8: 544f;
29b9: 544f;
29ba: 544f;
29bb: 544f;
29bc: 544f;
29bd: 544f;
29be: 544f;
29bf: 544f;
29c0: 544f;
29c1: 544f;
29c2: 544f;
29c3: 544f;
29c4: 544f;
29c5: 544f;
29c6: 544f;
29c7: 544f;
29c8: 544f;
29c9: 544f;
29ca: 544f;
29cb: 544f;
29cc: 544f;
29cd: 544f;
29ce: 544f;
29cf: 544f;
29d0: 554f;
29d1: 554f;
29d2: 554f;
29d3: 554f;
29d4: 554f;
29d5: 554f;
29d6: 555f;
29d7: 555f;
29d8: 655f;
29d9: 655f;
29da: 655f;
29db: 655f;
29dc: 655f;
29dd: 655f;
29de: 655f;
29df: 665f;
29e0: 665f;
29e1: 665f;
29e2: 666f;
29e3: 666f;
29e4: 666f;
29e5: 666f;
29e6: 666f;
29e7: 666f;
29e8: 666f;
29e9: 666f;
29ea: 666f;
29eb: 666f;
29ec: 666f;
29ed: 666f;
29ee: 666f;
29ef: 666f;
29f0: 666f;
29f1: 666f;
29f2: 666f;
29f3: 666f;
29f4: 666f;
29f5: 666f;
29f6: 666f;
29f7: 666f;
29f8: 666f;
29f9: 666f;
29fa: 666f;
29fb: 666f;
29fc: 666f;
29fd: 666f;
29fe: 666f;
29ff: 666f;
2a00: cddf;
2a01: cddf;
2a02: cddf;
2a03: cddf;
2a04: cddf;
2a05: cddf;
2a06: cddf;
2a07: cddf;
2a08: cddf;
2a09: cddf;
2a0a: cddf;
2a0b: cddf;
2a0c: cddf;
2a0d: cddf;
2a0e: cddf;
2a0f: cddf;
2a10: cddf;
2a11: cddf;
2a12: cddf;
2a13: cddf;
2a14: cddf;
2a15: cddf;
2a16: cddf;
2a17: cddf;
2a18: cddf;
2a19: cddf;
2a1a: cddf;
2a1b: cddf;
2a1c: cddf;
2a1d: cddf;
2a1e: cddf;
2a1f: cddf;
2a20: cddf;
2a21: cddf;
2a22: cddf;
2a23: cddf;
2a24: cddf;
2a25: cddf;
2a26: cddf;
2a27: cddf;
2a28: cddf;
2a29: cddf;
2a2a: cddf;
2a2b: cddf;
2a2c: cddf;
2a2d: cddf;
2a2e: cddf;
2a2f: cddf;
2a30: cddf;
2a31: cddf;
2a32: cddf;
2a33: cddf;
2a34: cddf;
2a35: cddf;
2a36: cddf;
2a37: cddf;
2a38: cddf;
2a39: cddf;
2a3a: cddf;
2a3b: cddf;
2a3c: cddf;
2a3d: cddf;
2a3e: cddf;
2a3f: cddf;
2a40: cddf;
2a41: cddf;
2a42: cddf;
2a43: cddf;
2a44: cddf;
2a45: cddf;
2a46: cddf;
2a47: cddf;
2a48: cddf;
2a49: cddf;
2a4a: cddf;
2a4b: cddf;
2a4c: cddf;
2a4d: cddf;
2a4e: cddf;
2a4f: cddf;
2a50: cddf;
2a51: cddf;
2a52: cddf;
2a53: cddf;
2a54: cddf;
2a55: cddf;
2a56: cddf;
2a57: cddf;
2a58: cddf;
2a59: cddf;
2a5a: cddf;
2a5b: cddf;
2a5c: dddf;
2a5d: dddf;
2a5e: dddf;
2a5f: dddf;
2a60: dddf;
2a61: dddf;
2a62: dddf;
2a63: dddf;
2a64: dddf;
2a65: dddf;
2a66: dddf;
2a67: dddf;
2a68: dddf;
2a69: dddf;
2a6a: dddf;
2a6b: dddf;
2a6c: dddf;
2a6d: dddf;
2a6e: dddf;
2a6f: dddf;
2a70: dddf;
2a71: dddf;
2a72: dddf;
2a73: dddf;
2a74: dddf;
2a75: dddf;
2a76: dddf;
2a77: dddf;
2a78: dddf;
2a79: dddf;
2a7a: dddf;
2a7b: dddf;
2a7c: dddf;
2a7d: dddf;
2a7e: dddf;
2a7f: dddf;
2a80: dddf;
2a81: dddf;
2a82: dddf;
2a83: dddf;
2a84: dddf;
2a85: dddf;
2a86: dddf;
2a87: dddf;
2a88: dddf;
2a89: dddf;
2a8a: dddf;
2a8b: dddf;
2a8c: dddf;
2a8d: dddf;
2a8e: dddf;
2a8f: dddf;
2a90: dddf;
2a91: dddf;
2a92: dddf;
2a93: dddf;
2a94: dddf;
2a95: dddf;
2a96: dddf;
2a97: dddf;
2a98: dddf;
2a99: dddf;
2a9a: dddf;
2a9b: dddf;
2a9c: dddf;
2a9d: dddf;
2a9e: dddf;
2a9f: dddf;
2aa0: cddf;
2aa1: cddf;
2aa2: cddf;
2aa3: cddf;
2aa4: bccf;
2aa5: aaaf;
2aa6: 888f;
2aa7: 666f;
2aa8: 555f;
2aa9: 444f;
2aaa: 444f;
2aab: 444f;
2aac: 555f;
2aad: 554f;
2aae: 444f;
2aaf: 444f;
2ab0: 544f;
2ab1: 544f;
2ab2: 544f;
2ab3: 544f;
2ab4: 544f;
2ab5: 544f;
2ab6: 544f;
2ab7: 544f;
2ab8: 444f;
2ab9: 544f;
2aba: 544f;
2abb: 544f;
2abc: 544f;
2abd: 544f;
2abe: 544f;
2abf: 544f;
2ac0: 544f;
2ac1: 544f;
2ac2: 544f;
2ac3: 544f;
2ac4: 544f;
2ac5: 544f;
2ac6: 544f;
2ac7: 544f;
2ac8: 544f;
2ac9: 544f;
2aca: 544f;
2acb: 544f;
2acc: 544f;
2acd: 544f;
2ace: 544f;
2acf: 554f;
2ad0: 555f;
2ad1: 555f;
2ad2: 655f;
2ad3: 555f;
2ad4: 555f;
2ad5: 555f;
2ad6: 655f;
2ad7: 665f;
2ad8: 665f;
2ad9: 665f;
2ada: 665f;
2adb: 665f;
2adc: 665f;
2add: 665f;
2ade: 665f;
2adf: 666f;
2ae0: 666f;
2ae1: 666f;
2ae2: 666f;
2ae3: 666f;
2ae4: 666f;
2ae5: 666f;
2ae6: 666f;
2ae7: 666f;
2ae8: 666f;
2ae9: 666f;
2aea: 666f;
2aeb: 666f;
2aec: 666f;
2aed: 666f;
2aee: 666f;
2aef: 666f;
2af0: 666f;
2af1: 666f;
2af2: 666f;
2af3: 666f;
2af4: 666f;
2af5: 666f;
2af6: 666f;
2af7: 666f;
2af8: 666f;
2af9: 666f;
2afa: 666f;
2afb: 666f;
2afc: 666f;
2afd: 666f;
2afe: 666f;
2aff: 666f;
2b00: cddf;
2b01: cddf;
2b02: cddf;
2b03: cddf;
2b04: cddf;
2b05: cddf;
2b06: cddf;
2b07: cddf;
2b08: cddf;
2b09: cddf;
2b0a: cddf;
2b0b: cddf;
2b0c: cddf;
2b0d: cddf;
2b0e: cddf;
2b0f: cddf;
2b10: cddf;
2b11: cddf;
2b12: cddf;
2b13: cddf;
2b14: cddf;
2b15: cddf;
2b16: cddf;
2b17: cddf;
2b18: cddf;
2b19: cddf;
2b1a: cddf;
2b1b: cddf;
2b1c: cddf;
2b1d: cddf;
2b1e: cddf;
2b1f: cddf;
2b20: cddf;
2b21: cddf;
2b22: cddf;
2b23: cddf;
2b24: cddf;
2b25: cddf;
2b26: cddf;
2b27: cddf;
2b28: cddf;
2b29: cddf;
2b2a: cddf;
2b2b: cddf;
2b2c: cddf;
2b2d: cddf;
2b2e: cddf;
2b2f: cddf;
2b30: cddf;
2b31: cddf;
2b32: cddf;
2b33: cddf;
2b34: cddf;
2b35: cddf;
2b36: cddf;
2b37: cddf;
2b38: cddf;
2b39: cddf;
2b3a: cddf;
2b3b: cddf;
2b3c: cddf;
2b3d: cddf;
2b3e: cddf;
2b3f: cddf;
2b40: cddf;
2b41: cddf;
2b42: cddf;
2b43: cddf;
2b44: cddf;
2b45: cddf;
2b46: cddf;
2b47: cddf;
2b48: cddf;
2b49: cddf;
2b4a: cddf;
2b4b: cddf;
2b4c: cddf;
2b4d: cddf;
2b4e: cddf;
2b4f: cddf;
2b50: cddf;
2b51: cddf;
2b52: cddf;
2b53: cddf;
2b54: cddf;
2b55: cddf;
2b56: cddf;
2b57: cddf;
2b58: cddf;
2b59: cddf;
2b5a: cddf;
2b5b: cddf;
2b5c: dddf;
2b5d: dddf;
2b5e: dddf;
2b5f: dddf;
2b60: dddf;
2b61: dddf;
2b62: dddf;
2b63: dddf;
2b64: dddf;
2b65: dddf;
2b66: dddf;
2b67: dddf;
2b68: dddf;
2b69: dddf;
2b6a: dddf;
2b6b: dddf;
2b6c: dddf;
2b6d: dddf;
2b6e: dddf;
2b6f: dddf;
2b70: dddf;
2b71: dddf;
2b72: dddf;
2b73: dddf;
2b74: dddf;
2b75: dddf;
2b76: dddf;
2b77: dddf;
2b78: dddf;
2b79: dddf;
2b7a: dddf;
2b7b: dddf;
2b7c: dddf;
2b7d: dddf;
2b7e: dddf;
2b7f: dddf;
2b80: dddf;
2b81: dddf;
2b82: dddf;
2b83: dddf;
2b84: dddf;
2b85: dddf;
2b86: dddf;
2b87: dddf;
2b88: dddf;
2b89: dddf;
2b8a: dddf;
2b8b: dddf;
2b8c: dddf;
2b8d: dddf;
2b8e: dddf;
2b8f: dddf;
2b90: dddf;
2b91: dddf;
2b92: dddf;
2b93: dddf;
2b94: dddf;
2b95: dddf;
2b96: dddf;
2b97: dddf;
2b98: dddf;
2b99: dddf;
2b9a: dddf;
2b9b: dddf;
2b9c: dddf;
2b9d: dddf;
2b9e: dddf;
2b9f: dddf;
2ba0: cddf;
2ba1: cddf;
2ba2: cccf;
2ba3: cccf;
2ba4: abbf;
2ba5: 889f;
2ba6: 666f;
2ba7: 555f;
2ba8: 444f;
2ba9: 444f;
2baa: 444f;
2bab: 444f;
2bac: 555f;
2bad: 544f;
2bae: 444f;
2baf: 444f;
2bb0: 444f;
2bb1: 544f;
2bb2: 444f;
2bb3: 544f;
2bb4: 544f;
2bb5: 554f;
2bb6: 554f;
2bb7: 544f;
2bb8: 444f;
2bb9: 544f;
2bba: 544f;
2bbb: 544f;
2bbc: 544f;
2bbd: 544f;
2bbe: 544f;
2bbf: 544f;
2bc0: 544f;
2bc1: 544f;
2bc2: 544f;
2bc3: 544f;
2bc4: 544f;
2bc5: 544f;
2bc6: 544f;
2bc7: 544f;
2bc8: 544f;
2bc9: 544f;
2bca: 544f;
2bcb: 544f;
2bcc: 544f;
2bcd: 544f;
2bce: 554f;
2bcf: 554f;
2bd0: 555f;
2bd1: 655f;
2bd2: 665f;
2bd3: 655f;
2bd4: 655f;
2bd5: 655f;
2bd6: 665f;
2bd7: 666f;
2bd8: 666f;
2bd9: 666f;
2bda: 666f;
2bdb: 666f;
2bdc: 666f;
2bdd: 666f;
2bde: 666f;
2bdf: 666f;
2be0: 666f;
2be1: 666f;
2be2: 666f;
2be3: 666f;
2be4: 666f;
2be5: 666f;
2be6: 666f;
2be7: 666f;
2be8: 666f;
2be9: 666f;
2bea: 666f;
2beb: 666f;
2bec: 666f;
2bed: 666f;
2bee: 666f;
2bef: 666f;
2bf0: 666f;
2bf1: 666f;
2bf2: 666f;
2bf3: 666f;
2bf4: 666f;
2bf5: 666f;
2bf6: 666f;
2bf7: 666f;
2bf8: 666f;
2bf9: 666f;
2bfa: 666f;
2bfb: 666f;
2bfc: 666f;
2bfd: 666f;
2bfe: 666f;
2bff: 666f;
2c00: cddf;
2c01: cddf;
2c02: cddf;
2c03: cddf;
2c04: cddf;
2c05: cddf;
2c06: cddf;
2c07: cddf;
2c08: cddf;
2c09: cddf;
2c0a: cddf;
2c0b: cddf;
2c0c: cddf;
2c0d: cddf;
2c0e: cddf;
2c0f: cddf;
2c10: cddf;
2c11: cddf;
2c12: cddf;
2c13: cddf;
2c14: cddf;
2c15: cddf;
2c16: cddf;
2c17: cddf;
2c18: cddf;
2c19: cddf;
2c1a: cddf;
2c1b: cddf;
2c1c: cddf;
2c1d: cddf;
2c1e: cddf;
2c1f: cddf;
2c20: cddf;
2c21: cddf;
2c22: cddf;
2c23: cddf;
2c24: cddf;
2c25: cddf;
2c26: cddf;
2c27: cddf;
2c28: cddf;
2c29: cddf;
2c2a: cddf;
2c2b: cddf;
2c2c: cddf;
2c2d: cddf;
2c2e: cddf;
2c2f: cddf;
2c30: cddf;
2c31: cddf;
2c32: cddf;
2c33: cddf;
2c34: cddf;
2c35: cddf;
2c36: cddf;
2c37: cddf;
2c38: cddf;
2c39: cddf;
2c3a: cddf;
2c3b: cddf;
2c3c: cddf;
2c3d: cddf;
2c3e: cddf;
2c3f: cddf;
2c40: cddf;
2c41: cddf;
2c42: cddf;
2c43: cddf;
2c44: cddf;
2c45: cddf;
2c46: cddf;
2c47: cddf;
2c48: cddf;
2c49: cddf;
2c4a: cddf;
2c4b: cddf;
2c4c: cddf;
2c4d: cddf;
2c4e: cddf;
2c4f: cddf;
2c50: cddf;
2c51: cddf;
2c52: cddf;
2c53: cddf;
2c54: cddf;
2c55: cddf;
2c56: cddf;
2c57: cddf;
2c58: cddf;
2c59: cddf;
2c5a: cddf;
2c5b: cddf;
2c5c: cddf;
2c5d: cddf;
2c5e: cddf;
2c5f: cddf;
2c60: cddf;
2c61: cddf;
2c62: cddf;
2c63: cddf;
2c64: cddf;
2c65: cddf;
2c66: cddf;
2c67: cddf;
2c68: cddf;
2c69: cddf;
2c6a: cddf;
2c6b: cddf;
2c6c: cddf;
2c6d: cddf;
2c6e: cddf;
2c6f: cddf;
2c70: dddf;
2c71: dddf;
2c72: dddf;
2c73: dddf;
2c74: dddf;
2c75: dddf;
2c76: dddf;
2c77: dddf;
2c78: dddf;
2c79: dddf;
2c7a: dddf;
2c7b: dddf;
2c7c: dddf;
2c7d: dddf;
2c7e: dddf;
2c7f: dddf;
2c80: dddf;
2c81: dddf;
2c82: dddf;
2c83: dddf;
2c84: dddf;
2c85: dddf;
2c86: dddf;
2c87: dddf;
2c88: dddf;
2c89: dddf;
2c8a: dddf;
2c8b: dddf;
2c8c: dddf;
2c8d: dddf;
2c8e: dddf;
2c8f: dddf;
2c90: dddf;
2c91: dddf;
2c92: dddf;
2c93: dddf;
2c94: dddf;
2c95: dddf;
2c96: dddf;
2c97: dddf;
2c98: dddf;
2c99: dddf;
2c9a: dddf;
2c9b: dddf;
2c9c: dddf;
2c9d: dddf;
2c9e: dddf;
2c9f: dddf;
2ca0: dddf;
2ca1: cccf;
2ca2: bbbf;
2ca3: 9aaf;
2ca4: 888f;
2ca5: 666f;
2ca6: 555f;
2ca7: 444f;
2ca8: 444f;
2ca9: 444f;
2caa: 444f;
2cab: 444f;
2cac: 544f;
2cad: 544f;
2cae: 544f;
2caf: 544f;
2cb0: 544f;
2cb1: 544f;
2cb2: 544f;
2cb3: 544f;
2cb4: 554f;
2cb5: 544f;
2cb6: 544f;
2cb7: 544f;
2cb8: 544f;
2cb9: 544f;
2cba: 544f;
2cbb: 544f;
2cbc: 544f;
2cbd: 544f;
2cbe: 544f;
2cbf: 544f;
2cc0: 544f;
2cc1: 544f;
2cc2: 544f;
2cc3: 554f;
2cc4: 544f;
2cc5: 544f;
2cc6: 554f;
2cc7: 554f;
2cc8: 555f;
2cc9: 555f;
2cca: 555f;
2ccb: 555f;
2ccc: 555f;
2ccd: 655f;
2cce: 655f;
2ccf: 655f;
2cd0: 655f;
2cd1: 665f;
2cd2: 665f;
2cd3: 666f;
2cd4: 665f;
2cd5: 665f;
2cd6: 665f;
2cd7: 665f;
2cd8: 666f;
2cd9: 666f;
2cda: 666f;
2cdb: 666f;
2cdc: 666f;
2cdd: 666f;
2cde: 666f;
2cdf: 666f;
2ce0: 666f;
2ce1: 666f;
2ce2: 666f;
2ce3: 666f;
2ce4: 666f;
2ce5: 666f;
2ce6: 666f;
2ce7: 666f;
2ce8: 665f;
2ce9: 665f;
2cea: 666f;
2ceb: 666f;
2cec: 666f;
2ced: 666f;
2cee: 666f;
2cef: 666f;
2cf0: 666f;
2cf1: 666f;
2cf2: 666f;
2cf3: 666f;
2cf4: 666f;
2cf5: 666f;
2cf6: 666f;
2cf7: 666f;
2cf8: 666f;
2cf9: 666f;
2cfa: 666f;
2cfb: 666f;
2cfc: 666f;
2cfd: 666f;
2cfe: 666f;
2cff: 666f;
2d00: cddf;
2d01: cddf;
2d02: cddf;
2d03: cddf;
2d04: cddf;
2d05: cddf;
2d06: cddf;
2d07: cddf;
2d08: cddf;
2d09: cddf;
2d0a: cddf;
2d0b: cddf;
2d0c: cddf;
2d0d: cddf;
2d0e: cddf;
2d0f: cddf;
2d10: cddf;
2d11: cddf;
2d12: cddf;
2d13: cddf;
2d14: cddf;
2d15: cddf;
2d16: cddf;
2d17: cddf;
2d18: cddf;
2d19: cddf;
2d1a: cddf;
2d1b: cddf;
2d1c: cddf;
2d1d: cddf;
2d1e: cddf;
2d1f: cddf;
2d20: cddf;
2d21: cddf;
2d22: cddf;
2d23: cddf;
2d24: cddf;
2d25: cddf;
2d26: cddf;
2d27: cddf;
2d28: cddf;
2d29: cddf;
2d2a: cddf;
2d2b: cddf;
2d2c: cddf;
2d2d: cddf;
2d2e: cddf;
2d2f: cddf;
2d30: cddf;
2d31: cddf;
2d32: cddf;
2d33: cddf;
2d34: cddf;
2d35: cddf;
2d36: cddf;
2d37: cddf;
2d38: cddf;
2d39: cddf;
2d3a: cddf;
2d3b: cddf;
2d3c: cddf;
2d3d: cddf;
2d3e: cddf;
2d3f: cddf;
2d40: cddf;
2d41: cddf;
2d42: cddf;
2d43: cddf;
2d44: cddf;
2d45: cddf;
2d46: cddf;
2d47: cddf;
2d48: cddf;
2d49: cddf;
2d4a: cddf;
2d4b: cddf;
2d4c: cddf;
2d4d: cddf;
2d4e: cddf;
2d4f: cddf;
2d50: cddf;
2d51: cddf;
2d52: cddf;
2d53: cddf;
2d54: cddf;
2d55: cddf;
2d56: cddf;
2d57: cddf;
2d58: cddf;
2d59: cddf;
2d5a: cddf;
2d5b: cddf;
2d5c: cddf;
2d5d: cddf;
2d5e: cddf;
2d5f: cddf;
2d60: cddf;
2d61: cddf;
2d62: cddf;
2d63: cddf;
2d64: cddf;
2d65: cddf;
2d66: cddf;
2d67: cddf;
2d68: cddf;
2d69: cddf;
2d6a: cddf;
2d6b: cddf;
2d6c: cddf;
2d6d: cddf;
2d6e: cddf;
2d6f: cddf;
2d70: dddf;
2d71: dddf;
2d72: dddf;
2d73: dddf;
2d74: dddf;
2d75: dddf;
2d76: dddf;
2d77: dddf;
2d78: dddf;
2d79: dddf;
2d7a: dddf;
2d7b: dddf;
2d7c: dddf;
2d7d: dddf;
2d7e: dddf;
2d7f: dddf;
2d80: dddf;
2d81: dddf;
2d82: dddf;
2d83: dddf;
2d84: dddf;
2d85: dddf;
2d86: dddf;
2d87: dddf;
2d88: dddf;
2d89: dddf;
2d8a: dddf;
2d8b: dddf;
2d8c: dddf;
2d8d: dddf;
2d8e: dddf;
2d8f: dddf;
2d90: dddf;
2d91: dddf;
2d92: dddf;
2d93: dddf;
2d94: dddf;
2d95: dddf;
2d96: dddf;
2d97: dddf;
2d98: dddf;
2d99: dddf;
2d9a: dddf;
2d9b: dddf;
2d9c: dddf;
2d9d: dddf;
2d9e: dddf;
2d9f: dddf;
2da0: cccf;
2da1: bbbf;
2da2: 999f;
2da3: 888f;
2da4: 666f;
2da5: 555f;
2da6: 444f;
2da7: 444f;
2da8: 444f;
2da9: 444f;
2daa: 444f;
2dab: 444f;
2dac: 544f;
2dad: 544f;
2dae: 544f;
2daf: 544f;
2db0: 544f;
2db1: 544f;
2db2: 544f;
2db3: 544f;
2db4: 544f;
2db5: 544f;
2db6: 544f;
2db7: 544f;
2db8: 544f;
2db9: 544f;
2dba: 544f;
2dbb: 544f;
2dbc: 544f;
2dbd: 544f;
2dbe: 544f;
2dbf: 544f;
2dc0: 544f;
2dc1: 544f;
2dc2: 554f;
2dc3: 554f;
2dc4: 554f;
2dc5: 554f;
2dc6: 555f;
2dc7: 555f;
2dc8: 555f;
2dc9: 655f;
2dca: 655f;
2dcb: 655f;
2dcc: 665f;
2dcd: 665f;
2dce: 665f;
2dcf: 665f;
2dd0: 665f;
2dd1: 666f;
2dd2: 666f;
2dd3: 666f;
2dd4: 666f;
2dd5: 666f;
2dd6: 666f;
2dd7: 666f;
2dd8: 666f;
2dd9: 666f;
2dda: 666f;
2ddb: 666f;
2ddc: 666f;
2ddd: 666f;
2dde: 666f;
2ddf: 666f;
2de0: 666f;
2de1: 666f;
2de2: 666f;
2de3: 666f;
2de4: 666f;
2de5: 666f;
2de6: 666f;
2de7: 666f;
2de8: 665f;
2de9: 665f;
2dea: 665f;
2deb: 665f;
2dec: 666f;
2ded: 666f;
2dee: 666f;
2def: 666f;
2df0: 666f;
2df1: 666f;
2df2: 666f;
2df3: 666f;
2df4: 666f;
2df5: 666f;
2df6: 666f;
2df7: 666f;
2df8: 666f;
2df9: 666f;
2dfa: 666f;
2dfb: 666f;
2dfc: 666f;
2dfd: 666f;
2dfe: 666f;
2dff: 666f;
2e00: cddf;
2e01: cddf;
2e02: cddf;
2e03: cddf;
2e04: cddf;
2e05: cddf;
2e06: cddf;
2e07: cddf;
2e08: cddf;
2e09: cddf;
2e0a: cddf;
2e0b: cddf;
2e0c: cddf;
2e0d: cddf;
2e0e: cddf;
2e0f: cddf;
2e10: cddf;
2e11: cddf;
2e12: cddf;
2e13: cddf;
2e14: cddf;
2e15: cddf;
2e16: cddf;
2e17: cddf;
2e18: cddf;
2e19: cddf;
2e1a: cddf;
2e1b: cddf;
2e1c: cddf;
2e1d: cddf;
2e1e: cddf;
2e1f: cddf;
2e20: cddf;
2e21: cddf;
2e22: cddf;
2e23: cddf;
2e24: cddf;
2e25: cddf;
2e26: cddf;
2e27: cddf;
2e28: cddf;
2e29: cddf;
2e2a: cddf;
2e2b: cddf;
2e2c: cddf;
2e2d: cddf;
2e2e: cddf;
2e2f: cddf;
2e30: cddf;
2e31: cddf;
2e32: cddf;
2e33: cddf;
2e34: cddf;
2e35: cddf;
2e36: cddf;
2e37: cddf;
2e38: cddf;
2e39: cddf;
2e3a: cddf;
2e3b: cddf;
2e3c: cddf;
2e3d: cddf;
2e3e: cddf;
2e3f: cddf;
2e40: cddf;
2e41: cddf;
2e42: cddf;
2e43: cddf;
2e44: cddf;
2e45: cddf;
2e46: cddf;
2e47: cddf;
2e48: cddf;
2e49: cddf;
2e4a: cddf;
2e4b: cddf;
2e4c: cddf;
2e4d: cddf;
2e4e: cddf;
2e4f: cddf;
2e50: cddf;
2e51: cddf;
2e52: cddf;
2e53: cddf;
2e54: cddf;
2e55: cddf;
2e56: cddf;
2e57: cddf;
2e58: cddf;
2e59: cddf;
2e5a: cddf;
2e5b: cddf;
2e5c: cddf;
2e5d: cddf;
2e5e: cddf;
2e5f: cddf;
2e60: cddf;
2e61: cddf;
2e62: cddf;
2e63: cddf;
2e64: cddf;
2e65: cddf;
2e66: cddf;
2e67: cddf;
2e68: cddf;
2e69: cddf;
2e6a: cddf;
2e6b: cddf;
2e6c: cddf;
2e6d: cddf;
2e6e: cddf;
2e6f: cddf;
2e70: dddf;
2e71: dddf;
2e72: dddf;
2e73: dddf;
2e74: dddf;
2e75: dddf;
2e76: dddf;
2e77: dddf;
2e78: dddf;
2e79: dddf;
2e7a: dddf;
2e7b: dddf;
2e7c: dddf;
2e7d: dddf;
2e7e: dddf;
2e7f: dddf;
2e80: dddf;
2e81: dddf;
2e82: dddf;
2e83: dddf;
2e84: dddf;
2e85: dddf;
2e86: dddf;
2e87: dddf;
2e88: dddf;
2e89: dddf;
2e8a: dddf;
2e8b: dddf;
2e8c: dddf;
2e8d: dddf;
2e8e: dddf;
2e8f: dddf;
2e90: cddf;
2e91: cddf;
2e92: cddf;
2e93: cddf;
2e94: dddf;
2e95: dddf;
2e96: dddf;
2e97: dddf;
2e98: dddf;
2e99: dddf;
2e9a: dddf;
2e9b: dddf;
2e9c: dddf;
2e9d: dddf;
2e9e: dddf;
2e9f: cccf;
2ea0: bbbf;
2ea1: 999f;
2ea2: 777f;
2ea3: 656f;
2ea4: 555f;
2ea5: 544f;
2ea6: 444f;
2ea7: 444f;
2ea8: 444f;
2ea9: 544f;
2eaa: 544f;
2eab: 544f;
2eac: 544f;
2ead: 544f;
2eae: 544f;
2eaf: 544f;
2eb0: 544f;
2eb1: 544f;
2eb2: 544f;
2eb3: 544f;
2eb4: 544f;
2eb5: 544f;
2eb6: 544f;
2eb7: 544f;
2eb8: 554f;
2eb9: 554f;
2eba: 554f;
2ebb: 554f;
2ebc: 544f;
2ebd: 544f;
2ebe: 554f;
2ebf: 554f;
2ec0: 554f;
2ec1: 554f;
2ec2: 554f;
2ec3: 555f;
2ec4: 555f;
2ec5: 555f;
2ec6: 555f;
2ec7: 555f;
2ec8: 655f;
2ec9: 655f;
2eca: 665f;
2ecb: 665f;
2ecc: 666f;
2ecd: 666f;
2ece: 666f;
2ecf: 666f;
2ed0: 666f;
2ed1: 666f;
2ed2: 666f;
2ed3: 666f;
2ed4: 666f;
2ed5: 666f;
2ed6: 666f;
2ed7: 666f;
2ed8: 666f;
2ed9: 666f;
2eda: 666f;
2edb: 666f;
2edc: 666f;
2edd: 666f;
2ede: 666f;
2edf: 666f;
2ee0: 666f;
2ee1: 666f;
2ee2: 666f;
2ee3: 666f;
2ee4: 666f;
2ee5: 666f;
2ee6: 666f;
2ee7: 666f;
2ee8: 666f;
2ee9: 665f;
2eea: 665f;
2eeb: 665f;
2eec: 666f;
2eed: 666f;
2eee: 666f;
2eef: 666f;
2ef0: 666f;
2ef1: 666f;
2ef2: 666f;
2ef3: 666f;
2ef4: 666f;
2ef5: 666f;
2ef6: 666f;
2ef7: 666f;
2ef8: 666f;
2ef9: 666f;
2efa: 666f;
2efb: 666f;
2efc: 666f;
2efd: 666f;
2efe: 666f;
2eff: 666f;
2f00: cddf;
2f01: cddf;
2f02: cddf;
2f03: cddf;
2f04: cddf;
2f05: cddf;
2f06: cddf;
2f07: cddf;
2f08: cddf;
2f09: cddf;
2f0a: cddf;
2f0b: cddf;
2f0c: cddf;
2f0d: cddf;
2f0e: cddf;
2f0f: cddf;
2f10: cddf;
2f11: cddf;
2f12: cddf;
2f13: cddf;
2f14: cddf;
2f15: cddf;
2f16: cddf;
2f17: cddf;
2f18: cddf;
2f19: cddf;
2f1a: cddf;
2f1b: cddf;
2f1c: cddf;
2f1d: cddf;
2f1e: cddf;
2f1f: cddf;
2f20: cddf;
2f21: cddf;
2f22: cddf;
2f23: cddf;
2f24: cddf;
2f25: cddf;
2f26: cddf;
2f27: cddf;
2f28: cddf;
2f29: cddf;
2f2a: cddf;
2f2b: cddf;
2f2c: cddf;
2f2d: cddf;
2f2e: cddf;
2f2f: cddf;
2f30: cddf;
2f31: cddf;
2f32: cddf;
2f33: cddf;
2f34: cddf;
2f35: cddf;
2f36: cddf;
2f37: cddf;
2f38: cddf;
2f39: cddf;
2f3a: cddf;
2f3b: cddf;
2f3c: cddf;
2f3d: cddf;
2f3e: cddf;
2f3f: cddf;
2f40: cddf;
2f41: cddf;
2f42: cddf;
2f43: cddf;
2f44: cddf;
2f45: cddf;
2f46: cddf;
2f47: cddf;
2f48: cddf;
2f49: cddf;
2f4a: cddf;
2f4b: cddf;
2f4c: cddf;
2f4d: cddf;
2f4e: cddf;
2f4f: cddf;
2f50: cddf;
2f51: cddf;
2f52: cddf;
2f53: cddf;
2f54: cddf;
2f55: cddf;
2f56: cddf;
2f57: cddf;
2f58: cddf;
2f59: cddf;
2f5a: cddf;
2f5b: cddf;
2f5c: cddf;
2f5d: cddf;
2f5e: cddf;
2f5f: cddf;
2f60: cddf;
2f61: cddf;
2f62: cddf;
2f63: cddf;
2f64: cddf;
2f65: cddf;
2f66: cddf;
2f67: cddf;
2f68: cddf;
2f69: cddf;
2f6a: cddf;
2f6b: cddf;
2f6c: cddf;
2f6d: cddf;
2f6e: cddf;
2f6f: cddf;
2f70: dddf;
2f71: dddf;
2f72: dddf;
2f73: dddf;
2f74: dddf;
2f75: dddf;
2f76: dddf;
2f77: dddf;
2f78: dddf;
2f79: dddf;
2f7a: dddf;
2f7b: dddf;
2f7c: dddf;
2f7d: dddf;
2f7e: dddf;
2f7f: dddf;
2f80: dddf;
2f81: dddf;
2f82: dddf;
2f83: dddf;
2f84: dddf;
2f85: dddf;
2f86: dddf;
2f87: dddf;
2f88: dddf;
2f89: dddf;
2f8a: dddf;
2f8b: dddf;
2f8c: dddf;
2f8d: dddf;
2f8e: dddf;
2f8f: dddf;
2f90: cddf;
2f91: cddf;
2f92: cddf;
2f93: cddf;
2f94: dddf;
2f95: dddf;
2f96: dddf;
2f97: dddf;
2f98: dddf;
2f99: dddf;
2f9a: dddf;
2f9b: dddf;
2f9c: dddf;
2f9d: cdcf;
2f9e: cccf;
2f9f: aaaf;
2fa0: 888f;
2fa1: 777f;
2fa2: 666f;
2fa3: 544f;
2fa4: 444f;
2fa5: 444f;
2fa6: 544f;
2fa7: 544f;
2fa8: 544f;
2fa9: 544f;
2faa: 544f;
2fab: 544f;
2fac: 544f;
2fad: 544f;
2fae: 544f;
2faf: 544f;
2fb0: 544f;
2fb1: 544f;
2fb2: 544f;
2fb3: 544f;
2fb4: 544f;
2fb5: 544f;
2fb6: 544f;
2fb7: 544f;
2fb8: 554f;
2fb9: 554f;
2fba: 554f;
2fbb: 554f;
2fbc: 554f;
2fbd: 554f;
2fbe: 554f;
2fbf: 554f;
2fc0: 555f;
2fc1: 555f;
2fc2: 555f;
2fc3: 555f;
2fc4: 555f;
2fc5: 655f;
2fc6: 665f;
2fc7: 665f;
2fc8: 665f;
2fc9: 665f;
2fca: 666f;
2fcb: 666f;
2fcc: 666f;
2fcd: 666f;
2fce: 666f;
2fcf: 666f;
2fd0: 666f;
2fd1: 666f;
2fd2: 666f;
2fd3: 666f;
2fd4: 666f;
2fd5: 666f;
2fd6: 666f;
2fd7: 666f;
2fd8: 666f;
2fd9: 666f;
2fda: 666f;
2fdb: 666f;
2fdc: 666f;
2fdd: 666f;
2fde: 666f;
2fdf: 666f;
2fe0: 666f;
2fe1: 666f;
2fe2: 666f;
2fe3: 666f;
2fe4: 666f;
2fe5: 666f;
2fe6: 666f;
2fe7: 666f;
2fe8: 666f;
2fe9: 666f;
2fea: 666f;
2feb: 665f;
2fec: 666f;
2fed: 666f;
2fee: 666f;
2fef: 666f;
2ff0: 666f;
2ff1: 666f;
2ff2: 666f;
2ff3: 666f;
2ff4: 666f;
2ff5: 666f;
2ff6: 666f;
2ff7: 666f;
2ff8: 666f;
2ff9: 666f;
2ffa: 666f;
2ffb: 666f;
2ffc: 666f;
2ffd: 666f;
2ffe: 666f;
2fff: 666f;
3000: cddf;
3001: cddf;
3002: cddf;
3003: cddf;
3004: cddf;
3005: cddf;
3006: cddf;
3007: cddf;
3008: cddf;
3009: cddf;
300a: cddf;
300b: cddf;
300c: cddf;
300d: cddf;
300e: cddf;
300f: cddf;
3010: cddf;
3011: cddf;
3012: cddf;
3013: cddf;
3014: cddf;
3015: cddf;
3016: cddf;
3017: cddf;
3018: cddf;
3019: cddf;
301a: cddf;
301b: cddf;
301c: cddf;
301d: cddf;
301e: cddf;
301f: cddf;
3020: cddf;
3021: cddf;
3022: cddf;
3023: cddf;
3024: cddf;
3025: cddf;
3026: cddf;
3027: cddf;
3028: cddf;
3029: cddf;
302a: cddf;
302b: cddf;
302c: cddf;
302d: cddf;
302e: cddf;
302f: cddf;
3030: cddf;
3031: cddf;
3032: cddf;
3033: cddf;
3034: cddf;
3035: cddf;
3036: cddf;
3037: cddf;
3038: cddf;
3039: cddf;
303a: cddf;
303b: cddf;
303c: cddf;
303d: cddf;
303e: cddf;
303f: cddf;
3040: cddf;
3041: cddf;
3042: cddf;
3043: cddf;
3044: cddf;
3045: cddf;
3046: cddf;
3047: cddf;
3048: cddf;
3049: cddf;
304a: cddf;
304b: cddf;
304c: cddf;
304d: cddf;
304e: cddf;
304f: cddf;
3050: cddf;
3051: cddf;
3052: cddf;
3053: cddf;
3054: cddf;
3055: cddf;
3056: cddf;
3057: cddf;
3058: cddf;
3059: cddf;
305a: cddf;
305b: cddf;
305c: cddf;
305d: cddf;
305e: cddf;
305f: cddf;
3060: cddf;
3061: cddf;
3062: cddf;
3063: cddf;
3064: cddf;
3065: cddf;
3066: cddf;
3067: cddf;
3068: cddf;
3069: cddf;
306a: cddf;
306b: cddf;
306c: cddf;
306d: cddf;
306e: cddf;
306f: cddf;
3070: dddf;
3071: dddf;
3072: dddf;
3073: dddf;
3074: dddf;
3075: dddf;
3076: dddf;
3077: dddf;
3078: dddf;
3079: dddf;
307a: dddf;
307b: dddf;
307c: dddf;
307d: dddf;
307e: dddf;
307f: dddf;
3080: dddf;
3081: dddf;
3082: dddf;
3083: dddf;
3084: dddf;
3085: dddf;
3086: dddf;
3087: dddf;
3088: dddf;
3089: dddf;
308a: dddf;
308b: dddf;
308c: dddf;
308d: dddf;
308e: dddf;
308f: dddf;
3090: dddf;
3091: dddf;
3092: dddf;
3093: dddf;
3094: dddf;
3095: dddf;
3096: dddf;
3097: dddf;
3098: dddf;
3099: dddf;
309a: dddf;
309b: dddf;
309c: cccf;
309d: bccf;
309e: aaaf;
309f: 888f;
30a0: 666f;
30a1: 555f;
30a2: 444f;
30a3: 444f;
30a4: 444f;
30a5: 444f;
30a6: 444f;
30a7: 544f;
30a8: 544f;
30a9: 544f;
30aa: 544f;
30ab: 544f;
30ac: 544f;
30ad: 544f;
30ae: 544f;
30af: 544f;
30b0: 544f;
30b1: 544f;
30b2: 544f;
30b3: 544f;
30b4: 544f;
30b5: 544f;
30b6: 544f;
30b7: 544f;
30b8: 554f;
30b9: 554f;
30ba: 554f;
30bb: 555f;
30bc: 554f;
30bd: 555f;
30be: 555f;
30bf: 555f;
30c0: 655f;
30c1: 655f;
30c2: 655f;
30c3: 655f;
30c4: 665f;
30c5: 665f;
30c6: 665f;
30c7: 665f;
30c8: 666f;
30c9: 666f;
30ca: 666f;
30cb: 666f;
30cc: 666f;
30cd: 666f;
30ce: 666f;
30cf: 666f;
30d0: 666f;
30d1: 666f;
30d2: 666f;
30d3: 666f;
30d4: 666f;
30d5: 666f;
30d6: 666f;
30d7: 666f;
30d8: 666f;
30d9: 666f;
30da: 666f;
30db: 666f;
30dc: 666f;
30dd: 666f;
30de: 666f;
30df: 666f;
30e0: 666f;
30e1: 666f;
30e2: 666f;
30e3: 666f;
30e4: 666f;
30e5: 666f;
30e6: 666f;
30e7: 666f;
30e8: 666f;
30e9: 666f;
30ea: 666f;
30eb: 666f;
30ec: 666f;
30ed: 666f;
30ee: 666f;
30ef: 666f;
30f0: 666f;
30f1: 666f;
30f2: 666f;
30f3: 666f;
30f4: 666f;
30f5: 666f;
30f6: 666f;
30f7: 666f;
30f8: 666f;
30f9: 666f;
30fa: 666f;
30fb: 666f;
30fc: 666f;
30fd: 666f;
30fe: 666f;
30ff: 665f;
3100: cddf;
3101: cddf;
3102: cddf;
3103: cddf;
3104: cddf;
3105: cddf;
3106: cddf;
3107: cddf;
3108: cddf;
3109: cddf;
310a: cddf;
310b: cddf;
310c: cddf;
310d: cddf;
310e: cddf;
310f: cddf;
3110: cddf;
3111: cddf;
3112: cddf;
3113: cddf;
3114: cddf;
3115: cddf;
3116: cddf;
3117: cddf;
3118: cddf;
3119: cddf;
311a: cddf;
311b: cddf;
311c: cddf;
311d: cddf;
311e: cddf;
311f: cddf;
3120: cddf;
3121: cddf;
3122: cddf;
3123: cddf;
3124: cddf;
3125: cddf;
3126: cddf;
3127: cddf;
3128: cddf;
3129: cddf;
312a: cddf;
312b: cddf;
312c: cddf;
312d: cddf;
312e: cddf;
312f: cddf;
3130: cddf;
3131: cddf;
3132: cddf;
3133: cddf;
3134: cddf;
3135: cddf;
3136: cddf;
3137: cddf;
3138: cddf;
3139: cddf;
313a: cddf;
313b: cddf;
313c: cddf;
313d: cddf;
313e: cddf;
313f: cddf;
3140: cddf;
3141: cddf;
3142: cddf;
3143: cddf;
3144: cddf;
3145: cddf;
3146: cddf;
3147: cddf;
3148: cddf;
3149: cddf;
314a: cddf;
314b: cddf;
314c: cddf;
314d: cddf;
314e: cddf;
314f: cddf;
3150: cddf;
3151: cddf;
3152: cddf;
3153: cddf;
3154: cddf;
3155: cddf;
3156: cddf;
3157: cddf;
3158: cddf;
3159: cddf;
315a: cddf;
315b: cddf;
315c: cddf;
315d: cddf;
315e: cddf;
315f: cddf;
3160: cddf;
3161: cddf;
3162: cddf;
3163: cddf;
3164: cddf;
3165: cddf;
3166: cddf;
3167: cddf;
3168: cddf;
3169: cddf;
316a: cddf;
316b: cddf;
316c: cddf;
316d: cddf;
316e: cddf;
316f: cddf;
3170: dddf;
3171: dddf;
3172: dddf;
3173: dddf;
3174: dddf;
3175: dddf;
3176: dddf;
3177: dddf;
3178: dddf;
3179: dddf;
317a: dddf;
317b: dddf;
317c: dddf;
317d: dddf;
317e: dddf;
317f: dddf;
3180: dddf;
3181: dddf;
3182: dddf;
3183: dddf;
3184: dddf;
3185: dddf;
3186: dddf;
3187: dddf;
3188: dddf;
3189: dddf;
318a: dddf;
318b: dddf;
318c: dddf;
318d: dddf;
318e: dddf;
318f: dddf;
3190: dddf;
3191: dddf;
3192: dddf;
3193: dddf;
3194: dddf;
3195: dddf;
3196: dddf;
3197: dddf;
3198: dddf;
3199: dddf;
319a: dddf;
319b: cddf;
319c: bccf;
319d: aaaf;
319e: 888f;
319f: 677f;
31a0: 555f;
31a1: 444f;
31a2: 444f;
31a3: 444f;
31a4: 444f;
31a5: 444f;
31a6: 544f;
31a7: 544f;
31a8: 544f;
31a9: 544f;
31aa: 544f;
31ab: 544f;
31ac: 544f;
31ad: 544f;
31ae: 544f;
31af: 544f;
31b0: 544f;
31b1: 544f;
31b2: 544f;
31b3: 544f;
31b4: 544f;
31b5: 544f;
31b6: 554f;
31b7: 554f;
31b8: 555f;
31b9: 555f;
31ba: 555f;
31bb: 555f;
31bc: 555f;
31bd: 555f;
31be: 655f;
31bf: 655f;
31c0: 665f;
31c1: 665f;
31c2: 665f;
31c3: 665f;
31c4: 665f;
31c5: 666f;
31c6: 666f;
31c7: 666f;
31c8: 666f;
31c9: 666f;
31ca: 666f;
31cb: 666f;
31cc: 666f;
31cd: 666f;
31ce: 666f;
31cf: 666f;
31d0: 666f;
31d1: 666f;
31d2: 666f;
31d3: 666f;
31d4: 666f;
31d5: 666f;
31d6: 666f;
31d7: 666f;
31d8: 666f;
31d9: 666f;
31da: 666f;
31db: 666f;
31dc: 666f;
31dd: 666f;
31de: 666f;
31df: 666f;
31e0: 666f;
31e1: 666f;
31e2: 666f;
31e3: 666f;
31e4: 666f;
31e5: 666f;
31e6: 666f;
31e7: 666f;
31e8: 666f;
31e9: 666f;
31ea: 666f;
31eb: 666f;
31ec: 666f;
31ed: 666f;
31ee: 666f;
31ef: 666f;
31f0: 666f;
31f1: 666f;
31f2: 666f;
31f3: 666f;
31f4: 666f;
31f5: 666f;
31f6: 666f;
31f7: 666f;
31f8: 666f;
31f9: 666f;
31fa: 666f;
31fb: 666f;
31fc: 666f;
31fd: 666f;
31fe: 666f;
31ff: 665f;
3200: cddf;
3201: cddf;
3202: cddf;
3203: cddf;
3204: cddf;
3205: cddf;
3206: cddf;
3207: cddf;
3208: cddf;
3209: cddf;
320a: cddf;
320b: cddf;
320c: cddf;
320d: cddf;
320e: cddf;
320f: cddf;
3210: cddf;
3211: cddf;
3212: cddf;
3213: cddf;
3214: cddf;
3215: cddf;
3216: cddf;
3217: cddf;
3218: cddf;
3219: cddf;
321a: cddf;
321b: cddf;
321c: cddf;
321d: cddf;
321e: cddf;
321f: cddf;
3220: cddf;
3221: cddf;
3222: cddf;
3223: cddf;
3224: cddf;
3225: cddf;
3226: cddf;
3227: cddf;
3228: cddf;
3229: cddf;
322a: cddf;
322b: cddf;
322c: cddf;
322d: cddf;
322e: cddf;
322f: cddf;
3230: cddf;
3231: cddf;
3232: cddf;
3233: cddf;
3234: cddf;
3235: cddf;
3236: cddf;
3237: cddf;
3238: cddf;
3239: cddf;
323a: cddf;
323b: cddf;
323c: cddf;
323d: cddf;
323e: cddf;
323f: cddf;
3240: cddf;
3241: cddf;
3242: cddf;
3243: cddf;
3244: cddf;
3245: cddf;
3246: cddf;
3247: cddf;
3248: cddf;
3249: cddf;
324a: cddf;
324b: cddf;
324c: cddf;
324d: cddf;
324e: cddf;
324f: cddf;
3250: cddf;
3251: cddf;
3252: cddf;
3253: cddf;
3254: cddf;
3255: cddf;
3256: cddf;
3257: cddf;
3258: cddf;
3259: cddf;
325a: cddf;
325b: cddf;
325c: cddf;
325d: cddf;
325e: cddf;
325f: cddf;
3260: cddf;
3261: cddf;
3262: cddf;
3263: cddf;
3264: cddf;
3265: cddf;
3266: cddf;
3267: cddf;
3268: cddf;
3269: cddf;
326a: cddf;
326b: cddf;
326c: cddf;
326d: cddf;
326e: cddf;
326f: cddf;
3270: dddf;
3271: dddf;
3272: dddf;
3273: dddf;
3274: dddf;
3275: dddf;
3276: dddf;
3277: dddf;
3278: dddf;
3279: dddf;
327a: dddf;
327b: dddf;
327c: dddf;
327d: dddf;
327e: dddf;
327f: dddf;
3280: dddf;
3281: dddf;
3282: dddf;
3283: dddf;
3284: dddf;
3285: dddf;
3286: dddf;
3287: dddf;
3288: dddf;
3289: dddf;
328a: dddf;
328b: dddf;
328c: dddf;
328d: dddf;
328e: dddf;
328f: dddf;
3290: dddf;
3291: dddf;
3292: dddf;
3293: dddf;
3294: dddf;
3295: dddf;
3296: dddf;
3297: dddf;
3298: dddf;
3299: dddf;
329a: cdcf;
329b: bcbf;
329c: aaaf;
329d: 888f;
329e: 666f;
329f: 555f;
32a0: 444f;
32a1: 444f;
32a2: 544f;
32a3: 444f;
32a4: 444f;
32a5: 444f;
32a6: 544f;
32a7: 544f;
32a8: 544f;
32a9: 544f;
32aa: 544f;
32ab: 544f;
32ac: 544f;
32ad: 544f;
32ae: 544f;
32af: 544f;
32b0: 544f;
32b1: 554f;
32b2: 554f;
32b3: 554f;
32b4: 554f;
32b5: 555f;
32b6: 555f;
32b7: 555f;
32b8: 555f;
32b9: 555f;
32ba: 655f;
32bb: 655f;
32bc: 655f;
32bd: 655f;
32be: 665f;
32bf: 665f;
32c0: 665f;
32c1: 666f;
32c2: 666f;
32c3: 666f;
32c4: 666f;
32c5: 666f;
32c6: 666f;
32c7: 666f;
32c8: 666f;
32c9: 666f;
32ca: 666f;
32cb: 666f;
32cc: 666f;
32cd: 666f;
32ce: 666f;
32cf: 666f;
32d0: 666f;
32d1: 666f;
32d2: 666f;
32d3: 666f;
32d4: 666f;
32d5: 666f;
32d6: 666f;
32d7: 666f;
32d8: 666f;
32d9: 666f;
32da: 666f;
32db: 666f;
32dc: 666f;
32dd: 666f;
32de: 666f;
32df: 666f;
32e0: 666f;
32e1: 666f;
32e2: 666f;
32e3: 666f;
32e4: 666f;
32e5: 666f;
32e6: 666f;
32e7: 666f;
32e8: 666f;
32e9: 666f;
32ea: 666f;
32eb: 666f;
32ec: 666f;
32ed: 666f;
32ee: 666f;
32ef: 666f;
32f0: 666f;
32f1: 666f;
32f2: 666f;
32f3: 666f;
32f4: 666f;
32f5: 665f;
32f6: 665f;
32f7: 665f;
32f8: 665f;
32f9: 665f;
32fa: 665f;
32fb: 665f;
32fc: 665f;
32fd: 665f;
32fe: 665f;
32ff: 665f;
3300: cddf;
3301: cddf;
3302: cddf;
3303: cddf;
3304: cddf;
3305: cddf;
3306: cddf;
3307: cddf;
3308: cddf;
3309: cddf;
330a: cddf;
330b: cddf;
330c: cddf;
330d: cddf;
330e: cddf;
330f: cddf;
3310: cddf;
3311: cddf;
3312: cddf;
3313: cddf;
3314: cddf;
3315: cddf;
3316: cddf;
3317: cddf;
3318: cddf;
3319: cddf;
331a: cddf;
331b: cddf;
331c: cddf;
331d: cddf;
331e: cddf;
331f: cddf;
3320: cddf;
3321: cddf;
3322: cddf;
3323: cddf;
3324: cddf;
3325: cddf;
3326: cddf;
3327: cddf;
3328: cddf;
3329: cddf;
332a: cddf;
332b: cddf;
332c: cddf;
332d: cddf;
332e: cddf;
332f: cddf;
3330: cddf;
3331: cddf;
3332: cddf;
3333: cddf;
3334: cddf;
3335: cddf;
3336: cddf;
3337: cddf;
3338: cddf;
3339: cddf;
333a: cddf;
333b: cddf;
333c: cddf;
333d: cddf;
333e: cddf;
333f: cddf;
3340: cddf;
3341: cddf;
3342: cddf;
3343: cddf;
3344: cddf;
3345: cddf;
3346: cddf;
3347: cddf;
3348: cddf;
3349: cddf;
334a: cddf;
334b: cddf;
334c: cddf;
334d: cddf;
334e: cddf;
334f: cddf;
3350: cddf;
3351: cddf;
3352: cddf;
3353: cddf;
3354: cddf;
3355: cddf;
3356: cddf;
3357: cddf;
3358: cddf;
3359: cddf;
335a: cddf;
335b: cddf;
335c: cddf;
335d: cddf;
335e: cddf;
335f: cddf;
3360: cddf;
3361: cddf;
3362: cddf;
3363: cddf;
3364: cddf;
3365: cddf;
3366: cddf;
3367: cddf;
3368: cddf;
3369: cddf;
336a: cddf;
336b: cddf;
336c: cddf;
336d: cddf;
336e: cddf;
336f: cddf;
3370: dddf;
3371: dddf;
3372: dddf;
3373: dddf;
3374: dddf;
3375: dddf;
3376: dddf;
3377: dddf;
3378: dddf;
3379: dddf;
337a: dddf;
337b: dddf;
337c: dddf;
337d: dddf;
337e: dddf;
337f: dddf;
3380: dddf;
3381: dddf;
3382: dddf;
3383: dddf;
3384: dddf;
3385: dddf;
3386: dddf;
3387: dddf;
3388: dddf;
3389: dddf;
338a: dddf;
338b: dddf;
338c: dddf;
338d: dddf;
338e: dddf;
338f: dddf;
3390: dddf;
3391: dddf;
3392: dddf;
3393: dddf;
3394: dddf;
3395: dddf;
3396: dddf;
3397: dddf;
3398: dddf;
3399: cdcf;
339a: bcbf;
339b: aaaf;
339c: 898f;
339d: 676f;
339e: 454f;
339f: 444f;
33a0: 443f;
33a1: 444f;
33a2: 544f;
33a3: 544f;
33a4: 444f;
33a5: 444f;
33a6: 544f;
33a7: 544f;
33a8: 544f;
33a9: 544f;
33aa: 544f;
33ab: 544f;
33ac: 544f;
33ad: 544f;
33ae: 544f;
33af: 544f;
33b0: 554f;
33b1: 554f;
33b2: 555f;
33b3: 555f;
33b4: 555f;
33b5: 555f;
33b6: 655f;
33b7: 655f;
33b8: 655f;
33b9: 655f;
33ba: 655f;
33bb: 655f;
33bc: 665f;
33bd: 665f;
33be: 666f;
33bf: 666f;
33c0: 666f;
33c1: 666f;
33c2: 666f;
33c3: 666f;
33c4: 666f;
33c5: 666f;
33c6: 666f;
33c7: 665f;
33c8: 666f;
33c9: 666f;
33ca: 666f;
33cb: 666f;
33cc: 666f;
33cd: 666f;
33ce: 666f;
33cf: 666f;
33d0: 666f;
33d1: 666f;
33d2: 666f;
33d3: 666f;
33d4: 666f;
33d5: 666f;
33d6: 666f;
33d7: 666f;
33d8: 666f;
33d9: 666f;
33da: 666f;
33db: 666f;
33dc: 666f;
33dd: 666f;
33de: 666f;
33df: 666f;
33e0: 665f;
33e1: 665f;
33e2: 665f;
33e3: 665f;
33e4: 666f;
33e5: 666f;
33e6: 666f;
33e7: 666f;
33e8: 666f;
33e9: 666f;
33ea: 666f;
33eb: 665f;
33ec: 665f;
33ed: 666f;
33ee: 666f;
33ef: 666f;
33f0: 666f;
33f1: 666f;
33f2: 666f;
33f3: 666f;
33f4: 665f;
33f5: 665f;
33f6: 665f;
33f7: 665f;
33f8: 655f;
33f9: 655f;
33fa: 655f;
33fb: 655f;
33fc: 655f;
33fd: 655f;
33fe: 655f;
33ff: 655f;
3400: cddf;
3401: cddf;
3402: cddf;
3403: cddf;
3404: cddf;
3405: cddf;
3406: cddf;
3407: cddf;
3408: cddf;
3409: cddf;
340a: cddf;
340b: cddf;
340c: cddf;
340d: cddf;
340e: cddf;
340f: cddf;
3410: cddf;
3411: cddf;
3412: cddf;
3413: cddf;
3414: cddf;
3415: cddf;
3416: cddf;
3417: cddf;
3418: cddf;
3419: cddf;
341a: cddf;
341b: cddf;
341c: cddf;
341d: cddf;
341e: cddf;
341f: cddf;
3420: cddf;
3421: cddf;
3422: cddf;
3423: cddf;
3424: cddf;
3425: cddf;
3426: cddf;
3427: cddf;
3428: cddf;
3429: cddf;
342a: cddf;
342b: cddf;
342c: cddf;
342d: cddf;
342e: cddf;
342f: cddf;
3430: cddf;
3431: cddf;
3432: cddf;
3433: cddf;
3434: cddf;
3435: cddf;
3436: cddf;
3437: cddf;
3438: cddf;
3439: cddf;
343a: cddf;
343b: cddf;
343c: cddf;
343d: cddf;
343e: cddf;
343f: cddf;
3440: cddf;
3441: cddf;
3442: cddf;
3443: cddf;
3444: cddf;
3445: cddf;
3446: cddf;
3447: cddf;
3448: cddf;
3449: cddf;
344a: cddf;
344b: cddf;
344c: cddf;
344d: cddf;
344e: cddf;
344f: cddf;
3450: cddf;
3451: cddf;
3452: cddf;
3453: cddf;
3454: cddf;
3455: cddf;
3456: cddf;
3457: cddf;
3458: cddf;
3459: cddf;
345a: cddf;
345b: cddf;
345c: cddf;
345d: cddf;
345e: cddf;
345f: cddf;
3460: cddf;
3461: cddf;
3462: cddf;
3463: cddf;
3464: cddf;
3465: cddf;
3466: cddf;
3467: cddf;
3468: cddf;
3469: cddf;
346a: cddf;
346b: cddf;
346c: cddf;
346d: cddf;
346e: cddf;
346f: cddf;
3470: dddf;
3471: dddf;
3472: dddf;
3473: dddf;
3474: dddf;
3475: dddf;
3476: dddf;
3477: dddf;
3478: dddf;
3479: dddf;
347a: dddf;
347b: dddf;
347c: dddf;
347d: dddf;
347e: dddf;
347f: dddf;
3480: dddf;
3481: dddf;
3482: dddf;
3483: dddf;
3484: dddf;
3485: dddf;
3486: dddf;
3487: dddf;
3488: dddf;
3489: dddf;
348a: dddf;
348b: dddf;
348c: dddf;
348d: dddf;
348e: dddf;
348f: dddf;
3490: dddf;
3491: dddf;
3492: dddf;
3493: dddf;
3494: dddf;
3495: dddf;
3496: dddf;
3497: dddf;
3498: cccf;
3499: bbbf;
349a: 9a9f;
349b: 888f;
349c: 676f;
349d: 555f;
349e: 444f;
349f: 443f;
34a0: 444f;
34a1: 444f;
34a2: 544f;
34a3: 444f;
34a4: 444f;
34a5: 444f;
34a6: 544f;
34a7: 544f;
34a8: 544f;
34a9: 544f;
34aa: 544f;
34ab: 544f;
34ac: 554f;
34ad: 554f;
34ae: 554f;
34af: 554f;
34b0: 555f;
34b1: 555f;
34b2: 655f;
34b3: 655f;
34b4: 655f;
34b5: 655f;
34b6: 655f;
34b7: 665f;
34b8: 655f;
34b9: 665f;
34ba: 665f;
34bb: 665f;
34bc: 666f;
34bd: 666f;
34be: 666f;
34bf: 666f;
34c0: 666f;
34c1: 666f;
34c2: 666f;
34c3: 666f;
34c4: 666f;
34c5: 666f;
34c6: 666f;
34c7: 665f;
34c8: 665f;
34c9: 665f;
34ca: 666f;
34cb: 666f;
34cc: 666f;
34cd: 666f;
34ce: 666f;
34cf: 666f;
34d0: 666f;
34d1: 666f;
34d2: 666f;
34d3: 666f;
34d4: 666f;
34d5: 666f;
34d6: 666f;
34d7: 666f;
34d8: 666f;
34d9: 666f;
34da: 666f;
34db: 666f;
34dc: 666f;
34dd: 666f;
34de: 666f;
34df: 666f;
34e0: 665f;
34e1: 665f;
34e2: 665f;
34e3: 665f;
34e4: 666f;
34e5: 666f;
34e6: 665f;
34e7: 665f;
34e8: 666f;
34e9: 665f;
34ea: 665f;
34eb: 666f;
34ec: 665f;
34ed: 665f;
34ee: 665f;
34ef: 655f;
34f0: 655f;
34f1: 655f;
34f2: 655f;
34f3: 655f;
34f4: 555f;
34f5: 655f;
34f6: 655f;
34f7: 555f;
34f8: 555f;
34f9: 555f;
34fa: 555f;
34fb: 555f;
34fc: 555f;
34fd: 555f;
34fe: 555f;
34ff: 555f;
3500: cddf;
3501: cddf;
3502: cddf;
3503: cddf;
3504: cddf;
3505: cddf;
3506: cddf;
3507: cddf;
3508: cddf;
3509: cddf;
350a: cddf;
350b: cddf;
350c: cddf;
350d: cddf;
350e: cddf;
350f: cddf;
3510: cddf;
3511: cddf;
3512: cddf;
3513: cddf;
3514: cddf;
3515: cddf;
3516: cddf;
3517: cddf;
3518: cddf;
3519: cddf;
351a: cddf;
351b: cddf;
351c: cddf;
351d: cddf;
351e: cddf;
351f: cddf;
3520: cddf;
3521: cddf;
3522: cddf;
3523: cddf;
3524: cddf;
3525: cddf;
3526: cddf;
3527: cddf;
3528: cddf;
3529: cddf;
352a: cddf;
352b: cddf;
352c: cddf;
352d: cddf;
352e: cddf;
352f: cddf;
3530: cddf;
3531: cddf;
3532: cddf;
3533: cddf;
3534: cddf;
3535: cddf;
3536: cddf;
3537: cddf;
3538: cddf;
3539: cddf;
353a: cddf;
353b: cddf;
353c: cddf;
353d: cddf;
353e: cddf;
353f: cddf;
3540: cddf;
3541: cddf;
3542: cddf;
3543: cddf;
3544: cddf;
3545: cddf;
3546: cddf;
3547: cddf;
3548: cddf;
3549: cddf;
354a: cddf;
354b: cddf;
354c: cddf;
354d: cddf;
354e: cddf;
354f: cddf;
3550: cddf;
3551: cddf;
3552: cddf;
3553: cddf;
3554: cddf;
3555: cddf;
3556: cddf;
3557: cddf;
3558: cddf;
3559: cddf;
355a: cddf;
355b: cddf;
355c: cddf;
355d: cddf;
355e: cddf;
355f: cddf;
3560: cddf;
3561: cddf;
3562: cddf;
3563: cddf;
3564: cddf;
3565: cddf;
3566: cddf;
3567: cddf;
3568: cddf;
3569: cddf;
356a: cddf;
356b: cddf;
356c: cddf;
356d: cddf;
356e: cddf;
356f: cddf;
3570: dddf;
3571: dddf;
3572: dddf;
3573: dddf;
3574: dddf;
3575: dddf;
3576: dddf;
3577: dddf;
3578: dddf;
3579: dddf;
357a: dddf;
357b: dddf;
357c: dddf;
357d: dddf;
357e: dddf;
357f: dddf;
3580: dddf;
3581: dddf;
3582: dddf;
3583: dddf;
3584: dddf;
3585: dddf;
3586: dddf;
3587: dddf;
3588: dddf;
3589: dddf;
358a: dddf;
358b: dddf;
358c: dddf;
358d: dddf;
358e: dddf;
358f: dddf;
3590: dddf;
3591: dddf;
3592: dddf;
3593: dddf;
3594: dddf;
3595: dddf;
3596: dddf;
3597: cccf;
3598: bbbf;
3599: 999f;
359a: 787f;
359b: 666f;
359c: 555f;
359d: 444f;
359e: 444f;
359f: 444f;
35a0: 444f;
35a1: 444f;
35a2: 444f;
35a3: 444f;
35a4: 444f;
35a5: 544f;
35a6: 544f;
35a7: 544f;
35a8: 544f;
35a9: 544f;
35aa: 554f;
35ab: 555f;
35ac: 555f;
35ad: 555f;
35ae: 554f;
35af: 554f;
35b0: 555f;
35b1: 655f;
35b2: 665f;
35b3: 655f;
35b4: 665f;
35b5: 665f;
35b6: 665f;
35b7: 665f;
35b8: 665f;
35b9: 665f;
35ba: 665f;
35bb: 665f;
35bc: 666f;
35bd: 666f;
35be: 666f;
35bf: 666f;
35c0: 666f;
35c1: 666f;
35c2: 666f;
35c3: 666f;
35c4: 666f;
35c5: 666f;
35c6: 666f;
35c7: 665f;
35c8: 665f;
35c9: 665f;
35ca: 666f;
35cb: 666f;
35cc: 666f;
35cd: 666f;
35ce: 666f;
35cf: 666f;
35d0: 666f;
35d1: 666f;
35d2: 666f;
35d3: 666f;
35d4: 666f;
35d5: 666f;
35d6: 666f;
35d7: 666f;
35d8: 666f;
35d9: 666f;
35da: 666f;
35db: 666f;
35dc: 666f;
35dd: 666f;
35de: 666f;
35df: 666f;
35e0: 665f;
35e1: 665f;
35e2: 665f;
35e3: 665f;
35e4: 666f;
35e5: 666f;
35e6: 665f;
35e7: 665f;
35e8: 665f;
35e9: 655f;
35ea: 655f;
35eb: 655f;
35ec: 655f;
35ed: 655f;
35ee: 655f;
35ef: 655f;
35f0: 655f;
35f1: 655f;
35f2: 555f;
35f3: 555f;
35f4: 555f;
35f5: 555f;
35f6: 555f;
35f7: 555f;
35f8: 555f;
35f9: 555f;
35fa: 555f;
35fb: 555f;
35fc: 554f;
35fd: 554f;
35fe: 554f;
35ff: 554f;
3600: cddf;
3601: cddf;
3602: cddf;
3603: cddf;
3604: cddf;
3605: cddf;
3606: cddf;
3607: cddf;
3608: cddf;
3609: cddf;
360a: cddf;
360b: cddf;
360c: cddf;
360d: cddf;
360e: cddf;
360f: cddf;
3610: cddf;
3611: cddf;
3612: cddf;
3613: cddf;
3614: cddf;
3615: cddf;
3616: cddf;
3617: cddf;
3618: cddf;
3619: cddf;
361a: cddf;
361b: cddf;
361c: cddf;
361d: cddf;
361e: cddf;
361f: cddf;
3620: cddf;
3621: cddf;
3622: cddf;
3623: cddf;
3624: cddf;
3625: cddf;
3626: cddf;
3627: cddf;
3628: cddf;
3629: cddf;
362a: cddf;
362b: cddf;
362c: cddf;
362d: cddf;
362e: cddf;
362f: cddf;
3630: cddf;
3631: cddf;
3632: cddf;
3633: cddf;
3634: cddf;
3635: cddf;
3636: cddf;
3637: cddf;
3638: cddf;
3639: cddf;
363a: cddf;
363b: cddf;
363c: cddf;
363d: cddf;
363e: cddf;
363f: cddf;
3640: cddf;
3641: cddf;
3642: cddf;
3643: cddf;
3644: cddf;
3645: cddf;
3646: cddf;
3647: cddf;
3648: cddf;
3649: cddf;
364a: cddf;
364b: cddf;
364c: cddf;
364d: cddf;
364e: cddf;
364f: cddf;
3650: cddf;
3651: cddf;
3652: cddf;
3653: cddf;
3654: cddf;
3655: cddf;
3656: cddf;
3657: cddf;
3658: cddf;
3659: cddf;
365a: cddf;
365b: cddf;
365c: cddf;
365d: cddf;
365e: cddf;
365f: cddf;
3660: cddf;
3661: cddf;
3662: cddf;
3663: cddf;
3664: cddf;
3665: cddf;
3666: cddf;
3667: cddf;
3668: cddf;
3669: cddf;
366a: cddf;
366b: cddf;
366c: cddf;
366d: cddf;
366e: cddf;
366f: cddf;
3670: dddf;
3671: dddf;
3672: dddf;
3673: dddf;
3674: dddf;
3675: dddf;
3676: dddf;
3677: dddf;
3678: dddf;
3679: dddf;
367a: dddf;
367b: dddf;
367c: dddf;
367d: dddf;
367e: dddf;
367f: dddf;
3680: dddf;
3681: dddf;
3682: dddf;
3683: dddf;
3684: dddf;
3685: dddf;
3686: dddf;
3687: dddf;
3688: dddf;
3689: dddf;
368a: dddf;
368b: dddf;
368c: dddf;
368d: dddf;
368e: dddf;
368f: dddf;
3690: dddf;
3691: dddf;
3692: dddf;
3693: dddf;
3694: dddf;
3695: dddf;
3696: cccf;
3697: bbbf;
3698: 999f;
3699: 777f;
369a: 666f;
369b: 554f;
369c: 444f;
369d: 444f;
369e: 444f;
369f: 444f;
36a0: 444f;
36a1: 444f;
36a2: 444f;
36a3: 444f;
36a4: 544f;
36a5: 544f;
36a6: 544f;
36a7: 544f;
36a8: 554f;
36a9: 555f;
36aa: 555f;
36ab: 655f;
36ac: 655f;
36ad: 655f;
36ae: 655f;
36af: 655f;
36b0: 665f;
36b1: 665f;
36b2: 666f;
36b3: 665f;
36b4: 665f;
36b5: 666f;
36b6: 666f;
36b7: 666f;
36b8: 665f;
36b9: 665f;
36ba: 665f;
36bb: 665f;
36bc: 666f;
36bd: 666f;
36be: 666f;
36bf: 666f;
36c0: 666f;
36c1: 666f;
36c2: 666f;
36c3: 666f;
36c4: 666f;
36c5: 666f;
36c6: 666f;
36c7: 665f;
36c8: 665f;
36c9: 665f;
36ca: 665f;
36cb: 666f;
36cc: 666f;
36cd: 666f;
36ce: 666f;
36cf: 666f;
36d0: 666f;
36d1: 666f;
36d2: 666f;
36d3: 666f;
36d4: 666f;
36d5: 666f;
36d6: 666f;
36d7: 666f;
36d8: 666f;
36d9: 666f;
36da: 666f;
36db: 666f;
36dc: 666f;
36dd: 666f;
36de: 666f;
36df: 666f;
36e0: 665f;
36e1: 665f;
36e2: 665f;
36e3: 665f;
36e4: 666f;
36e5: 665f;
36e6: 665f;
36e7: 665f;
36e8: 655f;
36e9: 555f;
36ea: 555f;
36eb: 655f;
36ec: 655f;
36ed: 555f;
36ee: 555f;
36ef: 555f;
36f0: 555f;
36f1: 555f;
36f2: 555f;
36f3: 555f;
36f4: 555f;
36f5: 555f;
36f6: 555f;
36f7: 555f;
36f8: 554f;
36f9: 554f;
36fa: 554f;
36fb: 554f;
36fc: 544f;
36fd: 544f;
36fe: 544f;
36ff: 544f;
3700: cddf;
3701: cddf;
3702: cddf;
3703: cddf;
3704: cddf;
3705: cddf;
3706: cddf;
3707: cddf;
3708: cddf;
3709: cddf;
370a: cddf;
370b: cddf;
370c: cddf;
370d: cddf;
370e: cddf;
370f: cddf;
3710: cddf;
3711: cddf;
3712: cddf;
3713: cddf;
3714: cddf;
3715: cddf;
3716: cddf;
3717: cddf;
3718: cddf;
3719: cddf;
371a: cddf;
371b: cddf;
371c: cddf;
371d: cddf;
371e: cddf;
371f: cddf;
3720: cddf;
3721: cddf;
3722: cddf;
3723: cddf;
3724: cddf;
3725: cddf;
3726: cddf;
3727: cddf;
3728: cddf;
3729: cddf;
372a: cddf;
372b: cddf;
372c: cddf;
372d: cddf;
372e: cddf;
372f: cddf;
3730: cddf;
3731: cddf;
3732: cddf;
3733: cddf;
3734: cddf;
3735: cddf;
3736: cddf;
3737: cddf;
3738: cddf;
3739: cddf;
373a: cddf;
373b: cddf;
373c: cddf;
373d: cddf;
373e: cddf;
373f: cddf;
3740: cddf;
3741: cddf;
3742: cddf;
3743: cddf;
3744: cddf;
3745: cddf;
3746: cddf;
3747: cddf;
3748: cddf;
3749: cddf;
374a: cddf;
374b: cddf;
374c: cddf;
374d: cddf;
374e: cddf;
374f: cddf;
3750: cddf;
3751: cddf;
3752: cddf;
3753: cddf;
3754: cddf;
3755: cddf;
3756: cddf;
3757: cddf;
3758: cddf;
3759: cddf;
375a: cddf;
375b: cddf;
375c: cddf;
375d: cddf;
375e: cddf;
375f: cddf;
3760: cddf;
3761: cddf;
3762: cddf;
3763: cddf;
3764: cddf;
3765: cddf;
3766: cddf;
3767: cddf;
3768: cddf;
3769: cddf;
376a: cddf;
376b: cddf;
376c: cddf;
376d: cddf;
376e: cddf;
376f: cddf;
3770: dddf;
3771: dddf;
3772: dddf;
3773: dddf;
3774: dddf;
3775: dddf;
3776: dddf;
3777: dddf;
3778: dddf;
3779: dddf;
377a: dddf;
377b: dddf;
377c: dddf;
377d: dddf;
377e: dddf;
377f: dddf;
3780: dddf;
3781: dddf;
3782: dddf;
3783: dddf;
3784: dddf;
3785: dddf;
3786: dddf;
3787: dddf;
3788: dddf;
3789: dddf;
378a: dddf;
378b: dddf;
378c: dddf;
378d: dddf;
378e: dddf;
378f: dddf;
3790: dddf;
3791: dddf;
3792: dddf;
3793: dddf;
3794: dddf;
3795: dddf;
3796: bbbf;
3797: aaaf;
3798: 888f;
3799: 666f;
379a: 554f;
379b: 444f;
379c: 444f;
379d: 444f;
379e: 554f;
379f: 554f;
37a0: 444f;
37a1: 544f;
37a2: 444f;
37a3: 444f;
37a4: 544f;
37a5: 544f;
37a6: 554f;
37a7: 554f;
37a8: 554f;
37a9: 555f;
37aa: 655f;
37ab: 655f;
37ac: 655f;
37ad: 655f;
37ae: 655f;
37af: 655f;
37b0: 665f;
37b1: 666f;
37b2: 666f;
37b3: 665f;
37b4: 665f;
37b5: 666f;
37b6: 666f;
37b7: 666f;
37b8: 665f;
37b9: 665f;
37ba: 665f;
37bb: 665f;
37bc: 666f;
37bd: 666f;
37be: 666f;
37bf: 666f;
37c0: 666f;
37c1: 666f;
37c2: 666f;
37c3: 666f;
37c4: 666f;
37c5: 666f;
37c6: 666f;
37c7: 665f;
37c8: 665f;
37c9: 665f;
37ca: 665f;
37cb: 666f;
37cc: 666f;
37cd: 666f;
37ce: 666f;
37cf: 666f;
37d0: 666f;
37d1: 666f;
37d2: 666f;
37d3: 666f;
37d4: 666f;
37d5: 666f;
37d6: 666f;
37d7: 666f;
37d8: 666f;
37d9: 666f;
37da: 666f;
37db: 666f;
37dc: 666f;
37dd: 666f;
37de: 666f;
37df: 666f;
37e0: 665f;
37e1: 665f;
37e2: 665f;
37e3: 665f;
37e4: 665f;
37e5: 655f;
37e6: 655f;
37e7: 655f;
37e8: 555f;
37e9: 555f;
37ea: 555f;
37eb: 555f;
37ec: 555f;
37ed: 555f;
37ee: 555f;
37ef: 554f;
37f0: 554f;
37f1: 554f;
37f2: 544f;
37f3: 544f;
37f4: 544f;
37f5: 544f;
37f6: 544f;
37f7: 544f;
37f8: 544f;
37f9: 544f;
37fa: 544f;
37fb: 544f;
37fc: 444f;
37fd: 444f;
37fe: 544f;
37ff: 544f;
3800: cddf;
3801: cddf;
3802: cddf;
3803: cddf;
3804: cddf;
3805: cddf;
3806: cddf;
3807: cddf;
3808: cddf;
3809: cddf;
380a: cddf;
380b: cddf;
380c: cddf;
380d: cddf;
380e: cddf;
380f: cddf;
3810: cddf;
3811: cddf;
3812: cddf;
3813: cddf;
3814: cddf;
3815: cddf;
3816: cddf;
3817: cddf;
3818: cddf;
3819: cddf;
381a: cddf;
381b: cddf;
381c: cddf;
381d: cddf;
381e: cddf;
381f: cddf;
3820: cddf;
3821: cddf;
3822: cddf;
3823: cddf;
3824: cddf;
3825: cddf;
3826: cddf;
3827: cddf;
3828: cddf;
3829: cddf;
382a: cddf;
382b: cddf;
382c: cddf;
382d: cddf;
382e: cddf;
382f: cddf;
3830: cddf;
3831: cddf;
3832: cddf;
3833: cddf;
3834: cddf;
3835: cddf;
3836: cddf;
3837: cddf;
3838: cddf;
3839: cddf;
383a: cddf;
383b: cddf;
383c: cddf;
383d: cddf;
383e: cddf;
383f: cddf;
3840: cddf;
3841: cddf;
3842: cddf;
3843: cddf;
3844: cddf;
3845: cddf;
3846: cddf;
3847: cddf;
3848: cddf;
3849: cddf;
384a: cddf;
384b: cddf;
384c: cddf;
384d: cddf;
384e: cddf;
384f: cddf;
3850: cddf;
3851: cddf;
3852: cddf;
3853: cddf;
3854: cddf;
3855: cddf;
3856: cddf;
3857: cddf;
3858: cddf;
3859: cddf;
385a: cddf;
385b: cddf;
385c: cddf;
385d: cddf;
385e: cddf;
385f: cddf;
3860: cddf;
3861: cddf;
3862: cddf;
3863: cddf;
3864: cddf;
3865: cddf;
3866: cddf;
3867: cddf;
3868: cddf;
3869: cddf;
386a: cddf;
386b: cddf;
386c: cddf;
386d: cddf;
386e: cddf;
386f: cddf;
3870: cddf;
3871: cddf;
3872: cddf;
3873: cddf;
3874: dddf;
3875: dddf;
3876: dddf;
3877: dddf;
3878: dddf;
3879: dddf;
387a: dddf;
387b: dddf;
387c: dddf;
387d: dddf;
387e: dddf;
387f: dddf;
3880: dddf;
3881: dddf;
3882: dddf;
3883: dddf;
3884: cddf;
3885: cddf;
3886: cddf;
3887: cddf;
3888: cddf;
3889: cddf;
388a: cddf;
388b: dddf;
388c: dddf;
388d: dddf;
388e: dddf;
388f: dddf;
3890: dddf;
3891: dddf;
3892: dddf;
3893: dddf;
3894: cdcf;
3895: bcbf;
3896: aa9f;
3897: 888f;
3898: 666f;
3899: 555f;
389a: 444f;
389b: 444f;
389c: 544f;
389d: 554f;
389e: 544f;
389f: 554f;
38a0: 554f;
38a1: 544f;
38a2: 544f;
38a3: 554f;
38a4: 554f;
38a5: 555f;
38a6: 555f;
38a7: 555f;
38a8: 555f;
38a9: 655f;
38aa: 655f;
38ab: 665f;
38ac: 665f;
38ad: 665f;
38ae: 665f;
38af: 665f;
38b0: 666f;
38b1: 666f;
38b2: 666f;
38b3: 666f;
38b4: 666f;
38b5: 666f;
38b6: 666f;
38b7: 666f;
38b8: 666f;
38b9: 666f;
38ba: 666f;
38bb: 666f;
38bc: 666f;
38bd: 666f;
38be: 666f;
38bf: 666f;
38c0: 666f;
38c1: 666f;
38c2: 666f;
38c3: 666f;
38c4: 666f;
38c5: 666f;
38c6: 666f;
38c7: 666f;
38c8: 666f;
38c9: 666f;
38ca: 666f;
38cb: 666f;
38cc: 666f;
38cd: 666f;
38ce: 666f;
38cf: 666f;
38d0: 666f;
38d1: 666f;
38d2: 666f;
38d3: 666f;
38d4: 666f;
38d5: 666f;
38d6: 666f;
38d7: 666f;
38d8: 666f;
38d9: 666f;
38da: 665f;
38db: 655f;
38dc: 665f;
38dd: 665f;
38de: 655f;
38df: 655f;
38e0: 655f;
38e1: 655f;
38e2: 655f;
38e3: 655f;
38e4: 655f;
38e5: 655f;
38e6: 555f;
38e7: 555f;
38e8: 555f;
38e9: 555f;
38ea: 555f;
38eb: 555f;
38ec: 554f;
38ed: 544f;
38ee: 544f;
38ef: 544f;
38f0: 544f;
38f1: 544f;
38f2: 544f;
38f3: 544f;
38f4: 544f;
38f5: 544f;
38f6: 544f;
38f7: 544f;
38f8: 544f;
38f9: 544f;
38fa: 544f;
38fb: 544f;
38fc: 544f;
38fd: 544f;
38fe: 544f;
38ff: 544f;
3900: cddf;
3901: cddf;
3902: cddf;
3903: cddf;
3904: cddf;
3905: cddf;
3906: cddf;
3907: cddf;
3908: cddf;
3909: cddf;
390a: cddf;
390b: cddf;
390c: cddf;
390d: cddf;
390e: cddf;
390f: cddf;
3910: cddf;
3911: cddf;
3912: cddf;
3913: cddf;
3914: cddf;
3915: cddf;
3916: cddf;
3917: cddf;
3918: cddf;
3919: cddf;
391a: cddf;
391b: cddf;
391c: cddf;
391d: cddf;
391e: cddf;
391f: cddf;
3920: cddf;
3921: cddf;
3922: cddf;
3923: cddf;
3924: cddf;
3925: cddf;
3926: cddf;
3927: cddf;
3928: cddf;
3929: cddf;
392a: cddf;
392b: cddf;
392c: cddf;
392d: cddf;
392e: cddf;
392f: cddf;
3930: cddf;
3931: cddf;
3932: cddf;
3933: cddf;
3934: cddf;
3935: cddf;
3936: cddf;
3937: cddf;
3938: cddf;
3939: cddf;
393a: cddf;
393b: cddf;
393c: cddf;
393d: cddf;
393e: cddf;
393f: cddf;
3940: cddf;
3941: cddf;
3942: cddf;
3943: cddf;
3944: cddf;
3945: cddf;
3946: cddf;
3947: cddf;
3948: cddf;
3949: cddf;
394a: cddf;
394b: cddf;
394c: cddf;
394d: cddf;
394e: cddf;
394f: cddf;
3950: cddf;
3951: cddf;
3952: cddf;
3953: cddf;
3954: cddf;
3955: cddf;
3956: cddf;
3957: cddf;
3958: cddf;
3959: cddf;
395a: cddf;
395b: cddf;
395c: cddf;
395d: cddf;
395e: cddf;
395f: cddf;
3960: cddf;
3961: cddf;
3962: cddf;
3963: cddf;
3964: cddf;
3965: cddf;
3966: cddf;
3967: cddf;
3968: cddf;
3969: cddf;
396a: cddf;
396b: cddf;
396c: cddf;
396d: cddf;
396e: cddf;
396f: cddf;
3970: cddf;
3971: cddf;
3972: cddf;
3973: cddf;
3974: dddf;
3975: dddf;
3976: dddf;
3977: dddf;
3978: dddf;
3979: dddf;
397a: dddf;
397b: dddf;
397c: dddf;
397d: dddf;
397e: dddf;
397f: dddf;
3980: dddf;
3981: dddf;
3982: dddf;
3983: dddf;
3984: cddf;
3985: cddf;
3986: cddf;
3987: cddf;
3988: cddf;
3989: cddf;
398a: cddf;
398b: cddf;
398c: dddf;
398d: dddf;
398e: dddf;
398f: cddf;
3990: dddf;
3991: dddf;
3992: dddf;
3993: dddf;
3994: cccf;
3995: aaaf;
3996: 888f;
3997: 666f;
3998: 555f;
3999: 444f;
399a: 444f;
399b: 443f;
399c: 444f;
399d: 544f;
399e: 444f;
399f: 554f;
39a0: 554f;
39a1: 544f;
39a2: 554f;
39a3: 555f;
39a4: 554f;
39a5: 555f;
39a6: 655f;
39a7: 655f;
39a8: 655f;
39a9: 665f;
39aa: 665f;
39ab: 666f;
39ac: 666f;
39ad: 666f;
39ae: 666f;
39af: 666f;
39b0: 666f;
39b1: 666f;
39b2: 666f;
39b3: 666f;
39b4: 666f;
39b5: 666f;
39b6: 666f;
39b7: 666f;
39b8: 666f;
39b9: 666f;
39ba: 666f;
39bb: 666f;
39bc: 666f;
39bd: 666f;
39be: 666f;
39bf: 666f;
39c0: 666f;
39c1: 666f;
39c2: 666f;
39c3: 666f;
39c4: 666f;
39c5: 666f;
39c6: 666f;
39c7: 666f;
39c8: 666f;
39c9: 666f;
39ca: 666f;
39cb: 666f;
39cc: 666f;
39cd: 666f;
39ce: 666f;
39cf: 666f;
39d0: 666f;
39d1: 666f;
39d2: 666f;
39d3: 666f;
39d4: 666f;
39d5: 665f;
39d6: 665f;
39d7: 666f;
39d8: 666f;
39d9: 655f;
39da: 655f;
39db: 655f;
39dc: 555f;
39dd: 555f;
39de: 555f;
39df: 555f;
39e0: 555f;
39e1: 555f;
39e2: 555f;
39e3: 555f;
39e4: 555f;
39e5: 555f;
39e6: 554f;
39e7: 544f;
39e8: 544f;
39e9: 544f;
39ea: 544f;
39eb: 544f;
39ec: 544f;
39ed: 544f;
39ee: 544f;
39ef: 544f;
39f0: 544f;
39f1: 544f;
39f2: 544f;
39f3: 544f;
39f4: 544f;
39f5: 544f;
39f6: 544f;
39f7: 544f;
39f8: 544f;
39f9: 544f;
39fa: 544f;
39fb: 544f;
39fc: 544f;
39fd: 544f;
39fe: 544f;
39ff: 544f;
3a00: cddf;
3a01: cddf;
3a02: cddf;
3a03: cddf;
3a04: cddf;
3a05: cddf;
3a06: cddf;
3a07: cddf;
3a08: cddf;
3a09: cddf;
3a0a: cddf;
3a0b: cddf;
3a0c: cddf;
3a0d: cddf;
3a0e: cddf;
3a0f: cddf;
3a10: cddf;
3a11: cddf;
3a12: cddf;
3a13: cddf;
3a14: cddf;
3a15: cddf;
3a16: cddf;
3a17: cddf;
3a18: cddf;
3a19: cddf;
3a1a: cddf;
3a1b: cddf;
3a1c: cddf;
3a1d: cddf;
3a1e: cddf;
3a1f: cddf;
3a20: cddf;
3a21: cddf;
3a22: cddf;
3a23: cddf;
3a24: cddf;
3a25: cddf;
3a26: cddf;
3a27: cddf;
3a28: cddf;
3a29: cddf;
3a2a: cddf;
3a2b: cddf;
3a2c: cddf;
3a2d: cddf;
3a2e: cddf;
3a2f: cddf;
3a30: cddf;
3a31: cddf;
3a32: cddf;
3a33: cddf;
3a34: cddf;
3a35: cddf;
3a36: cddf;
3a37: cddf;
3a38: cddf;
3a39: cddf;
3a3a: cddf;
3a3b: cddf;
3a3c: cddf;
3a3d: cddf;
3a3e: cddf;
3a3f: cddf;
3a40: cddf;
3a41: cddf;
3a42: cddf;
3a43: cddf;
3a44: cddf;
3a45: cddf;
3a46: cddf;
3a47: cddf;
3a48: cddf;
3a49: cddf;
3a4a: cddf;
3a4b: cddf;
3a4c: cddf;
3a4d: cddf;
3a4e: cddf;
3a4f: cddf;
3a50: cddf;
3a51: cddf;
3a52: cddf;
3a53: cddf;
3a54: cddf;
3a55: cddf;
3a56: cddf;
3a57: cddf;
3a58: cddf;
3a59: cddf;
3a5a: cddf;
3a5b: cddf;
3a5c: cddf;
3a5d: cddf;
3a5e: cddf;
3a5f: cddf;
3a60: cddf;
3a61: cddf;
3a62: cddf;
3a63: cddf;
3a64: cddf;
3a65: cddf;
3a66: cddf;
3a67: cddf;
3a68: cddf;
3a69: cddf;
3a6a: cddf;
3a6b: cddf;
3a6c: cddf;
3a6d: cddf;
3a6e: cddf;
3a6f: cddf;
3a70: dddf;
3a71: dddf;
3a72: dddf;
3a73: dddf;
3a74: dddf;
3a75: dddf;
3a76: dddf;
3a77: dddf;
3a78: dddf;
3a79: dddf;
3a7a: dddf;
3a7b: dddf;
3a7c: dddf;
3a7d: dddf;
3a7e: dddf;
3a7f: dddf;
3a80: dddf;
3a81: dddf;
3a82: dddf;
3a83: dddf;
3a84: cddf;
3a85: cddf;
3a86: cddf;
3a87: cddf;
3a88: cddf;
3a89: cddf;
3a8a: cddf;
3a8b: cddf;
3a8c: dddf;
3a8d: cddf;
3a8e: cddf;
3a8f: cddf;
3a90: dddf;
3a91: dedf;
3a92: dddf;
3a93: cccf;
3a94: aaaf;
3a95: 888f;
3a96: 777f;
3a97: 655f;
3a98: 454f;
3a99: 544f;
3a9a: 444f;
3a9b: 443f;
3a9c: 544f;
3a9d: 554f;
3a9e: 554f;
3a9f: 555f;
3aa0: 555f;
3aa1: 555f;
3aa2: 555f;
3aa3: 655f;
3aa4: 555f;
3aa5: 655f;
3aa6: 655f;
3aa7: 665f;
3aa8: 665f;
3aa9: 665f;
3aaa: 665f;
3aab: 665f;
3aac: 666f;
3aad: 666f;
3aae: 666f;
3aaf: 666f;
3ab0: 666f;
3ab1: 666f;
3ab2: 666f;
3ab3: 666f;
3ab4: 666f;
3ab5: 666f;
3ab6: 666f;
3ab7: 666f;
3ab8: 666f;
3ab9: 666f;
3aba: 666f;
3abb: 666f;
3abc: 666f;
3abd: 666f;
3abe: 666f;
3abf: 666f;
3ac0: 666f;
3ac1: 666f;
3ac2: 666f;
3ac3: 666f;
3ac4: 666f;
3ac5: 666f;
3ac6: 666f;
3ac7: 666f;
3ac8: 666f;
3ac9: 666f;
3aca: 666f;
3acb: 666f;
3acc: 666f;
3acd: 666f;
3ace: 666f;
3acf: 666f;
3ad0: 666f;
3ad1: 666f;
3ad2: 666f;
3ad3: 666f;
3ad4: 666f;
3ad5: 665f;
3ad6: 655f;
3ad7: 665f;
3ad8: 655f;
3ad9: 655f;
3ada: 555f;
3adb: 555f;
3adc: 555f;
3add: 555f;
3ade: 555f;
3adf: 555f;
3ae0: 554f;
3ae1: 554f;
3ae2: 544f;
3ae3: 544f;
3ae4: 544f;
3ae5: 544f;
3ae6: 544f;
3ae7: 544f;
3ae8: 544f;
3ae9: 544f;
3aea: 544f;
3aeb: 544f;
3aec: 544f;
3aed: 544f;
3aee: 544f;
3aef: 544f;
3af0: 544f;
3af1: 544f;
3af2: 544f;
3af3: 544f;
3af4: 544f;
3af5: 544f;
3af6: 544f;
3af7: 544f;
3af8: 544f;
3af9: 544f;
3afa: 544f;
3afb: 544f;
3afc: 544f;
3afd: 544f;
3afe: 544f;
3aff: 544f;
3b00: cddf;
3b01: cddf;
3b02: cddf;
3b03: cddf;
3b04: cddf;
3b05: cddf;
3b06: cddf;
3b07: cddf;
3b08: cddf;
3b09: cddf;
3b0a: cddf;
3b0b: cddf;
3b0c: cddf;
3b0d: cddf;
3b0e: cddf;
3b0f: cddf;
3b10: cddf;
3b11: cddf;
3b12: cddf;
3b13: cddf;
3b14: cddf;
3b15: cddf;
3b16: cddf;
3b17: cddf;
3b18: cddf;
3b19: cddf;
3b1a: cddf;
3b1b: cddf;
3b1c: cddf;
3b1d: cddf;
3b1e: cddf;
3b1f: cddf;
3b20: cddf;
3b21: cddf;
3b22: cddf;
3b23: cddf;
3b24: cddf;
3b25: cddf;
3b26: cddf;
3b27: cddf;
3b28: cddf;
3b29: cddf;
3b2a: cddf;
3b2b: cddf;
3b2c: cddf;
3b2d: cddf;
3b2e: cddf;
3b2f: cddf;
3b30: cddf;
3b31: cddf;
3b32: cddf;
3b33: cddf;
3b34: cddf;
3b35: cddf;
3b36: cddf;
3b37: cddf;
3b38: cddf;
3b39: cddf;
3b3a: cddf;
3b3b: cddf;
3b3c: cddf;
3b3d: cddf;
3b3e: cddf;
3b3f: cddf;
3b40: cddf;
3b41: cddf;
3b42: cddf;
3b43: cddf;
3b44: cddf;
3b45: cddf;
3b46: cddf;
3b47: cddf;
3b48: cddf;
3b49: cddf;
3b4a: cddf;
3b4b: cddf;
3b4c: cddf;
3b4d: cddf;
3b4e: cddf;
3b4f: cddf;
3b50: cddf;
3b51: cddf;
3b52: cddf;
3b53: cddf;
3b54: cddf;
3b55: cddf;
3b56: cddf;
3b57: cddf;
3b58: cddf;
3b59: cddf;
3b5a: cddf;
3b5b: cddf;
3b5c: cddf;
3b5d: cddf;
3b5e: cddf;
3b5f: cddf;
3b60: cddf;
3b61: cddf;
3b62: cddf;
3b63: cddf;
3b64: cddf;
3b65: cddf;
3b66: cddf;
3b67: cddf;
3b68: cddf;
3b69: cddf;
3b6a: cddf;
3b6b: cddf;
3b6c: cddf;
3b6d: cddf;
3b6e: cddf;
3b6f: cddf;
3b70: dddf;
3b71: dddf;
3b72: dddf;
3b73: dddf;
3b74: dddf;
3b75: dddf;
3b76: dddf;
3b77: dddf;
3b78: dddf;
3b79: dddf;
3b7a: dddf;
3b7b: dddf;
3b7c: dddf;
3b7d: dddf;
3b7e: dddf;
3b7f: dddf;
3b80: dddf;
3b81: dddf;
3b82: dddf;
3b83: dddf;
3b84: cddf;
3b85: cddf;
3b86: cddf;
3b87: cddf;
3b88: cddf;
3b89: cddf;
3b8a: cddf;
3b8b: cddf;
3b8c: cddf;
3b8d: cddf;
3b8e: cddf;
3b8f: cddf;
3b90: dddf;
3b91: dddf;
3b92: dddf;
3b93: aaaf;
3b94: 898f;
3b95: 777f;
3b96: 665f;
3b97: 555f;
3b98: 444f;
3b99: 554f;
3b9a: 554f;
3b9b: 444f;
3b9c: 544f;
3b9d: 554f;
3b9e: 554f;
3b9f: 655f;
3ba0: 655f;
3ba1: 655f;
3ba2: 655f;
3ba3: 665f;
3ba4: 665f;
3ba5: 655f;
3ba6: 655f;
3ba7: 655f;
3ba8: 665f;
3ba9: 665f;
3baa: 665f;
3bab: 665f;
3bac: 665f;
3bad: 665f;
3bae: 665f;
3baf: 665f;
3bb0: 666f;
3bb1: 666f;
3bb2: 666f;
3bb3: 666f;
3bb4: 666f;
3bb5: 666f;
3bb6: 666f;
3bb7: 666f;
3bb8: 666f;
3bb9: 666f;
3bba: 666f;
3bbb: 666f;
3bbc: 666f;
3bbd: 666f;
3bbe: 666f;
3bbf: 666f;
3bc0: 666f;
3bc1: 666f;
3bc2: 666f;
3bc3: 666f;
3bc4: 666f;
3bc5: 666f;
3bc6: 666f;
3bc7: 666f;
3bc8: 666f;
3bc9: 666f;
3bca: 666f;
3bcb: 666f;
3bcc: 666f;
3bcd: 666f;
3bce: 666f;
3bcf: 666f;
3bd0: 665f;
3bd1: 665f;
3bd2: 665f;
3bd3: 665f;
3bd4: 666f;
3bd5: 655f;
3bd6: 655f;
3bd7: 655f;
3bd8: 655f;
3bd9: 555f;
3bda: 555f;
3bdb: 555f;
3bdc: 554f;
3bdd: 554f;
3bde: 554f;
3bdf: 554f;
3be0: 544f;
3be1: 544f;
3be2: 544f;
3be3: 544f;
3be4: 544f;
3be5: 544f;
3be6: 544f;
3be7: 544f;
3be8: 544f;
3be9: 544f;
3bea: 544f;
3beb: 544f;
3bec: 544f;
3bed: 544f;
3bee: 544f;
3bef: 544f;
3bf0: 544f;
3bf1: 544f;
3bf2: 544f;
3bf3: 544f;
3bf4: 544f;
3bf5: 544f;
3bf6: 544f;
3bf7: 544f;
3bf8: 544f;
3bf9: 544f;
3bfa: 544f;
3bfb: 544f;
3bfc: 544f;
3bfd: 544f;
3bfe: 544f;
3bff: 544f;
3c00: cddf;
3c01: cddf;
3c02: cddf;
3c03: cddf;
3c04: cddf;
3c05: cddf;
3c06: cddf;
3c07: cddf;
3c08: cddf;
3c09: cddf;
3c0a: cddf;
3c0b: cddf;
3c0c: cddf;
3c0d: cddf;
3c0e: cddf;
3c0f: cddf;
3c10: cddf;
3c11: cddf;
3c12: cddf;
3c13: cddf;
3c14: cddf;
3c15: cddf;
3c16: cddf;
3c17: cddf;
3c18: cddf;
3c19: cddf;
3c1a: cddf;
3c1b: cddf;
3c1c: cddf;
3c1d: cddf;
3c1e: cddf;
3c1f: cddf;
3c20: cddf;
3c21: cddf;
3c22: cddf;
3c23: cddf;
3c24: cddf;
3c25: cddf;
3c26: cddf;
3c27: cddf;
3c28: cddf;
3c29: cddf;
3c2a: cddf;
3c2b: cddf;
3c2c: cddf;
3c2d: cddf;
3c2e: cddf;
3c2f: cddf;
3c30: cddf;
3c31: cddf;
3c32: cddf;
3c33: cddf;
3c34: cddf;
3c35: cddf;
3c36: cddf;
3c37: cddf;
3c38: cddf;
3c39: cddf;
3c3a: cddf;
3c3b: cddf;
3c3c: cddf;
3c3d: cddf;
3c3e: cddf;
3c3f: cddf;
3c40: cddf;
3c41: cddf;
3c42: cddf;
3c43: cddf;
3c44: cddf;
3c45: cddf;
3c46: cddf;
3c47: cddf;
3c48: cddf;
3c49: cddf;
3c4a: cddf;
3c4b: cddf;
3c4c: cddf;
3c4d: cddf;
3c4e: cddf;
3c4f: cddf;
3c50: cddf;
3c51: cddf;
3c52: cddf;
3c53: cddf;
3c54: cddf;
3c55: cddf;
3c56: cddf;
3c57: cddf;
3c58: cddf;
3c59: cddf;
3c5a: cddf;
3c5b: cddf;
3c5c: cddf;
3c5d: cddf;
3c5e: cddf;
3c5f: cddf;
3c60: cddf;
3c61: cddf;
3c62: cddf;
3c63: cddf;
3c64: cddf;
3c65: cddf;
3c66: cddf;
3c67: cddf;
3c68: cddf;
3c69: cddf;
3c6a: cddf;
3c6b: cddf;
3c6c: cddf;
3c6d: cddf;
3c6e: cddf;
3c6f: cddf;
3c70: dddf;
3c71: dddf;
3c72: dddf;
3c73: dddf;
3c74: dddf;
3c75: dddf;
3c76: dddf;
3c77: dddf;
3c78: dddf;
3c79: dddf;
3c7a: dddf;
3c7b: dddf;
3c7c: dddf;
3c7d: dddf;
3c7e: dddf;
3c7f: dddf;
3c80: dddf;
3c81: dddf;
3c82: dddf;
3c83: dddf;
3c84: cddf;
3c85: cddf;
3c86: cddf;
3c87: cddf;
3c88: cddf;
3c89: cddf;
3c8a: cddf;
3c8b: cddf;
3c8c: dddf;
3c8d: cddf;
3c8e: dddf;
3c8f: dddf;
3c90: dddf;
3c91: cddf;
3c92: bbbf;
3c93: 999f;
3c94: 676f;
3c95: 555f;
3c96: 555f;
3c97: 554f;
3c98: 554f;
3c99: 555f;
3c9a: 555f;
3c9b: 554f;
3c9c: 544f;
3c9d: 544f;
3c9e: 554f;
3c9f: 665f;
3ca0: 666f;
3ca1: 666f;
3ca2: 665f;
3ca3: 665f;
3ca4: 665f;
3ca5: 665f;
3ca6: 665f;
3ca7: 665f;
3ca8: 666f;
3ca9: 666f;
3caa: 666f;
3cab: 666f;
3cac: 666f;
3cad: 666f;
3cae: 666f;
3caf: 666f;
3cb0: 666f;
3cb1: 666f;
3cb2: 666f;
3cb3: 666f;
3cb4: 666f;
3cb5: 666f;
3cb6: 666f;
3cb7: 666f;
3cb8: 665f;
3cb9: 665f;
3cba: 665f;
3cbb: 666f;
3cbc: 666f;
3cbd: 666f;
3cbe: 666f;
3cbf: 666f;
3cc0: 666f;
3cc1: 666f;
3cc2: 666f;
3cc3: 666f;
3cc4: 666f;
3cc5: 666f;
3cc6: 666f;
3cc7: 666f;
3cc8: 666f;
3cc9: 666f;
3cca: 666f;
3ccb: 666f;
3ccc: 666f;
3ccd: 666f;
3cce: 666f;
3ccf: 666f;
3cd0: 665f;
3cd1: 555f;
3cd2: 655f;
3cd3: 655f;
3cd4: 655f;
3cd5: 655f;
3cd6: 555f;
3cd7: 555f;
3cd8: 555f;
3cd9: 555f;
3cda: 555f;
3cdb: 554f;
3cdc: 554f;
3cdd: 544f;
3cde: 544f;
3cdf: 544f;
3ce0: 544f;
3ce1: 544f;
3ce2: 544f;
3ce3: 544f;
3ce4: 544f;
3ce5: 544f;
3ce6: 544f;
3ce7: 544f;
3ce8: 544f;
3ce9: 544f;
3cea: 544f;
3ceb: 544f;
3cec: 544f;
3ced: 544f;
3cee: 544f;
3cef: 544f;
3cf0: 544f;
3cf1: 544f;
3cf2: 544f;
3cf3: 544f;
3cf4: 544f;
3cf5: 544f;
3cf6: 544f;
3cf7: 544f;
3cf8: 544f;
3cf9: 544f;
3cfa: 544f;
3cfb: 544f;
3cfc: 544f;
3cfd: 544f;
3cfe: 544f;
3cff: 544f;
3d00: cddf;
3d01: cddf;
3d02: cddf;
3d03: cddf;
3d04: cddf;
3d05: cddf;
3d06: cddf;
3d07: cddf;
3d08: cddf;
3d09: cddf;
3d0a: cddf;
3d0b: cddf;
3d0c: cddf;
3d0d: cddf;
3d0e: cddf;
3d0f: cddf;
3d10: cddf;
3d11: cddf;
3d12: cddf;
3d13: cddf;
3d14: cddf;
3d15: cddf;
3d16: cddf;
3d17: cddf;
3d18: cddf;
3d19: cddf;
3d1a: cddf;
3d1b: cddf;
3d1c: cddf;
3d1d: cddf;
3d1e: cddf;
3d1f: cddf;
3d20: cddf;
3d21: cddf;
3d22: cddf;
3d23: cddf;
3d24: cddf;
3d25: cddf;
3d26: cddf;
3d27: cddf;
3d28: cddf;
3d29: cddf;
3d2a: cddf;
3d2b: cddf;
3d2c: cddf;
3d2d: cddf;
3d2e: cddf;
3d2f: cddf;
3d30: cddf;
3d31: cddf;
3d32: cddf;
3d33: cddf;
3d34: cddf;
3d35: cddf;
3d36: cddf;
3d37: cddf;
3d38: cddf;
3d39: cddf;
3d3a: cddf;
3d3b: cddf;
3d3c: cddf;
3d3d: cddf;
3d3e: cddf;
3d3f: cddf;
3d40: cddf;
3d41: cddf;
3d42: cddf;
3d43: cddf;
3d44: cddf;
3d45: cddf;
3d46: cddf;
3d47: cddf;
3d48: cddf;
3d49: cddf;
3d4a: cddf;
3d4b: cddf;
3d4c: cddf;
3d4d: cddf;
3d4e: cddf;
3d4f: cddf;
3d50: cddf;
3d51: cddf;
3d52: cddf;
3d53: cddf;
3d54: cddf;
3d55: cddf;
3d56: cddf;
3d57: cddf;
3d58: cddf;
3d59: cddf;
3d5a: cddf;
3d5b: cddf;
3d5c: cddf;
3d5d: cddf;
3d5e: cddf;
3d5f: cddf;
3d60: cddf;
3d61: cddf;
3d62: cddf;
3d63: cddf;
3d64: cddf;
3d65: cddf;
3d66: cddf;
3d67: cddf;
3d68: cddf;
3d69: cddf;
3d6a: cddf;
3d6b: cddf;
3d6c: cddf;
3d6d: cddf;
3d6e: cddf;
3d6f: cddf;
3d70: dddf;
3d71: dddf;
3d72: dddf;
3d73: dddf;
3d74: dddf;
3d75: dddf;
3d76: dddf;
3d77: dddf;
3d78: dddf;
3d79: dddf;
3d7a: dddf;
3d7b: dddf;
3d7c: dddf;
3d7d: dddf;
3d7e: dddf;
3d7f: dddf;
3d80: dddf;
3d81: dddf;
3d82: dddf;
3d83: dddf;
3d84: cddf;
3d85: cddf;
3d86: cddf;
3d87: cddf;
3d88: cddf;
3d89: cddf;
3d8a: cddf;
3d8b: cddf;
3d8c: cddf;
3d8d: dddf;
3d8e: dddf;
3d8f: dddf;
3d90: cdcf;
3d91: bbbf;
3d92: 999f;
3d93: 777f;
3d94: 666f;
3d95: 555f;
3d96: 555f;
3d97: 555f;
3d98: 555f;
3d99: 555f;
3d9a: 555f;
3d9b: 655f;
3d9c: 655f;
3d9d: 655f;
3d9e: 655f;
3d9f: 655f;
3da0: 666f;
3da1: 666f;
3da2: 666f;
3da3: 666f;
3da4: 665f;
3da5: 665f;
3da6: 665f;
3da7: 665f;
3da8: 666f;
3da9: 666f;
3daa: 666f;
3dab: 666f;
3dac: 666f;
3dad: 666f;
3dae: 666f;
3daf: 666f;
3db0: 666f;
3db1: 666f;
3db2: 666f;
3db3: 666f;
3db4: 666f;
3db5: 666f;
3db6: 666f;
3db7: 666f;
3db8: 665f;
3db9: 665f;
3dba: 665f;
3dbb: 665f;
3dbc: 666f;
3dbd: 666f;
3dbe: 666f;
3dbf: 666f;
3dc0: 666f;
3dc1: 666f;
3dc2: 666f;
3dc3: 666f;
3dc4: 666f;
3dc5: 666f;
3dc6: 666f;
3dc7: 666f;
3dc8: 666f;
3dc9: 666f;
3dca: 666f;
3dcb: 665f;
3dcc: 665f;
3dcd: 665f;
3dce: 655f;
3dcf: 655f;
3dd0: 655f;
3dd1: 555f;
3dd2: 555f;
3dd3: 555f;
3dd4: 555f;
3dd5: 555f;
3dd6: 555f;
3dd7: 555f;
3dd8: 555f;
3dd9: 554f;
3dda: 544f;
3ddb: 544f;
3ddc: 544f;
3ddd: 544f;
3dde: 544f;
3ddf: 544f;
3de0: 544f;
3de1: 544f;
3de2: 544f;
3de3: 544f;
3de4: 544f;
3de5: 544f;
3de6: 544f;
3de7: 544f;
3de8: 544f;
3de9: 544f;
3dea: 544f;
3deb: 544f;
3dec: 544f;
3ded: 544f;
3dee: 544f;
3def: 544f;
3df0: 544f;
3df1: 544f;
3df2: 544f;
3df3: 544f;
3df4: 544f;
3df5: 544f;
3df6: 544f;
3df7: 544f;
3df8: 544f;
3df9: 544f;
3dfa: 544f;
3dfb: 544f;
3dfc: 544f;
3dfd: 544f;
3dfe: 544f;
3dff: 544f;
3e00: cddf;
3e01: cddf;
3e02: cddf;
3e03: cddf;
3e04: cddf;
3e05: cddf;
3e06: cddf;
3e07: cddf;
3e08: cddf;
3e09: cddf;
3e0a: cddf;
3e0b: cddf;
3e0c: cddf;
3e0d: cddf;
3e0e: cddf;
3e0f: cddf;
3e10: cddf;
3e11: cddf;
3e12: cddf;
3e13: cddf;
3e14: cddf;
3e15: cddf;
3e16: cddf;
3e17: cddf;
3e18: cddf;
3e19: cddf;
3e1a: cddf;
3e1b: cddf;
3e1c: cddf;
3e1d: cddf;
3e1e: cddf;
3e1f: cddf;
3e20: cddf;
3e21: cddf;
3e22: cddf;
3e23: cddf;
3e24: cddf;
3e25: cddf;
3e26: cddf;
3e27: cddf;
3e28: cddf;
3e29: cddf;
3e2a: cddf;
3e2b: cddf;
3e2c: cddf;
3e2d: cddf;
3e2e: cddf;
3e2f: cddf;
3e30: cddf;
3e31: cddf;
3e32: cddf;
3e33: cddf;
3e34: cddf;
3e35: cddf;
3e36: cddf;
3e37: cddf;
3e38: cddf;
3e39: cddf;
3e3a: cddf;
3e3b: cddf;
3e3c: cddf;
3e3d: cddf;
3e3e: cddf;
3e3f: cddf;
3e40: cddf;
3e41: cddf;
3e42: cddf;
3e43: cddf;
3e44: cddf;
3e45: cddf;
3e46: cddf;
3e47: cddf;
3e48: cddf;
3e49: cddf;
3e4a: cddf;
3e4b: cddf;
3e4c: cddf;
3e4d: cddf;
3e4e: cddf;
3e4f: cddf;
3e50: cddf;
3e51: cddf;
3e52: cddf;
3e53: cddf;
3e54: cddf;
3e55: cddf;
3e56: cddf;
3e57: cddf;
3e58: cddf;
3e59: cddf;
3e5a: cddf;
3e5b: cddf;
3e5c: cddf;
3e5d: cddf;
3e5e: cddf;
3e5f: cddf;
3e60: cddf;
3e61: cddf;
3e62: cddf;
3e63: cddf;
3e64: cddf;
3e65: cddf;
3e66: cddf;
3e67: cddf;
3e68: cddf;
3e69: cddf;
3e6a: cddf;
3e6b: cddf;
3e6c: cddf;
3e6d: cddf;
3e6e: cddf;
3e6f: cddf;
3e70: cddf;
3e71: dddf;
3e72: dddf;
3e73: dddf;
3e74: dddf;
3e75: dddf;
3e76: dddf;
3e77: dddf;
3e78: dddf;
3e79: dddf;
3e7a: dddf;
3e7b: dddf;
3e7c: dddf;
3e7d: dddf;
3e7e: dddf;
3e7f: dddf;
3e80: dddf;
3e81: dddf;
3e82: cddf;
3e83: cddf;
3e84: cddf;
3e85: cddf;
3e86: cddf;
3e87: cddf;
3e88: dddf;
3e89: cddf;
3e8a: cddf;
3e8b: cddf;
3e8c: cddf;
3e8d: dddf;
3e8e: dddf;
3e8f: cddf;
3e90: bbbf;
3e91: 999f;
3e92: 777f;
3e93: 666f;
3e94: 565f;
3e95: 665f;
3e96: 666f;
3e97: 666f;
3e98: 665f;
3e99: 555f;
3e9a: 555f;
3e9b: 655f;
3e9c: 665f;
3e9d: 665f;
3e9e: 665f;
3e9f: 655f;
3ea0: 666f;
3ea1: 666f;
3ea2: 666f;
3ea3: 666f;
3ea4: 666f;
3ea5: 666f;
3ea6: 666f;
3ea7: 666f;
3ea8: 666f;
3ea9: 666f;
3eaa: 666f;
3eab: 666f;
3eac: 666f;
3ead: 666f;
3eae: 666f;
3eaf: 666f;
3eb0: 666f;
3eb1: 666f;
3eb2: 666f;
3eb3: 666f;
3eb4: 666f;
3eb5: 666f;
3eb6: 666f;
3eb7: 666f;
3eb8: 666f;
3eb9: 666f;
3eba: 665f;
3ebb: 665f;
3ebc: 665f;
3ebd: 665f;
3ebe: 665f;
3ebf: 665f;
3ec0: 666f;
3ec1: 666f;
3ec2: 666f;
3ec3: 666f;
3ec4: 666f;
3ec5: 666f;
3ec6: 666f;
3ec7: 666f;
3ec8: 666f;
3ec9: 666f;
3eca: 665f;
3ecb: 655f;
3ecc: 655f;
3ecd: 655f;
3ece: 655f;
3ecf: 555f;
3ed0: 555f;
3ed1: 544f;
3ed2: 554f;
3ed3: 555f;
3ed4: 555f;
3ed5: 554f;
3ed6: 554f;
3ed7: 554f;
3ed8: 544f;
3ed9: 544f;
3eda: 544f;
3edb: 544f;
3edc: 544f;
3edd: 544f;
3ede: 544f;
3edf: 544f;
3ee0: 544f;
3ee1: 544f;
3ee2: 544f;
3ee3: 544f;
3ee4: 544f;
3ee5: 544f;
3ee6: 544f;
3ee7: 544f;
3ee8: 544f;
3ee9: 544f;
3eea: 544f;
3eeb: 544f;
3eec: 544f;
3eed: 544f;
3eee: 544f;
3eef: 544f;
3ef0: 544f;
3ef1: 544f;
3ef2: 544f;
3ef3: 544f;
3ef4: 544f;
3ef5: 544f;
3ef6: 544f;
3ef7: 544f;
3ef8: 544f;
3ef9: 544f;
3efa: 544f;
3efb: 544f;
3efc: 544f;
3efd: 544f;
3efe: 544f;
3eff: 544f;
3f00: cddf;
3f01: cddf;
3f02: cddf;
3f03: cddf;
3f04: cddf;
3f05: cddf;
3f06: cddf;
3f07: cddf;
3f08: cddf;
3f09: cddf;
3f0a: cddf;
3f0b: cddf;
3f0c: cddf;
3f0d: cddf;
3f0e: cddf;
3f0f: cddf;
3f10: cddf;
3f11: cddf;
3f12: cddf;
3f13: cddf;
3f14: cddf;
3f15: cddf;
3f16: cddf;
3f17: cddf;
3f18: cddf;
3f19: cddf;
3f1a: cddf;
3f1b: cddf;
3f1c: cddf;
3f1d: cddf;
3f1e: cddf;
3f1f: cddf;
3f20: cddf;
3f21: cddf;
3f22: cddf;
3f23: cddf;
3f24: cddf;
3f25: cddf;
3f26: cddf;
3f27: cddf;
3f28: cddf;
3f29: cddf;
3f2a: cddf;
3f2b: cddf;
3f2c: cddf;
3f2d: cddf;
3f2e: cddf;
3f2f: cddf;
3f30: cddf;
3f31: cddf;
3f32: cddf;
3f33: cddf;
3f34: cddf;
3f35: cddf;
3f36: cddf;
3f37: cddf;
3f38: cddf;
3f39: cddf;
3f3a: cddf;
3f3b: cddf;
3f3c: cddf;
3f3d: cddf;
3f3e: cddf;
3f3f: cddf;
3f40: cddf;
3f41: cddf;
3f42: cddf;
3f43: cddf;
3f44: cddf;
3f45: cddf;
3f46: cddf;
3f47: cddf;
3f48: cddf;
3f49: cddf;
3f4a: cddf;
3f4b: cddf;
3f4c: cddf;
3f4d: cddf;
3f4e: cddf;
3f4f: cddf;
3f50: cddf;
3f51: cddf;
3f52: cddf;
3f53: cddf;
3f54: cddf;
3f55: cddf;
3f56: cddf;
3f57: cddf;
3f58: cddf;
3f59: cddf;
3f5a: cddf;
3f5b: cddf;
3f5c: cddf;
3f5d: cddf;
3f5e: cddf;
3f5f: cddf;
3f60: cddf;
3f61: cddf;
3f62: cddf;
3f63: cddf;
3f64: cddf;
3f65: cddf;
3f66: cddf;
3f67: cddf;
3f68: cddf;
3f69: cddf;
3f6a: cddf;
3f6b: cddf;
3f6c: cddf;
3f6d: cddf;
3f6e: cddf;
3f6f: cddf;
3f70: cddf;
3f71: dddf;
3f72: dddf;
3f73: dddf;
3f74: dddf;
3f75: dddf;
3f76: dddf;
3f77: dddf;
3f78: dddf;
3f79: dddf;
3f7a: dddf;
3f7b: dddf;
3f7c: dddf;
3f7d: dddf;
3f7e: dddf;
3f7f: dddf;
3f80: dddf;
3f81: dddf;
3f82: cddf;
3f83: cddf;
3f84: cddf;
3f85: cddf;
3f86: cddf;
3f87: cddf;
3f88: dddf;
3f89: dddf;
3f8a: cddf;
3f8b: cddf;
3f8c: dddf;
3f8d: cddf;
3f8e: cdcf;
3f8f: bccf;
3f90: 9aaf;
3f91: 788f;
3f92: 666f;
3f93: 555f;
3f94: 555f;
3f95: 665f;
3f96: 665f;
3f97: 666f;
3f98: 666f;
3f99: 665f;
3f9a: 655f;
3f9b: 655f;
3f9c: 665f;
3f9d: 665f;
3f9e: 666f;
3f9f: 666f;
3fa0: 665f;
3fa1: 665f;
3fa2: 665f;
3fa3: 666f;
3fa4: 666f;
3fa5: 666f;
3fa6: 666f;
3fa7: 666f;
3fa8: 666f;
3fa9: 666f;
3faa: 666f;
3fab: 666f;
3fac: 666f;
3fad: 666f;
3fae: 666f;
3faf: 666f;
3fb0: 666f;
3fb1: 666f;
3fb2: 666f;
3fb3: 666f;
3fb4: 666f;
3fb5: 666f;
3fb6: 666f;
3fb7: 666f;
3fb8: 666f;
3fb9: 666f;
3fba: 665f;
3fbb: 665f;
3fbc: 665f;
3fbd: 665f;
3fbe: 665f;
3fbf: 665f;
3fc0: 666f;
3fc1: 666f;
3fc2: 665f;
3fc3: 665f;
3fc4: 665f;
3fc5: 666f;
3fc6: 666f;
3fc7: 666f;
3fc8: 666f;
3fc9: 665f;
3fca: 655f;
3fcb: 655f;
3fcc: 655f;
3fcd: 555f;
3fce: 555f;
3fcf: 555f;
3fd0: 554f;
3fd1: 544f;
3fd2: 544f;
3fd3: 544f;
3fd4: 544f;
3fd5: 544f;
3fd6: 544f;
3fd7: 544f;
3fd8: 544f;
3fd9: 544f;
3fda: 544f;
3fdb: 544f;
3fdc: 544f;
3fdd: 544f;
3fde: 544f;
3fdf: 544f;
3fe0: 544f;
3fe1: 544f;
3fe2: 544f;
3fe3: 544f;
3fe4: 544f;
3fe5: 544f;
3fe6: 544f;
3fe7: 544f;
3fe8: 544f;
3fe9: 544f;
3fea: 544f;
3feb: 544f;
3fec: 544f;
3fed: 544f;
3fee: 544f;
3fef: 544f;
3ff0: 544f;
3ff1: 544f;
3ff2: 544f;
3ff3: 544f;
3ff4: 544f;
3ff5: 544f;
3ff6: 544f;
3ff7: 544f;
3ff8: 544f;
3ff9: 544f;
3ffa: 544f;
3ffb: 544f;
3ffc: 544f;
3ffd: 544f;
3ffe: 544f;
3fff: 544f;
4000: cddf;
4001: cddf;
4002: cddf;
4003: cddf;
4004: cddf;
4005: cddf;
4006: cddf;
4007: cddf;
4008: cddf;
4009: cddf;
400a: cddf;
400b: cddf;
400c: cddf;
400d: cddf;
400e: cddf;
400f: cddf;
4010: cddf;
4011: cddf;
4012: cddf;
4013: cddf;
4014: cddf;
4015: cddf;
4016: cddf;
4017: cddf;
4018: cddf;
4019: cddf;
401a: cddf;
401b: cddf;
401c: cddf;
401d: cddf;
401e: cddf;
401f: cddf;
4020: cddf;
4021: cddf;
4022: cddf;
4023: cddf;
4024: cddf;
4025: cddf;
4026: cddf;
4027: cddf;
4028: cddf;
4029: cddf;
402a: cddf;
402b: cddf;
402c: cddf;
402d: cddf;
402e: cddf;
402f: cddf;
4030: cddf;
4031: cddf;
4032: cddf;
4033: cddf;
4034: cddf;
4035: cddf;
4036: cddf;
4037: cddf;
4038: cddf;
4039: cddf;
403a: cddf;
403b: cddf;
403c: cddf;
403d: cddf;
403e: cddf;
403f: cddf;
4040: cddf;
4041: cddf;
4042: cddf;
4043: cddf;
4044: cddf;
4045: cddf;
4046: cddf;
4047: cddf;
4048: cddf;
4049: cddf;
404a: cddf;
404b: cddf;
404c: cddf;
404d: cddf;
404e: cddf;
404f: cddf;
4050: cddf;
4051: cddf;
4052: cddf;
4053: cddf;
4054: cddf;
4055: cddf;
4056: cddf;
4057: cddf;
4058: cddf;
4059: cddf;
405a: cddf;
405b: cddf;
405c: cddf;
405d: cddf;
405e: cddf;
405f: cddf;
4060: cddf;
4061: cddf;
4062: cddf;
4063: cddf;
4064: cddf;
4065: cddf;
4066: cddf;
4067: cddf;
4068: cddf;
4069: cddf;
406a: cddf;
406b: cddf;
406c: cddf;
406d: cddf;
406e: cddf;
406f: cddf;
4070: cddf;
4071: cddf;
4072: dddf;
4073: dddf;
4074: dddf;
4075: dddf;
4076: dddf;
4077: dddf;
4078: dddf;
4079: dddf;
407a: dddf;
407b: dddf;
407c: dddf;
407d: dddf;
407e: dddf;
407f: dddf;
4080: dddf;
4081: cddf;
4082: cddf;
4083: cddf;
4084: cddf;
4085: cddf;
4086: cddf;
4087: cddf;
4088: dddf;
4089: dddf;
408a: cddf;
408b: cddf;
408c: cddf;
408d: cdcf;
408e: bcbf;
408f: 9a9f;
4090: 888f;
4091: 666f;
4092: 555f;
4093: 555f;
4094: 655f;
4095: 666f;
4096: 666f;
4097: 665f;
4098: 666f;
4099: 666f;
409a: 665f;
409b: 655f;
409c: 665f;
409d: 666f;
409e: 666f;
409f: 666f;
40a0: 666f;
40a1: 666f;
40a2: 666f;
40a3: 666f;
40a4: 666f;
40a5: 666f;
40a6: 665f;
40a7: 665f;
40a8: 665f;
40a9: 665f;
40aa: 665f;
40ab: 665f;
40ac: 665f;
40ad: 665f;
40ae: 665f;
40af: 665f;
40b0: 666f;
40b1: 666f;
40b2: 666f;
40b3: 666f;
40b4: 666f;
40b5: 666f;
40b6: 666f;
40b7: 666f;
40b8: 666f;
40b9: 666f;
40ba: 665f;
40bb: 665f;
40bc: 665f;
40bd: 665f;
40be: 665f;
40bf: 665f;
40c0: 666f;
40c1: 666f;
40c2: 665f;
40c3: 655f;
40c4: 665f;
40c5: 665f;
40c6: 665f;
40c7: 666f;
40c8: 655f;
40c9: 655f;
40ca: 655f;
40cb: 555f;
40cc: 555f;
40cd: 554f;
40ce: 554f;
40cf: 544f;
40d0: 544f;
40d1: 544f;
40d2: 544f;
40d3: 544f;
40d4: 544f;
40d5: 544f;
40d6: 544f;
40d7: 544f;
40d8: 544f;
40d9: 544f;
40da: 544f;
40db: 544f;
40dc: 544f;
40dd: 544f;
40de: 544f;
40df: 544f;
40e0: 544f;
40e1: 544f;
40e2: 544f;
40e3: 544f;
40e4: 544f;
40e5: 544f;
40e6: 544f;
40e7: 544f;
40e8: 544f;
40e9: 544f;
40ea: 544f;
40eb: 544f;
40ec: 544f;
40ed: 544f;
40ee: 544f;
40ef: 544f;
40f0: 544f;
40f1: 544f;
40f2: 544f;
40f3: 544f;
40f4: 544f;
40f5: 544f;
40f6: 544f;
40f7: 544f;
40f8: 544f;
40f9: 544f;
40fa: 544f;
40fb: 544f;
40fc: 544f;
40fd: 544f;
40fe: 544f;
40ff: 544f;
4100: cddf;
4101: cddf;
4102: cddf;
4103: cddf;
4104: cddf;
4105: cddf;
4106: cddf;
4107: cddf;
4108: cddf;
4109: cddf;
410a: cddf;
410b: cddf;
410c: cddf;
410d: cddf;
410e: cddf;
410f: cddf;
4110: cddf;
4111: cddf;
4112: cddf;
4113: cddf;
4114: cddf;
4115: cddf;
4116: cddf;
4117: cddf;
4118: cddf;
4119: cddf;
411a: cddf;
411b: cddf;
411c: cddf;
411d: cddf;
411e: cddf;
411f: cddf;
4120: cddf;
4121: cddf;
4122: cddf;
4123: cddf;
4124: cddf;
4125: cddf;
4126: cddf;
4127: cddf;
4128: cddf;
4129: cddf;
412a: cddf;
412b: cddf;
412c: cddf;
412d: cddf;
412e: cddf;
412f: cddf;
4130: cddf;
4131: cddf;
4132: cddf;
4133: cddf;
4134: cddf;
4135: cddf;
4136: cddf;
4137: cddf;
4138: cddf;
4139: cddf;
413a: cddf;
413b: cddf;
413c: cddf;
413d: cddf;
413e: cddf;
413f: cddf;
4140: cddf;
4141: cddf;
4142: cddf;
4143: cddf;
4144: cddf;
4145: cddf;
4146: cddf;
4147: cddf;
4148: cddf;
4149: cddf;
414a: cddf;
414b: cddf;
414c: cddf;
414d: cddf;
414e: cddf;
414f: cddf;
4150: cddf;
4151: cddf;
4152: cddf;
4153: cddf;
4154: cddf;
4155: cddf;
4156: cddf;
4157: cddf;
4158: cddf;
4159: cddf;
415a: cddf;
415b: cddf;
415c: cddf;
415d: cddf;
415e: cddf;
415f: cddf;
4160: cddf;
4161: cddf;
4162: cddf;
4163: cddf;
4164: cddf;
4165: cddf;
4166: cddf;
4167: cddf;
4168: cddf;
4169: cddf;
416a: cddf;
416b: cddf;
416c: cddf;
416d: cddf;
416e: cddf;
416f: cddf;
4170: cddf;
4171: cddf;
4172: cddf;
4173: dddf;
4174: dddf;
4175: dddf;
4176: dddf;
4177: dddf;
4178: dddf;
4179: dddf;
417a: dddf;
417b: dddf;
417c: dddf;
417d: dddf;
417e: dddf;
417f: dddf;
4180: dddf;
4181: cddf;
4182: cddf;
4183: cddf;
4184: cddf;
4185: cddf;
4186: cddf;
4187: cddf;
4188: dddf;
4189: dddf;
418a: cddf;
418b: cddf;
418c: cdcf;
418d: bccf;
418e: aaaf;
418f: 788f;
4190: 666f;
4191: 555f;
4192: 555f;
4193: 655f;
4194: 666f;
4195: 666f;
4196: 666f;
4197: 666f;
4198: 666f;
4199: 666f;
419a: 666f;
419b: 666f;
419c: 666f;
419d: 666f;
419e: 666f;
419f: 665f;
41a0: 666f;
41a1: 666f;
41a2: 666f;
41a3: 666f;
41a4: 666f;
41a5: 666f;
41a6: 665f;
41a7: 665f;
41a8: 665f;
41a9: 665f;
41aa: 665f;
41ab: 665f;
41ac: 665f;
41ad: 665f;
41ae: 665f;
41af: 665f;
41b0: 666f;
41b1: 666f;
41b2: 666f;
41b3: 666f;
41b4: 666f;
41b5: 666f;
41b6: 666f;
41b7: 666f;
41b8: 666f;
41b9: 666f;
41ba: 666f;
41bb: 665f;
41bc: 665f;
41bd: 665f;
41be: 665f;
41bf: 655f;
41c0: 665f;
41c1: 665f;
41c2: 655f;
41c3: 655f;
41c4: 655f;
41c5: 655f;
41c6: 655f;
41c7: 655f;
41c8: 655f;
41c9: 555f;
41ca: 555f;
41cb: 555f;
41cc: 554f;
41cd: 544f;
41ce: 544f;
41cf: 544f;
41d0: 544f;
41d1: 544f;
41d2: 544f;
41d3: 544f;
41d4: 544f;
41d5: 544f;
41d6: 544f;
41d7: 544f;
41d8: 544f;
41d9: 544f;
41da: 544f;
41db: 544f;
41dc: 544f;
41dd: 544f;
41de: 544f;
41df: 544f;
41e0: 544f;
41e1: 544f;
41e2: 544f;
41e3: 544f;
41e4: 544f;
41e5: 544f;
41e6: 544f;
41e7: 544f;
41e8: 544f;
41e9: 544f;
41ea: 544f;
41eb: 544f;
41ec: 544f;
41ed: 544f;
41ee: 544f;
41ef: 544f;
41f0: 544f;
41f1: 544f;
41f2: 544f;
41f3: 544f;
41f4: 544f;
41f5: 544f;
41f6: 544f;
41f7: 544f;
41f8: 544f;
41f9: 544f;
41fa: 544f;
41fb: 544f;
41fc: 544f;
41fd: 544f;
41fe: 544f;
41ff: 544f;
4200: cddf;
4201: cddf;
4202: cddf;
4203: cddf;
4204: cddf;
4205: cddf;
4206: cddf;
4207: cddf;
4208: cddf;
4209: cddf;
420a: cddf;
420b: cddf;
420c: cddf;
420d: cddf;
420e: cddf;
420f: cddf;
4210: cddf;
4211: cddf;
4212: cddf;
4213: cddf;
4214: cddf;
4215: cddf;
4216: cddf;
4217: cddf;
4218: cddf;
4219: cddf;
421a: cddf;
421b: cddf;
421c: cddf;
421d: cddf;
421e: cddf;
421f: cddf;
4220: cddf;
4221: cddf;
4222: cddf;
4223: cddf;
4224: cddf;
4225: cddf;
4226: cddf;
4227: cddf;
4228: cddf;
4229: cddf;
422a: cddf;
422b: cddf;
422c: cddf;
422d: cddf;
422e: cddf;
422f: cddf;
4230: cddf;
4231: cddf;
4232: cddf;
4233: cddf;
4234: cddf;
4235: cddf;
4236: cddf;
4237: cddf;
4238: cddf;
4239: cddf;
423a: cddf;
423b: cddf;
423c: cddf;
423d: cddf;
423e: cddf;
423f: cddf;
4240: cddf;
4241: cddf;
4242: cddf;
4243: cddf;
4244: cddf;
4245: cddf;
4246: cddf;
4247: cddf;
4248: cddf;
4249: cddf;
424a: cddf;
424b: cddf;
424c: cddf;
424d: cddf;
424e: cddf;
424f: cddf;
4250: cddf;
4251: cddf;
4252: cddf;
4253: cddf;
4254: cddf;
4255: cddf;
4256: cddf;
4257: cddf;
4258: cddf;
4259: cddf;
425a: cddf;
425b: cddf;
425c: cddf;
425d: cddf;
425e: cddf;
425f: cddf;
4260: cddf;
4261: cddf;
4262: cddf;
4263: cddf;
4264: cddf;
4265: cddf;
4266: cddf;
4267: cddf;
4268: cddf;
4269: cddf;
426a: cddf;
426b: cddf;
426c: cddf;
426d: cddf;
426e: cddf;
426f: cddf;
4270: cddf;
4271: cddf;
4272: cddf;
4273: dddf;
4274: dddf;
4275: dddf;
4276: dddf;
4277: dddf;
4278: dddf;
4279: dddf;
427a: dddf;
427b: dddf;
427c: dddf;
427d: dddf;
427e: dddf;
427f: dddf;
4280: dddf;
4281: cddf;
4282: cddf;
4283: cddf;
4284: cddf;
4285: cddf;
4286: cddf;
4287: cddf;
4288: dddf;
4289: dddf;
428a: dddf;
428b: cddf;
428c: cccf;
428d: abaf;
428e: 888f;
428f: 666f;
4290: 555f;
4291: 555f;
4292: 555f;
4293: 665f;
4294: 666f;
4295: 666f;
4296: 666f;
4297: 666f;
4298: 666f;
4299: 666f;
429a: 666f;
429b: 766f;
429c: 666f;
429d: 666f;
429e: 666f;
429f: 665f;
42a0: 666f;
42a1: 666f;
42a2: 666f;
42a3: 666f;
42a4: 666f;
42a5: 666f;
42a6: 665f;
42a7: 665f;
42a8: 665f;
42a9: 665f;
42aa: 665f;
42ab: 665f;
42ac: 665f;
42ad: 665f;
42ae: 665f;
42af: 665f;
42b0: 666f;
42b1: 666f;
42b2: 666f;
42b3: 666f;
42b4: 666f;
42b5: 666f;
42b6: 666f;
42b7: 666f;
42b8: 666f;
42b9: 666f;
42ba: 666f;
42bb: 665f;
42bc: 665f;
42bd: 655f;
42be: 655f;
42bf: 655f;
42c0: 665f;
42c1: 665f;
42c2: 655f;
42c3: 655f;
42c4: 555f;
42c5: 555f;
42c6: 555f;
42c7: 555f;
42c8: 554f;
42c9: 554f;
42ca: 544f;
42cb: 554f;
42cc: 544f;
42cd: 544f;
42ce: 544f;
42cf: 544f;
42d0: 544f;
42d1: 544f;
42d2: 544f;
42d3: 544f;
42d4: 544f;
42d5: 544f;
42d6: 544f;
42d7: 544f;
42d8: 544f;
42d9: 544f;
42da: 544f;
42db: 544f;
42dc: 544f;
42dd: 544f;
42de: 544f;
42df: 544f;
42e0: 544f;
42e1: 544f;
42e2: 544f;
42e3: 544f;
42e4: 544f;
42e5: 544f;
42e6: 544f;
42e7: 544f;
42e8: 544f;
42e9: 544f;
42ea: 544f;
42eb: 544f;
42ec: 544f;
42ed: 544f;
42ee: 544f;
42ef: 544f;
42f0: 544f;
42f1: 544f;
42f2: 544f;
42f3: 544f;
42f4: 544f;
42f5: 544f;
42f6: 544f;
42f7: 544f;
42f8: 544f;
42f9: 544f;
42fa: 544f;
42fb: 544f;
42fc: 544f;
42fd: 544f;
42fe: 544f;
42ff: 544f;
4300: cddf;
4301: cddf;
4302: cddf;
4303: cddf;
4304: cddf;
4305: cddf;
4306: cddf;
4307: cddf;
4308: cddf;
4309: cddf;
430a: cddf;
430b: cddf;
430c: cddf;
430d: cddf;
430e: cddf;
430f: cddf;
4310: cddf;
4311: cddf;
4312: cddf;
4313: cddf;
4314: cddf;
4315: cddf;
4316: cddf;
4317: cddf;
4318: cddf;
4319: cddf;
431a: cddf;
431b: cddf;
431c: cddf;
431d: cddf;
431e: cddf;
431f: cddf;
4320: cddf;
4321: cddf;
4322: cddf;
4323: cddf;
4324: cddf;
4325: cddf;
4326: cddf;
4327: cddf;
4328: cddf;
4329: cddf;
432a: cddf;
432b: cddf;
432c: cddf;
432d: cddf;
432e: cddf;
432f: cddf;
4330: cddf;
4331: cddf;
4332: cddf;
4333: cddf;
4334: cddf;
4335: cddf;
4336: cddf;
4337: cddf;
4338: cddf;
4339: cddf;
433a: cddf;
433b: cddf;
433c: cddf;
433d: cddf;
433e: cddf;
433f: cddf;
4340: cddf;
4341: cddf;
4342: cddf;
4343: cddf;
4344: cddf;
4345: cddf;
4346: cddf;
4347: cddf;
4348: cddf;
4349: cddf;
434a: cddf;
434b: cddf;
434c: cddf;
434d: cddf;
434e: cddf;
434f: cddf;
4350: cddf;
4351: cddf;
4352: cddf;
4353: cddf;
4354: cddf;
4355: cddf;
4356: cddf;
4357: cddf;
4358: cddf;
4359: cddf;
435a: cddf;
435b: cddf;
435c: cddf;
435d: cddf;
435e: cddf;
435f: cddf;
4360: cddf;
4361: cddf;
4362: cddf;
4363: cddf;
4364: cddf;
4365: cddf;
4366: cddf;
4367: cddf;
4368: cddf;
4369: cddf;
436a: cddf;
436b: cddf;
436c: cddf;
436d: cddf;
436e: cddf;
436f: cddf;
4370: cddf;
4371: cddf;
4372: cddf;
4373: cddf;
4374: dddf;
4375: dddf;
4376: dddf;
4377: dddf;
4378: dddf;
4379: dddf;
437a: dddf;
437b: dddf;
437c: dddf;
437d: dddf;
437e: dddf;
437f: dddf;
4380: dddf;
4381: cddf;
4382: cddf;
4383: cddf;
4384: cddf;
4385: cddf;
4386: cddf;
4387: cddf;
4388: dddf;
4389: dddf;
438a: dddf;
438b: cdcf;
438c: abbf;
438d: 999f;
438e: 677f;
438f: 555f;
4390: 555f;
4391: 555f;
4392: 565f;
4393: 666f;
4394: 666f;
4395: 666f;
4396: 666f;
4397: 666f;
4398: 666f;
4399: 666f;
439a: 665f;
439b: 665f;
439c: 666f;
439d: 666f;
439e: 665f;
439f: 665f;
43a0: 666f;
43a1: 666f;
43a2: 666f;
43a3: 666f;
43a4: 666f;
43a5: 666f;
43a6: 665f;
43a7: 665f;
43a8: 665f;
43a9: 665f;
43aa: 665f;
43ab: 665f;
43ac: 665f;
43ad: 665f;
43ae: 665f;
43af: 665f;
43b0: 666f;
43b1: 666f;
43b2: 666f;
43b3: 666f;
43b4: 666f;
43b5: 666f;
43b6: 666f;
43b7: 666f;
43b8: 666f;
43b9: 666f;
43ba: 666f;
43bb: 666f;
43bc: 665f;
43bd: 655f;
43be: 655f;
43bf: 655f;
43c0: 655f;
43c1: 655f;
43c2: 655f;
43c3: 555f;
43c4: 555f;
43c5: 554f;
43c6: 544f;
43c7: 544f;
43c8: 544f;
43c9: 544f;
43ca: 544f;
43cb: 544f;
43cc: 544f;
43cd: 544f;
43ce: 544f;
43cf: 544f;
43d0: 544f;
43d1: 544f;
43d2: 544f;
43d3: 544f;
43d4: 544f;
43d5: 544f;
43d6: 544f;
43d7: 544f;
43d8: 544f;
43d9: 544f;
43da: 544f;
43db: 544f;
43dc: 544f;
43dd: 544f;
43de: 544f;
43df: 544f;
43e0: 544f;
43e1: 544f;
43e2: 544f;
43e3: 544f;
43e4: 544f;
43e5: 544f;
43e6: 544f;
43e7: 544f;
43e8: 544f;
43e9: 544f;
43ea: 544f;
43eb: 544f;
43ec: 544f;
43ed: 544f;
43ee: 544f;
43ef: 544f;
43f0: 544f;
43f1: 544f;
43f2: 544f;
43f3: 544f;
43f4: 544f;
43f5: 544f;
43f6: 544f;
43f7: 544f;
43f8: 544f;
43f9: 544f;
43fa: 544f;
43fb: 544f;
43fc: 544f;
43fd: 544f;
43fe: 544f;
43ff: 544f;
4400: cddf;
4401: cddf;
4402: cddf;
4403: cddf;
4404: cddf;
4405: cddf;
4406: cddf;
4407: cddf;
4408: cddf;
4409: cddf;
440a: cddf;
440b: cddf;
440c: cddf;
440d: cddf;
440e: cddf;
440f: cddf;
4410: cddf;
4411: cddf;
4412: cddf;
4413: cddf;
4414: cddf;
4415: cddf;
4416: cddf;
4417: cddf;
4418: cddf;
4419: cddf;
441a: cddf;
441b: cddf;
441c: cddf;
441d: cddf;
441e: cddf;
441f: cddf;
4420: cddf;
4421: cddf;
4422: cddf;
4423: cddf;
4424: cddf;
4425: cddf;
4426: cddf;
4427: cddf;
4428: cddf;
4429: cddf;
442a: cddf;
442b: cddf;
442c: cddf;
442d: cddf;
442e: cddf;
442f: cddf;
4430: cddf;
4431: cddf;
4432: cddf;
4433: cddf;
4434: cddf;
4435: cddf;
4436: cddf;
4437: cddf;
4438: cddf;
4439: cddf;
443a: cddf;
443b: cddf;
443c: cddf;
443d: cddf;
443e: cddf;
443f: cddf;
4440: cddf;
4441: cddf;
4442: cddf;
4443: cddf;
4444: cddf;
4445: cddf;
4446: cddf;
4447: cddf;
4448: cddf;
4449: cddf;
444a: cddf;
444b: cddf;
444c: cddf;
444d: cddf;
444e: cddf;
444f: cddf;
4450: cddf;
4451: cddf;
4452: cddf;
4453: cddf;
4454: cddf;
4455: cddf;
4456: cddf;
4457: cddf;
4458: cddf;
4459: cddf;
445a: cddf;
445b: cddf;
445c: cddf;
445d: cddf;
445e: cddf;
445f: cddf;
4460: cddf;
4461: cddf;
4462: cddf;
4463: cddf;
4464: cddf;
4465: cddf;
4466: cddf;
4467: cddf;
4468: cddf;
4469: cddf;
446a: cddf;
446b: cddf;
446c: cddf;
446d: cddf;
446e: cddf;
446f: cddf;
4470: cddf;
4471: cddf;
4472: cddf;
4473: cddf;
4474: cddf;
4475: cddf;
4476: cddf;
4477: cddf;
4478: dddf;
4479: dddf;
447a: dddf;
447b: dddf;
447c: dddf;
447d: dddf;
447e: dddf;
447f: dddf;
4480: cddf;
4481: cddf;
4482: cddf;
4483: cddf;
4484: cddf;
4485: dddf;
4486: dddf;
4487: dddf;
4488: dddf;
4489: cddf;
448a: cddf;
448b: bcbf;
448c: 9a9f;
448d: 777f;
448e: 666f;
448f: 555f;
4490: 555f;
4491: 666f;
4492: 666f;
4493: 665f;
4494: 666f;
4495: 666f;
4496: 666f;
4497: 666f;
4498: 666f;
4499: 665f;
449a: 655f;
449b: 665f;
449c: 665f;
449d: 666f;
449e: 665f;
449f: 665f;
44a0: 666f;
44a1: 666f;
44a2: 666f;
44a3: 666f;
44a4: 666f;
44a5: 666f;
44a6: 666f;
44a7: 666f;
44a8: 666f;
44a9: 666f;
44aa: 666f;
44ab: 666f;
44ac: 666f;
44ad: 666f;
44ae: 666f;
44af: 666f;
44b0: 666f;
44b1: 666f;
44b2: 666f;
44b3: 666f;
44b4: 666f;
44b5: 666f;
44b6: 666f;
44b7: 666f;
44b8: 666f;
44b9: 666f;
44ba: 666f;
44bb: 665f;
44bc: 655f;
44bd: 655f;
44be: 655f;
44bf: 655f;
44c0: 655f;
44c1: 655f;
44c2: 555f;
44c3: 555f;
44c4: 555f;
44c5: 544f;
44c6: 544f;
44c7: 544f;
44c8: 544f;
44c9: 544f;
44ca: 544f;
44cb: 544f;
44cc: 544f;
44cd: 544f;
44ce: 544f;
44cf: 544f;
44d0: 544f;
44d1: 544f;
44d2: 544f;
44d3: 544f;
44d4: 544f;
44d5: 544f;
44d6: 544f;
44d7: 544f;
44d8: 544f;
44d9: 544f;
44da: 544f;
44db: 544f;
44dc: 544f;
44dd: 544f;
44de: 544f;
44df: 544f;
44e0: 544f;
44e1: 544f;
44e2: 544f;
44e3: 544f;
44e4: 544f;
44e5: 544f;
44e6: 544f;
44e7: 544f;
44e8: 544f;
44e9: 544f;
44ea: 544f;
44eb: 544f;
44ec: 544f;
44ed: 544f;
44ee: 544f;
44ef: 544f;
44f0: 544f;
44f1: 544f;
44f2: 544f;
44f3: 544f;
44f4: 544f;
44f5: 544f;
44f6: 544f;
44f7: 544f;
44f8: 544f;
44f9: 544f;
44fa: 544f;
44fb: 544f;
44fc: 544f;
44fd: 544f;
44fe: 544f;
44ff: 544f;
4500: cddf;
4501: cddf;
4502: cddf;
4503: cddf;
4504: cddf;
4505: cddf;
4506: cddf;
4507: cddf;
4508: cddf;
4509: cddf;
450a: cddf;
450b: cddf;
450c: cddf;
450d: cddf;
450e: cddf;
450f: cddf;
4510: cddf;
4511: cddf;
4512: cddf;
4513: cddf;
4514: cddf;
4515: cddf;
4516: cddf;
4517: cddf;
4518: cddf;
4519: cddf;
451a: cddf;
451b: cddf;
451c: cddf;
451d: cddf;
451e: cddf;
451f: cddf;
4520: cddf;
4521: cddf;
4522: cddf;
4523: cddf;
4524: cddf;
4525: cddf;
4526: cddf;
4527: cddf;
4528: cddf;
4529: cddf;
452a: cddf;
452b: cddf;
452c: cddf;
452d: cddf;
452e: cddf;
452f: cddf;
4530: cddf;
4531: cddf;
4532: cddf;
4533: cddf;
4534: cddf;
4535: cddf;
4536: cddf;
4537: cddf;
4538: cddf;
4539: cddf;
453a: cddf;
453b: cddf;
453c: cddf;
453d: cddf;
453e: cddf;
453f: cddf;
4540: cddf;
4541: cddf;
4542: cddf;
4543: cddf;
4544: cddf;
4545: cddf;
4546: cddf;
4547: cddf;
4548: cddf;
4549: cddf;
454a: cddf;
454b: cddf;
454c: cddf;
454d: cddf;
454e: cddf;
454f: cddf;
4550: cddf;
4551: cddf;
4552: cddf;
4553: cddf;
4554: cddf;
4555: cddf;
4556: cddf;
4557: cddf;
4558: cddf;
4559: cddf;
455a: cddf;
455b: cddf;
455c: cddf;
455d: cddf;
455e: cddf;
455f: cddf;
4560: cddf;
4561: cddf;
4562: cddf;
4563: cddf;
4564: cddf;
4565: cddf;
4566: cddf;
4567: cddf;
4568: cddf;
4569: cddf;
456a: cddf;
456b: cddf;
456c: cddf;
456d: cddf;
456e: cddf;
456f: cddf;
4570: cddf;
4571: cddf;
4572: cddf;
4573: cddf;
4574: cddf;
4575: cddf;
4576: cddf;
4577: cddf;
4578: dddf;
4579: dddf;
457a: dddf;
457b: dddf;
457c: dddf;
457d: dddf;
457e: dddf;
457f: dddf;
4580: cddf;
4581: cddf;
4582: cddf;
4583: cddf;
4584: cddf;
4585: dddf;
4586: dddf;
4587: dddf;
4588: dddf;
4589: cccf;
458a: bbbf;
458b: 999f;
458c: 777f;
458d: 666f;
458e: 565f;
458f: 666f;
4590: 666f;
4591: 666f;
4592: 666f;
4593: 665f;
4594: 666f;
4595: 666f;
4596: 666f;
4597: 666f;
4598: 666f;
4599: 666f;
459a: 665f;
459b: 665f;
459c: 665f;
459d: 666f;
459e: 665f;
459f: 665f;
45a0: 666f;
45a1: 666f;
45a2: 666f;
45a3: 666f;
45a4: 666f;
45a5: 666f;
45a6: 666f;
45a7: 666f;
45a8: 666f;
45a9: 666f;
45aa: 666f;
45ab: 666f;
45ac: 666f;
45ad: 666f;
45ae: 666f;
45af: 666f;
45b0: 666f;
45b1: 666f;
45b2: 666f;
45b3: 666f;
45b4: 666f;
45b5: 666f;
45b6: 666f;
45b7: 666f;
45b8: 666f;
45b9: 666f;
45ba: 665f;
45bb: 655f;
45bc: 555f;
45bd: 555f;
45be: 555f;
45bf: 555f;
45c0: 554f;
45c1: 544f;
45c2: 544f;
45c3: 554f;
45c4: 544f;
45c5: 544f;
45c6: 544f;
45c7: 544f;
45c8: 544f;
45c9: 544f;
45ca: 544f;
45cb: 544f;
45cc: 544f;
45cd: 544f;
45ce: 544f;
45cf: 544f;
45d0: 544f;
45d1: 544f;
45d2: 544f;
45d3: 544f;
45d4: 544f;
45d5: 544f;
45d6: 544f;
45d7: 544f;
45d8: 544f;
45d9: 544f;
45da: 544f;
45db: 544f;
45dc: 544f;
45dd: 544f;
45de: 544f;
45df: 544f;
45e0: 544f;
45e1: 544f;
45e2: 544f;
45e3: 544f;
45e4: 544f;
45e5: 544f;
45e6: 544f;
45e7: 544f;
45e8: 544f;
45e9: 544f;
45ea: 544f;
45eb: 544f;
45ec: 544f;
45ed: 544f;
45ee: 544f;
45ef: 544f;
45f0: 544f;
45f1: 544f;
45f2: 544f;
45f3: 544f;
45f4: 544f;
45f5: 544f;
45f6: 544f;
45f7: 544f;
45f8: 544f;
45f9: 544f;
45fa: 544f;
45fb: 544f;
45fc: 544f;
45fd: 544f;
45fe: 544f;
45ff: 544f;
4600: cddf;
4601: cddf;
4602: cddf;
4603: cddf;
4604: cddf;
4605: cddf;
4606: cddf;
4607: cddf;
4608: cddf;
4609: cddf;
460a: cddf;
460b: cddf;
460c: cddf;
460d: cddf;
460e: cddf;
460f: cddf;
4610: cddf;
4611: cddf;
4612: cddf;
4613: cddf;
4614: cddf;
4615: cddf;
4616: cddf;
4617: cddf;
4618: cddf;
4619: cddf;
461a: cddf;
461b: cddf;
461c: cddf;
461d: cddf;
461e: cddf;
461f: cddf;
4620: cddf;
4621: cddf;
4622: cddf;
4623: cddf;
4624: cddf;
4625: cddf;
4626: cddf;
4627: cddf;
4628: cddf;
4629: cddf;
462a: cddf;
462b: cddf;
462c: cddf;
462d: cddf;
462e: cddf;
462f: cddf;
4630: cddf;
4631: cddf;
4632: cddf;
4633: cddf;
4634: cddf;
4635: cddf;
4636: cddf;
4637: cddf;
4638: cddf;
4639: cddf;
463a: cddf;
463b: cddf;
463c: cddf;
463d: cddf;
463e: cddf;
463f: cddf;
4640: cddf;
4641: cddf;
4642: cddf;
4643: cddf;
4644: cddf;
4645: cddf;
4646: cddf;
4647: cddf;
4648: cddf;
4649: cddf;
464a: cddf;
464b: cddf;
464c: cddf;
464d: cddf;
464e: cddf;
464f: cddf;
4650: cddf;
4651: cddf;
4652: cddf;
4653: cddf;
4654: cddf;
4655: cddf;
4656: cddf;
4657: cddf;
4658: cddf;
4659: cddf;
465a: cddf;
465b: cddf;
465c: cddf;
465d: cddf;
465e: cddf;
465f: cddf;
4660: cddf;
4661: cddf;
4662: cddf;
4663: cddf;
4664: cddf;
4665: cddf;
4666: cddf;
4667: cddf;
4668: cddf;
4669: cddf;
466a: cddf;
466b: cddf;
466c: cddf;
466d: cddf;
466e: cddf;
466f: cddf;
4670: cddf;
4671: cddf;
4672: cddf;
4673: cddf;
4674: cddf;
4675: cddf;
4676: cddf;
4677: cddf;
4678: dddf;
4679: dddf;
467a: dddf;
467b: dddf;
467c: cddf;
467d: cddf;
467e: cddf;
467f: cddf;
4680: cddf;
4681: cddf;
4682: cddf;
4683: cddf;
4684: cddf;
4685: dddf;
4686: dddf;
4687: dddf;
4688: cccf;
4689: bbbf;
468a: 9a9f;
468b: 788f;
468c: 666f;
468d: 555f;
468e: 565f;
468f: 666f;
4690: 666f;
4691: 666f;
4692: 666f;
4693: 666f;
4694: 666f;
4695: 666f;
4696: 666f;
4697: 666f;
4698: 666f;
4699: 666f;
469a: 665f;
469b: 655f;
469c: 665f;
469d: 666f;
469e: 665f;
469f: 665f;
46a0: 666f;
46a1: 666f;
46a2: 666f;
46a3: 666f;
46a4: 666f;
46a5: 666f;
46a6: 666f;
46a7: 666f;
46a8: 666f;
46a9: 666f;
46aa: 666f;
46ab: 666f;
46ac: 666f;
46ad: 666f;
46ae: 666f;
46af: 666f;
46b0: 666f;
46b1: 666f;
46b2: 666f;
46b3: 666f;
46b4: 666f;
46b5: 666f;
46b6: 666f;
46b7: 666f;
46b8: 665f;
46b9: 665f;
46ba: 655f;
46bb: 555f;
46bc: 555f;
46bd: 555f;
46be: 555f;
46bf: 555f;
46c0: 544f;
46c1: 544f;
46c2: 544f;
46c3: 544f;
46c4: 544f;
46c5: 544f;
46c6: 544f;
46c7: 544f;
46c8: 544f;
46c9: 544f;
46ca: 544f;
46cb: 544f;
46cc: 544f;
46cd: 544f;
46ce: 544f;
46cf: 544f;
46d0: 544f;
46d1: 544f;
46d2: 544f;
46d3: 544f;
46d4: 544f;
46d5: 544f;
46d6: 544f;
46d7: 544f;
46d8: 544f;
46d9: 544f;
46da: 544f;
46db: 544f;
46dc: 544f;
46dd: 544f;
46de: 544f;
46df: 544f;
46e0: 544f;
46e1: 544f;
46e2: 544f;
46e3: 544f;
46e4: 544f;
46e5: 544f;
46e6: 544f;
46e7: 544f;
46e8: 544f;
46e9: 544f;
46ea: 544f;
46eb: 544f;
46ec: 544f;
46ed: 544f;
46ee: 544f;
46ef: 544f;
46f0: 544f;
46f1: 544f;
46f2: 544f;
46f3: 544f;
46f4: 544f;
46f5: 544f;
46f6: 544f;
46f7: 544f;
46f8: 544f;
46f9: 544f;
46fa: 544f;
46fb: 544f;
46fc: 544f;
46fd: 544f;
46fe: 544f;
46ff: 544f;
4700: cddf;
4701: cddf;
4702: cddf;
4703: cddf;
4704: cddf;
4705: cddf;
4706: cddf;
4707: cddf;
4708: cddf;
4709: cddf;
470a: cddf;
470b: cddf;
470c: cddf;
470d: cddf;
470e: cddf;
470f: cddf;
4710: cddf;
4711: cddf;
4712: cddf;
4713: cddf;
4714: cddf;
4715: cddf;
4716: cddf;
4717: cddf;
4718: cddf;
4719: cddf;
471a: cddf;
471b: cddf;
471c: cddf;
471d: cddf;
471e: cddf;
471f: cddf;
4720: cddf;
4721: cddf;
4722: cddf;
4723: cddf;
4724: cddf;
4725: cddf;
4726: cddf;
4727: cddf;
4728: cddf;
4729: cddf;
472a: cddf;
472b: cddf;
472c: cddf;
472d: cddf;
472e: cddf;
472f: cddf;
4730: cddf;
4731: cddf;
4732: cddf;
4733: cddf;
4734: cddf;
4735: cddf;
4736: cddf;
4737: cddf;
4738: cddf;
4739: cddf;
473a: cddf;
473b: cddf;
473c: cddf;
473d: cddf;
473e: cddf;
473f: cddf;
4740: cddf;
4741: cddf;
4742: cddf;
4743: cddf;
4744: cddf;
4745: cddf;
4746: cddf;
4747: cddf;
4748: cddf;
4749: cddf;
474a: cddf;
474b: cddf;
474c: cddf;
474d: cddf;
474e: cddf;
474f: cddf;
4750: cddf;
4751: cddf;
4752: cddf;
4753: cddf;
4754: cddf;
4755: cddf;
4756: cddf;
4757: cddf;
4758: cddf;
4759: cddf;
475a: cddf;
475b: cddf;
475c: cddf;
475d: cddf;
475e: cddf;
475f: cddf;
4760: cddf;
4761: cddf;
4762: cddf;
4763: cddf;
4764: cddf;
4765: cddf;
4766: cddf;
4767: cddf;
4768: cddf;
4769: cddf;
476a: cddf;
476b: cddf;
476c: cddf;
476d: cddf;
476e: cddf;
476f: cddf;
4770: cddf;
4771: cddf;
4772: cddf;
4773: cddf;
4774: cddf;
4775: cddf;
4776: cddf;
4777: cddf;
4778: dddf;
4779: dddf;
477a: dddf;
477b: dddf;
477c: cddf;
477d: cddf;
477e: cddf;
477f: cddf;
4780: cddf;
4781: cddf;
4782: cddf;
4783: cddf;
4784: cddf;
4785: dddf;
4786: dddf;
4787: dddf;
4788: bcbf;
4789: 9aaf;
478a: 787f;
478b: 666f;
478c: 565f;
478d: 555f;
478e: 666f;
478f: 666f;
4790: 666f;
4791: 666f;
4792: 666f;
4793: 666f;
4794: 666f;
4795: 666f;
4796: 666f;
4797: 666f;
4798: 666f;
4799: 666f;
479a: 665f;
479b: 655f;
479c: 665f;
479d: 666f;
479e: 665f;
479f: 665f;
47a0: 666f;
47a1: 666f;
47a2: 666f;
47a3: 666f;
47a4: 666f;
47a5: 666f;
47a6: 666f;
47a7: 666f;
47a8: 666f;
47a9: 666f;
47aa: 666f;
47ab: 666f;
47ac: 666f;
47ad: 666f;
47ae: 666f;
47af: 666f;
47b0: 666f;
47b1: 666f;
47b2: 666f;
47b3: 666f;
47b4: 665f;
47b5: 665f;
47b6: 665f;
47b7: 665f;
47b8: 655f;
47b9: 655f;
47ba: 555f;
47bb: 555f;
47bc: 555f;
47bd: 555f;
47be: 555f;
47bf: 554f;
47c0: 444f;
47c1: 544f;
47c2: 544f;
47c3: 544f;
47c4: 544f;
47c5: 544f;
47c6: 544f;
47c7: 544f;
47c8: 544f;
47c9: 544f;
47ca: 544f;
47cb: 544f;
47cc: 544f;
47cd: 544f;
47ce: 544f;
47cf: 544f;
47d0: 544f;
47d1: 544f;
47d2: 544f;
47d3: 544f;
47d4: 544f;
47d5: 544f;
47d6: 544f;
47d7: 544f;
47d8: 544f;
47d9: 544f;
47da: 544f;
47db: 544f;
47dc: 544f;
47dd: 544f;
47de: 544f;
47df: 544f;
47e0: 544f;
47e1: 544f;
47e2: 544f;
47e3: 544f;
47e4: 544f;
47e5: 544f;
47e6: 544f;
47e7: 544f;
47e8: 544f;
47e9: 544f;
47ea: 544f;
47eb: 544f;
47ec: 544f;
47ed: 544f;
47ee: 544f;
47ef: 544f;
47f0: 544f;
47f1: 544f;
47f2: 544f;
47f3: 544f;
47f4: 544f;
47f5: 544f;
47f6: 544f;
47f7: 544f;
47f8: 544f;
47f9: 544f;
47fa: 544f;
47fb: 544f;
47fc: 544f;
47fd: 544f;
47fe: 544f;
47ff: 544f;
4800: cddf;
4801: cddf;
4802: cddf;
4803: cddf;
4804: cddf;
4805: cddf;
4806: cddf;
4807: cddf;
4808: cddf;
4809: cddf;
480a: cddf;
480b: cddf;
480c: cddf;
480d: cddf;
480e: cddf;
480f: cddf;
4810: cddf;
4811: cddf;
4812: cddf;
4813: cddf;
4814: cddf;
4815: cddf;
4816: cddf;
4817: cddf;
4818: cddf;
4819: cddf;
481a: cddf;
481b: cddf;
481c: cddf;
481d: cddf;
481e: cddf;
481f: cddf;
4820: cddf;
4821: cddf;
4822: cddf;
4823: cddf;
4824: cddf;
4825: cddf;
4826: cddf;
4827: cddf;
4828: cddf;
4829: cddf;
482a: cddf;
482b: cddf;
482c: cddf;
482d: cddf;
482e: cddf;
482f: cddf;
4830: cddf;
4831: cddf;
4832: cddf;
4833: cddf;
4834: cddf;
4835: cddf;
4836: cddf;
4837: cddf;
4838: cddf;
4839: cddf;
483a: cddf;
483b: cddf;
483c: cddf;
483d: cddf;
483e: cddf;
483f: cddf;
4840: cddf;
4841: cddf;
4842: cddf;
4843: cddf;
4844: cddf;
4845: cddf;
4846: cddf;
4847: cddf;
4848: cddf;
4849: cddf;
484a: cddf;
484b: cddf;
484c: cddf;
484d: cddf;
484e: cddf;
484f: cddf;
4850: cddf;
4851: cddf;
4852: cddf;
4853: cddf;
4854: cddf;
4855: cddf;
4856: cddf;
4857: cddf;
4858: cddf;
4859: cddf;
485a: cddf;
485b: cddf;
485c: cddf;
485d: cddf;
485e: cddf;
485f: cddf;
4860: cddf;
4861: cddf;
4862: cddf;
4863: cddf;
4864: cddf;
4865: cddf;
4866: cddf;
4867: cddf;
4868: cddf;
4869: cddf;
486a: cddf;
486b: cddf;
486c: cddf;
486d: cddf;
486e: cddf;
486f: cddf;
4870: cddf;
4871: cddf;
4872: cddf;
4873: cddf;
4874: cddf;
4875: cddf;
4876: cddf;
4877: cddf;
4878: cddf;
4879: cddf;
487a: cddf;
487b: cddf;
487c: cddf;
487d: cddf;
487e: cddf;
487f: cddf;
4880: cddf;
4881: cddf;
4882: cddf;
4883: cddf;
4884: cddf;
4885: cddf;
4886: cddf;
4887: cccf;
4888: aaaf;
4889: 888f;
488a: 666f;
488b: 555f;
488c: 555f;
488d: 666f;
488e: 666f;
488f: 666f;
4890: 666f;
4891: 666f;
4892: 666f;
4893: 666f;
4894: 666f;
4895: 666f;
4896: 666f;
4897: 666f;
4898: 666f;
4899: 666f;
489a: 665f;
489b: 665f;
489c: 665f;
489d: 665f;
489e: 665f;
489f: 665f;
48a0: 666f;
48a1: 666f;
48a2: 666f;
48a3: 666f;
48a4: 666f;
48a5: 666f;
48a6: 666f;
48a7: 666f;
48a8: 665f;
48a9: 665f;
48aa: 665f;
48ab: 665f;
48ac: 665f;
48ad: 665f;
48ae: 665f;
48af: 665f;
48b0: 665f;
48b1: 665f;
48b2: 665f;
48b3: 655f;
48b4: 655f;
48b5: 655f;
48b6: 655f;
48b7: 555f;
48b8: 655f;
48b9: 555f;
48ba: 555f;
48bb: 555f;
48bc: 555f;
48bd: 555f;
48be: 555f;
48bf: 554f;
48c0: 554f;
48c1: 544f;
48c2: 444f;
48c3: 444f;
48c4: 544f;
48c5: 544f;
48c6: 544f;
48c7: 544f;
48c8: 544f;
48c9: 544f;
48ca: 544f;
48cb: 544f;
48cc: 544f;
48cd: 544f;
48ce: 544f;
48cf: 544f;
48d0: 544f;
48d1: 544f;
48d2: 544f;
48d3: 544f;
48d4: 544f;
48d5: 544f;
48d6: 544f;
48d7: 544f;
48d8: 544f;
48d9: 544f;
48da: 544f;
48db: 544f;
48dc: 544f;
48dd: 544f;
48de: 544f;
48df: 544f;
48e0: 544f;
48e1: 544f;
48e2: 544f;
48e3: 544f;
48e4: 544f;
48e5: 544f;
48e6: 544f;
48e7: 544f;
48e8: 544f;
48e9: 544f;
48ea: 544f;
48eb: 544f;
48ec: 544f;
48ed: 544f;
48ee: 544f;
48ef: 544f;
48f0: 544f;
48f1: 544f;
48f2: 544f;
48f3: 544f;
48f4: 544f;
48f5: 544f;
48f6: 544f;
48f7: 544f;
48f8: 544f;
48f9: 544f;
48fa: 544f;
48fb: 544f;
48fc: 544f;
48fd: 544f;
48fe: 544f;
48ff: 544f;
4900: cddf;
4901: cddf;
4902: cddf;
4903: cddf;
4904: cddf;
4905: cddf;
4906: cddf;
4907: cddf;
4908: cddf;
4909: cddf;
490a: cddf;
490b: cddf;
490c: cddf;
490d: cddf;
490e: cddf;
490f: cddf;
4910: cddf;
4911: cddf;
4912: cddf;
4913: cddf;
4914: cddf;
4915: cddf;
4916: cddf;
4917: cddf;
4918: cddf;
4919: cddf;
491a: cddf;
491b: cddf;
491c: cddf;
491d: cddf;
491e: cddf;
491f: cddf;
4920: cddf;
4921: cddf;
4922: cddf;
4923: cddf;
4924: cddf;
4925: cddf;
4926: cddf;
4927: cddf;
4928: cddf;
4929: cddf;
492a: cddf;
492b: cddf;
492c: cddf;
492d: cddf;
492e: cddf;
492f: cddf;
4930: cddf;
4931: cddf;
4932: cddf;
4933: cddf;
4934: cddf;
4935: cddf;
4936: cddf;
4937: cddf;
4938: cddf;
4939: cddf;
493a: cddf;
493b: cddf;
493c: cddf;
493d: cddf;
493e: cddf;
493f: cddf;
4940: cddf;
4941: cddf;
4942: cddf;
4943: cddf;
4944: cddf;
4945: cddf;
4946: cddf;
4947: cddf;
4948: cddf;
4949: cddf;
494a: cddf;
494b: cddf;
494c: cddf;
494d: cddf;
494e: cddf;
494f: cddf;
4950: cddf;
4951: cddf;
4952: cddf;
4953: cddf;
4954: cddf;
4955: cddf;
4956: cddf;
4957: cddf;
4958: cddf;
4959: cddf;
495a: cddf;
495b: cddf;
495c: cddf;
495d: cddf;
495e: cddf;
495f: cddf;
4960: cddf;
4961: cddf;
4962: cddf;
4963: cddf;
4964: cddf;
4965: cddf;
4966: cddf;
4967: cddf;
4968: cddf;
4969: cddf;
496a: cddf;
496b: cddf;
496c: cddf;
496d: cddf;
496e: cddf;
496f: cddf;
4970: cddf;
4971: cddf;
4972: cddf;
4973: cddf;
4974: cddf;
4975: cddf;
4976: cddf;
4977: cddf;
4978: cddf;
4979: cddf;
497a: cddf;
497b: cddf;
497c: cddf;
497d: cddf;
497e: cddf;
497f: cddf;
4980: cddf;
4981: cddf;
4982: cddf;
4983: cddf;
4984: cddf;
4985: cddf;
4986: bccf;
4987: aaaf;
4988: 888f;
4989: 666f;
498a: 555f;
498b: 555f;
498c: 555f;
498d: 666f;
498e: 666f;
498f: 666f;
4990: 666f;
4991: 666f;
4992: 666f;
4993: 666f;
4994: 666f;
4995: 666f;
4996: 666f;
4997: 666f;
4998: 666f;
4999: 666f;
499a: 665f;
499b: 665f;
499c: 665f;
499d: 665f;
499e: 665f;
499f: 665f;
49a0: 666f;
49a1: 666f;
49a2: 666f;
49a3: 666f;
49a4: 666f;
49a5: 666f;
49a6: 666f;
49a7: 666f;
49a8: 665f;
49a9: 665f;
49aa: 665f;
49ab: 665f;
49ac: 665f;
49ad: 665f;
49ae: 665f;
49af: 665f;
49b0: 665f;
49b1: 665f;
49b2: 655f;
49b3: 555f;
49b4: 555f;
49b5: 555f;
49b6: 554f;
49b7: 554f;
49b8: 554f;
49b9: 554f;
49ba: 554f;
49bb: 554f;
49bc: 555f;
49bd: 555f;
49be: 554f;
49bf: 544f;
49c0: 544f;
49c1: 544f;
49c2: 444f;
49c3: 544f;
49c4: 544f;
49c5: 544f;
49c6: 544f;
49c7: 544f;
49c8: 544f;
49c9: 544f;
49ca: 544f;
49cb: 544f;
49cc: 544f;
49cd: 544f;
49ce: 544f;
49cf: 544f;
49d0: 544f;
49d1: 544f;
49d2: 544f;
49d3: 544f;
49d4: 544f;
49d5: 544f;
49d6: 544f;
49d7: 544f;
49d8: 544f;
49d9: 544f;
49da: 544f;
49db: 544f;
49dc: 544f;
49dd: 544f;
49de: 544f;
49df: 544f;
49e0: 544f;
49e1: 544f;
49e2: 544f;
49e3: 544f;
49e4: 544f;
49e5: 544f;
49e6: 544f;
49e7: 544f;
49e8: 544f;
49e9: 544f;
49ea: 544f;
49eb: 544f;
49ec: 544f;
49ed: 544f;
49ee: 544f;
49ef: 544f;
49f0: 544f;
49f1: 544f;
49f2: 544f;
49f3: 544f;
49f4: 544f;
49f5: 544f;
49f6: 544f;
49f7: 544f;
49f8: 544f;
49f9: 544f;
49fa: 544f;
49fb: 544f;
49fc: 544f;
49fd: 544f;
49fe: 544f;
49ff: 544f;
4a00: cddf;
4a01: cddf;
4a02: cddf;
4a03: cddf;
4a04: cddf;
4a05: cddf;
4a06: cddf;
4a07: cddf;
4a08: cddf;
4a09: cddf;
4a0a: cddf;
4a0b: cddf;
4a0c: cddf;
4a0d: cddf;
4a0e: cddf;
4a0f: cddf;
4a10: cddf;
4a11: cddf;
4a12: cddf;
4a13: cddf;
4a14: cddf;
4a15: cddf;
4a16: cddf;
4a17: cddf;
4a18: cddf;
4a19: cddf;
4a1a: cddf;
4a1b: cddf;
4a1c: cddf;
4a1d: cddf;
4a1e: cddf;
4a1f: cddf;
4a20: cddf;
4a21: cddf;
4a22: cddf;
4a23: cddf;
4a24: cddf;
4a25: cddf;
4a26: cddf;
4a27: cddf;
4a28: cddf;
4a29: cddf;
4a2a: cddf;
4a2b: cddf;
4a2c: cddf;
4a2d: cddf;
4a2e: cddf;
4a2f: cddf;
4a30: cddf;
4a31: cddf;
4a32: cddf;
4a33: cddf;
4a34: cddf;
4a35: cddf;
4a36: cddf;
4a37: cddf;
4a38: cddf;
4a39: cddf;
4a3a: cddf;
4a3b: cddf;
4a3c: cddf;
4a3d: cddf;
4a3e: cddf;
4a3f: cddf;
4a40: cddf;
4a41: cddf;
4a42: cddf;
4a43: cddf;
4a44: cddf;
4a45: cddf;
4a46: cddf;
4a47: cddf;
4a48: cddf;
4a49: cddf;
4a4a: cddf;
4a4b: cddf;
4a4c: cddf;
4a4d: cddf;
4a4e: cddf;
4a4f: cddf;
4a50: cddf;
4a51: cddf;
4a52: cddf;
4a53: cddf;
4a54: cddf;
4a55: cddf;
4a56: cddf;
4a57: cddf;
4a58: cddf;
4a59: cddf;
4a5a: cddf;
4a5b: cddf;
4a5c: cddf;
4a5d: cddf;
4a5e: cddf;
4a5f: cddf;
4a60: cddf;
4a61: cddf;
4a62: cddf;
4a63: cddf;
4a64: cddf;
4a65: cddf;
4a66: cddf;
4a67: cddf;
4a68: cddf;
4a69: cddf;
4a6a: cddf;
4a6b: cddf;
4a6c: cddf;
4a6d: cddf;
4a6e: cddf;
4a6f: cddf;
4a70: cddf;
4a71: cddf;
4a72: cddf;
4a73: cddf;
4a74: cddf;
4a75: cddf;
4a76: cddf;
4a77: cddf;
4a78: cddf;
4a79: cddf;
4a7a: cddf;
4a7b: cddf;
4a7c: cddf;
4a7d: cddf;
4a7e: cddf;
4a7f: cddf;
4a80: cddf;
4a81: cddf;
4a82: cddf;
4a83: cddf;
4a84: cddf;
4a85: bccf;
4a86: aaaf;
4a87: 888f;
4a88: 776f;
4a89: 666f;
4a8a: 555f;
4a8b: 555f;
4a8c: 655f;
4a8d: 666f;
4a8e: 666f;
4a8f: 666f;
4a90: 666f;
4a91: 666f;
4a92: 666f;
4a93: 666f;
4a94: 666f;
4a95: 666f;
4a96: 666f;
4a97: 666f;
4a98: 666f;
4a99: 666f;
4a9a: 665f;
4a9b: 665f;
4a9c: 665f;
4a9d: 665f;
4a9e: 665f;
4a9f: 665f;
4aa0: 666f;
4aa1: 666f;
4aa2: 666f;
4aa3: 666f;
4aa4: 666f;
4aa5: 666f;
4aa6: 666f;
4aa7: 666f;
4aa8: 665f;
4aa9: 665f;
4aaa: 665f;
4aab: 665f;
4aac: 665f;
4aad: 665f;
4aae: 665f;
4aaf: 665f;
4ab0: 665f;
4ab1: 655f;
4ab2: 555f;
4ab3: 555f;
4ab4: 554f;
4ab5: 554f;
4ab6: 544f;
4ab7: 544f;
4ab8: 444f;
4ab9: 444f;
4aba: 444f;
4abb: 444f;
4abc: 544f;
4abd: 544f;
4abe: 544f;
4abf: 444f;
4ac0: 544f;
4ac1: 544f;
4ac2: 544f;
4ac3: 544f;
4ac4: 544f;
4ac5: 544f;
4ac6: 544f;
4ac7: 544f;
4ac8: 544f;
4ac9: 544f;
4aca: 544f;
4acb: 544f;
4acc: 544f;
4acd: 544f;
4ace: 544f;
4acf: 544f;
4ad0: 544f;
4ad1: 544f;
4ad2: 544f;
4ad3: 544f;
4ad4: 544f;
4ad5: 544f;
4ad6: 544f;
4ad7: 544f;
4ad8: 544f;
4ad9: 544f;
4ada: 544f;
4adb: 544f;
4adc: 544f;
4add: 544f;
4ade: 544f;
4adf: 544f;
4ae0: 544f;
4ae1: 544f;
4ae2: 544f;
4ae3: 544f;
4ae4: 544f;
4ae5: 544f;
4ae6: 544f;
4ae7: 544f;
4ae8: 544f;
4ae9: 544f;
4aea: 544f;
4aeb: 544f;
4aec: 544f;
4aed: 544f;
4aee: 544f;
4aef: 544f;
4af0: 544f;
4af1: 544f;
4af2: 544f;
4af3: 544f;
4af4: 544f;
4af5: 544f;
4af6: 544f;
4af7: 544f;
4af8: 544f;
4af9: 544f;
4afa: 544f;
4afb: 544f;
4afc: 544f;
4afd: 544f;
4afe: 544f;
4aff: 544f;
4b00: cddf;
4b01: cddf;
4b02: cddf;
4b03: cddf;
4b04: cddf;
4b05: cddf;
4b06: cddf;
4b07: cddf;
4b08: cddf;
4b09: cddf;
4b0a: cddf;
4b0b: cddf;
4b0c: cddf;
4b0d: cddf;
4b0e: cddf;
4b0f: cddf;
4b10: cddf;
4b11: cddf;
4b12: cddf;
4b13: cddf;
4b14: cddf;
4b15: cddf;
4b16: cddf;
4b17: cddf;
4b18: cddf;
4b19: cddf;
4b1a: cddf;
4b1b: cddf;
4b1c: cddf;
4b1d: cddf;
4b1e: cddf;
4b1f: cddf;
4b20: cddf;
4b21: cddf;
4b22: cddf;
4b23: cddf;
4b24: cddf;
4b25: cddf;
4b26: cddf;
4b27: cddf;
4b28: cddf;
4b29: cddf;
4b2a: cddf;
4b2b: cddf;
4b2c: cddf;
4b2d: cddf;
4b2e: cddf;
4b2f: cddf;
4b30: cddf;
4b31: cddf;
4b32: cddf;
4b33: cddf;
4b34: cddf;
4b35: cddf;
4b36: cddf;
4b37: cddf;
4b38: cddf;
4b39: cddf;
4b3a: cddf;
4b3b: cddf;
4b3c: cddf;
4b3d: cddf;
4b3e: cddf;
4b3f: cddf;
4b40: cddf;
4b41: cddf;
4b42: cddf;
4b43: cddf;
4b44: cddf;
4b45: cddf;
4b46: cddf;
4b47: cddf;
4b48: cddf;
4b49: cddf;
4b4a: cddf;
4b4b: cddf;
4b4c: cddf;
4b4d: cddf;
4b4e: cddf;
4b4f: cddf;
4b50: cddf;
4b51: cddf;
4b52: cddf;
4b53: cddf;
4b54: cddf;
4b55: cddf;
4b56: cddf;
4b57: cddf;
4b58: cddf;
4b59: cddf;
4b5a: cddf;
4b5b: cddf;
4b5c: cddf;
4b5d: cddf;
4b5e: cddf;
4b5f: cddf;
4b60: cddf;
4b61: cddf;
4b62: cddf;
4b63: cddf;
4b64: cddf;
4b65: cddf;
4b66: cddf;
4b67: cddf;
4b68: cddf;
4b69: cddf;
4b6a: cddf;
4b6b: cddf;
4b6c: cddf;
4b6d: cddf;
4b6e: cddf;
4b6f: cddf;
4b70: cddf;
4b71: cddf;
4b72: cddf;
4b73: cddf;
4b74: cddf;
4b75: cddf;
4b76: cddf;
4b77: cddf;
4b78: cddf;
4b79: cddf;
4b7a: cddf;
4b7b: cddf;
4b7c: cddf;
4b7d: cddf;
4b7e: cddf;
4b7f: dddf;
4b80: dddf;
4b81: cddf;
4b82: cddf;
4b83: cddf;
4b84: cccf;
4b85: abaf;
4b86: 888f;
4b87: 666f;
4b88: 555f;
4b89: 655f;
4b8a: 666f;
4b8b: 666f;
4b8c: 666f;
4b8d: 666f;
4b8e: 666f;
4b8f: 666f;
4b90: 666f;
4b91: 666f;
4b92: 666f;
4b93: 666f;
4b94: 666f;
4b95: 666f;
4b96: 666f;
4b97: 666f;
4b98: 666f;
4b99: 666f;
4b9a: 665f;
4b9b: 665f;
4b9c: 665f;
4b9d: 665f;
4b9e: 665f;
4b9f: 665f;
4ba0: 666f;
4ba1: 666f;
4ba2: 666f;
4ba3: 666f;
4ba4: 666f;
4ba5: 666f;
4ba6: 666f;
4ba7: 666f;
4ba8: 665f;
4ba9: 665f;
4baa: 665f;
4bab: 665f;
4bac: 665f;
4bad: 665f;
4bae: 655f;
4baf: 655f;
4bb0: 655f;
4bb1: 655f;
4bb2: 555f;
4bb3: 555f;
4bb4: 554f;
4bb5: 554f;
4bb6: 544f;
4bb7: 544f;
4bb8: 444f;
4bb9: 544f;
4bba: 544f;
4bbb: 544f;
4bbc: 444f;
4bbd: 544f;
4bbe: 554f;
4bbf: 554f;
4bc0: 544f;
4bc1: 544f;
4bc2: 544f;
4bc3: 544f;
4bc4: 544f;
4bc5: 544f;
4bc6: 544f;
4bc7: 544f;
4bc8: 544f;
4bc9: 544f;
4bca: 544f;
4bcb: 544f;
4bcc: 544f;
4bcd: 544f;
4bce: 544f;
4bcf: 544f;
4bd0: 544f;
4bd1: 544f;
4bd2: 544f;
4bd3: 544f;
4bd4: 544f;
4bd5: 544f;
4bd6: 544f;
4bd7: 544f;
4bd8: 544f;
4bd9: 544f;
4bda: 544f;
4bdb: 544f;
4bdc: 544f;
4bdd: 544f;
4bde: 544f;
4bdf: 544f;
4be0: 544f;
4be1: 544f;
4be2: 544f;
4be3: 544f;
4be4: 544f;
4be5: 544f;
4be6: 544f;
4be7: 544f;
4be8: 544f;
4be9: 544f;
4bea: 544f;
4beb: 544f;
4bec: 544f;
4bed: 544f;
4bee: 544f;
4bef: 544f;
4bf0: 544f;
4bf1: 544f;
4bf2: 544f;
4bf3: 544f;
4bf4: 544f;
4bf5: 544f;
4bf6: 544f;
4bf7: 544f;
4bf8: 544f;
4bf9: 544f;
4bfa: 544f;
4bfb: 544f;
4bfc: 544f;
4bfd: 544f;
4bfe: 544f;
4bff: 544f;
4c00: cddf;
4c01: cddf;
4c02: cddf;
4c03: cddf;
4c04: cddf;
4c05: cddf;
4c06: cddf;
4c07: cddf;
4c08: cddf;
4c09: cddf;
4c0a: cddf;
4c0b: cddf;
4c0c: cddf;
4c0d: cddf;
4c0e: cddf;
4c0f: cddf;
4c10: cddf;
4c11: cddf;
4c12: cddf;
4c13: cddf;
4c14: cddf;
4c15: cddf;
4c16: cddf;
4c17: cddf;
4c18: cddf;
4c19: cddf;
4c1a: cddf;
4c1b: cddf;
4c1c: cddf;
4c1d: cddf;
4c1e: cddf;
4c1f: cddf;
4c20: cddf;
4c21: cddf;
4c22: cddf;
4c23: cddf;
4c24: cddf;
4c25: cddf;
4c26: cddf;
4c27: cddf;
4c28: cddf;
4c29: cddf;
4c2a: cddf;
4c2b: cddf;
4c2c: cddf;
4c2d: cddf;
4c2e: cddf;
4c2f: cddf;
4c30: cddf;
4c31: cddf;
4c32: cddf;
4c33: cddf;
4c34: cddf;
4c35: cddf;
4c36: cddf;
4c37: cddf;
4c38: cddf;
4c39: cddf;
4c3a: cddf;
4c3b: cddf;
4c3c: cddf;
4c3d: cddf;
4c3e: cddf;
4c3f: cddf;
4c40: cddf;
4c41: cddf;
4c42: cddf;
4c43: cddf;
4c44: cddf;
4c45: cddf;
4c46: cddf;
4c47: cddf;
4c48: cddf;
4c49: cddf;
4c4a: cddf;
4c4b: cddf;
4c4c: cddf;
4c4d: cddf;
4c4e: cddf;
4c4f: cddf;
4c50: cddf;
4c51: cddf;
4c52: cddf;
4c53: cddf;
4c54: cddf;
4c55: cddf;
4c56: cddf;
4c57: cddf;
4c58: cddf;
4c59: cddf;
4c5a: cddf;
4c5b: cddf;
4c5c: cddf;
4c5d: cddf;
4c5e: cddf;
4c5f: cddf;
4c60: cddf;
4c61: cddf;
4c62: cddf;
4c63: cddf;
4c64: cddf;
4c65: cddf;
4c66: cddf;
4c67: cddf;
4c68: cddf;
4c69: cddf;
4c6a: cddf;
4c6b: cddf;
4c6c: cddf;
4c6d: cddf;
4c6e: cddf;
4c6f: cddf;
4c70: cddf;
4c71: cddf;
4c72: cddf;
4c73: cddf;
4c74: cddf;
4c75: cddf;
4c76: cddf;
4c77: cddf;
4c78: cddf;
4c79: cddf;
4c7a: cddf;
4c7b: cddf;
4c7c: cddf;
4c7d: cddf;
4c7e: cddf;
4c7f: dddf;
4c80: deef;
4c81: cddf;
4c82: cddf;
4c83: bccf;
4c84: abaf;
4c85: 899f;
4c86: 676f;
4c87: 555f;
4c88: 555f;
4c89: 655f;
4c8a: 666f;
4c8b: 666f;
4c8c: 666f;
4c8d: 666f;
4c8e: 666f;
4c8f: 666f;
4c90: 666f;
4c91: 666f;
4c92: 666f;
4c93: 666f;
4c94: 666f;
4c95: 666f;
4c96: 666f;
4c97: 666f;
4c98: 666f;
4c99: 666f;
4c9a: 666f;
4c9b: 666f;
4c9c: 666f;
4c9d: 666f;
4c9e: 665f;
4c9f: 665f;
4ca0: 666f;
4ca1: 666f;
4ca2: 666f;
4ca3: 666f;
4ca4: 666f;
4ca5: 665f;
4ca6: 665f;
4ca7: 666f;
4ca8: 665f;
4ca9: 665f;
4caa: 665f;
4cab: 665f;
4cac: 665f;
4cad: 655f;
4cae: 555f;
4caf: 554f;
4cb0: 555f;
4cb1: 555f;
4cb2: 555f;
4cb3: 554f;
4cb4: 554f;
4cb5: 554f;
4cb6: 544f;
4cb7: 444f;
4cb8: 444f;
4cb9: 444f;
4cba: 544f;
4cbb: 544f;
4cbc: 544f;
4cbd: 544f;
4cbe: 554f;
4cbf: 554f;
4cc0: 544f;
4cc1: 544f;
4cc2: 544f;
4cc3: 544f;
4cc4: 544f;
4cc5: 544f;
4cc6: 544f;
4cc7: 544f;
4cc8: 544f;
4cc9: 544f;
4cca: 544f;
4ccb: 544f;
4ccc: 544f;
4ccd: 544f;
4cce: 544f;
4ccf: 544f;
4cd0: 544f;
4cd1: 544f;
4cd2: 544f;
4cd3: 544f;
4cd4: 544f;
4cd5: 544f;
4cd6: 544f;
4cd7: 544f;
4cd8: 544f;
4cd9: 544f;
4cda: 544f;
4cdb: 544f;
4cdc: 544f;
4cdd: 544f;
4cde: 544f;
4cdf: 544f;
4ce0: 544f;
4ce1: 544f;
4ce2: 544f;
4ce3: 544f;
4ce4: 544f;
4ce5: 544f;
4ce6: 544f;
4ce7: 544f;
4ce8: 544f;
4ce9: 544f;
4cea: 544f;
4ceb: 544f;
4cec: 544f;
4ced: 544f;
4cee: 544f;
4cef: 544f;
4cf0: 544f;
4cf1: 544f;
4cf2: 544f;
4cf3: 544f;
4cf4: 544f;
4cf5: 544f;
4cf6: 544f;
4cf7: 444f;
4cf8: 444f;
4cf9: 444f;
4cfa: 544f;
4cfb: 544f;
4cfc: 544f;
4cfd: 544f;
4cfe: 544f;
4cff: 544f;
4d00: cddf;
4d01: cddf;
4d02: cddf;
4d03: cddf;
4d04: cddf;
4d05: cddf;
4d06: cddf;
4d07: cddf;
4d08: cddf;
4d09: cddf;
4d0a: cddf;
4d0b: cddf;
4d0c: cddf;
4d0d: cddf;
4d0e: cddf;
4d0f: cddf;
4d10: cddf;
4d11: cddf;
4d12: cddf;
4d13: cddf;
4d14: cddf;
4d15: cddf;
4d16: cddf;
4d17: cddf;
4d18: cddf;
4d19: cddf;
4d1a: cddf;
4d1b: cddf;
4d1c: cddf;
4d1d: cddf;
4d1e: cddf;
4d1f: cddf;
4d20: cddf;
4d21: cddf;
4d22: cddf;
4d23: cddf;
4d24: cddf;
4d25: cddf;
4d26: cddf;
4d27: cddf;
4d28: cddf;
4d29: cddf;
4d2a: cddf;
4d2b: cddf;
4d2c: cddf;
4d2d: cddf;
4d2e: cddf;
4d2f: cddf;
4d30: cddf;
4d31: cddf;
4d32: cddf;
4d33: cddf;
4d34: cddf;
4d35: cddf;
4d36: cddf;
4d37: cddf;
4d38: cddf;
4d39: cddf;
4d3a: cddf;
4d3b: cddf;
4d3c: cddf;
4d3d: cddf;
4d3e: cddf;
4d3f: cddf;
4d40: cddf;
4d41: cddf;
4d42: cddf;
4d43: cddf;
4d44: cddf;
4d45: cddf;
4d46: cddf;
4d47: cddf;
4d48: cddf;
4d49: cddf;
4d4a: cddf;
4d4b: cddf;
4d4c: cddf;
4d4d: cddf;
4d4e: cddf;
4d4f: cddf;
4d50: cddf;
4d51: cddf;
4d52: cddf;
4d53: cddf;
4d54: cddf;
4d55: cddf;
4d56: cddf;
4d57: cddf;
4d58: cddf;
4d59: cddf;
4d5a: cddf;
4d5b: cddf;
4d5c: cddf;
4d5d: cddf;
4d5e: cddf;
4d5f: cddf;
4d60: cddf;
4d61: cddf;
4d62: cddf;
4d63: cddf;
4d64: cddf;
4d65: cddf;
4d66: cddf;
4d67: cddf;
4d68: cddf;
4d69: cddf;
4d6a: cddf;
4d6b: cddf;
4d6c: cddf;
4d6d: cddf;
4d6e: cddf;
4d6f: cddf;
4d70: cddf;
4d71: cddf;
4d72: cddf;
4d73: cddf;
4d74: cddf;
4d75: cddf;
4d76: cddf;
4d77: cddf;
4d78: cddf;
4d79: cddf;
4d7a: cddf;
4d7b: cddf;
4d7c: cddf;
4d7d: cddf;
4d7e: cddf;
4d7f: dddf;
4d80: dddf;
4d81: cddf;
4d82: cdcf;
4d83: bbbf;
4d84: 899f;
4d85: 677f;
4d86: 555f;
4d87: 555f;
4d88: 555f;
4d89: 655f;
4d8a: 666f;
4d8b: 666f;
4d8c: 666f;
4d8d: 666f;
4d8e: 666f;
4d8f: 666f;
4d90: 666f;
4d91: 666f;
4d92: 666f;
4d93: 666f;
4d94: 666f;
4d95: 666f;
4d96: 666f;
4d97: 666f;
4d98: 666f;
4d99: 666f;
4d9a: 666f;
4d9b: 666f;
4d9c: 666f;
4d9d: 666f;
4d9e: 665f;
4d9f: 665f;
4da0: 666f;
4da1: 666f;
4da2: 666f;
4da3: 666f;
4da4: 666f;
4da5: 665f;
4da6: 665f;
4da7: 665f;
4da8: 665f;
4da9: 655f;
4daa: 655f;
4dab: 655f;
4dac: 655f;
4dad: 655f;
4dae: 655f;
4daf: 555f;
4db0: 544f;
4db1: 544f;
4db2: 554f;
4db3: 554f;
4db4: 544f;
4db5: 544f;
4db6: 544f;
4db7: 444f;
4db8: 444f;
4db9: 444f;
4dba: 444f;
4dbb: 444f;
4dbc: 544f;
4dbd: 544f;
4dbe: 544f;
4dbf: 544f;
4dc0: 544f;
4dc1: 544f;
4dc2: 544f;
4dc3: 544f;
4dc4: 544f;
4dc5: 544f;
4dc6: 544f;
4dc7: 544f;
4dc8: 544f;
4dc9: 544f;
4dca: 544f;
4dcb: 544f;
4dcc: 544f;
4dcd: 544f;
4dce: 544f;
4dcf: 544f;
4dd0: 544f;
4dd1: 544f;
4dd2: 544f;
4dd3: 544f;
4dd4: 544f;
4dd5: 544f;
4dd6: 544f;
4dd7: 544f;
4dd8: 544f;
4dd9: 544f;
4dda: 544f;
4ddb: 544f;
4ddc: 544f;
4ddd: 544f;
4dde: 544f;
4ddf: 544f;
4de0: 544f;
4de1: 544f;
4de2: 544f;
4de3: 544f;
4de4: 544f;
4de5: 544f;
4de6: 544f;
4de7: 544f;
4de8: 544f;
4de9: 544f;
4dea: 544f;
4deb: 544f;
4dec: 544f;
4ded: 544f;
4dee: 544f;
4def: 544f;
4df0: 544f;
4df1: 544f;
4df2: 544f;
4df3: 544f;
4df4: 544f;
4df5: 544f;
4df6: 444f;
4df7: 444f;
4df8: 444f;
4df9: 444f;
4dfa: 544f;
4dfb: 544f;
4dfc: 544f;
4dfd: 544f;
4dfe: 544f;
4dff: 544f;
4e00: cddf;
4e01: cddf;
4e02: cddf;
4e03: cddf;
4e04: cddf;
4e05: cddf;
4e06: cddf;
4e07: cddf;
4e08: cddf;
4e09: cddf;
4e0a: cddf;
4e0b: cddf;
4e0c: cddf;
4e0d: cddf;
4e0e: cddf;
4e0f: cddf;
4e10: cddf;
4e11: cddf;
4e12: cddf;
4e13: cddf;
4e14: cddf;
4e15: cddf;
4e16: cddf;
4e17: cddf;
4e18: cddf;
4e19: cddf;
4e1a: cddf;
4e1b: cddf;
4e1c: cddf;
4e1d: cddf;
4e1e: cddf;
4e1f: cddf;
4e20: cddf;
4e21: cddf;
4e22: cddf;
4e23: cddf;
4e24: cddf;
4e25: cddf;
4e26: cddf;
4e27: cddf;
4e28: cddf;
4e29: cddf;
4e2a: cddf;
4e2b: cddf;
4e2c: cddf;
4e2d: cddf;
4e2e: cddf;
4e2f: cddf;
4e30: cddf;
4e31: cddf;
4e32: cddf;
4e33: cddf;
4e34: cddf;
4e35: cddf;
4e36: cddf;
4e37: cddf;
4e38: cddf;
4e39: cddf;
4e3a: cddf;
4e3b: cddf;
4e3c: cddf;
4e3d: cddf;
4e3e: cddf;
4e3f: cddf;
4e40: cddf;
4e41: cddf;
4e42: cddf;
4e43: cddf;
4e44: cddf;
4e45: cddf;
4e46: cddf;
4e47: cddf;
4e48: cddf;
4e49: cddf;
4e4a: cddf;
4e4b: cddf;
4e4c: cddf;
4e4d: cddf;
4e4e: cddf;
4e4f: cddf;
4e50: cddf;
4e51: cddf;
4e52: cddf;
4e53: cddf;
4e54: cddf;
4e55: cddf;
4e56: cddf;
4e57: cddf;
4e58: cddf;
4e59: cddf;
4e5a: cddf;
4e5b: cddf;
4e5c: cddf;
4e5d: cddf;
4e5e: cddf;
4e5f: cddf;
4e60: cddf;
4e61: cddf;
4e62: cddf;
4e63: cddf;
4e64: cddf;
4e65: cddf;
4e66: cddf;
4e67: cddf;
4e68: cddf;
4e69: cddf;
4e6a: cddf;
4e6b: cddf;
4e6c: cddf;
4e6d: cddf;
4e6e: cddf;
4e6f: cddf;
4e70: cddf;
4e71: cddf;
4e72: cddf;
4e73: cddf;
4e74: cddf;
4e75: cddf;
4e76: cddf;
4e77: cddf;
4e78: cddf;
4e79: cddf;
4e7a: cddf;
4e7b: cddf;
4e7c: cddf;
4e7d: cddf;
4e7e: cddf;
4e7f: dddf;
4e80: cddf;
4e81: cccf;
4e82: bbbf;
4e83: 999f;
4e84: 777f;
4e85: 666f;
4e86: 555f;
4e87: 555f;
4e88: 655f;
4e89: 666f;
4e8a: 666f;
4e8b: 666f;
4e8c: 666f;
4e8d: 666f;
4e8e: 666f;
4e8f: 666f;
4e90: 666f;
4e91: 666f;
4e92: 666f;
4e93: 666f;
4e94: 666f;
4e95: 666f;
4e96: 666f;
4e97: 666f;
4e98: 666f;
4e99: 666f;
4e9a: 666f;
4e9b: 666f;
4e9c: 666f;
4e9d: 666f;
4e9e: 665f;
4e9f: 665f;
4ea0: 666f;
4ea1: 666f;
4ea2: 666f;
4ea3: 666f;
4ea4: 666f;
4ea5: 665f;
4ea6: 665f;
4ea7: 665f;
4ea8: 665f;
4ea9: 655f;
4eaa: 555f;
4eab: 554f;
4eac: 555f;
4ead: 555f;
4eae: 555f;
4eaf: 555f;
4eb0: 554f;
4eb1: 544f;
4eb2: 544f;
4eb3: 544f;
4eb4: 544f;
4eb5: 544f;
4eb6: 544f;
4eb7: 444f;
4eb8: 544f;
4eb9: 544f;
4eba: 444f;
4ebb: 444f;
4ebc: 544f;
4ebd: 554f;
4ebe: 554f;
4ebf: 544f;
4ec0: 554f;
4ec1: 554f;
4ec2: 544f;
4ec3: 444f;
4ec4: 544f;
4ec5: 544f;
4ec6: 544f;
4ec7: 544f;
4ec8: 544f;
4ec9: 544f;
4eca: 544f;
4ecb: 544f;
4ecc: 544f;
4ecd: 544f;
4ece: 544f;
4ecf: 544f;
4ed0: 544f;
4ed1: 544f;
4ed2: 544f;
4ed3: 544f;
4ed4: 544f;
4ed5: 544f;
4ed6: 544f;
4ed7: 544f;
4ed8: 544f;
4ed9: 544f;
4eda: 544f;
4edb: 544f;
4edc: 544f;
4edd: 544f;
4ede: 544f;
4edf: 544f;
4ee0: 544f;
4ee1: 544f;
4ee2: 544f;
4ee3: 544f;
4ee4: 544f;
4ee5: 544f;
4ee6: 544f;
4ee7: 544f;
4ee8: 544f;
4ee9: 544f;
4eea: 544f;
4eeb: 544f;
4eec: 544f;
4eed: 544f;
4eee: 544f;
4eef: 544f;
4ef0: 544f;
4ef1: 544f;
4ef2: 544f;
4ef3: 544f;
4ef4: 544f;
4ef5: 544f;
4ef6: 444f;
4ef7: 444f;
4ef8: 444f;
4ef9: 444f;
4efa: 544f;
4efb: 544f;
4efc: 544f;
4efd: 544f;
4efe: 544f;
4eff: 544f;
4f00: cddf;
4f01: cddf;
4f02: cddf;
4f03: cddf;
4f04: cddf;
4f05: cddf;
4f06: cddf;
4f07: cddf;
4f08: cddf;
4f09: cddf;
4f0a: cddf;
4f0b: cddf;
4f0c: cddf;
4f0d: cddf;
4f0e: cddf;
4f0f: cddf;
4f10: cddf;
4f11: cddf;
4f12: cddf;
4f13: cddf;
4f14: cddf;
4f15: cddf;
4f16: cddf;
4f17: cddf;
4f18: cddf;
4f19: cddf;
4f1a: cddf;
4f1b: cddf;
4f1c: cddf;
4f1d: cddf;
4f1e: cddf;
4f1f: cddf;
4f20: cddf;
4f21: cddf;
4f22: cddf;
4f23: cddf;
4f24: cddf;
4f25: cddf;
4f26: cddf;
4f27: cddf;
4f28: cddf;
4f29: cddf;
4f2a: cddf;
4f2b: cddf;
4f2c: cddf;
4f2d: cddf;
4f2e: cddf;
4f2f: cddf;
4f30: cddf;
4f31: cddf;
4f32: cddf;
4f33: cddf;
4f34: cddf;
4f35: cddf;
4f36: cddf;
4f37: cddf;
4f38: cddf;
4f39: cddf;
4f3a: cddf;
4f3b: cddf;
4f3c: cddf;
4f3d: cddf;
4f3e: cddf;
4f3f: cddf;
4f40: cddf;
4f41: cddf;
4f42: cddf;
4f43: cddf;
4f44: cddf;
4f45: cddf;
4f46: cddf;
4f47: cddf;
4f48: cddf;
4f49: cddf;
4f4a: cddf;
4f4b: cddf;
4f4c: cddf;
4f4d: cddf;
4f4e: cddf;
4f4f: cddf;
4f50: cddf;
4f51: cddf;
4f52: cddf;
4f53: cddf;
4f54: cddf;
4f55: cddf;
4f56: cddf;
4f57: cddf;
4f58: cddf;
4f59: cddf;
4f5a: cddf;
4f5b: cddf;
4f5c: cddf;
4f5d: cddf;
4f5e: cddf;
4f5f: cddf;
4f60: cddf;
4f61: cddf;
4f62: cddf;
4f63: cddf;
4f64: cddf;
4f65: cddf;
4f66: cddf;
4f67: cddf;
4f68: cddf;
4f69: cddf;
4f6a: cddf;
4f6b: cddf;
4f6c: cddf;
4f6d: cddf;
4f6e: cddf;
4f6f: cddf;
4f70: cddf;
4f71: cddf;
4f72: cddf;
4f73: cddf;
4f74: cddf;
4f75: cddf;
4f76: cddf;
4f77: cddf;
4f78: cddf;
4f79: cddf;
4f7a: cddf;
4f7b: cddf;
4f7c: cddf;
4f7d: cddf;
4f7e: dddf;
4f7f: dddf;
4f80: cddf;
4f81: bbbf;
4f82: aaaf;
4f83: 888f;
4f84: 666f;
4f85: 566f;
4f86: 565f;
4f87: 565f;
4f88: 666f;
4f89: 666f;
4f8a: 666f;
4f8b: 666f;
4f8c: 666f;
4f8d: 666f;
4f8e: 666f;
4f8f: 666f;
4f90: 666f;
4f91: 666f;
4f92: 666f;
4f93: 666f;
4f94: 666f;
4f95: 666f;
4f96: 666f;
4f97: 666f;
4f98: 666f;
4f99: 666f;
4f9a: 666f;
4f9b: 666f;
4f9c: 666f;
4f9d: 666f;
4f9e: 665f;
4f9f: 665f;
4fa0: 666f;
4fa1: 666f;
4fa2: 666f;
4fa3: 666f;
4fa4: 666f;
4fa5: 665f;
4fa6: 665f;
4fa7: 665f;
4fa8: 655f;
4fa9: 555f;
4faa: 554f;
4fab: 554f;
4fac: 554f;
4fad: 554f;
4fae: 554f;
4faf: 554f;
4fb0: 544f;
4fb1: 544f;
4fb2: 544f;
4fb3: 444f;
4fb4: 444f;
4fb5: 544f;
4fb6: 544f;
4fb7: 444f;
4fb8: 544f;
4fb9: 544f;
4fba: 544f;
4fbb: 444f;
4fbc: 544f;
4fbd: 554f;
4fbe: 554f;
4fbf: 544f;
4fc0: 554f;
4fc1: 544f;
4fc2: 544f;
4fc3: 544f;
4fc4: 544f;
4fc5: 544f;
4fc6: 544f;
4fc7: 544f;
4fc8: 544f;
4fc9: 544f;
4fca: 544f;
4fcb: 544f;
4fcc: 544f;
4fcd: 544f;
4fce: 544f;
4fcf: 544f;
4fd0: 544f;
4fd1: 544f;
4fd2: 544f;
4fd3: 544f;
4fd4: 544f;
4fd5: 544f;
4fd6: 544f;
4fd7: 544f;
4fd8: 544f;
4fd9: 544f;
4fda: 544f;
4fdb: 544f;
4fdc: 544f;
4fdd: 544f;
4fde: 544f;
4fdf: 544f;
4fe0: 544f;
4fe1: 544f;
4fe2: 544f;
4fe3: 544f;
4fe4: 544f;
4fe5: 544f;
4fe6: 544f;
4fe7: 544f;
4fe8: 544f;
4fe9: 544f;
4fea: 544f;
4feb: 544f;
4fec: 544f;
4fed: 544f;
4fee: 544f;
4fef: 544f;
4ff0: 544f;
4ff1: 544f;
4ff2: 544f;
4ff3: 544f;
4ff4: 544f;
4ff5: 444f;
4ff6: 444f;
4ff7: 444f;
4ff8: 444f;
4ff9: 444f;
4ffa: 444f;
4ffb: 544f;
4ffc: 544f;
4ffd: 544f;
4ffe: 544f;
4fff: 544f;
5000: cddf;
5001: cddf;
5002: cddf;
5003: cddf;
5004: cddf;
5005: cddf;
5006: cddf;
5007: cddf;
5008: cddf;
5009: cddf;
500a: cddf;
500b: cddf;
500c: cddf;
500d: cddf;
500e: cddf;
500f: cddf;
5010: cddf;
5011: cddf;
5012: cddf;
5013: cddf;
5014: cddf;
5015: cddf;
5016: cddf;
5017: cddf;
5018: cddf;
5019: cddf;
501a: cddf;
501b: cddf;
501c: cddf;
501d: cddf;
501e: cddf;
501f: cddf;
5020: cddf;
5021: cddf;
5022: cddf;
5023: cddf;
5024: cddf;
5025: cddf;
5026: cddf;
5027: cddf;
5028: cddf;
5029: cddf;
502a: cddf;
502b: cddf;
502c: cddf;
502d: cddf;
502e: cddf;
502f: cddf;
5030: cddf;
5031: cddf;
5032: cddf;
5033: cddf;
5034: cddf;
5035: cddf;
5036: cddf;
5037: cddf;
5038: cddf;
5039: cddf;
503a: cddf;
503b: cddf;
503c: cddf;
503d: cddf;
503e: cddf;
503f: cddf;
5040: cddf;
5041: cddf;
5042: cddf;
5043: cddf;
5044: cddf;
5045: cddf;
5046: cddf;
5047: cddf;
5048: cddf;
5049: cddf;
504a: cddf;
504b: cddf;
504c: cddf;
504d: cddf;
504e: cddf;
504f: cddf;
5050: cddf;
5051: cddf;
5052: cddf;
5053: cddf;
5054: cddf;
5055: cddf;
5056: cddf;
5057: cddf;
5058: cddf;
5059: cddf;
505a: cddf;
505b: cddf;
505c: cddf;
505d: cddf;
505e: cddf;
505f: cddf;
5060: cddf;
5061: cddf;
5062: cddf;
5063: cddf;
5064: cddf;
5065: cddf;
5066: cddf;
5067: cddf;
5068: cddf;
5069: cddf;
506a: cddf;
506b: cddf;
506c: cddf;
506d: cddf;
506e: cddf;
506f: cddf;
5070: cddf;
5071: cddf;
5072: cddf;
5073: cddf;
5074: cddf;
5075: cddf;
5076: cddf;
5077: cddf;
5078: cddf;
5079: cddf;
507a: cddf;
507b: cddf;
507c: cddf;
507d: dddf;
507e: dddf;
507f: dddf;
5080: cccf;
5081: abbf;
5082: 898f;
5083: 676f;
5084: 555f;
5085: 555f;
5086: 665f;
5087: 666f;
5088: 666f;
5089: 666f;
508a: 666f;
508b: 666f;
508c: 666f;
508d: 666f;
508e: 666f;
508f: 666f;
5090: 666f;
5091: 666f;
5092: 666f;
5093: 666f;
5094: 666f;
5095: 666f;
5096: 666f;
5097: 665f;
5098: 666f;
5099: 666f;
509a: 666f;
509b: 666f;
509c: 666f;
509d: 665f;
509e: 665f;
509f: 665f;
50a0: 666f;
50a1: 665f;
50a2: 665f;
50a3: 665f;
50a4: 666f;
50a5: 665f;
50a6: 655f;
50a7: 655f;
50a8: 555f;
50a9: 554f;
50aa: 554f;
50ab: 544f;
50ac: 554f;
50ad: 554f;
50ae: 444f;
50af: 443f;
50b0: 444f;
50b1: 544f;
50b2: 544f;
50b3: 544f;
50b4: 544f;
50b5: 544f;
50b6: 544f;
50b7: 544f;
50b8: 554f;
50b9: 554f;
50ba: 544f;
50bb: 544f;
50bc: 544f;
50bd: 544f;
50be: 544f;
50bf: 544f;
50c0: 544f;
50c1: 544f;
50c2: 544f;
50c3: 544f;
50c4: 544f;
50c5: 544f;
50c6: 544f;
50c7: 544f;
50c8: 544f;
50c9: 544f;
50ca: 544f;
50cb: 544f;
50cc: 544f;
50cd: 544f;
50ce: 544f;
50cf: 544f;
50d0: 544f;
50d1: 544f;
50d2: 544f;
50d3: 544f;
50d4: 544f;
50d5: 544f;
50d6: 544f;
50d7: 544f;
50d8: 544f;
50d9: 544f;
50da: 544f;
50db: 544f;
50dc: 544f;
50dd: 544f;
50de: 544f;
50df: 544f;
50e0: 544f;
50e1: 544f;
50e2: 544f;
50e3: 544f;
50e4: 544f;
50e5: 544f;
50e6: 544f;
50e7: 544f;
50e8: 544f;
50e9: 544f;
50ea: 544f;
50eb: 544f;
50ec: 544f;
50ed: 544f;
50ee: 544f;
50ef: 544f;
50f0: 544f;
50f1: 544f;
50f2: 544f;
50f3: 544f;
50f4: 544f;
50f5: 444f;
50f6: 444f;
50f7: 444f;
50f8: 444f;
50f9: 444f;
50fa: 444f;
50fb: 544f;
50fc: 544f;
50fd: 544f;
50fe: 544f;
50ff: 544f;
5100: cddf;
5101: cddf;
5102: cddf;
5103: cddf;
5104: cddf;
5105: cddf;
5106: cddf;
5107: cddf;
5108: cddf;
5109: cddf;
510a: cddf;
510b: cddf;
510c: cddf;
510d: cddf;
510e: cddf;
510f: cddf;
5110: cddf;
5111: cddf;
5112: cddf;
5113: cddf;
5114: cddf;
5115: cddf;
5116: cddf;
5117: cddf;
5118: cddf;
5119: cddf;
511a: cddf;
511b: cddf;
511c: cddf;
511d: cddf;
511e: cddf;
511f: cddf;
5120: cddf;
5121: cddf;
5122: cddf;
5123: cddf;
5124: cddf;
5125: cddf;
5126: cddf;
5127: cddf;
5128: cddf;
5129: cddf;
512a: cddf;
512b: cddf;
512c: cddf;
512d: cddf;
512e: cddf;
512f: cddf;
5130: cddf;
5131: cddf;
5132: cddf;
5133: cddf;
5134: cddf;
5135: cddf;
5136: cddf;
5137: cddf;
5138: cddf;
5139: cddf;
513a: cddf;
513b: cddf;
513c: cddf;
513d: cddf;
513e: cddf;
513f: cddf;
5140: cddf;
5141: cddf;
5142: cddf;
5143: cddf;
5144: cddf;
5145: cddf;
5146: cddf;
5147: cddf;
5148: cddf;
5149: cddf;
514a: cddf;
514b: cddf;
514c: cddf;
514d: cddf;
514e: cddf;
514f: cddf;
5150: cddf;
5151: cddf;
5152: cddf;
5153: cddf;
5154: cddf;
5155: cddf;
5156: cddf;
5157: cddf;
5158: cddf;
5159: cddf;
515a: cddf;
515b: cddf;
515c: cddf;
515d: cddf;
515e: cddf;
515f: cddf;
5160: cddf;
5161: cddf;
5162: cddf;
5163: cddf;
5164: cddf;
5165: cddf;
5166: cddf;
5167: cddf;
5168: cddf;
5169: cddf;
516a: cddf;
516b: cddf;
516c: cddf;
516d: cddf;
516e: cddf;
516f: cddf;
5170: cddf;
5171: cddf;
5172: cddf;
5173: cddf;
5174: cddf;
5175: cddf;
5176: cddf;
5177: cddf;
5178: cddf;
5179: cddf;
517a: cddf;
517b: cddf;
517c: dddf;
517d: dddf;
517e: cddf;
517f: cccf;
5180: abbf;
5181: 999f;
5182: 777f;
5183: 565f;
5184: 555f;
5185: 565f;
5186: 666f;
5187: 666f;
5188: 666f;
5189: 666f;
518a: 666f;
518b: 666f;
518c: 666f;
518d: 666f;
518e: 666f;
518f: 666f;
5190: 666f;
5191: 666f;
5192: 666f;
5193: 666f;
5194: 666f;
5195: 766f;
5196: 666f;
5197: 666f;
5198: 655f;
5199: 655f;
519a: 665f;
519b: 665f;
519c: 665f;
519d: 665f;
519e: 666f;
519f: 665f;
51a0: 665f;
51a1: 665f;
51a2: 665f;
51a3: 665f;
51a4: 655f;
51a5: 555f;
51a6: 554f;
51a7: 554f;
51a8: 554f;
51a9: 554f;
51aa: 544f;
51ab: 544f;
51ac: 554f;
51ad: 544f;
51ae: 544f;
51af: 544f;
51b0: 544f;
51b1: 544f;
51b2: 544f;
51b3: 544f;
51b4: 544f;
51b5: 544f;
51b6: 544f;
51b7: 544f;
51b8: 544f;
51b9: 544f;
51ba: 544f;
51bb: 544f;
51bc: 544f;
51bd: 544f;
51be: 544f;
51bf: 544f;
51c0: 544f;
51c1: 544f;
51c2: 544f;
51c3: 544f;
51c4: 544f;
51c5: 544f;
51c6: 544f;
51c7: 544f;
51c8: 544f;
51c9: 544f;
51ca: 544f;
51cb: 544f;
51cc: 544f;
51cd: 544f;
51ce: 544f;
51cf: 544f;
51d0: 544f;
51d1: 544f;
51d2: 544f;
51d3: 544f;
51d4: 544f;
51d5: 544f;
51d6: 544f;
51d7: 544f;
51d8: 544f;
51d9: 544f;
51da: 544f;
51db: 544f;
51dc: 544f;
51dd: 544f;
51de: 544f;
51df: 544f;
51e0: 544f;
51e1: 544f;
51e2: 544f;
51e3: 544f;
51e4: 544f;
51e5: 544f;
51e6: 544f;
51e7: 544f;
51e8: 544f;
51e9: 544f;
51ea: 544f;
51eb: 544f;
51ec: 544f;
51ed: 544f;
51ee: 544f;
51ef: 544f;
51f0: 544f;
51f1: 544f;
51f2: 544f;
51f3: 444f;
51f4: 444f;
51f5: 444f;
51f6: 444f;
51f7: 444f;
51f8: 444f;
51f9: 444f;
51fa: 544f;
51fb: 544f;
51fc: 544f;
51fd: 544f;
51fe: 544f;
51ff: 544f;
5200: cddf;
5201: cddf;
5202: cddf;
5203: cddf;
5204: cddf;
5205: cddf;
5206: cddf;
5207: cddf;
5208: cddf;
5209: cddf;
520a: cddf;
520b: cddf;
520c: cddf;
520d: cddf;
520e: cddf;
520f: cddf;
5210: cddf;
5211: cddf;
5212: cddf;
5213: cddf;
5214: cddf;
5215: cddf;
5216: cddf;
5217: cddf;
5218: cddf;
5219: cddf;
521a: cddf;
521b: cddf;
521c: cddf;
521d: cddf;
521e: cddf;
521f: cddf;
5220: cddf;
5221: cddf;
5222: cddf;
5223: cddf;
5224: cddf;
5225: cddf;
5226: cddf;
5227: cddf;
5228: cddf;
5229: cddf;
522a: cddf;
522b: cddf;
522c: cddf;
522d: cddf;
522e: cddf;
522f: cddf;
5230: cddf;
5231: cddf;
5232: cddf;
5233: cddf;
5234: cddf;
5235: cddf;
5236: cddf;
5237: cddf;
5238: cddf;
5239: cddf;
523a: cddf;
523b: cddf;
523c: cddf;
523d: cddf;
523e: cddf;
523f: cddf;
5240: cddf;
5241: cddf;
5242: cddf;
5243: cddf;
5244: cddf;
5245: cddf;
5246: cddf;
5247: cddf;
5248: cddf;
5249: cddf;
524a: cddf;
524b: cddf;
524c: cddf;
524d: cddf;
524e: cddf;
524f: cddf;
5250: cddf;
5251: cddf;
5252: cddf;
5253: cddf;
5254: cddf;
5255: cddf;
5256: cddf;
5257: cddf;
5258: cddf;
5259: cddf;
525a: cddf;
525b: cddf;
525c: cddf;
525d: cddf;
525e: cddf;
525f: cddf;
5260: cddf;
5261: cddf;
5262: cddf;
5263: cddf;
5264: cddf;
5265: cddf;
5266: cddf;
5267: cddf;
5268: cddf;
5269: cddf;
526a: cddf;
526b: cddf;
526c: cddf;
526d: cddf;
526e: cddf;
526f: cddf;
5270: cddf;
5271: cddf;
5272: cddf;
5273: cddf;
5274: cddf;
5275: cddf;
5276: cddf;
5277: cddf;
5278: cddf;
5279: cddf;
527a: cddf;
527b: cddf;
527c: dddf;
527d: dddf;
527e: dddf;
527f: bbbf;
5280: 999f;
5281: 777f;
5282: 666f;
5283: 555f;
5284: 666f;
5285: 665f;
5286: 666f;
5287: 666f;
5288: 666f;
5289: 666f;
528a: 666f;
528b: 666f;
528c: 666f;
528d: 666f;
528e: 666f;
528f: 666f;
5290: 666f;
5291: 666f;
5292: 666f;
5293: 666f;
5294: 666f;
5295: 766f;
5296: 666f;
5297: 666f;
5298: 655f;
5299: 665f;
529a: 665f;
529b: 666f;
529c: 665f;
529d: 666f;
529e: 666f;
529f: 665f;
52a0: 665f;
52a1: 665f;
52a2: 665f;
52a3: 665f;
52a4: 554f;
52a5: 554f;
52a6: 554f;
52a7: 544f;
52a8: 544f;
52a9: 544f;
52aa: 544f;
52ab: 544f;
52ac: 544f;
52ad: 544f;
52ae: 544f;
52af: 544f;
52b0: 544f;
52b1: 544f;
52b2: 544f;
52b3: 544f;
52b4: 544f;
52b5: 544f;
52b6: 544f;
52b7: 544f;
52b8: 544f;
52b9: 544f;
52ba: 544f;
52bb: 544f;
52bc: 544f;
52bd: 544f;
52be: 544f;
52bf: 544f;
52c0: 544f;
52c1: 544f;
52c2: 544f;
52c3: 544f;
52c4: 544f;
52c5: 544f;
52c6: 544f;
52c7: 544f;
52c8: 544f;
52c9: 544f;
52ca: 544f;
52cb: 544f;
52cc: 544f;
52cd: 544f;
52ce: 544f;
52cf: 544f;
52d0: 544f;
52d1: 544f;
52d2: 544f;
52d3: 544f;
52d4: 544f;
52d5: 544f;
52d6: 544f;
52d7: 544f;
52d8: 544f;
52d9: 544f;
52da: 544f;
52db: 544f;
52dc: 544f;
52dd: 544f;
52de: 544f;
52df: 544f;
52e0: 544f;
52e1: 544f;
52e2: 544f;
52e3: 544f;
52e4: 544f;
52e5: 544f;
52e6: 544f;
52e7: 544f;
52e8: 544f;
52e9: 544f;
52ea: 544f;
52eb: 544f;
52ec: 544f;
52ed: 544f;
52ee: 544f;
52ef: 544f;
52f0: 544f;
52f1: 544f;
52f2: 544f;
52f3: 444f;
52f4: 444f;
52f5: 444f;
52f6: 444f;
52f7: 444f;
52f8: 444f;
52f9: 544f;
52fa: 544f;
52fb: 544f;
52fc: 544f;
52fd: 544f;
52fe: 544f;
52ff: 544f;
5300: cddf;
5301: cddf;
5302: cddf;
5303: cddf;
5304: cddf;
5305: cddf;
5306: cddf;
5307: cddf;
5308: cddf;
5309: cddf;
530a: cddf;
530b: cddf;
530c: cddf;
530d: cddf;
530e: cddf;
530f: cddf;
5310: cddf;
5311: cddf;
5312: cddf;
5313: cddf;
5314: cddf;
5315: cddf;
5316: cddf;
5317: cddf;
5318: cddf;
5319: cddf;
531a: cddf;
531b: cddf;
531c: cddf;
531d: cddf;
531e: cddf;
531f: cddf;
5320: cddf;
5321: cddf;
5322: cddf;
5323: cddf;
5324: cddf;
5325: cddf;
5326: cddf;
5327: cddf;
5328: cddf;
5329: cddf;
532a: cddf;
532b: cddf;
532c: cddf;
532d: cddf;
532e: cddf;
532f: cddf;
5330: cddf;
5331: cddf;
5332: cddf;
5333: cddf;
5334: cddf;
5335: cddf;
5336: cddf;
5337: cddf;
5338: cddf;
5339: cddf;
533a: cddf;
533b: cddf;
533c: cddf;
533d: cddf;
533e: cddf;
533f: cddf;
5340: cddf;
5341: cddf;
5342: cddf;
5343: cddf;
5344: cddf;
5345: cddf;
5346: cddf;
5347: cddf;
5348: cddf;
5349: cddf;
534a: cddf;
534b: cddf;
534c: cddf;
534d: cddf;
534e: cddf;
534f: cddf;
5350: cddf;
5351: cddf;
5352: cddf;
5353: cddf;
5354: cddf;
5355: cddf;
5356: cddf;
5357: cddf;
5358: cddf;
5359: cddf;
535a: cddf;
535b: cddf;
535c: cddf;
535d: cddf;
535e: cddf;
535f: cddf;
5360: cddf;
5361: cddf;
5362: cddf;
5363: cddf;
5364: cddf;
5365: cddf;
5366: cddf;
5367: cddf;
5368: cddf;
5369: cddf;
536a: cddf;
536b: cddf;
536c: cddf;
536d: cddf;
536e: cddf;
536f: cddf;
5370: cddf;
5371: cddf;
5372: cddf;
5373: cddf;
5374: cddf;
5375: cddf;
5376: cddf;
5377: cddf;
5378: cddf;
5379: cddf;
537a: cddf;
537b: cddf;
537c: dddf;
537d: dddf;
537e: dddf;
537f: abbf;
5380: 888f;
5381: 676f;
5382: 555f;
5383: 555f;
5384: 666f;
5385: 665f;
5386: 665f;
5387: 666f;
5388: 666f;
5389: 666f;
538a: 666f;
538b: 666f;
538c: 666f;
538d: 666f;
538e: 666f;
538f: 666f;
5390: 666f;
5391: 666f;
5392: 666f;
5393: 666f;
5394: 666f;
5395: 666f;
5396: 666f;
5397: 665f;
5398: 666f;
5399: 666f;
539a: 666f;
539b: 666f;
539c: 666f;
539d: 666f;
539e: 666f;
539f: 655f;
53a0: 555f;
53a1: 555f;
53a2: 655f;
53a3: 655f;
53a4: 555f;
53a5: 554f;
53a6: 554f;
53a7: 544f;
53a8: 444f;
53a9: 544f;
53aa: 544f;
53ab: 544f;
53ac: 544f;
53ad: 544f;
53ae: 544f;
53af: 544f;
53b0: 544f;
53b1: 544f;
53b2: 544f;
53b3: 544f;
53b4: 544f;
53b5: 544f;
53b6: 544f;
53b7: 544f;
53b8: 544f;
53b9: 544f;
53ba: 544f;
53bb: 544f;
53bc: 444f;
53bd: 544f;
53be: 544f;
53bf: 544f;
53c0: 544f;
53c1: 544f;
53c2: 544f;
53c3: 544f;
53c4: 544f;
53c5: 544f;
53c6: 544f;
53c7: 544f;
53c8: 544f;
53c9: 544f;
53ca: 544f;
53cb: 544f;
53cc: 544f;
53cd: 544f;
53ce: 544f;
53cf: 544f;
53d0: 544f;
53d1: 544f;
53d2: 544f;
53d3: 544f;
53d4: 544f;
53d5: 544f;
53d6: 544f;
53d7: 544f;
53d8: 544f;
53d9: 544f;
53da: 544f;
53db: 544f;
53dc: 544f;
53dd: 544f;
53de: 544f;
53df: 544f;
53e0: 544f;
53e1: 544f;
53e2: 544f;
53e3: 544f;
53e4: 544f;
53e5: 544f;
53e6: 544f;
53e7: 544f;
53e8: 544f;
53e9: 544f;
53ea: 544f;
53eb: 544f;
53ec: 544f;
53ed: 544f;
53ee: 544f;
53ef: 544f;
53f0: 544f;
53f1: 544f;
53f2: 544f;
53f3: 444f;
53f4: 444f;
53f5: 443f;
53f6: 444f;
53f7: 444f;
53f8: 444f;
53f9: 544f;
53fa: 544f;
53fb: 544f;
53fc: 544f;
53fd: 544f;
53fe: 544f;
53ff: 544f;
5400: bddf;
5401: cddf;
5402: cddf;
5403: cddf;
5404: cddf;
5405: cddf;
5406: cddf;
5407: cddf;
5408: cddf;
5409: cddf;
540a: cddf;
540b: cddf;
540c: cddf;
540d: cddf;
540e: cddf;
540f: cddf;
5410: cddf;
5411: cddf;
5412: cddf;
5413: cddf;
5414: cddf;
5415: cddf;
5416: cddf;
5417: cddf;
5418: cddf;
5419: cddf;
541a: cddf;
541b: cddf;
541c: cddf;
541d: cddf;
541e: cddf;
541f: cddf;
5420: cddf;
5421: cddf;
5422: cddf;
5423: cddf;
5424: cddf;
5425: cddf;
5426: cddf;
5427: cddf;
5428: cddf;
5429: cddf;
542a: cddf;
542b: cddf;
542c: cddf;
542d: cddf;
542e: cddf;
542f: cddf;
5430: cddf;
5431: cddf;
5432: cddf;
5433: cddf;
5434: cddf;
5435: cddf;
5436: cddf;
5437: cddf;
5438: cddf;
5439: cddf;
543a: cddf;
543b: cddf;
543c: cddf;
543d: cddf;
543e: cddf;
543f: cddf;
5440: cddf;
5441: cddf;
5442: cddf;
5443: cddf;
5444: cddf;
5445: cddf;
5446: cddf;
5447: cddf;
5448: cddf;
5449: cddf;
544a: cddf;
544b: cddf;
544c: cddf;
544d: cddf;
544e: cddf;
544f: cddf;
5450: cddf;
5451: cddf;
5452: cddf;
5453: cddf;
5454: cddf;
5455: cddf;
5456: cddf;
5457: cddf;
5458: cddf;
5459: cddf;
545a: cddf;
545b: cddf;
545c: cddf;
545d: cddf;
545e: cddf;
545f: cddf;
5460: cddf;
5461: cddf;
5462: cddf;
5463: cddf;
5464: cddf;
5465: cddf;
5466: cddf;
5467: cddf;
5468: cddf;
5469: cddf;
546a: cddf;
546b: cddf;
546c: cddf;
546d: cddf;
546e: cddf;
546f: cddf;
5470: cddf;
5471: cddf;
5472: cddf;
5473: cddf;
5474: cddf;
5475: cddf;
5476: cddf;
5477: cddf;
5478: cddf;
5479: cddf;
547a: cddf;
547b: dddf;
547c: dddf;
547d: cccf;
547e: bbbf;
547f: 999f;
5480: 777f;
5481: 666f;
5482: 555f;
5483: 555f;
5484: 666f;
5485: 665f;
5486: 665f;
5487: 666f;
5488: 666f;
5489: 666f;
548a: 666f;
548b: 666f;
548c: 666f;
548d: 666f;
548e: 666f;
548f: 666f;
5490: 666f;
5491: 666f;
5492: 666f;
5493: 666f;
5494: 666f;
5495: 655f;
5496: 665f;
5497: 666f;
5498: 766f;
5499: 766f;
549a: 666f;
549b: 666f;
549c: 666f;
549d: 665f;
549e: 665f;
549f: 655f;
54a0: 554f;
54a1: 555f;
54a2: 555f;
54a3: 554f;
54a4: 544f;
54a5: 554f;
54a6: 555f;
54a7: 554f;
54a8: 444f;
54a9: 443f;
54aa: 544f;
54ab: 544f;
54ac: 544f;
54ad: 544f;
54ae: 544f;
54af: 544f;
54b0: 544f;
54b1: 544f;
54b2: 544f;
54b3: 544f;
54b4: 544f;
54b5: 544f;
54b6: 544f;
54b7: 544f;
54b8: 544f;
54b9: 544f;
54ba: 544f;
54bb: 544f;
54bc: 544f;
54bd: 544f;
54be: 544f;
54bf: 544f;
54c0: 544f;
54c1: 544f;
54c2: 544f;
54c3: 544f;
54c4: 544f;
54c5: 544f;
54c6: 544f;
54c7: 544f;
54c8: 544f;
54c9: 544f;
54ca: 544f;
54cb: 544f;
54cc: 544f;
54cd: 544f;
54ce: 544f;
54cf: 544f;
54d0: 544f;
54d1: 544f;
54d2: 544f;
54d3: 544f;
54d4: 544f;
54d5: 544f;
54d6: 544f;
54d7: 544f;
54d8: 544f;
54d9: 544f;
54da: 544f;
54db: 544f;
54dc: 544f;
54dd: 544f;
54de: 544f;
54df: 544f;
54e0: 544f;
54e1: 544f;
54e2: 544f;
54e3: 544f;
54e4: 544f;
54e5: 544f;
54e6: 544f;
54e7: 544f;
54e8: 544f;
54e9: 544f;
54ea: 544f;
54eb: 544f;
54ec: 544f;
54ed: 544f;
54ee: 544f;
54ef: 544f;
54f0: 544f;
54f1: 544f;
54f2: 444f;
54f3: 444f;
54f4: 443f;
54f5: 433f;
54f6: 443f;
54f7: 444f;
54f8: 544f;
54f9: 544f;
54fa: 544f;
54fb: 544f;
54fc: 544f;
54fd: 544f;
54fe: 544f;
54ff: 544f;
5500: bccf;
5501: bdcf;
5502: cddf;
5503: cddf;
5504: cddf;
5505: cddf;
5506: cddf;
5507: cddf;
5508: cddf;
5509: cddf;
550a: cddf;
550b: cddf;
550c: cddf;
550d: cddf;
550e: cddf;
550f: cddf;
5510: cddf;
5511: cddf;
5512: cddf;
5513: cddf;
5514: cddf;
5515: cddf;
5516: cddf;
5517: cddf;
5518: cddf;
5519: cddf;
551a: cddf;
551b: cddf;
551c: cddf;
551d: cddf;
551e: cddf;
551f: cddf;
5520: cddf;
5521: cddf;
5522: cddf;
5523: cddf;
5524: cddf;
5525: cddf;
5526: cddf;
5527: cddf;
5528: cddf;
5529: cddf;
552a: cddf;
552b: cddf;
552c: cddf;
552d: cddf;
552e: cddf;
552f: cddf;
5530: cddf;
5531: cddf;
5532: cddf;
5533: cddf;
5534: cddf;
5535: cddf;
5536: cddf;
5537: cddf;
5538: cddf;
5539: cddf;
553a: cddf;
553b: cddf;
553c: cddf;
553d: cddf;
553e: cddf;
553f: cddf;
5540: cddf;
5541: cddf;
5542: cddf;
5543: cddf;
5544: cddf;
5545: cddf;
5546: cddf;
5547: cddf;
5548: cddf;
5549: cddf;
554a: cddf;
554b: cddf;
554c: cddf;
554d: cddf;
554e: cddf;
554f: cddf;
5550: cddf;
5551: cddf;
5552: cddf;
5553: cddf;
5554: cddf;
5555: cddf;
5556: cddf;
5557: cddf;
5558: cddf;
5559: cddf;
555a: cddf;
555b: cddf;
555c: cddf;
555d: cddf;
555e: cddf;
555f: cddf;
5560: cddf;
5561: cddf;
5562: cddf;
5563: cddf;
5564: cddf;
5565: cddf;
5566: cddf;
5567: cddf;
5568: cddf;
5569: cddf;
556a: cddf;
556b: cddf;
556c: cddf;
556d: cddf;
556e: cddf;
556f: cddf;
5570: cddf;
5571: cddf;
5572: cddf;
5573: cddf;
5574: cddf;
5575: cddf;
5576: cddf;
5577: cddf;
5578: cddf;
5579: cddf;
557a: dddf;
557b: dddf;
557c: cddf;
557d: bbbf;
557e: aaaf;
557f: 777f;
5580: 666f;
5581: 565f;
5582: 565f;
5583: 665f;
5584: 665f;
5585: 665f;
5586: 665f;
5587: 666f;
5588: 666f;
5589: 666f;
558a: 666f;
558b: 666f;
558c: 666f;
558d: 666f;
558e: 666f;
558f: 666f;
5590: 666f;
5591: 666f;
5592: 666f;
5593: 666f;
5594: 665f;
5595: 655f;
5596: 665f;
5597: 666f;
5598: 766f;
5599: 766f;
559a: 666f;
559b: 666f;
559c: 665f;
559d: 655f;
559e: 655f;
559f: 655f;
55a0: 555f;
55a1: 555f;
55a2: 554f;
55a3: 544f;
55a4: 544f;
55a5: 554f;
55a6: 554f;
55a7: 544f;
55a8: 544f;
55a9: 444f;
55aa: 544f;
55ab: 544f;
55ac: 544f;
55ad: 544f;
55ae: 544f;
55af: 544f;
55b0: 544f;
55b1: 544f;
55b2: 544f;
55b3: 544f;
55b4: 544f;
55b5: 544f;
55b6: 544f;
55b7: 544f;
55b8: 544f;
55b9: 544f;
55ba: 544f;
55bb: 544f;
55bc: 544f;
55bd: 544f;
55be: 544f;
55bf: 544f;
55c0: 544f;
55c1: 544f;
55c2: 544f;
55c3: 544f;
55c4: 544f;
55c5: 544f;
55c6: 544f;
55c7: 544f;
55c8: 544f;
55c9: 544f;
55ca: 544f;
55cb: 544f;
55cc: 544f;
55cd: 544f;
55ce: 544f;
55cf: 544f;
55d0: 544f;
55d1: 544f;
55d2: 544f;
55d3: 544f;
55d4: 544f;
55d5: 544f;
55d6: 544f;
55d7: 544f;
55d8: 544f;
55d9: 544f;
55da: 544f;
55db: 544f;
55dc: 544f;
55dd: 544f;
55de: 544f;
55df: 544f;
55e0: 544f;
55e1: 544f;
55e2: 544f;
55e3: 544f;
55e4: 544f;
55e5: 544f;
55e6: 544f;
55e7: 544f;
55e8: 544f;
55e9: 544f;
55ea: 544f;
55eb: 544f;
55ec: 544f;
55ed: 544f;
55ee: 544f;
55ef: 544f;
55f0: 544f;
55f1: 544f;
55f2: 444f;
55f3: 444f;
55f4: 443f;
55f5: 443f;
55f6: 444f;
55f7: 444f;
55f8: 544f;
55f9: 544f;
55fa: 544f;
55fb: 544f;
55fc: 544f;
55fd: 544f;
55fe: 544f;
55ff: 544f;
5600: bccf;
5601: bccf;
5602: bdcf;
5603: bddf;
5604: cddf;
5605: cddf;
5606: cddf;
5607: cddf;
5608: cddf;
5609: cddf;
560a: cddf;
560b: cddf;
560c: cddf;
560d: cddf;
560e: cddf;
560f: cddf;
5610: cddf;
5611: cddf;
5612: cddf;
5613: cddf;
5614: cddf;
5615: cddf;
5616: cddf;
5617: cddf;
5618: cddf;
5619: cddf;
561a: cddf;
561b: cddf;
561c: cddf;
561d: cddf;
561e: cddf;
561f: cddf;
5620: cddf;
5621: cddf;
5622: cddf;
5623: cddf;
5624: cddf;
5625: cddf;
5626: cddf;
5627: cddf;
5628: cddf;
5629: cddf;
562a: cddf;
562b: cddf;
562c: cddf;
562d: cddf;
562e: cddf;
562f: cddf;
5630: cddf;
5631: cddf;
5632: cddf;
5633: cddf;
5634: cddf;
5635: cddf;
5636: cddf;
5637: cddf;
5638: cddf;
5639: cddf;
563a: cddf;
563b: cddf;
563c: cddf;
563d: cddf;
563e: cddf;
563f: cddf;
5640: cddf;
5641: cddf;
5642: cddf;
5643: cddf;
5644: cddf;
5645: cddf;
5646: cddf;
5647: cddf;
5648: cddf;
5649: cddf;
564a: cddf;
564b: cddf;
564c: cddf;
564d: cddf;
564e: cddf;
564f: cddf;
5650: cddf;
5651: cddf;
5652: cddf;
5653: cddf;
5654: cddf;
5655: cddf;
5656: cddf;
5657: cddf;
5658: cddf;
5659: cddf;
565a: cddf;
565b: cddf;
565c: cddf;
565d: cddf;
565e: cddf;
565f: cddf;
5660: cddf;
5661: cddf;
5662: cddf;
5663: cddf;
5664: cddf;
5665: cddf;
5666: cddf;
5667: cddf;
5668: cddf;
5669: cddf;
566a: cddf;
566b: cddf;
566c: cddf;
566d: cddf;
566e: cddf;
566f: cddf;
5670: cddf;
5671: cddf;
5672: cddf;
5673: cddf;
5674: cddf;
5675: cddf;
5676: cddf;
5677: cddf;
5678: cddf;
5679: cddf;
567a: dddf;
567b: dddf;
567c: cccf;
567d: aaaf;
567e: 777f;
567f: 666f;
5680: 665f;
5681: 665f;
5682: 665f;
5683: 665f;
5684: 665f;
5685: 665f;
5686: 666f;
5687: 666f;
5688: 666f;
5689: 666f;
568a: 666f;
568b: 666f;
568c: 666f;
568d: 666f;
568e: 666f;
568f: 666f;
5690: 666f;
5691: 666f;
5692: 666f;
5693: 666f;
5694: 665f;
5695: 665f;
5696: 665f;
5697: 666f;
5698: 666f;
5699: 666f;
569a: 665f;
569b: 665f;
569c: 655f;
569d: 655f;
569e: 655f;
569f: 555f;
56a0: 555f;
56a1: 554f;
56a2: 554f;
56a3: 544f;
56a4: 544f;
56a5: 544f;
56a6: 554f;
56a7: 544f;
56a8: 544f;
56a9: 554f;
56aa: 544f;
56ab: 544f;
56ac: 544f;
56ad: 544f;
56ae: 544f;
56af: 544f;
56b0: 544f;
56b1: 544f;
56b2: 544f;
56b3: 544f;
56b4: 544f;
56b5: 544f;
56b6: 544f;
56b7: 544f;
56b8: 544f;
56b9: 544f;
56ba: 544f;
56bb: 544f;
56bc: 544f;
56bd: 544f;
56be: 544f;
56bf: 544f;
56c0: 544f;
56c1: 544f;
56c2: 544f;
56c3: 544f;
56c4: 544f;
56c5: 544f;
56c6: 544f;
56c7: 544f;
56c8: 544f;
56c9: 544f;
56ca: 544f;
56cb: 544f;
56cc: 544f;
56cd: 544f;
56ce: 544f;
56cf: 544f;
56d0: 544f;
56d1: 544f;
56d2: 544f;
56d3: 544f;
56d4: 544f;
56d5: 544f;
56d6: 544f;
56d7: 544f;
56d8: 544f;
56d9: 544f;
56da: 544f;
56db: 544f;
56dc: 544f;
56dd: 544f;
56de: 544f;
56df: 544f;
56e0: 544f;
56e1: 544f;
56e2: 544f;
56e3: 544f;
56e4: 544f;
56e5: 544f;
56e6: 544f;
56e7: 544f;
56e8: 544f;
56e9: 544f;
56ea: 544f;
56eb: 544f;
56ec: 544f;
56ed: 544f;
56ee: 544f;
56ef: 544f;
56f0: 544f;
56f1: 544f;
56f2: 444f;
56f3: 444f;
56f4: 443f;
56f5: 443f;
56f6: 444f;
56f7: 444f;
56f8: 544f;
56f9: 544f;
56fa: 544f;
56fb: 544f;
56fc: 544f;
56fd: 544f;
56fe: 544f;
56ff: 544f;
5700: accf;
5701: bccf;
5702: bccf;
5703: bdcf;
5704: cddf;
5705: cddf;
5706: cddf;
5707: cddf;
5708: cddf;
5709: cddf;
570a: cddf;
570b: cddf;
570c: cddf;
570d: cddf;
570e: cddf;
570f: cddf;
5710: cddf;
5711: cddf;
5712: cddf;
5713: cddf;
5714: cddf;
5715: cddf;
5716: cddf;
5717: cddf;
5718: cddf;
5719: cddf;
571a: cddf;
571b: cddf;
571c: cddf;
571d: cddf;
571e: cddf;
571f: cddf;
5720: cddf;
5721: cddf;
5722: cddf;
5723: cddf;
5724: cddf;
5725: cddf;
5726: cddf;
5727: cddf;
5728: cddf;
5729: cddf;
572a: cddf;
572b: cddf;
572c: cddf;
572d: cddf;
572e: cddf;
572f: cddf;
5730: cddf;
5731: cddf;
5732: cddf;
5733: cddf;
5734: cddf;
5735: cddf;
5736: cddf;
5737: cddf;
5738: cddf;
5739: cddf;
573a: cddf;
573b: cddf;
573c: cddf;
573d: cddf;
573e: cddf;
573f: cddf;
5740: cddf;
5741: cddf;
5742: cddf;
5743: cddf;
5744: cddf;
5745: cddf;
5746: cddf;
5747: cddf;
5748: cddf;
5749: cddf;
574a: cddf;
574b: cddf;
574c: cddf;
574d: cddf;
574e: cddf;
574f: cddf;
5750: cddf;
5751: cddf;
5752: cddf;
5753: cddf;
5754: cddf;
5755: cddf;
5756: cddf;
5757: cddf;
5758: cddf;
5759: cddf;
575a: cddf;
575b: cddf;
575c: cddf;
575d: cddf;
575e: cddf;
575f: cddf;
5760: cddf;
5761: cddf;
5762: cddf;
5763: cddf;
5764: cddf;
5765: cddf;
5766: cddf;
5767: cddf;
5768: cddf;
5769: cddf;
576a: cddf;
576b: cddf;
576c: cddf;
576d: cddf;
576e: cddf;
576f: cddf;
5770: cddf;
5771: cddf;
5772: cddf;
5773: cddf;
5774: cddf;
5775: cddf;
5776: cddf;
5777: cddf;
5778: cddf;
5779: dddf;
577a: dddf;
577b: cddf;
577c: bbbf;
577d: 888f;
577e: 666f;
577f: 555f;
5780: 555f;
5781: 666f;
5782: 666f;
5783: 665f;
5784: 665f;
5785: 665f;
5786: 666f;
5787: 666f;
5788: 666f;
5789: 666f;
578a: 666f;
578b: 666f;
578c: 666f;
578d: 666f;
578e: 666f;
578f: 666f;
5790: 666f;
5791: 666f;
5792: 666f;
5793: 666f;
5794: 766f;
5795: 666f;
5796: 666f;
5797: 665f;
5798: 665f;
5799: 655f;
579a: 655f;
579b: 655f;
579c: 555f;
579d: 555f;
579e: 555f;
579f: 555f;
57a0: 554f;
57a1: 544f;
57a2: 544f;
57a3: 544f;
57a4: 544f;
57a5: 544f;
57a6: 544f;
57a7: 544f;
57a8: 544f;
57a9: 554f;
57aa: 544f;
57ab: 444f;
57ac: 544f;
57ad: 544f;
57ae: 544f;
57af: 544f;
57b0: 544f;
57b1: 544f;
57b2: 544f;
57b3: 544f;
57b4: 544f;
57b5: 544f;
57b6: 544f;
57b7: 544f;
57b8: 544f;
57b9: 544f;
57ba: 544f;
57bb: 544f;
57bc: 544f;
57bd: 544f;
57be: 544f;
57bf: 544f;
57c0: 544f;
57c1: 544f;
57c2: 544f;
57c3: 544f;
57c4: 544f;
57c5: 544f;
57c6: 544f;
57c7: 544f;
57c8: 544f;
57c9: 544f;
57ca: 544f;
57cb: 544f;
57cc: 544f;
57cd: 544f;
57ce: 544f;
57cf: 544f;
57d0: 544f;
57d1: 544f;
57d2: 544f;
57d3: 544f;
57d4: 544f;
57d5: 544f;
57d6: 544f;
57d7: 544f;
57d8: 544f;
57d9: 544f;
57da: 544f;
57db: 544f;
57dc: 544f;
57dd: 544f;
57de: 544f;
57df: 544f;
57e0: 544f;
57e1: 544f;
57e2: 544f;
57e3: 544f;
57e4: 544f;
57e5: 544f;
57e6: 544f;
57e7: 544f;
57e8: 544f;
57e9: 544f;
57ea: 544f;
57eb: 544f;
57ec: 544f;
57ed: 544f;
57ee: 544f;
57ef: 544f;
57f0: 544f;
57f1: 444f;
57f2: 444f;
57f3: 444f;
57f4: 443f;
57f5: 444f;
57f6: 444f;
57f7: 444f;
57f8: 544f;
57f9: 544f;
57fa: 544f;
57fb: 544f;
57fc: 544f;
57fd: 544f;
57fe: 544f;
57ff: 544f;
5800: acbf;
5801: acbf;
5802: bccf;
5803: bccf;
5804: bdcf;
5805: cddf;
5806: cddf;
5807: cddf;
5808: cddf;
5809: cddf;
580a: cddf;
580b: cddf;
580c: cddf;
580d: cddf;
580e: cddf;
580f: cddf;
5810: cddf;
5811: cddf;
5812: cddf;
5813: cddf;
5814: cddf;
5815: cddf;
5816: cddf;
5817: cddf;
5818: cddf;
5819: cddf;
581a: cddf;
581b: cddf;
581c: cddf;
581d: cddf;
581e: cddf;
581f: cddf;
5820: cddf;
5821: cddf;
5822: cddf;
5823: cddf;
5824: cddf;
5825: cddf;
5826: cddf;
5827: cddf;
5828: cddf;
5829: cddf;
582a: cddf;
582b: cddf;
582c: cddf;
582d: cddf;
582e: cddf;
582f: cddf;
5830: cddf;
5831: cddf;
5832: cddf;
5833: cddf;
5834: cddf;
5835: cddf;
5836: cddf;
5837: cddf;
5838: cddf;
5839: cddf;
583a: cddf;
583b: cddf;
583c: cddf;
583d: cddf;
583e: cddf;
583f: cddf;
5840: cddf;
5841: cddf;
5842: cddf;
5843: cddf;
5844: cddf;
5845: cddf;
5846: cddf;
5847: cddf;
5848: cddf;
5849: cddf;
584a: cddf;
584b: cddf;
584c: cddf;
584d: cddf;
584e: cddf;
584f: cddf;
5850: cddf;
5851: cddf;
5852: cddf;
5853: cddf;
5854: cddf;
5855: cddf;
5856: cddf;
5857: cddf;
5858: cddf;
5859: cddf;
585a: cddf;
585b: cddf;
585c: cddf;
585d: cddf;
585e: cddf;
585f: cddf;
5860: cddf;
5861: cddf;
5862: cddf;
5863: cddf;
5864: cddf;
5865: cddf;
5866: cddf;
5867: cddf;
5868: cddf;
5869: cddf;
586a: cddf;
586b: cddf;
586c: cddf;
586d: cddf;
586e: cddf;
586f: cddf;
5870: cddf;
5871: cddf;
5872: cddf;
5873: cddf;
5874: dddf;
5875: cddf;
5876: cddf;
5877: cddf;
5878: dddf;
5879: deef;
587a: dddf;
587b: bbbf;
587c: 999f;
587d: 777f;
587e: 555f;
587f: 555f;
5880: 655f;
5881: 665f;
5882: 666f;
5883: 666f;
5884: 666f;
5885: 666f;
5886: 666f;
5887: 666f;
5888: 666f;
5889: 666f;
588a: 666f;
588b: 666f;
588c: 666f;
588d: 666f;
588e: 666f;
588f: 666f;
5890: 666f;
5891: 666f;
5892: 666f;
5893: 766f;
5894: 766f;
5895: 766f;
5896: 666f;
5897: 665f;
5898: 655f;
5899: 555f;
589a: 555f;
589b: 554f;
589c: 554f;
589d: 554f;
589e: 554f;
589f: 554f;
58a0: 544f;
58a1: 444f;
58a2: 544f;
58a3: 544f;
58a4: 544f;
58a5: 544f;
58a6: 544f;
58a7: 544f;
58a8: 444f;
58a9: 444f;
58aa: 443f;
58ab: 444f;
58ac: 544f;
58ad: 544f;
58ae: 544f;
58af: 544f;
58b0: 544f;
58b1: 544f;
58b2: 544f;
58b3: 544f;
58b4: 544f;
58b5: 544f;
58b6: 544f;
58b7: 544f;
58b8: 544f;
58b9: 544f;
58ba: 544f;
58bb: 544f;
58bc: 544f;
58bd: 544f;
58be: 544f;
58bf: 544f;
58c0: 544f;
58c1: 544f;
58c2: 444f;
58c3: 444f;
58c4: 444f;
58c5: 444f;
58c6: 444f;
58c7: 544f;
58c8: 544f;
58c9: 544f;
58ca: 544f;
58cb: 544f;
58cc: 544f;
58cd: 544f;
58ce: 544f;
58cf: 544f;
58d0: 544f;
58d1: 544f;
58d2: 544f;
58d3: 544f;
58d4: 544f;
58d5: 544f;
58d6: 544f;
58d7: 544f;
58d8: 544f;
58d9: 544f;
58da: 544f;
58db: 544f;
58dc: 544f;
58dd: 544f;
58de: 544f;
58df: 544f;
58e0: 544f;
58e1: 544f;
58e2: 544f;
58e3: 544f;
58e4: 544f;
58e5: 544f;
58e6: 544f;
58e7: 544f;
58e8: 544f;
58e9: 544f;
58ea: 544f;
58eb: 544f;
58ec: 544f;
58ed: 544f;
58ee: 544f;
58ef: 544f;
58f0: 544f;
58f1: 444f;
58f2: 444f;
58f3: 443f;
58f4: 443f;
58f5: 443f;
58f6: 444f;
58f7: 544f;
58f8: 544f;
58f9: 544f;
58fa: 544f;
58fb: 544f;
58fc: 544f;
58fd: 544f;
58fe: 544f;
58ff: 544f;
5900: acbf;
5901: acbf;
5902: bccf;
5903: bccf;
5904: bccf;
5905: bdcf;
5906: cddf;
5907: cddf;
5908: cddf;
5909: cddf;
590a: cddf;
590b: cddf;
590c: cddf;
590d: cddf;
590e: cddf;
590f: cddf;
5910: cddf;
5911: cddf;
5912: cddf;
5913: cddf;
5914: cddf;
5915: cddf;
5916: cddf;
5917: cddf;
5918: cddf;
5919: cddf;
591a: cddf;
591b: cddf;
591c: cddf;
591d: cddf;
591e: cddf;
591f: cddf;
5920: cddf;
5921: cddf;
5922: cddf;
5923: cddf;
5924: cddf;
5925: cddf;
5926: cddf;
5927: cddf;
5928: cddf;
5929: cddf;
592a: cddf;
592b: cddf;
592c: cddf;
592d: cddf;
592e: cddf;
592f: cddf;
5930: cddf;
5931: cddf;
5932: cddf;
5933: cddf;
5934: cddf;
5935: cddf;
5936: cddf;
5937: cddf;
5938: cddf;
5939: cddf;
593a: cddf;
593b: cddf;
593c: cddf;
593d: cddf;
593e: cddf;
593f: cddf;
5940: cddf;
5941: cddf;
5942: cddf;
5943: cddf;
5944: cddf;
5945: cddf;
5946: cddf;
5947: cddf;
5948: cddf;
5949: cddf;
594a: cddf;
594b: cddf;
594c: cddf;
594d: cddf;
594e: cddf;
594f: cddf;
5950: cddf;
5951: cddf;
5952: cddf;
5953: cddf;
5954: cddf;
5955: cddf;
5956: cddf;
5957: cddf;
5958: cddf;
5959: cddf;
595a: cddf;
595b: cddf;
595c: cddf;
595d: cddf;
595e: cddf;
595f: cddf;
5960: cddf;
5961: cddf;
5962: cddf;
5963: cddf;
5964: cddf;
5965: cddf;
5966: cddf;
5967: cddf;
5968: cddf;
5969: cddf;
596a: cddf;
596b: cddf;
596c: cddf;
596d: cddf;
596e: cddf;
596f: cddf;
5970: cddf;
5971: cddf;
5972: cddf;
5973: cddf;
5974: dddf;
5975: cddf;
5976: cddf;
5977: dddf;
5978: dddf;
5979: dddf;
597a: cccf;
597b: aaaf;
597c: 777f;
597d: 666f;
597e: 555f;
597f: 666f;
5980: 666f;
5981: 666f;
5982: 666f;
5983: 666f;
5984: 666f;
5985: 666f;
5986: 666f;
5987: 666f;
5988: 666f;
5989: 666f;
598a: 666f;
598b: 666f;
598c: 666f;
598d: 666f;
598e: 666f;
598f: 666f;
5990: 666f;
5991: 666f;
5992: 666f;
5993: 666f;
5994: 655f;
5995: 655f;
5996: 655f;
5997: 655f;
5998: 655f;
5999: 555f;
599a: 554f;
599b: 544f;
599c: 544f;
599d: 544f;
599e: 544f;
599f: 544f;
59a0: 554f;
59a1: 544f;
59a2: 444f;
59a3: 443f;
59a4: 544f;
59a5: 544f;
59a6: 544f;
59a7: 544f;
59a8: 544f;
59a9: 544f;
59aa: 544f;
59ab: 544f;
59ac: 544f;
59ad: 544f;
59ae: 544f;
59af: 544f;
59b0: 544f;
59b1: 544f;
59b2: 544f;
59b3: 544f;
59b4: 544f;
59b5: 544f;
59b6: 544f;
59b7: 544f;
59b8: 544f;
59b9: 544f;
59ba: 544f;
59bb: 544f;
59bc: 544f;
59bd: 544f;
59be: 544f;
59bf: 544f;
59c0: 544f;
59c1: 544f;
59c2: 444f;
59c3: 444f;
59c4: 444f;
59c5: 444f;
59c6: 444f;
59c7: 544f;
59c8: 544f;
59c9: 544f;
59ca: 544f;
59cb: 544f;
59cc: 544f;
59cd: 544f;
59ce: 544f;
59cf: 544f;
59d0: 544f;
59d1: 544f;
59d2: 544f;
59d3: 544f;
59d4: 544f;
59d5: 544f;
59d6: 544f;
59d7: 544f;
59d8: 544f;
59d9: 544f;
59da: 544f;
59db: 544f;
59dc: 544f;
59dd: 544f;
59de: 544f;
59df: 544f;
59e0: 544f;
59e1: 544f;
59e2: 544f;
59e3: 544f;
59e4: 544f;
59e5: 544f;
59e6: 544f;
59e7: 544f;
59e8: 544f;
59e9: 544f;
59ea: 544f;
59eb: 544f;
59ec: 544f;
59ed: 544f;
59ee: 544f;
59ef: 544f;
59f0: 544f;
59f1: 444f;
59f2: 443f;
59f3: 443f;
59f4: 443f;
59f5: 443f;
59f6: 444f;
59f7: 544f;
59f8: 544f;
59f9: 544f;
59fa: 544f;
59fb: 544f;
59fc: 544f;
59fd: 544f;
59fe: 544f;
59ff: 544f;
5a00: acbf;
5a01: acbf;
5a02: accf;
5a03: bccf;
5a04: bccf;
5a05: bccf;
5a06: bdcf;
5a07: cddf;
5a08: cddf;
5a09: cddf;
5a0a: cddf;
5a0b: cddf;
5a0c: cddf;
5a0d: cddf;
5a0e: cddf;
5a0f: cddf;
5a10: cddf;
5a11: cddf;
5a12: cddf;
5a13: cddf;
5a14: cddf;
5a15: cddf;
5a16: cddf;
5a17: cddf;
5a18: cddf;
5a19: cddf;
5a1a: cddf;
5a1b: cddf;
5a1c: cddf;
5a1d: cddf;
5a1e: cddf;
5a1f: cddf;
5a20: cddf;
5a21: cddf;
5a22: cddf;
5a23: cddf;
5a24: cddf;
5a25: cddf;
5a26: cddf;
5a27: cddf;
5a28: cddf;
5a29: cddf;
5a2a: cddf;
5a2b: cddf;
5a2c: cddf;
5a2d: cddf;
5a2e: cddf;
5a2f: cddf;
5a30: cddf;
5a31: cddf;
5a32: cddf;
5a33: cddf;
5a34: cddf;
5a35: cddf;
5a36: cddf;
5a37: cddf;
5a38: cddf;
5a39: cddf;
5a3a: cddf;
5a3b: cddf;
5a3c: cddf;
5a3d: cddf;
5a3e: cddf;
5a3f: cddf;
5a40: cddf;
5a41: cddf;
5a42: cddf;
5a43: cddf;
5a44: cddf;
5a45: cddf;
5a46: cddf;
5a47: cddf;
5a48: cddf;
5a49: cddf;
5a4a: cddf;
5a4b: cddf;
5a4c: cddf;
5a4d: cddf;
5a4e: cddf;
5a4f: cddf;
5a50: cddf;
5a51: cddf;
5a52: cddf;
5a53: cddf;
5a54: cddf;
5a55: cddf;
5a56: cddf;
5a57: cddf;
5a58: cddf;
5a59: cddf;
5a5a: cddf;
5a5b: cddf;
5a5c: cddf;
5a5d: cddf;
5a5e: cddf;
5a5f: cddf;
5a60: cddf;
5a61: cddf;
5a62: cddf;
5a63: cddf;
5a64: cddf;
5a65: cddf;
5a66: cddf;
5a67: cddf;
5a68: cddf;
5a69: cddf;
5a6a: cddf;
5a6b: cddf;
5a6c: cddf;
5a6d: cddf;
5a6e: cddf;
5a6f: cddf;
5a70: cddf;
5a71: cddf;
5a72: cddf;
5a73: cddf;
5a74: cddf;
5a75: cddf;
5a76: cddf;
5a77: dddf;
5a78: dddf;
5a79: cddf;
5a7a: abaf;
5a7b: 888f;
5a7c: 666f;
5a7d: 655f;
5a7e: 655f;
5a7f: 666f;
5a80: 666f;
5a81: 666f;
5a82: 666f;
5a83: 666f;
5a84: 666f;
5a85: 666f;
5a86: 666f;
5a87: 666f;
5a88: 666f;
5a89: 666f;
5a8a: 666f;
5a8b: 666f;
5a8c: 666f;
5a8d: 666f;
5a8e: 666f;
5a8f: 666f;
5a90: 666f;
5a91: 666f;
5a92: 666f;
5a93: 666f;
5a94: 655f;
5a95: 655f;
5a96: 655f;
5a97: 655f;
5a98: 555f;
5a99: 554f;
5a9a: 554f;
5a9b: 444f;
5a9c: 544f;
5a9d: 544f;
5a9e: 544f;
5a9f: 544f;
5aa0: 544f;
5aa1: 554f;
5aa2: 444f;
5aa3: 443f;
5aa4: 544f;
5aa5: 544f;
5aa6: 544f;
5aa7: 554f;
5aa8: 554f;
5aa9: 544f;
5aaa: 544f;
5aab: 544f;
5aac: 544f;
5aad: 544f;
5aae: 544f;
5aaf: 544f;
5ab0: 544f;
5ab1: 544f;
5ab2: 544f;
5ab3: 544f;
5ab4: 544f;
5ab5: 544f;
5ab6: 544f;
5ab7: 544f;
5ab8: 544f;
5ab9: 544f;
5aba: 544f;
5abb: 544f;
5abc: 544f;
5abd: 544f;
5abe: 544f;
5abf: 544f;
5ac0: 544f;
5ac1: 544f;
5ac2: 444f;
5ac3: 444f;
5ac4: 444f;
5ac5: 444f;
5ac6: 444f;
5ac7: 544f;
5ac8: 544f;
5ac9: 544f;
5aca: 544f;
5acb: 544f;
5acc: 544f;
5acd: 544f;
5ace: 544f;
5acf: 544f;
5ad0: 544f;
5ad1: 544f;
5ad2: 544f;
5ad3: 544f;
5ad4: 544f;
5ad5: 544f;
5ad6: 544f;
5ad7: 544f;
5ad8: 544f;
5ad9: 544f;
5ada: 544f;
5adb: 544f;
5adc: 544f;
5add: 544f;
5ade: 544f;
5adf: 544f;
5ae0: 544f;
5ae1: 544f;
5ae2: 544f;
5ae3: 544f;
5ae4: 544f;
5ae5: 544f;
5ae6: 544f;
5ae7: 544f;
5ae8: 544f;
5ae9: 544f;
5aea: 544f;
5aeb: 544f;
5aec: 544f;
5aed: 544f;
5aee: 544f;
5aef: 544f;
5af0: 544f;
5af1: 444f;
5af2: 443f;
5af3: 443f;
5af4: 443f;
5af5: 444f;
5af6: 544f;
5af7: 544f;
5af8: 544f;
5af9: 544f;
5afa: 544f;
5afb: 544f;
5afc: 544f;
5afd: 544f;
5afe: 544f;
5aff: 544f;
5b00: accf;
5b01: acbf;
5b02: acbf;
5b03: accf;
5b04: bccf;
5b05: bccf;
5b06: bccf;
5b07: bdcf;
5b08: cddf;
5b09: cddf;
5b0a: cddf;
5b0b: cddf;
5b0c: cddf;
5b0d: cddf;
5b0e: cddf;
5b0f: cddf;
5b10: cddf;
5b11: cddf;
5b12: cddf;
5b13: cddf;
5b14: cddf;
5b15: cddf;
5b16: cddf;
5b17: cddf;
5b18: cddf;
5b19: cddf;
5b1a: cddf;
5b1b: cddf;
5b1c: cddf;
5b1d: cddf;
5b1e: cddf;
5b1f: cddf;
5b20: cddf;
5b21: cddf;
5b22: cddf;
5b23: cddf;
5b24: cddf;
5b25: cddf;
5b26: cddf;
5b27: cddf;
5b28: cddf;
5b29: cddf;
5b2a: cddf;
5b2b: cddf;
5b2c: cddf;
5b2d: cddf;
5b2e: cddf;
5b2f: cddf;
5b30: cddf;
5b31: cddf;
5b32: cddf;
5b33: cddf;
5b34: cddf;
5b35: cddf;
5b36: cddf;
5b37: cddf;
5b38: cddf;
5b39: cddf;
5b3a: cddf;
5b3b: cddf;
5b3c: cddf;
5b3d: cddf;
5b3e: cddf;
5b3f: cddf;
5b40: cddf;
5b41: cddf;
5b42: cddf;
5b43: cddf;
5b44: cddf;
5b45: cddf;
5b46: cddf;
5b47: cddf;
5b48: cddf;
5b49: cddf;
5b4a: cddf;
5b4b: cddf;
5b4c: cddf;
5b4d: cddf;
5b4e: cddf;
5b4f: cddf;
5b50: cddf;
5b51: cddf;
5b52: cddf;
5b53: cddf;
5b54: cddf;
5b55: cddf;
5b56: cddf;
5b57: cddf;
5b58: cddf;
5b59: cddf;
5b5a: cddf;
5b5b: cddf;
5b5c: cddf;
5b5d: cddf;
5b5e: cddf;
5b5f: cddf;
5b60: cddf;
5b61: cddf;
5b62: cddf;
5b63: cddf;
5b64: cddf;
5b65: cddf;
5b66: cddf;
5b67: cddf;
5b68: cddf;
5b69: cddf;
5b6a: cddf;
5b6b: cddf;
5b6c: cddf;
5b6d: cddf;
5b6e: cddf;
5b6f: cddf;
5b70: cddf;
5b71: cddf;
5b72: cddf;
5b73: cddf;
5b74: cddf;
5b75: cddf;
5b76: dddf;
5b77: dddf;
5b78: dddf;
5b79: cccf;
5b7a: 999f;
5b7b: 666f;
5b7c: 555f;
5b7d: 555f;
5b7e: 655f;
5b7f: 666f;
5b80: 666f;
5b81: 666f;
5b82: 666f;
5b83: 666f;
5b84: 666f;
5b85: 666f;
5b86: 666f;
5b87: 666f;
5b88: 666f;
5b89: 666f;
5b8a: 666f;
5b8b: 666f;
5b8c: 666f;
5b8d: 666f;
5b8e: 666f;
5b8f: 666f;
5b90: 666f;
5b91: 666f;
5b92: 665f;
5b93: 665f;
5b94: 665f;
5b95: 666f;
5b96: 555f;
5b97: 554f;
5b98: 555f;
5b99: 554f;
5b9a: 544f;
5b9b: 443f;
5b9c: 444f;
5b9d: 444f;
5b9e: 444f;
5b9f: 444f;
5ba0: 544f;
5ba1: 554f;
5ba2: 544f;
5ba3: 443f;
5ba4: 444f;
5ba5: 544f;
5ba6: 544f;
5ba7: 554f;
5ba8: 544f;
5ba9: 544f;
5baa: 544f;
5bab: 544f;
5bac: 544f;
5bad: 544f;
5bae: 544f;
5baf: 544f;
5bb0: 544f;
5bb1: 544f;
5bb2: 544f;
5bb3: 544f;
5bb4: 544f;
5bb5: 544f;
5bb6: 544f;
5bb7: 544f;
5bb8: 544f;
5bb9: 544f;
5bba: 544f;
5bbb: 544f;
5bbc: 544f;
5bbd: 544f;
5bbe: 544f;
5bbf: 544f;
5bc0: 544f;
5bc1: 544f;
5bc2: 444f;
5bc3: 444f;
5bc4: 444f;
5bc5: 444f;
5bc6: 444f;
5bc7: 544f;
5bc8: 544f;
5bc9: 544f;
5bca: 544f;
5bcb: 544f;
5bcc: 544f;
5bcd: 544f;
5bce: 544f;
5bcf: 544f;
5bd0: 544f;
5bd1: 544f;
5bd2: 544f;
5bd3: 544f;
5bd4: 544f;
5bd5: 544f;
5bd6: 544f;
5bd7: 544f;
5bd8: 544f;
5bd9: 544f;
5bda: 544f;
5bdb: 544f;
5bdc: 544f;
5bdd: 544f;
5bde: 544f;
5bdf: 544f;
5be0: 544f;
5be1: 544f;
5be2: 544f;
5be3: 544f;
5be4: 544f;
5be5: 544f;
5be6: 544f;
5be7: 544f;
5be8: 544f;
5be9: 544f;
5bea: 544f;
5beb: 544f;
5bec: 544f;
5bed: 544f;
5bee: 544f;
5bef: 544f;
5bf0: 544f;
5bf1: 444f;
5bf2: 443f;
5bf3: 443f;
5bf4: 443f;
5bf5: 444f;
5bf6: 544f;
5bf7: 544f;
5bf8: 544f;
5bf9: 544f;
5bfa: 544f;
5bfb: 544f;
5bfc: 544f;
5bfd: 544f;
5bfe: 544f;
5bff: 544f;
5c00: bccf;
5c01: accf;
5c02: acbf;
5c03: accf;
5c04: bccf;
5c05: bccf;
5c06: bccf;
5c07: bccf;
5c08: cddf;
5c09: cddf;
5c0a: cddf;
5c0b: cddf;
5c0c: cddf;
5c0d: cddf;
5c0e: cddf;
5c0f: cddf;
5c10: cddf;
5c11: cddf;
5c12: cddf;
5c13: cddf;
5c14: cddf;
5c15: cddf;
5c16: cddf;
5c17: cddf;
5c18: cddf;
5c19: cddf;
5c1a: cddf;
5c1b: cddf;
5c1c: cddf;
5c1d: cddf;
5c1e: cddf;
5c1f: cddf;
5c20: cddf;
5c21: cddf;
5c22: cddf;
5c23: cddf;
5c24: cddf;
5c25: cddf;
5c26: cddf;
5c27: cddf;
5c28: cddf;
5c29: cddf;
5c2a: cddf;
5c2b: cddf;
5c2c: cddf;
5c2d: cddf;
5c2e: cddf;
5c2f: cddf;
5c30: cddf;
5c31: cddf;
5c32: cddf;
5c33: cddf;
5c34: cddf;
5c35: cddf;
5c36: cddf;
5c37: cddf;
5c38: cddf;
5c39: cddf;
5c3a: cddf;
5c3b: cddf;
5c3c: cddf;
5c3d: cddf;
5c3e: cddf;
5c3f: cddf;
5c40: cddf;
5c41: cddf;
5c42: cddf;
5c43: cddf;
5c44: cddf;
5c45: cddf;
5c46: cddf;
5c47: cddf;
5c48: cddf;
5c49: cddf;
5c4a: cddf;
5c4b: cddf;
5c4c: cddf;
5c4d: cddf;
5c4e: cddf;
5c4f: cddf;
5c50: cddf;
5c51: cddf;
5c52: cddf;
5c53: cddf;
5c54: cddf;
5c55: cddf;
5c56: cddf;
5c57: cddf;
5c58: cddf;
5c59: cddf;
5c5a: cddf;
5c5b: cddf;
5c5c: cddf;
5c5d: cddf;
5c5e: cddf;
5c5f: cddf;
5c60: cddf;
5c61: cddf;
5c62: cddf;
5c63: cddf;
5c64: cddf;
5c65: cddf;
5c66: cddf;
5c67: cddf;
5c68: cddf;
5c69: cddf;
5c6a: cddf;
5c6b: cddf;
5c6c: cddf;
5c6d: cddf;
5c6e: cddf;
5c6f: cddf;
5c70: cddf;
5c71: cddf;
5c72: cddf;
5c73: cddf;
5c74: cddf;
5c75: dddf;
5c76: dddf;
5c77: dddf;
5c78: cddf;
5c79: aaaf;
5c7a: 888f;
5c7b: 666f;
5c7c: 555f;
5c7d: 555f;
5c7e: 555f;
5c7f: 666f;
5c80: 666f;
5c81: 666f;
5c82: 666f;
5c83: 666f;
5c84: 666f;
5c85: 666f;
5c86: 666f;
5c87: 666f;
5c88: 666f;
5c89: 666f;
5c8a: 666f;
5c8b: 666f;
5c8c: 665f;
5c8d: 665f;
5c8e: 665f;
5c8f: 666f;
5c90: 666f;
5c91: 666f;
5c92: 666f;
5c93: 655f;
5c94: 655f;
5c95: 655f;
5c96: 555f;
5c97: 554f;
5c98: 554f;
5c99: 554f;
5c9a: 544f;
5c9b: 444f;
5c9c: 444f;
5c9d: 444f;
5c9e: 544f;
5c9f: 544f;
5ca0: 554f;
5ca1: 544f;
5ca2: 544f;
5ca3: 544f;
5ca4: 554f;
5ca5: 554f;
5ca6: 554f;
5ca7: 544f;
5ca8: 544f;
5ca9: 544f;
5caa: 544f;
5cab: 544f;
5cac: 544f;
5cad: 544f;
5cae: 544f;
5caf: 544f;
5cb0: 544f;
5cb1: 544f;
5cb2: 544f;
5cb3: 544f;
5cb4: 544f;
5cb5: 544f;
5cb6: 544f;
5cb7: 544f;
5cb8: 544f;
5cb9: 544f;
5cba: 544f;
5cbb: 544f;
5cbc: 544f;
5cbd: 544f;
5cbe: 544f;
5cbf: 544f;
5cc0: 544f;
5cc1: 544f;
5cc2: 444f;
5cc3: 444f;
5cc4: 444f;
5cc5: 444f;
5cc6: 544f;
5cc7: 544f;
5cc8: 544f;
5cc9: 544f;
5cca: 544f;
5ccb: 544f;
5ccc: 544f;
5ccd: 544f;
5cce: 544f;
5ccf: 544f;
5cd0: 544f;
5cd1: 544f;
5cd2: 544f;
5cd3: 544f;
5cd4: 544f;
5cd5: 544f;
5cd6: 544f;
5cd7: 544f;
5cd8: 544f;
5cd9: 544f;
5cda: 544f;
5cdb: 544f;
5cdc: 544f;
5cdd: 544f;
5cde: 544f;
5cdf: 544f;
5ce0: 544f;
5ce1: 544f;
5ce2: 544f;
5ce3: 544f;
5ce4: 544f;
5ce5: 544f;
5ce6: 544f;
5ce7: 544f;
5ce8: 544f;
5ce9: 544f;
5cea: 544f;
5ceb: 544f;
5cec: 544f;
5ced: 544f;
5cee: 544f;
5cef: 544f;
5cf0: 544f;
5cf1: 444f;
5cf2: 443f;
5cf3: 443f;
5cf4: 443f;
5cf5: 444f;
5cf6: 544f;
5cf7: 544f;
5cf8: 544f;
5cf9: 544f;
5cfa: 544f;
5cfb: 544f;
5cfc: 544f;
5cfd: 544f;
5cfe: 544f;
5cff: 544f;
5d00: bccf;
5d01: bccf;
5d02: acbf;
5d03: acbf;
5d04: bccf;
5d05: bccf;
5d06: bccf;
5d07: bccf;
5d08: bccf;
5d09: cddf;
5d0a: cddf;
5d0b: cddf;
5d0c: cddf;
5d0d: cddf;
5d0e: cddf;
5d0f: cddf;
5d10: cddf;
5d11: cddf;
5d12: cddf;
5d13: cddf;
5d14: cddf;
5d15: cddf;
5d16: cddf;
5d17: cddf;
5d18: cddf;
5d19: cddf;
5d1a: cddf;
5d1b: cddf;
5d1c: cddf;
5d1d: cddf;
5d1e: cddf;
5d1f: cddf;
5d20: cddf;
5d21: cddf;
5d22: cddf;
5d23: cddf;
5d24: cddf;
5d25: cddf;
5d26: cddf;
5d27: cddf;
5d28: cddf;
5d29: cddf;
5d2a: cddf;
5d2b: cddf;
5d2c: cddf;
5d2d: cddf;
5d2e: cddf;
5d2f: cddf;
5d30: cddf;
5d31: cddf;
5d32: cddf;
5d33: cddf;
5d34: cddf;
5d35: cddf;
5d36: cddf;
5d37: cddf;
5d38: cddf;
5d39: cddf;
5d3a: cddf;
5d3b: cddf;
5d3c: cddf;
5d3d: cddf;
5d3e: cddf;
5d3f: cddf;
5d40: cddf;
5d41: cddf;
5d42: cddf;
5d43: cddf;
5d44: cddf;
5d45: cddf;
5d46: cddf;
5d47: cddf;
5d48: cddf;
5d49: cddf;
5d4a: cddf;
5d4b: cddf;
5d4c: cddf;
5d4d: cddf;
5d4e: cddf;
5d4f: cddf;
5d50: cddf;
5d51: cddf;
5d52: cddf;
5d53: cddf;
5d54: cddf;
5d55: cddf;
5d56: cddf;
5d57: cddf;
5d58: cddf;
5d59: cddf;
5d5a: cddf;
5d5b: cddf;
5d5c: cddf;
5d5d: cddf;
5d5e: cddf;
5d5f: cddf;
5d60: cddf;
5d61: cddf;
5d62: cddf;
5d63: cddf;
5d64: cddf;
5d65: cddf;
5d66: cddf;
5d67: cddf;
5d68: cddf;
5d69: cddf;
5d6a: cddf;
5d6b: cddf;
5d6c: cddf;
5d6d: cddf;
5d6e: cddf;
5d6f: cddf;
5d70: cddf;
5d71: cddf;
5d72: cddf;
5d73: dddf;
5d74: dddf;
5d75: dddf;
5d76: dddf;
5d77: dddf;
5d78: bccf;
5d79: 888f;
5d7a: 776f;
5d7b: 665f;
5d7c: 555f;
5d7d: 655f;
5d7e: 665f;
5d7f: 666f;
5d80: 666f;
5d81: 666f;
5d82: 666f;
5d83: 666f;
5d84: 666f;
5d85: 666f;
5d86: 666f;
5d87: 666f;
5d88: 666f;
5d89: 666f;
5d8a: 666f;
5d8b: 666f;
5d8c: 666f;
5d8d: 666f;
5d8e: 666f;
5d8f: 666f;
5d90: 665f;
5d91: 665f;
5d92: 655f;
5d93: 655f;
5d94: 555f;
5d95: 555f;
5d96: 554f;
5d97: 544f;
5d98: 544f;
5d99: 544f;
5d9a: 544f;
5d9b: 444f;
5d9c: 544f;
5d9d: 544f;
5d9e: 544f;
5d9f: 544f;
5da0: 544f;
5da1: 544f;
5da2: 544f;
5da3: 544f;
5da4: 554f;
5da5: 554f;
5da6: 554f;
5da7: 544f;
5da8: 544f;
5da9: 544f;
5daa: 544f;
5dab: 544f;
5dac: 544f;
5dad: 544f;
5dae: 544f;
5daf: 544f;
5db0: 544f;
5db1: 544f;
5db2: 544f;
5db3: 544f;
5db4: 544f;
5db5: 544f;
5db6: 544f;
5db7: 544f;
5db8: 544f;
5db9: 544f;
5dba: 544f;
5dbb: 544f;
5dbc: 544f;
5dbd: 544f;
5dbe: 544f;
5dbf: 544f;
5dc0: 544f;
5dc1: 444f;
5dc2: 444f;
5dc3: 444f;
5dc4: 444f;
5dc5: 444f;
5dc6: 544f;
5dc7: 544f;
5dc8: 544f;
5dc9: 544f;
5dca: 544f;
5dcb: 544f;
5dcc: 544f;
5dcd: 544f;
5dce: 544f;
5dcf: 544f;
5dd0: 544f;
5dd1: 544f;
5dd2: 544f;
5dd3: 544f;
5dd4: 544f;
5dd5: 544f;
5dd6: 544f;
5dd7: 544f;
5dd8: 544f;
5dd9: 544f;
5dda: 544f;
5ddb: 544f;
5ddc: 544f;
5ddd: 544f;
5dde: 544f;
5ddf: 544f;
5de0: 544f;
5de1: 544f;
5de2: 544f;
5de3: 544f;
5de4: 544f;
5de5: 544f;
5de6: 544f;
5de7: 544f;
5de8: 544f;
5de9: 544f;
5dea: 544f;
5deb: 544f;
5dec: 544f;
5ded: 544f;
5dee: 544f;
5def: 544f;
5df0: 444f;
5df1: 444f;
5df2: 443f;
5df3: 443f;
5df4: 444f;
5df5: 444f;
5df6: 544f;
5df7: 544f;
5df8: 544f;
5df9: 544f;
5dfa: 544f;
5dfb: 544f;
5dfc: 544f;
5dfd: 544f;
5dfe: 544f;
5dff: 544f;
5e00: bccf;
5e01: bccf;
5e02: bccf;
5e03: accf;
5e04: acbf;
5e05: accf;
5e06: bccf;
5e07: bccf;
5e08: bccf;
5e09: bccf;
5e0a: cddf;
5e0b: cddf;
5e0c: cddf;
5e0d: cddf;
5e0e: cddf;
5e0f: cddf;
5e10: cddf;
5e11: cddf;
5e12: cddf;
5e13: cddf;
5e14: cddf;
5e15: cddf;
5e16: cddf;
5e17: cddf;
5e18: cddf;
5e19: cddf;
5e1a: cddf;
5e1b: cddf;
5e1c: cddf;
5e1d: cddf;
5e1e: cddf;
5e1f: cddf;
5e20: cddf;
5e21: cddf;
5e22: cddf;
5e23: cddf;
5e24: cddf;
5e25: cddf;
5e26: cddf;
5e27: cddf;
5e28: cddf;
5e29: cddf;
5e2a: cddf;
5e2b: cddf;
5e2c: cddf;
5e2d: cddf;
5e2e: cddf;
5e2f: cddf;
5e30: cddf;
5e31: cddf;
5e32: cddf;
5e33: cddf;
5e34: cddf;
5e35: cddf;
5e36: cddf;
5e37: cddf;
5e38: cddf;
5e39: cddf;
5e3a: cddf;
5e3b: cddf;
5e3c: cddf;
5e3d: cddf;
5e3e: cddf;
5e3f: cddf;
5e40: cddf;
5e41: cddf;
5e42: cddf;
5e43: cddf;
5e44: cddf;
5e45: cddf;
5e46: cddf;
5e47: cddf;
5e48: cddf;
5e49: cddf;
5e4a: cddf;
5e4b: cddf;
5e4c: cddf;
5e4d: cddf;
5e4e: cddf;
5e4f: cddf;
5e50: cddf;
5e51: cddf;
5e52: cddf;
5e53: cddf;
5e54: cddf;
5e55: cddf;
5e56: cddf;
5e57: cddf;
5e58: cddf;
5e59: cddf;
5e5a: cddf;
5e5b: cddf;
5e5c: cddf;
5e5d: cddf;
5e5e: cddf;
5e5f: cddf;
5e60: cddf;
5e61: cddf;
5e62: cddf;
5e63: cddf;
5e64: cddf;
5e65: cddf;
5e66: cddf;
5e67: cddf;
5e68: cddf;
5e69: cddf;
5e6a: cddf;
5e6b: cddf;
5e6c: cddf;
5e6d: cddf;
5e6e: cddf;
5e6f: cddf;
5e70: cddf;
5e71: cddf;
5e72: cddf;
5e73: dddf;
5e74: dddf;
5e75: dddf;
5e76: dddf;
5e77: cccf;
5e78: aaaf;
5e79: 555f;
5e7a: 555f;
5e7b: 666f;
5e7c: 665f;
5e7d: 666f;
5e7e: 666f;
5e7f: 666f;
5e80: 666f;
5e81: 666f;
5e82: 666f;
5e83: 666f;
5e84: 666f;
5e85: 666f;
5e86: 666f;
5e87: 666f;
5e88: 666f;
5e89: 666f;
5e8a: 666f;
5e8b: 666f;
5e8c: 666f;
5e8d: 666f;
5e8e: 665f;
5e8f: 665f;
5e90: 655f;
5e91: 655f;
5e92: 655f;
5e93: 555f;
5e94: 554f;
5e95: 554f;
5e96: 544f;
5e97: 544f;
5e98: 544f;
5e99: 544f;
5e9a: 544f;
5e9b: 544f;
5e9c: 544f;
5e9d: 544f;
5e9e: 544f;
5e9f: 544f;
5ea0: 544f;
5ea1: 544f;
5ea2: 544f;
5ea3: 544f;
5ea4: 544f;
5ea5: 544f;
5ea6: 544f;
5ea7: 544f;
5ea8: 544f;
5ea9: 544f;
5eaa: 544f;
5eab: 544f;
5eac: 544f;
5ead: 544f;
5eae: 544f;
5eaf: 544f;
5eb0: 544f;
5eb1: 544f;
5eb2: 544f;
5eb3: 544f;
5eb4: 544f;
5eb5: 544f;
5eb6: 544f;
5eb7: 544f;
5eb8: 544f;
5eb9: 544f;
5eba: 544f;
5ebb: 544f;
5ebc: 444f;
5ebd: 544f;
5ebe: 544f;
5ebf: 544f;
5ec0: 544f;
5ec1: 444f;
5ec2: 444f;
5ec3: 443f;
5ec4: 444f;
5ec5: 544f;
5ec6: 544f;
5ec7: 544f;
5ec8: 544f;
5ec9: 544f;
5eca: 544f;
5ecb: 544f;
5ecc: 544f;
5ecd: 544f;
5ece: 544f;
5ecf: 544f;
5ed0: 544f;
5ed1: 544f;
5ed2: 544f;
5ed3: 544f;
5ed4: 544f;
5ed5: 544f;
5ed6: 544f;
5ed7: 544f;
5ed8: 544f;
5ed9: 544f;
5eda: 544f;
5edb: 544f;
5edc: 544f;
5edd: 544f;
5ede: 544f;
5edf: 544f;
5ee0: 544f;
5ee1: 544f;
5ee2: 544f;
5ee3: 544f;
5ee4: 544f;
5ee5: 544f;
5ee6: 544f;
5ee7: 544f;
5ee8: 544f;
5ee9: 544f;
5eea: 544f;
5eeb: 544f;
5eec: 544f;
5eed: 544f;
5eee: 544f;
5eef: 544f;
5ef0: 444f;
5ef1: 443f;
5ef2: 443f;
5ef3: 443f;
5ef4: 444f;
5ef5: 544f;
5ef6: 544f;
5ef7: 544f;
5ef8: 544f;
5ef9: 544f;
5efa: 544f;
5efb: 544f;
5efc: 544f;
5efd: 544f;
5efe: 544f;
5eff: 544f;
5f00: bccf;
5f01: bccf;
5f02: bccf;
5f03: bccf;
5f04: acbf;
5f05: acbf;
5f06: acbf;
5f07: bccf;
5f08: bccf;
5f09: bccf;
5f0a: bccf;
5f0b: cddf;
5f0c: cddf;
5f0d: cddf;
5f0e: cddf;
5f0f: cddf;
5f10: cddf;
5f11: cddf;
5f12: cddf;
5f13: cddf;
5f14: cddf;
5f15: cddf;
5f16: cddf;
5f17: cddf;
5f18: cddf;
5f19: cddf;
5f1a: cddf;
5f1b: cddf;
5f1c: cddf;
5f1d: cddf;
5f1e: cddf;
5f1f: cddf;
5f20: cddf;
5f21: cddf;
5f22: cddf;
5f23: cddf;
5f24: cddf;
5f25: cddf;
5f26: cddf;
5f27: cddf;
5f28: cddf;
5f29: cddf;
5f2a: cddf;
5f2b: cddf;
5f2c: cddf;
5f2d: cddf;
5f2e: cddf;
5f2f: cddf;
5f30: cddf;
5f31: cddf;
5f32: cddf;
5f33: cddf;
5f34: cddf;
5f35: cddf;
5f36: cddf;
5f37: cddf;
5f38: cddf;
5f39: cddf;
5f3a: cddf;
5f3b: cddf;
5f3c: cddf;
5f3d: cddf;
5f3e: cddf;
5f3f: cddf;
5f40: cddf;
5f41: cddf;
5f42: cddf;
5f43: cddf;
5f44: cddf;
5f45: cddf;
5f46: cddf;
5f47: cddf;
5f48: cddf;
5f49: cddf;
5f4a: cddf;
5f4b: cddf;
5f4c: cddf;
5f4d: cddf;
5f4e: cddf;
5f4f: cddf;
5f50: cddf;
5f51: cddf;
5f52: cddf;
5f53: cddf;
5f54: cddf;
5f55: cddf;
5f56: cddf;
5f57: cddf;
5f58: cddf;
5f59: cddf;
5f5a: cddf;
5f5b: cddf;
5f5c: cddf;
5f5d: cddf;
5f5e: cddf;
5f5f: cddf;
5f60: cddf;
5f61: cddf;
5f62: cddf;
5f63: cddf;
5f64: cddf;
5f65: cddf;
5f66: cddf;
5f67: cddf;
5f68: cddf;
5f69: cddf;
5f6a: cddf;
5f6b: cddf;
5f6c: cddf;
5f6d: cddf;
5f6e: cddf;
5f6f: cddf;
5f70: cdcf;
5f71: cddf;
5f72: cddf;
5f73: dddf;
5f74: dddf;
5f75: dddf;
5f76: cccf;
5f77: abaf;
5f78: 888f;
5f79: 555f;
5f7a: 555f;
5f7b: 665f;
5f7c: 666f;
5f7d: 666f;
5f7e: 666f;
5f7f: 666f;
5f80: 666f;
5f81: 666f;
5f82: 666f;
5f83: 666f;
5f84: 666f;
5f85: 666f;
5f86: 666f;
5f87: 666f;
5f88: 666f;
5f89: 666f;
5f8a: 666f;
5f8b: 666f;
5f8c: 666f;
5f8d: 665f;
5f8e: 655f;
5f8f: 655f;
5f90: 555f;
5f91: 555f;
5f92: 554f;
5f93: 554f;
5f94: 544f;
5f95: 544f;
5f96: 544f;
5f97: 544f;
5f98: 544f;
5f99: 544f;
5f9a: 544f;
5f9b: 544f;
5f9c: 544f;
5f9d: 544f;
5f9e: 544f;
5f9f: 544f;
5fa0: 544f;
5fa1: 544f;
5fa2: 544f;
5fa3: 544f;
5fa4: 544f;
5fa5: 544f;
5fa6: 544f;
5fa7: 544f;
5fa8: 544f;
5fa9: 544f;
5faa: 544f;
5fab: 544f;
5fac: 544f;
5fad: 544f;
5fae: 544f;
5faf: 544f;
5fb0: 544f;
5fb1: 544f;
5fb2: 544f;
5fb3: 544f;
5fb4: 544f;
5fb5: 544f;
5fb6: 544f;
5fb7: 544f;
5fb8: 544f;
5fb9: 544f;
5fba: 544f;
5fbb: 544f;
5fbc: 444f;
5fbd: 444f;
5fbe: 544f;
5fbf: 544f;
5fc0: 544f;
5fc1: 444f;
5fc2: 443f;
5fc3: 443f;
5fc4: 444f;
5fc5: 544f;
5fc6: 544f;
5fc7: 544f;
5fc8: 544f;
5fc9: 544f;
5fca: 544f;
5fcb: 544f;
5fcc: 544f;
5fcd: 544f;
5fce: 544f;
5fcf: 544f;
5fd0: 544f;
5fd1: 544f;
5fd2: 544f;
5fd3: 544f;
5fd4: 544f;
5fd5: 544f;
5fd6: 544f;
5fd7: 544f;
5fd8: 544f;
5fd9: 544f;
5fda: 544f;
5fdb: 544f;
5fdc: 544f;
5fdd: 544f;
5fde: 544f;
5fdf: 544f;
5fe0: 544f;
5fe1: 544f;
5fe2: 544f;
5fe3: 544f;
5fe4: 544f;
5fe5: 544f;
5fe6: 544f;
5fe7: 544f;
5fe8: 544f;
5fe9: 544f;
5fea: 544f;
5feb: 544f;
5fec: 544f;
5fed: 544f;
5fee: 544f;
5fef: 544f;
5ff0: 444f;
5ff1: 443f;
5ff2: 443f;
5ff3: 443f;
5ff4: 444f;
5ff5: 544f;
5ff6: 544f;
5ff7: 544f;
5ff8: 544f;
5ff9: 544f;
5ffa: 544f;
5ffb: 544f;
5ffc: 544f;
5ffd: 544f;
5ffe: 544f;
5fff: 544f;
6000: bccf;
6001: bdcf;
6002: bdcf;
6003: bccf;
6004: bccf;
6005: bccf;
6006: bcbf;
6007: acbf;
6008: bccf;
6009: bccf;
600a: bccf;
600b: cddf;
600c: cddf;
600d: cddf;
600e: cddf;
600f: cddf;
6010: cddf;
6011: cddf;
6012: cddf;
6013: cddf;
6014: cddf;
6015: cddf;
6016: cddf;
6017: cddf;
6018: cddf;
6019: cddf;
601a: cddf;
601b: cddf;
601c: cddf;
601d: cddf;
601e: cddf;
601f: cddf;
6020: cddf;
6021: cddf;
6022: cddf;
6023: cddf;
6024: cddf;
6025: cddf;
6026: cddf;
6027: cddf;
6028: cddf;
6029: cddf;
602a: cddf;
602b: cddf;
602c: cddf;
602d: cddf;
602e: cddf;
602f: cddf;
6030: cddf;
6031: cddf;
6032: cddf;
6033: cddf;
6034: cddf;
6035: cddf;
6036: cddf;
6037: cddf;
6038: cddf;
6039: cddf;
603a: cddf;
603b: cddf;
603c: cddf;
603d: cddf;
603e: cddf;
603f: cddf;
6040: cddf;
6041: cddf;
6042: cddf;
6043: cddf;
6044: cddf;
6045: cddf;
6046: cddf;
6047: cddf;
6048: cddf;
6049: cddf;
604a: cddf;
604b: cddf;
604c: cddf;
604d: cddf;
604e: cddf;
604f: cddf;
6050: cddf;
6051: cddf;
6052: cddf;
6053: cddf;
6054: cddf;
6055: cddf;
6056: cddf;
6057: cddf;
6058: cddf;
6059: cddf;
605a: cddf;
605b: cddf;
605c: cddf;
605d: cddf;
605e: cddf;
605f: cddf;
6060: cddf;
6061: cddf;
6062: cddf;
6063: cddf;
6064: cddf;
6065: cddf;
6066: cddf;
6067: cddf;
6068: cddf;
6069: cddf;
606a: cddf;
606b: cddf;
606c: cddf;
606d: cddf;
606e: cdcf;
606f: cddf;
6070: cddf;
6071: cddf;
6072: cdcf;
6073: dddf;
6074: dddf;
6075: cddf;
6076: bcbf;
6077: 999f;
6078: 676f;
6079: 555f;
607a: 555f;
607b: 666f;
607c: 666f;
607d: 666f;
607e: 666f;
607f: 666f;
6080: 666f;
6081: 666f;
6082: 666f;
6083: 666f;
6084: 666f;
6085: 666f;
6086: 666f;
6087: 666f;
6088: 666f;
6089: 666f;
608a: 666f;
608b: 665f;
608c: 665f;
608d: 655f;
608e: 655f;
608f: 555f;
6090: 554f;
6091: 554f;
6092: 544f;
6093: 544f;
6094: 544f;
6095: 544f;
6096: 544f;
6097: 544f;
6098: 544f;
6099: 544f;
609a: 544f;
609b: 544f;
609c: 544f;
609d: 544f;
609e: 544f;
609f: 544f;
60a0: 544f;
60a1: 544f;
60a2: 544f;
60a3: 544f;
60a4: 544f;
60a5: 544f;
60a6: 544f;
60a7: 544f;
60a8: 544f;
60a9: 544f;
60aa: 544f;
60ab: 544f;
60ac: 544f;
60ad: 544f;
60ae: 544f;
60af: 544f;
60b0: 544f;
60b1: 544f;
60b2: 544f;
60b3: 544f;
60b4: 544f;
60b5: 544f;
60b6: 544f;
60b7: 544f;
60b8: 544f;
60b9: 544f;
60ba: 544f;
60bb: 544f;
60bc: 444f;
60bd: 444f;
60be: 544f;
60bf: 544f;
60c0: 444f;
60c1: 444f;
60c2: 443f;
60c3: 433f;
60c4: 444f;
60c5: 544f;
60c6: 544f;
60c7: 544f;
60c8: 544f;
60c9: 544f;
60ca: 544f;
60cb: 544f;
60cc: 544f;
60cd: 544f;
60ce: 544f;
60cf: 544f;
60d0: 544f;
60d1: 544f;
60d2: 544f;
60d3: 544f;
60d4: 544f;
60d5: 544f;
60d6: 544f;
60d7: 544f;
60d8: 544f;
60d9: 544f;
60da: 544f;
60db: 544f;
60dc: 544f;
60dd: 544f;
60de: 544f;
60df: 544f;
60e0: 544f;
60e1: 544f;
60e2: 544f;
60e3: 544f;
60e4: 544f;
60e5: 544f;
60e6: 544f;
60e7: 544f;
60e8: 544f;
60e9: 544f;
60ea: 544f;
60eb: 544f;
60ec: 544f;
60ed: 544f;
60ee: 544f;
60ef: 444f;
60f0: 444f;
60f1: 444f;
60f2: 444f;
60f3: 444f;
60f4: 544f;
60f5: 544f;
60f6: 544f;
60f7: 544f;
60f8: 544f;
60f9: 544f;
60fa: 544f;
60fb: 544f;
60fc: 544f;
60fd: 544f;
60fe: 544f;
60ff: 544f;
6100: bccf;
6101: bdcf;
6102: bdcf;
6103: bccf;
6104: bccf;
6105: bccf;
6106: acbf;
6107: acbf;
6108: acbf;
6109: bccf;
610a: bccf;
610b: bccf;
610c: cddf;
610d: cddf;
610e: cddf;
610f: cddf;
6110: cddf;
6111: cddf;
6112: cddf;
6113: cddf;
6114: cddf;
6115: cddf;
6116: cddf;
6117: cddf;
6118: cddf;
6119: cddf;
611a: cddf;
611b: cddf;
611c: cddf;
611d: cddf;
611e: cddf;
611f: cddf;
6120: cddf;
6121: cddf;
6122: cddf;
6123: cddf;
6124: cddf;
6125: cddf;
6126: cddf;
6127: cddf;
6128: cddf;
6129: cddf;
612a: cddf;
612b: cddf;
612c: cddf;
612d: cddf;
612e: cddf;
612f: cddf;
6130: cddf;
6131: cddf;
6132: cddf;
6133: cddf;
6134: cddf;
6135: cddf;
6136: cddf;
6137: cddf;
6138: cddf;
6139: cddf;
613a: cddf;
613b: cddf;
613c: cddf;
613d: cddf;
613e: cddf;
613f: cddf;
6140: cddf;
6141: cddf;
6142: cddf;
6143: cddf;
6144: cddf;
6145: cddf;
6146: cddf;
6147: cddf;
6148: cddf;
6149: cddf;
614a: cddf;
614b: cddf;
614c: cddf;
614d: cddf;
614e: cddf;
614f: cddf;
6150: cddf;
6151: cddf;
6152: cddf;
6153: cddf;
6154: cddf;
6155: cddf;
6156: cddf;
6157: cddf;
6158: cddf;
6159: cddf;
615a: cddf;
615b: cddf;
615c: cddf;
615d: cddf;
615e: cddf;
615f: cddf;
6160: cddf;
6161: cddf;
6162: cddf;
6163: cddf;
6164: cddf;
6165: cddf;
6166: cddf;
6167: cddf;
6168: cddf;
6169: cddf;
616a: cddf;
616b: cddf;
616c: cddf;
616d: cddf;
616e: cddf;
616f: cddf;
6170: cddf;
6171: cddf;
6172: cddf;
6173: dddf;
6174: dddf;
6175: cccf;
6176: aaaf;
6177: 777f;
6178: 555f;
6179: 655f;
617a: 666f;
617b: 666f;
617c: 666f;
617d: 666f;
617e: 666f;
617f: 666f;
6180: 666f;
6181: 666f;
6182: 666f;
6183: 666f;
6184: 666f;
6185: 666f;
6186: 666f;
6187: 666f;
6188: 665f;
6189: 665f;
618a: 665f;
618b: 655f;
618c: 655f;
618d: 655f;
618e: 555f;
618f: 554f;
6190: 544f;
6191: 544f;
6192: 544f;
6193: 544f;
6194: 544f;
6195: 544f;
6196: 544f;
6197: 544f;
6198: 544f;
6199: 544f;
619a: 544f;
619b: 544f;
619c: 544f;
619d: 544f;
619e: 544f;
619f: 544f;
61a0: 544f;
61a1: 544f;
61a2: 544f;
61a3: 544f;
61a4: 544f;
61a5: 544f;
61a6: 544f;
61a7: 544f;
61a8: 544f;
61a9: 544f;
61aa: 544f;
61ab: 544f;
61ac: 544f;
61ad: 544f;
61ae: 544f;
61af: 544f;
61b0: 544f;
61b1: 544f;
61b2: 544f;
61b3: 544f;
61b4: 544f;
61b5: 544f;
61b6: 544f;
61b7: 544f;
61b8: 544f;
61b9: 544f;
61ba: 544f;
61bb: 544f;
61bc: 444f;
61bd: 444f;
61be: 444f;
61bf: 544f;
61c0: 444f;
61c1: 444f;
61c2: 443f;
61c3: 443f;
61c4: 444f;
61c5: 544f;
61c6: 544f;
61c7: 544f;
61c8: 544f;
61c9: 544f;
61ca: 544f;
61cb: 544f;
61cc: 544f;
61cd: 544f;
61ce: 544f;
61cf: 544f;
61d0: 544f;
61d1: 544f;
61d2: 544f;
61d3: 544f;
61d4: 544f;
61d5: 544f;
61d6: 544f;
61d7: 544f;
61d8: 544f;
61d9: 544f;
61da: 544f;
61db: 544f;
61dc: 544f;
61dd: 544f;
61de: 544f;
61df: 544f;
61e0: 544f;
61e1: 544f;
61e2: 544f;
61e3: 544f;
61e4: 544f;
61e5: 544f;
61e6: 544f;
61e7: 544f;
61e8: 544f;
61e9: 544f;
61ea: 544f;
61eb: 544f;
61ec: 544f;
61ed: 544f;
61ee: 544f;
61ef: 444f;
61f0: 444f;
61f1: 444f;
61f2: 444f;
61f3: 444f;
61f4: 544f;
61f5: 544f;
61f6: 544f;
61f7: 544f;
61f8: 544f;
61f9: 544f;
61fa: 544f;
61fb: 544f;
61fc: 544f;
61fd: 544f;
61fe: 544f;
61ff: 544f;
6200: bccf;
6201: bdcf;
6202: bdcf;
6203: bccf;
6204: bccf;
6205: bccf;
6206: bccf;
6207: acbf;
6208: acbf;
6209: bccf;
620a: acbf;
620b: bccf;
620c: cddf;
620d: cddf;
620e: cddf;
620f: cddf;
6210: cddf;
6211: cddf;
6212: cddf;
6213: cddf;
6214: cddf;
6215: cddf;
6216: cddf;
6217: cddf;
6218: cddf;
6219: cddf;
621a: cddf;
621b: cddf;
621c: cddf;
621d: cddf;
621e: cddf;
621f: cddf;
6220: cddf;
6221: cddf;
6222: cddf;
6223: cddf;
6224: cddf;
6225: cddf;
6226: cddf;
6227: cddf;
6228: cddf;
6229: cddf;
622a: cddf;
622b: cddf;
622c: cddf;
622d: cddf;
622e: cddf;
622f: cddf;
6230: cddf;
6231: cddf;
6232: cddf;
6233: cddf;
6234: cddf;
6235: cddf;
6236: cddf;
6237: cddf;
6238: cddf;
6239: cddf;
623a: cddf;
623b: cddf;
623c: cddf;
623d: cddf;
623e: cddf;
623f: cddf;
6240: cddf;
6241: cddf;
6242: cddf;
6243: cddf;
6244: cddf;
6245: cddf;
6246: cddf;
6247: cddf;
6248: cddf;
6249: cddf;
624a: cddf;
624b: cddf;
624c: cddf;
624d: cddf;
624e: cddf;
624f: cddf;
6250: cddf;
6251: cddf;
6252: cddf;
6253: cddf;
6254: cddf;
6255: cddf;
6256: cddf;
6257: cddf;
6258: cddf;
6259: cddf;
625a: cddf;
625b: cddf;
625c: cddf;
625d: cddf;
625e: cddf;
625f: cddf;
6260: cddf;
6261: cddf;
6262: cddf;
6263: cddf;
6264: cddf;
6265: cddf;
6266: cddf;
6267: cddf;
6268: cddf;
6269: cddf;
626a: cddf;
626b: cddf;
626c: cddf;
626d: cddf;
626e: cddf;
626f: cddf;
6270: dedf;
6271: cddf;
6272: cddf;
6273: dddf;
6274: cccf;
6275: abaf;
6276: 887f;
6277: 565f;
6278: 555f;
6279: 666f;
627a: 666f;
627b: 665f;
627c: 666f;
627d: 665f;
627e: 666f;
627f: 666f;
6280: 666f;
6281: 666f;
6282: 666f;
6283: 666f;
6284: 666f;
6285: 666f;
6286: 665f;
6287: 665f;
6288: 655f;
6289: 655f;
628a: 655f;
628b: 655f;
628c: 555f;
628d: 555f;
628e: 554f;
628f: 544f;
6290: 544f;
6291: 544f;
6292: 544f;
6293: 544f;
6294: 544f;
6295: 544f;
6296: 544f;
6297: 544f;
6298: 544f;
6299: 544f;
629a: 544f;
629b: 544f;
629c: 544f;
629d: 544f;
629e: 544f;
629f: 544f;
62a0: 544f;
62a1: 544f;
62a2: 544f;
62a3: 544f;
62a4: 544f;
62a5: 544f;
62a6: 544f;
62a7: 544f;
62a8: 544f;
62a9: 544f;
62aa: 544f;
62ab: 544f;
62ac: 544f;
62ad: 544f;
62ae: 544f;
62af: 544f;
62b0: 544f;
62b1: 544f;
62b2: 544f;
62b3: 544f;
62b4: 544f;
62b5: 544f;
62b6: 544f;
62b7: 544f;
62b8: 544f;
62b9: 544f;
62ba: 544f;
62bb: 544f;
62bc: 544f;
62bd: 444f;
62be: 444f;
62bf: 444f;
62c0: 444f;
62c1: 444f;
62c2: 443f;
62c3: 443f;
62c4: 444f;
62c5: 544f;
62c6: 544f;
62c7: 544f;
62c8: 544f;
62c9: 544f;
62ca: 544f;
62cb: 544f;
62cc: 544f;
62cd: 544f;
62ce: 544f;
62cf: 544f;
62d0: 544f;
62d1: 544f;
62d2: 544f;
62d3: 544f;
62d4: 544f;
62d5: 544f;
62d6: 544f;
62d7: 544f;
62d8: 544f;
62d9: 544f;
62da: 544f;
62db: 544f;
62dc: 544f;
62dd: 544f;
62de: 544f;
62df: 544f;
62e0: 544f;
62e1: 544f;
62e2: 544f;
62e3: 544f;
62e4: 544f;
62e5: 544f;
62e6: 544f;
62e7: 544f;
62e8: 544f;
62e9: 544f;
62ea: 544f;
62eb: 544f;
62ec: 444f;
62ed: 544f;
62ee: 444f;
62ef: 444f;
62f0: 444f;
62f1: 443f;
62f2: 444f;
62f3: 444f;
62f4: 444f;
62f5: 544f;
62f6: 544f;
62f7: 444f;
62f8: 544f;
62f9: 544f;
62fa: 544f;
62fb: 544f;
62fc: 544f;
62fd: 544f;
62fe: 544f;
62ff: 544f;
6300: bccf;
6301: bdcf;
6302: bdcf;
6303: bdcf;
6304: bccf;
6305: bccf;
6306: bccf;
6307: bcbf;
6308: bccf;
6309: bccf;
630a: acbf;
630b: bccf;
630c: bccf;
630d: bdcf;
630e: cddf;
630f: cddf;
6310: cddf;
6311: cddf;
6312: cddf;
6313: cddf;
6314: cddf;
6315: cddf;
6316: cddf;
6317: cddf;
6318: cddf;
6319: cddf;
631a: cddf;
631b: cddf;
631c: cddf;
631d: cddf;
631e: cddf;
631f: cddf;
6320: cddf;
6321: cddf;
6322: cddf;
6323: cddf;
6324: cddf;
6325: cddf;
6326: cddf;
6327: cddf;
6328: cddf;
6329: cddf;
632a: cddf;
632b: cddf;
632c: cddf;
632d: cddf;
632e: cddf;
632f: cddf;
6330: cddf;
6331: cddf;
6332: cddf;
6333: cddf;
6334: cddf;
6335: cddf;
6336: cddf;
6337: cddf;
6338: cddf;
6339: cddf;
633a: cddf;
633b: cddf;
633c: cddf;
633d: cddf;
633e: cddf;
633f: cddf;
6340: cddf;
6341: cddf;
6342: cddf;
6343: cddf;
6344: cddf;
6345: cddf;
6346: cddf;
6347: cddf;
6348: cddf;
6349: cddf;
634a: cddf;
634b: cddf;
634c: cddf;
634d: cddf;
634e: cddf;
634f: cddf;
6350: cddf;
6351: cddf;
6352: cddf;
6353: cddf;
6354: cddf;
6355: cddf;
6356: cddf;
6357: cddf;
6358: cddf;
6359: cddf;
635a: cddf;
635b: cddf;
635c: cddf;
635d: cddf;
635e: cddf;
635f: cddf;
6360: cddf;
6361: cddf;
6362: cddf;
6363: cddf;
6364: cddf;
6365: cddf;
6366: cddf;
6367: cddf;
6368: cddf;
6369: cddf;
636a: cddf;
636b: cddf;
636c: cddf;
636d: cddf;
636e: cddf;
636f: cddf;
6370: dedf;
6371: dddf;
6372: dddf;
6373: cddf;
6374: bbbf;
6375: 999f;
6376: 665f;
6377: 555f;
6378: 555f;
6379: 666f;
637a: 666f;
637b: 666f;
637c: 665f;
637d: 665f;
637e: 666f;
637f: 666f;
6380: 666f;
6381: 666f;
6382: 666f;
6383: 666f;
6384: 666f;
6385: 666f;
6386: 665f;
6387: 665f;
6388: 655f;
6389: 655f;
638a: 555f;
638b: 555f;
638c: 554f;
638d: 554f;
638e: 544f;
638f: 544f;
6390: 544f;
6391: 544f;
6392: 544f;
6393: 544f;
6394: 544f;
6395: 544f;
6396: 544f;
6397: 544f;
6398: 544f;
6399: 544f;
639a: 544f;
639b: 544f;
639c: 544f;
639d: 544f;
639e: 544f;
639f: 544f;
63a0: 544f;
63a1: 544f;
63a2: 544f;
63a3: 544f;
63a4: 544f;
63a5: 544f;
63a6: 544f;
63a7: 544f;
63a8: 544f;
63a9: 544f;
63aa: 544f;
63ab: 544f;
63ac: 544f;
63ad: 544f;
63ae: 544f;
63af: 544f;
63b0: 544f;
63b1: 544f;
63b2: 544f;
63b3: 544f;
63b4: 544f;
63b5: 544f;
63b6: 544f;
63b7: 544f;
63b8: 544f;
63b9: 544f;
63ba: 544f;
63bb: 544f;
63bc: 544f;
63bd: 544f;
63be: 444f;
63bf: 444f;
63c0: 444f;
63c1: 444f;
63c2: 443f;
63c3: 443f;
63c4: 444f;
63c5: 544f;
63c6: 544f;
63c7: 544f;
63c8: 544f;
63c9: 544f;
63ca: 544f;
63cb: 544f;
63cc: 544f;
63cd: 544f;
63ce: 544f;
63cf: 544f;
63d0: 544f;
63d1: 544f;
63d2: 544f;
63d3: 544f;
63d4: 544f;
63d5: 544f;
63d6: 544f;
63d7: 544f;
63d8: 544f;
63d9: 544f;
63da: 544f;
63db: 544f;
63dc: 544f;
63dd: 544f;
63de: 544f;
63df: 544f;
63e0: 544f;
63e1: 544f;
63e2: 544f;
63e3: 544f;
63e4: 544f;
63e5: 544f;
63e6: 544f;
63e7: 544f;
63e8: 544f;
63e9: 544f;
63ea: 544f;
63eb: 544f;
63ec: 444f;
63ed: 444f;
63ee: 444f;
63ef: 444f;
63f0: 443f;
63f1: 443f;
63f2: 444f;
63f3: 444f;
63f4: 444f;
63f5: 444f;
63f6: 444f;
63f7: 444f;
63f8: 544f;
63f9: 544f;
63fa: 544f;
63fb: 544f;
63fc: 544f;
63fd: 544f;
63fe: 544f;
63ff: 544f;
6400: bccf;
6401: bccf;
6402: bdcf;
6403: bdcf;
6404: bccf;
6405: bccf;
6406: bccf;
6407: bccf;
6408: bccf;
6409: acbf;
640a: bccf;
640b: bccf;
640c: bccf;
640d: bccf;
640e: bccf;
640f: cddf;
6410: cdcf;
6411: cddf;
6412: cddf;
6413: cddf;
6414: cddf;
6415: cddf;
6416: cddf;
6417: cddf;
6418: cddf;
6419: cddf;
641a: cddf;
641b: cddf;
641c: cddf;
641d: cddf;
641e: cddf;
641f: cddf;
6420: cddf;
6421: cddf;
6422: cddf;
6423: cddf;
6424: cddf;
6425: cddf;
6426: cddf;
6427: cddf;
6428: cddf;
6429: cddf;
642a: cddf;
642b: cddf;
642c: cddf;
642d: cddf;
642e: cddf;
642f: cddf;
6430: cddf;
6431: cddf;
6432: cddf;
6433: cddf;
6434: cddf;
6435: cddf;
6436: cddf;
6437: cddf;
6438: cddf;
6439: cddf;
643a: cddf;
643b: cddf;
643c: cddf;
643d: cddf;
643e: cddf;
643f: cddf;
6440: cddf;
6441: cddf;
6442: cddf;
6443: cddf;
6444: cddf;
6445: cddf;
6446: cddf;
6447: cddf;
6448: cddf;
6449: cddf;
644a: cddf;
644b: cddf;
644c: cddf;
644d: cddf;
644e: cddf;
644f: cddf;
6450: cddf;
6451: cddf;
6452: cddf;
6453: cddf;
6454: cddf;
6455: cddf;
6456: cddf;
6457: cddf;
6458: cddf;
6459: cddf;
645a: cddf;
645b: cddf;
645c: cddf;
645d: cddf;
645e: cddf;
645f: cddf;
6460: cddf;
6461: cddf;
6462: cddf;
6463: cddf;
6464: cddf;
6465: cddf;
6466: cddf;
6467: cddf;
6468: cddf;
6469: cddf;
646a: cddf;
646b: cddf;
646c: cddf;
646d: cddf;
646e: cddf;
646f: cddf;
6470: cddf;
6471: dddf;
6472: dddf;
6473: cccf;
6474: aaaf;
6475: 787f;
6476: 444f;
6477: 555f;
6478: 565f;
6479: 666f;
647a: 766f;
647b: 666f;
647c: 665f;
647d: 666f;
647e: 666f;
647f: 666f;
6480: 666f;
6481: 666f;
6482: 666f;
6483: 666f;
6484: 666f;
6485: 666f;
6486: 665f;
6487: 655f;
6488: 655f;
6489: 555f;
648a: 555f;
648b: 554f;
648c: 544f;
648d: 544f;
648e: 544f;
648f: 544f;
6490: 544f;
6491: 544f;
6492: 544f;
6493: 544f;
6494: 544f;
6495: 544f;
6496: 544f;
6497: 544f;
6498: 544f;
6499: 544f;
649a: 544f;
649b: 544f;
649c: 544f;
649d: 544f;
649e: 544f;
649f: 544f;
64a0: 544f;
64a1: 544f;
64a2: 544f;
64a3: 544f;
64a4: 544f;
64a5: 544f;
64a6: 544f;
64a7: 544f;
64a8: 544f;
64a9: 544f;
64aa: 544f;
64ab: 544f;
64ac: 544f;
64ad: 544f;
64ae: 544f;
64af: 544f;
64b0: 544f;
64b1: 544f;
64b2: 544f;
64b3: 544f;
64b4: 544f;
64b5: 544f;
64b6: 544f;
64b7: 544f;
64b8: 544f;
64b9: 544f;
64ba: 544f;
64bb: 544f;
64bc: 544f;
64bd: 544f;
64be: 444f;
64bf: 444f;
64c0: 443f;
64c1: 433f;
64c2: 443f;
64c3: 443f;
64c4: 444f;
64c5: 544f;
64c6: 544f;
64c7: 544f;
64c8: 544f;
64c9: 544f;
64ca: 544f;
64cb: 544f;
64cc: 544f;
64cd: 544f;
64ce: 544f;
64cf: 544f;
64d0: 544f;
64d1: 544f;
64d2: 544f;
64d3: 544f;
64d4: 544f;
64d5: 544f;
64d6: 544f;
64d7: 544f;
64d8: 544f;
64d9: 544f;
64da: 544f;
64db: 544f;
64dc: 544f;
64dd: 544f;
64de: 544f;
64df: 544f;
64e0: 544f;
64e1: 544f;
64e2: 544f;
64e3: 544f;
64e4: 544f;
64e5: 544f;
64e6: 544f;
64e7: 544f;
64e8: 444f;
64e9: 444f;
64ea: 444f;
64eb: 544f;
64ec: 444f;
64ed: 444f;
64ee: 444f;
64ef: 433f;
64f0: 433f;
64f1: 443f;
64f2: 444f;
64f3: 444f;
64f4: 444f;
64f5: 544f;
64f6: 544f;
64f7: 544f;
64f8: 544f;
64f9: 544f;
64fa: 544f;
64fb: 544f;
64fc: 544f;
64fd: 544f;
64fe: 544f;
64ff: 544f;
6500: bdcf;
6501: bdcf;
6502: bdcf;
6503: bdcf;
6504: bccf;
6505: bccf;
6506: bccf;
6507: bccf;
6508: bccf;
6509: bccf;
650a: bccf;
650b: bccf;
650c: acbf;
650d: bccf;
650e: bccf;
650f: cdcf;
6510: cddf;
6511: cddf;
6512: cddf;
6513: cddf;
6514: cddf;
6515: cddf;
6516: cddf;
6517: cddf;
6518: cddf;
6519: cddf;
651a: cddf;
651b: cddf;
651c: cddf;
651d: cddf;
651e: cddf;
651f: cddf;
6520: cddf;
6521: cddf;
6522: cddf;
6523: cddf;
6524: cddf;
6525: cddf;
6526: cddf;
6527: cddf;
6528: cddf;
6529: cddf;
652a: cddf;
652b: cddf;
652c: cddf;
652d: cddf;
652e: cddf;
652f: cddf;
6530: cddf;
6531: cddf;
6532: cddf;
6533: cddf;
6534: cddf;
6535: cddf;
6536: cddf;
6537: cddf;
6538: cddf;
6539: cddf;
653a: cddf;
653b: cddf;
653c: cddf;
653d: cddf;
653e: cddf;
653f: cddf;
6540: cddf;
6541: cddf;
6542: cddf;
6543: cddf;
6544: cddf;
6545: cddf;
6546: cddf;
6547: cddf;
6548: cddf;
6549: cddf;
654a: cddf;
654b: cddf;
654c: cddf;
654d: cddf;
654e: cddf;
654f: cddf;
6550: cddf;
6551: cddf;
6552: cddf;
6553: cddf;
6554: cddf;
6555: cddf;
6556: cddf;
6557: cddf;
6558: cddf;
6559: cddf;
655a: cddf;
655b: cddf;
655c: cddf;
655d: cddf;
655e: cddf;
655f: cddf;
6560: cddf;
6561: cddf;
6562: cddf;
6563: cddf;
6564: cddf;
6565: cddf;
6566: cddf;
6567: cddf;
6568: cddf;
6569: cddf;
656a: cddf;
656b: cddf;
656c: cddf;
656d: cddf;
656e: cddf;
656f: cddf;
6570: cddf;
6571: cddf;
6572: cccf;
6573: bbbf;
6574: 898f;
6575: 676f;
6576: 444f;
6577: 555f;
6578: 665f;
6579: 666f;
657a: 666f;
657b: 665f;
657c: 665f;
657d: 666f;
657e: 666f;
657f: 666f;
6580: 666f;
6581: 666f;
6582: 666f;
6583: 665f;
6584: 665f;
6585: 665f;
6586: 655f;
6587: 555f;
6588: 555f;
6589: 555f;
658a: 554f;
658b: 554f;
658c: 544f;
658d: 544f;
658e: 544f;
658f: 544f;
6590: 544f;
6591: 544f;
6592: 544f;
6593: 544f;
6594: 544f;
6595: 544f;
6596: 544f;
6597: 544f;
6598: 544f;
6599: 544f;
659a: 544f;
659b: 544f;
659c: 544f;
659d: 544f;
659e: 544f;
659f: 544f;
65a0: 544f;
65a1: 544f;
65a2: 544f;
65a3: 544f;
65a4: 544f;
65a5: 544f;
65a6: 544f;
65a7: 544f;
65a8: 544f;
65a9: 544f;
65aa: 544f;
65ab: 544f;
65ac: 544f;
65ad: 544f;
65ae: 544f;
65af: 544f;
65b0: 544f;
65b1: 544f;
65b2: 544f;
65b3: 544f;
65b4: 544f;
65b5: 544f;
65b6: 544f;
65b7: 544f;
65b8: 544f;
65b9: 544f;
65ba: 544f;
65bb: 544f;
65bc: 544f;
65bd: 544f;
65be: 444f;
65bf: 444f;
65c0: 433f;
65c1: 433f;
65c2: 433f;
65c3: 444f;
65c4: 444f;
65c5: 544f;
65c6: 544f;
65c7: 544f;
65c8: 544f;
65c9: 544f;
65ca: 544f;
65cb: 544f;
65cc: 544f;
65cd: 544f;
65ce: 544f;
65cf: 544f;
65d0: 544f;
65d1: 544f;
65d2: 544f;
65d3: 544f;
65d4: 544f;
65d5: 544f;
65d6: 544f;
65d7: 544f;
65d8: 544f;
65d9: 544f;
65da: 544f;
65db: 544f;
65dc: 544f;
65dd: 544f;
65de: 544f;
65df: 544f;
65e0: 544f;
65e1: 544f;
65e2: 544f;
65e3: 544f;
65e4: 544f;
65e5: 544f;
65e6: 544f;
65e7: 544f;
65e8: 444f;
65e9: 444f;
65ea: 444f;
65eb: 444f;
65ec: 444f;
65ed: 444f;
65ee: 443f;
65ef: 433f;
65f0: 433f;
65f1: 443f;
65f2: 444f;
65f3: 444f;
65f4: 444f;
65f5: 544f;
65f6: 544f;
65f7: 544f;
65f8: 544f;
65f9: 544f;
65fa: 544f;
65fb: 544f;
65fc: 544f;
65fd: 544f;
65fe: 544f;
65ff: 544f;
6600: bdcf;
6601: bdcf;
6602: bdcf;
6603: bccf;
6604: bccf;
6605: bdcf;
6606: bccf;
6607: bccf;
6608: bccf;
6609: bccf;
660a: bccf;
660b: bccf;
660c: acbf;
660d: acbf;
660e: bccf;
660f: bccf;
6610: bdcf;
6611: cddf;
6612: cddf;
6613: cddf;
6614: cddf;
6615: cddf;
6616: cddf;
6617: cddf;
6618: cddf;
6619: cddf;
661a: cddf;
661b: cddf;
661c: cddf;
661d: cddf;
661e: cddf;
661f: cddf;
6620: cddf;
6621: cddf;
6622: cddf;
6623: cddf;
6624: cddf;
6625: cddf;
6626: cddf;
6627: cddf;
6628: cddf;
6629: cddf;
662a: cddf;
662b: cddf;
662c: cddf;
662d: cddf;
662e: cddf;
662f: cddf;
6630: cddf;
6631: cddf;
6632: cddf;
6633: cddf;
6634: cddf;
6635: cddf;
6636: cddf;
6637: cddf;
6638: cddf;
6639: cddf;
663a: cddf;
663b: cddf;
663c: cddf;
663d: cddf;
663e: cddf;
663f: cddf;
6640: cddf;
6641: cddf;
6642: cddf;
6643: cddf;
6644: cddf;
6645: cddf;
6646: cddf;
6647: cddf;
6648: cddf;
6649: cddf;
664a: cddf;
664b: cddf;
664c: cddf;
664d: cddf;
664e: cddf;
664f: cddf;
6650: cddf;
6651: cddf;
6652: cddf;
6653: cddf;
6654: cddf;
6655: cddf;
6656: cddf;
6657: cddf;
6658: cddf;
6659: cddf;
665a: cddf;
665b: cddf;
665c: cddf;
665d: cddf;
665e: cddf;
665f: cddf;
6660: cddf;
6661: cddf;
6662: cddf;
6663: cddf;
6664: cddf;
6665: cddf;
6666: cddf;
6667: cddf;
6668: cddf;
6669: cddf;
666a: cddf;
666b: cddf;
666c: cddf;
666d: cddf;
666e: cddf;
666f: cddf;
6670: cddf;
6671: cdcf;
6672: bbbf;
6673: 999f;
6674: 777f;
6675: 555f;
6676: 554f;
6677: 665f;
6678: 665f;
6679: 665f;
667a: 665f;
667b: 665f;
667c: 666f;
667d: 665f;
667e: 665f;
667f: 665f;
6680: 666f;
6681: 666f;
6682: 665f;
6683: 665f;
6684: 655f;
6685: 655f;
6686: 655f;
6687: 555f;
6688: 554f;
6689: 554f;
668a: 544f;
668b: 544f;
668c: 544f;
668d: 544f;
668e: 544f;
668f: 544f;
6690: 544f;
6691: 544f;
6692: 544f;
6693: 544f;
6694: 544f;
6695: 544f;
6696: 544f;
6697: 544f;
6698: 544f;
6699: 544f;
669a: 544f;
669b: 544f;
669c: 544f;
669d: 544f;
669e: 544f;
669f: 544f;
66a0: 544f;
66a1: 544f;
66a2: 544f;
66a3: 544f;
66a4: 544f;
66a5: 544f;
66a6: 544f;
66a7: 544f;
66a8: 544f;
66a9: 544f;
66aa: 544f;
66ab: 544f;
66ac: 544f;
66ad: 544f;
66ae: 544f;
66af: 544f;
66b0: 544f;
66b1: 544f;
66b2: 544f;
66b3: 544f;
66b4: 544f;
66b5: 544f;
66b6: 544f;
66b7: 544f;
66b8: 544f;
66b9: 544f;
66ba: 544f;
66bb: 544f;
66bc: 544f;
66bd: 544f;
66be: 444f;
66bf: 444f;
66c0: 333f;
66c1: 333f;
66c2: 433f;
66c3: 444f;
66c4: 444f;
66c5: 544f;
66c6: 544f;
66c7: 544f;
66c8: 544f;
66c9: 544f;
66ca: 544f;
66cb: 544f;
66cc: 544f;
66cd: 544f;
66ce: 544f;
66cf: 544f;
66d0: 544f;
66d1: 544f;
66d2: 544f;
66d3: 544f;
66d4: 544f;
66d5: 544f;
66d6: 544f;
66d7: 544f;
66d8: 544f;
66d9: 544f;
66da: 544f;
66db: 544f;
66dc: 544f;
66dd: 544f;
66de: 544f;
66df: 544f;
66e0: 544f;
66e1: 544f;
66e2: 544f;
66e3: 544f;
66e4: 544f;
66e5: 544f;
66e6: 544f;
66e7: 544f;
66e8: 544f;
66e9: 544f;
66ea: 444f;
66eb: 444f;
66ec: 444f;
66ed: 443f;
66ee: 433f;
66ef: 333f;
66f0: 443f;
66f1: 444f;
66f2: 444f;
66f3: 444f;
66f4: 444f;
66f5: 444f;
66f6: 444f;
66f7: 544f;
66f8: 544f;
66f9: 544f;
66fa: 544f;
66fb: 544f;
66fc: 544f;
66fd: 544f;
66fe: 544f;
66ff: 544f;
6700: bccf;
6701: bccf;
6702: bdcf;
6703: cdcf;
6704: cdcf;
6705: cddf;
6706: bdcf;
6707: bccf;
6708: bccf;
6709: bccf;
670a: bccf;
670b: bccf;
670c: abbf;
670d: abbf;
670e: abbf;
670f: bccf;
6710: bccf;
6711: bdcf;
6712: cddf;
6713: cddf;
6714: cddf;
6715: cddf;
6716: cddf;
6717: cddf;
6718: cddf;
6719: cddf;
671a: cddf;
671b: cddf;
671c: cddf;
671d: cddf;
671e: cddf;
671f: cddf;
6720: cddf;
6721: cddf;
6722: cddf;
6723: cddf;
6724: cddf;
6725: cddf;
6726: cddf;
6727: cddf;
6728: cddf;
6729: cddf;
672a: cddf;
672b: cddf;
672c: cddf;
672d: cddf;
672e: cddf;
672f: cddf;
6730: cddf;
6731: cddf;
6732: cddf;
6733: cddf;
6734: cddf;
6735: cddf;
6736: cddf;
6737: cddf;
6738: cddf;
6739: cddf;
673a: cddf;
673b: cddf;
673c: cddf;
673d: cddf;
673e: cddf;
673f: cddf;
6740: cddf;
6741: cddf;
6742: cddf;
6743: cddf;
6744: cddf;
6745: cddf;
6746: cddf;
6747: cddf;
6748: cddf;
6749: cddf;
674a: cddf;
674b: cddf;
674c: cddf;
674d: cddf;
674e: cddf;
674f: cddf;
6750: cddf;
6751: cddf;
6752: cddf;
6753: cddf;
6754: cddf;
6755: cddf;
6756: cddf;
6757: cddf;
6758: cddf;
6759: cddf;
675a: cddf;
675b: cddf;
675c: cddf;
675d: cddf;
675e: cddf;
675f: cddf;
6760: cddf;
6761: cddf;
6762: cddf;
6763: cddf;
6764: cddf;
6765: cddf;
6766: cddf;
6767: cddf;
6768: cddf;
6769: cddf;
676a: cddf;
676b: cddf;
676c: cddf;
676d: cddf;
676e: cddf;
676f: cddf;
6770: cdcf;
6771: bccf;
6772: aaaf;
6773: 787f;
6774: 666f;
6775: 555f;
6776: 665f;
6777: 666f;
6778: 666f;
6779: 665f;
677a: 665f;
677b: 666f;
677c: 666f;
677d: 665f;
677e: 665f;
677f: 665f;
6780: 666f;
6781: 665f;
6782: 665f;
6783: 665f;
6784: 655f;
6785: 555f;
6786: 555f;
6787: 554f;
6788: 544f;
6789: 544f;
678a: 544f;
678b: 544f;
678c: 544f;
678d: 544f;
678e: 544f;
678f: 544f;
6790: 544f;
6791: 544f;
6792: 544f;
6793: 544f;
6794: 544f;
6795: 544f;
6796: 544f;
6797: 544f;
6798: 544f;
6799: 544f;
679a: 544f;
679b: 544f;
679c: 544f;
679d: 544f;
679e: 544f;
679f: 544f;
67a0: 544f;
67a1: 544f;
67a2: 544f;
67a3: 544f;
67a4: 544f;
67a5: 544f;
67a6: 544f;
67a7: 544f;
67a8: 544f;
67a9: 544f;
67aa: 544f;
67ab: 544f;
67ac: 544f;
67ad: 544f;
67ae: 544f;
67af: 544f;
67b0: 544f;
67b1: 544f;
67b2: 544f;
67b3: 544f;
67b4: 544f;
67b5: 544f;
67b6: 544f;
67b7: 544f;
67b8: 544f;
67b9: 544f;
67ba: 544f;
67bb: 544f;
67bc: 544f;
67bd: 544f;
67be: 444f;
67bf: 443f;
67c0: 333f;
67c1: 333f;
67c2: 433f;
67c3: 444f;
67c4: 444f;
67c5: 544f;
67c6: 544f;
67c7: 544f;
67c8: 544f;
67c9: 544f;
67ca: 544f;
67cb: 544f;
67cc: 544f;
67cd: 544f;
67ce: 544f;
67cf: 544f;
67d0: 544f;
67d1: 544f;
67d2: 544f;
67d3: 544f;
67d4: 544f;
67d5: 544f;
67d6: 544f;
67d7: 544f;
67d8: 544f;
67d9: 544f;
67da: 544f;
67db: 544f;
67dc: 544f;
67dd: 544f;
67de: 544f;
67df: 544f;
67e0: 544f;
67e1: 544f;
67e2: 544f;
67e3: 544f;
67e4: 544f;
67e5: 544f;
67e6: 544f;
67e7: 544f;
67e8: 544f;
67e9: 544f;
67ea: 444f;
67eb: 444f;
67ec: 433f;
67ed: 433f;
67ee: 333f;
67ef: 333f;
67f0: 443f;
67f1: 444f;
67f2: 444f;
67f3: 444f;
67f4: 444f;
67f5: 544f;
67f6: 544f;
67f7: 544f;
67f8: 544f;
67f9: 544f;
67fa: 544f;
67fb: 544f;
67fc: 544f;
67fd: 544f;
67fe: 544f;
67ff: 544f;
6800: bdcf;
6801: bdcf;
6802: bccf;
6803: bccf;
6804: cdcf;
6805: cddf;
6806: bdcf;
6807: bccf;
6808: bccf;
6809: bccf;
680a: bccf;
680b: bccf;
680c: acbf;
680d: abbf;
680e: abbf;
680f: acbf;
6810: bccf;
6811: bccf;
6812: bdcf;
6813: bdcf;
6814: cddf;
6815: cddf;
6816: cddf;
6817: cddf;
6818: cddf;
6819: cddf;
681a: cddf;
681b: cddf;
681c: cddf;
681d: cddf;
681e: cddf;
681f: cddf;
6820: cddf;
6821: cddf;
6822: cddf;
6823: cddf;
6824: cddf;
6825: cddf;
6826: cddf;
6827: cddf;
6828: cddf;
6829: cddf;
682a: cddf;
682b: cddf;
682c: cddf;
682d: cddf;
682e: cddf;
682f: cddf;
6830: cddf;
6831: cddf;
6832: cddf;
6833: cddf;
6834: cddf;
6835: cddf;
6836: cddf;
6837: cddf;
6838: cddf;
6839: cddf;
683a: cddf;
683b: cddf;
683c: cddf;
683d: cddf;
683e: cddf;
683f: cddf;
6840: cddf;
6841: cddf;
6842: cddf;
6843: cddf;
6844: cddf;
6845: cddf;
6846: cddf;
6847: cddf;
6848: cddf;
6849: cddf;
684a: cddf;
684b: cddf;
684c: cddf;
684d: cddf;
684e: cddf;
684f: cddf;
6850: cddf;
6851: cddf;
6852: cddf;
6853: cddf;
6854: cddf;
6855: cddf;
6856: cddf;
6857: cddf;
6858: cddf;
6859: cddf;
685a: cddf;
685b: cddf;
685c: cddf;
685d: cddf;
685e: cddf;
685f: cddf;
6860: cddf;
6861: cddf;
6862: cddf;
6863: cddf;
6864: cddf;
6865: cddf;
6866: cddf;
6867: cddf;
6868: cddf;
6869: cddf;
686a: cddf;
686b: cddf;
686c: cddf;
686d: cddf;
686e: dddf;
686f: cddf;
6870: cddf;
6871: bbbf;
6872: 999f;
6873: 666f;
6874: 555f;
6875: 555f;
6876: 665f;
6877: 666f;
6878: 666f;
6879: 666f;
687a: 666f;
687b: 666f;
687c: 666f;
687d: 666f;
687e: 666f;
687f: 666f;
6880: 666f;
6881: 665f;
6882: 655f;
6883: 655f;
6884: 555f;
6885: 555f;
6886: 554f;
6887: 544f;
6888: 544f;
6889: 544f;
688a: 544f;
688b: 544f;
688c: 544f;
688d: 544f;
688e: 544f;
688f: 544f;
6890: 544f;
6891: 544f;
6892: 544f;
6893: 544f;
6894: 544f;
6895: 544f;
6896: 544f;
6897: 544f;
6898: 544f;
6899: 544f;
689a: 544f;
689b: 544f;
689c: 544f;
689d: 544f;
689e: 544f;
689f: 544f;
68a0: 544f;
68a1: 544f;
68a2: 544f;
68a3: 544f;
68a4: 544f;
68a5: 544f;
68a6: 544f;
68a7: 544f;
68a8: 544f;
68a9: 544f;
68aa: 544f;
68ab: 544f;
68ac: 544f;
68ad: 544f;
68ae: 544f;
68af: 544f;
68b0: 544f;
68b1: 544f;
68b2: 544f;
68b3: 544f;
68b4: 544f;
68b5: 544f;
68b6: 544f;
68b7: 544f;
68b8: 544f;
68b9: 544f;
68ba: 544f;
68bb: 544f;
68bc: 544f;
68bd: 544f;
68be: 444f;
68bf: 433f;
68c0: 433f;
68c1: 333f;
68c2: 433f;
68c3: 444f;
68c4: 444f;
68c5: 544f;
68c6: 544f;
68c7: 544f;
68c8: 544f;
68c9: 544f;
68ca: 544f;
68cb: 544f;
68cc: 544f;
68cd: 544f;
68ce: 544f;
68cf: 544f;
68d0: 544f;
68d1: 544f;
68d2: 544f;
68d3: 544f;
68d4: 544f;
68d5: 544f;
68d6: 544f;
68d7: 544f;
68d8: 544f;
68d9: 544f;
68da: 544f;
68db: 544f;
68dc: 544f;
68dd: 544f;
68de: 544f;
68df: 544f;
68e0: 544f;
68e1: 544f;
68e2: 544f;
68e3: 544f;
68e4: 544f;
68e5: 544f;
68e6: 544f;
68e7: 544f;
68e8: 554f;
68e9: 544f;
68ea: 444f;
68eb: 443f;
68ec: 433f;
68ed: 333f;
68ee: 333f;
68ef: 333f;
68f0: 443f;
68f1: 444f;
68f2: 444f;
68f3: 444f;
68f4: 544f;
68f5: 544f;
68f6: 544f;
68f7: 544f;
68f8: 544f;
68f9: 544f;
68fa: 544f;
68fb: 544f;
68fc: 544f;
68fd: 544f;
68fe: 544f;
68ff: 544f;
6900: bccf;
6901: bccf;
6902: bccf;
6903: bccf;
6904: bccf;
6905: bdcf;
6906: cdcf;
6907: bdcf;
6908: bccf;
6909: bccf;
690a: bccf;
690b: bccf;
690c: bccf;
690d: acbf;
690e: acbf;
690f: bccf;
6910: accf;
6911: bccf;
6912: bccf;
6913: bccf;
6914: bddf;
6915: cddf;
6916: cddf;
6917: cddf;
6918: cddf;
6919: cddf;
691a: cddf;
691b: cddf;
691c: cddf;
691d: cddf;
691e: cddf;
691f: cddf;
6920: cddf;
6921: cddf;
6922: cddf;
6923: cddf;
6924: cddf;
6925: cddf;
6926: cddf;
6927: cddf;
6928: cddf;
6929: cddf;
692a: cddf;
692b: cddf;
692c: cddf;
692d: cddf;
692e: cddf;
692f: cddf;
6930: cddf;
6931: cddf;
6932: cddf;
6933: cddf;
6934: cddf;
6935: cddf;
6936: cddf;
6937: cddf;
6938: cddf;
6939: cddf;
693a: cddf;
693b: cddf;
693c: cddf;
693d: cddf;
693e: cddf;
693f: cddf;
6940: cddf;
6941: cddf;
6942: cddf;
6943: cddf;
6944: cddf;
6945: cddf;
6946: cddf;
6947: cddf;
6948: cddf;
6949: cddf;
694a: cddf;
694b: cddf;
694c: cddf;
694d: cddf;
694e: cddf;
694f: cddf;
6950: cddf;
6951: cddf;
6952: cddf;
6953: cddf;
6954: cddf;
6955: cddf;
6956: cddf;
6957: cddf;
6958: cddf;
6959: cddf;
695a: cddf;
695b: cddf;
695c: cddf;
695d: cddf;
695e: cddf;
695f: cddf;
6960: cddf;
6961: cddf;
6962: cddf;
6963: cddf;
6964: cddf;
6965: cddf;
6966: cddf;
6967: cddf;
6968: cddf;
6969: cddf;
696a: cddf;
696b: cddf;
696c: cddf;
696d: cddf;
696e: dddf;
696f: dddf;
6970: cccf;
6971: aaaf;
6972: 787f;
6973: 555f;
6974: 555f;
6975: 555f;
6976: 665f;
6977: 666f;
6978: 666f;
6979: 666f;
697a: 666f;
697b: 666f;
697c: 665f;
697d: 665f;
697e: 665f;
697f: 665f;
6980: 665f;
6981: 665f;
6982: 655f;
6983: 555f;
6984: 555f;
6985: 554f;
6986: 554f;
6987: 544f;
6988: 544f;
6989: 544f;
698a: 544f;
698b: 544f;
698c: 544f;
698d: 544f;
698e: 544f;
698f: 544f;
6990: 544f;
6991: 544f;
6992: 544f;
6993: 544f;
6994: 544f;
6995: 544f;
6996: 544f;
6997: 544f;
6998: 544f;
6999: 544f;
699a: 544f;
699b: 544f;
699c: 544f;
699d: 544f;
699e: 544f;
699f: 544f;
69a0: 544f;
69a1: 544f;
69a2: 544f;
69a3: 544f;
69a4: 544f;
69a5: 544f;
69a6: 544f;
69a7: 544f;
69a8: 544f;
69a9: 544f;
69aa: 544f;
69ab: 544f;
69ac: 544f;
69ad: 544f;
69ae: 544f;
69af: 544f;
69b0: 544f;
69b1: 544f;
69b2: 544f;
69b3: 544f;
69b4: 544f;
69b5: 544f;
69b6: 544f;
69b7: 544f;
69b8: 544f;
69b9: 544f;
69ba: 544f;
69bb: 544f;
69bc: 544f;
69bd: 544f;
69be: 444f;
69bf: 433f;
69c0: 433f;
69c1: 433f;
69c2: 443f;
69c3: 444f;
69c4: 444f;
69c5: 544f;
69c6: 544f;
69c7: 544f;
69c8: 544f;
69c9: 544f;
69ca: 544f;
69cb: 544f;
69cc: 544f;
69cd: 544f;
69ce: 544f;
69cf: 544f;
69d0: 544f;
69d1: 544f;
69d2: 544f;
69d3: 544f;
69d4: 544f;
69d5: 544f;
69d6: 544f;
69d7: 544f;
69d8: 544f;
69d9: 544f;
69da: 544f;
69db: 544f;
69dc: 544f;
69dd: 544f;
69de: 544f;
69df: 544f;
69e0: 544f;
69e1: 544f;
69e2: 544f;
69e3: 544f;
69e4: 544f;
69e5: 544f;
69e6: 544f;
69e7: 544f;
69e8: 544f;
69e9: 544f;
69ea: 444f;
69eb: 443f;
69ec: 333f;
69ed: 333f;
69ee: 333f;
69ef: 333f;
69f0: 444f;
69f1: 444f;
69f2: 444f;
69f3: 444f;
69f4: 544f;
69f5: 544f;
69f6: 544f;
69f7: 544f;
69f8: 544f;
69f9: 544f;
69fa: 544f;
69fb: 544f;
69fc: 544f;
69fd: 544f;
69fe: 544f;
69ff: 544f;
6a00: bccf;
6a01: bccf;
6a02: cdcf;
6a03: bccf;
6a04: bccf;
6a05: bccf;
6a06: bdcf;
6a07: cddf;
6a08: bdcf;
6a09: bccf;
6a0a: bccf;
6a0b: bccf;
6a0c: bccf;
6a0d: bccf;
6a0e: bccf;
6a0f: bccf;
6a10: accf;
6a11: accf;
6a12: bccf;
6a13: bccf;
6a14: bccf;
6a15: bddf;
6a16: cddf;
6a17: cddf;
6a18: cddf;
6a19: cddf;
6a1a: cddf;
6a1b: cddf;
6a1c: cddf;
6a1d: cddf;
6a1e: cddf;
6a1f: cddf;
6a20: cddf;
6a21: cddf;
6a22: cddf;
6a23: cddf;
6a24: cddf;
6a25: cddf;
6a26: cddf;
6a27: cddf;
6a28: cddf;
6a29: cddf;
6a2a: cddf;
6a2b: cddf;
6a2c: cddf;
6a2d: cddf;
6a2e: cddf;
6a2f: cddf;
6a30: cddf;
6a31: cddf;
6a32: cddf;
6a33: cddf;
6a34: cddf;
6a35: cddf;
6a36: cddf;
6a37: cddf;
6a38: cddf;
6a39: cddf;
6a3a: cddf;
6a3b: cddf;
6a3c: cddf;
6a3d: cddf;
6a3e: cddf;
6a3f: cddf;
6a40: cddf;
6a41: cddf;
6a42: cddf;
6a43: cddf;
6a44: cddf;
6a45: cddf;
6a46: cddf;
6a47: cddf;
6a48: cddf;
6a49: cddf;
6a4a: cddf;
6a4b: cddf;
6a4c: cddf;
6a4d: cddf;
6a4e: cddf;
6a4f: cddf;
6a50: cddf;
6a51: cddf;
6a52: cddf;
6a53: cddf;
6a54: cddf;
6a55: cddf;
6a56: cddf;
6a57: cddf;
6a58: cddf;
6a59: cddf;
6a5a: cddf;
6a5b: cddf;
6a5c: cddf;
6a5d: cddf;
6a5e: cddf;
6a5f: cddf;
6a60: cddf;
6a61: cddf;
6a62: cddf;
6a63: cddf;
6a64: cddf;
6a65: cddf;
6a66: cddf;
6a67: cddf;
6a68: cddf;
6a69: cddf;
6a6a: cddf;
6a6b: cddf;
6a6c: cddf;
6a6d: cddf;
6a6e: dddf;
6a6f: cdcf;
6a70: abbf;
6a71: 888f;
6a72: 666f;
6a73: 444f;
6a74: 555f;
6a75: 665f;
6a76: 666f;
6a77: 666f;
6a78: 666f;
6a79: 666f;
6a7a: 666f;
6a7b: 666f;
6a7c: 665f;
6a7d: 665f;
6a7e: 655f;
6a7f: 655f;
6a80: 655f;
6a81: 555f;
6a82: 554f;
6a83: 544f;
6a84: 544f;
6a85: 544f;
6a86: 554f;
6a87: 544f;
6a88: 544f;
6a89: 544f;
6a8a: 544f;
6a8b: 544f;
6a8c: 544f;
6a8d: 544f;
6a8e: 544f;
6a8f: 544f;
6a90: 544f;
6a91: 544f;
6a92: 544f;
6a93: 544f;
6a94: 544f;
6a95: 544f;
6a96: 544f;
6a97: 544f;
6a98: 544f;
6a99: 544f;
6a9a: 544f;
6a9b: 544f;
6a9c: 544f;
6a9d: 544f;
6a9e: 544f;
6a9f: 544f;
6aa0: 544f;
6aa1: 544f;
6aa2: 544f;
6aa3: 544f;
6aa4: 544f;
6aa5: 544f;
6aa6: 544f;
6aa7: 544f;
6aa8: 544f;
6aa9: 544f;
6aaa: 544f;
6aab: 544f;
6aac: 544f;
6aad: 544f;
6aae: 544f;
6aaf: 544f;
6ab0: 544f;
6ab1: 544f;
6ab2: 544f;
6ab3: 544f;
6ab4: 544f;
6ab5: 544f;
6ab6: 544f;
6ab7: 544f;
6ab8: 544f;
6ab9: 544f;
6aba: 544f;
6abb: 544f;
6abc: 544f;
6abd: 444f;
6abe: 444f;
6abf: 433f;
6ac0: 433f;
6ac1: 433f;
6ac2: 443f;
6ac3: 444f;
6ac4: 444f;
6ac5: 544f;
6ac6: 544f;
6ac7: 544f;
6ac8: 544f;
6ac9: 544f;
6aca: 544f;
6acb: 544f;
6acc: 544f;
6acd: 544f;
6ace: 544f;
6acf: 544f;
6ad0: 544f;
6ad1: 544f;
6ad2: 544f;
6ad3: 544f;
6ad4: 544f;
6ad5: 544f;
6ad6: 544f;
6ad7: 544f;
6ad8: 544f;
6ad9: 544f;
6ada: 544f;
6adb: 544f;
6adc: 544f;
6add: 544f;
6ade: 544f;
6adf: 544f;
6ae0: 544f;
6ae1: 544f;
6ae2: 544f;
6ae3: 544f;
6ae4: 544f;
6ae5: 544f;
6ae6: 544f;
6ae7: 544f;
6ae8: 544f;
6ae9: 544f;
6aea: 444f;
6aeb: 433f;
6aec: 333f;
6aed: 333f;
6aee: 333f;
6aef: 433f;
6af0: 444f;
6af1: 444f;
6af2: 444f;
6af3: 544f;
6af4: 544f;
6af5: 544f;
6af6: 544f;
6af7: 544f;
6af8: 544f;
6af9: 544f;
6afa: 544f;
6afb: 544f;
6afc: 544f;
6afd: 544f;
6afe: 544f;
6aff: 544f;
6b00: bccf;
6b01: cdcf;
6b02: cdcf;
6b03: cdcf;
6b04: cdcf;
6b05: bccf;
6b06: bccf;
6b07: cdcf;
6b08: bdcf;
6b09: bccf;
6b0a: bccf;
6b0b: bdcf;
6b0c: bdcf;
6b0d: bccf;
6b0e: bccf;
6b0f: bccf;
6b10: accf;
6b11: bccf;
6b12: bccf;
6b13: bccf;
6b14: bccf;
6b15: bccf;
6b16: bddf;
6b17: cddf;
6b18: cddf;
6b19: cddf;
6b1a: cddf;
6b1b: cddf;
6b1c: cddf;
6b1d: cddf;
6b1e: cddf;
6b1f: cddf;
6b20: cddf;
6b21: cddf;
6b22: cddf;
6b23: cddf;
6b24: cddf;
6b25: cddf;
6b26: cddf;
6b27: cddf;
6b28: cddf;
6b29: cddf;
6b2a: cddf;
6b2b: cddf;
6b2c: cddf;
6b2d: cddf;
6b2e: cddf;
6b2f: cddf;
6b30: cddf;
6b31: cddf;
6b32: cddf;
6b33: cddf;
6b34: cddf;
6b35: cddf;
6b36: cddf;
6b37: cddf;
6b38: cddf;
6b39: cddf;
6b3a: cddf;
6b3b: cddf;
6b3c: cddf;
6b3d: cddf;
6b3e: cddf;
6b3f: cddf;
6b40: cddf;
6b41: cddf;
6b42: cddf;
6b43: cddf;
6b44: cddf;
6b45: cddf;
6b46: cddf;
6b47: cddf;
6b48: cddf;
6b49: cddf;
6b4a: cddf;
6b4b: cddf;
6b4c: cddf;
6b4d: cddf;
6b4e: cddf;
6b4f: cddf;
6b50: cddf;
6b51: cddf;
6b52: cddf;
6b53: cddf;
6b54: cddf;
6b55: cddf;
6b56: cddf;
6b57: cddf;
6b58: cddf;
6b59: cddf;
6b5a: cddf;
6b5b: cddf;
6b5c: cddf;
6b5d: cddf;
6b5e: cddf;
6b5f: cddf;
6b60: cddf;
6b61: cddf;
6b62: cddf;
6b63: cddf;
6b64: cddf;
6b65: cddf;
6b66: cddf;
6b67: cddf;
6b68: cddf;
6b69: cddf;
6b6a: cddf;
6b6b: cddf;
6b6c: cddf;
6b6d: cddf;
6b6e: cddf;
6b6f: bccf;
6b70: 9a9f;
6b71: 777f;
6b72: 555f;
6b73: 555f;
6b74: 655f;
6b75: 666f;
6b76: 666f;
6b77: 666f;
6b78: 666f;
6b79: 666f;
6b7a: 666f;
6b7b: 666f;
6b7c: 666f;
6b7d: 665f;
6b7e: 655f;
6b7f: 555f;
6b80: 555f;
6b81: 554f;
6b82: 544f;
6b83: 444f;
6b84: 444f;
6b85: 544f;
6b86: 544f;
6b87: 544f;
6b88: 544f;
6b89: 544f;
6b8a: 544f;
6b8b: 544f;
6b8c: 544f;
6b8d: 544f;
6b8e: 544f;
6b8f: 544f;
6b90: 544f;
6b91: 544f;
6b92: 544f;
6b93: 544f;
6b94: 544f;
6b95: 544f;
6b96: 544f;
6b97: 544f;
6b98: 544f;
6b99: 544f;
6b9a: 544f;
6b9b: 544f;
6b9c: 544f;
6b9d: 544f;
6b9e: 544f;
6b9f: 544f;
6ba0: 544f;
6ba1: 544f;
6ba2: 544f;
6ba3: 544f;
6ba4: 544f;
6ba5: 544f;
6ba6: 544f;
6ba7: 544f;
6ba8: 544f;
6ba9: 544f;
6baa: 544f;
6bab: 544f;
6bac: 544f;
6bad: 544f;
6bae: 544f;
6baf: 544f;
6bb0: 544f;
6bb1: 544f;
6bb2: 544f;
6bb3: 544f;
6bb4: 544f;
6bb5: 544f;
6bb6: 544f;
6bb7: 544f;
6bb8: 544f;
6bb9: 544f;
6bba: 544f;
6bbb: 544f;
6bbc: 544f;
6bbd: 444f;
6bbe: 444f;
6bbf: 333f;
6bc0: 433f;
6bc1: 433f;
6bc2: 444f;
6bc3: 444f;
6bc4: 444f;
6bc5: 544f;
6bc6: 544f;
6bc7: 544f;
6bc8: 544f;
6bc9: 544f;
6bca: 544f;
6bcb: 544f;
6bcc: 544f;
6bcd: 544f;
6bce: 544f;
6bcf: 544f;
6bd0: 544f;
6bd1: 544f;
6bd2: 544f;
6bd3: 544f;
6bd4: 544f;
6bd5: 544f;
6bd6: 544f;
6bd7: 544f;
6bd8: 544f;
6bd9: 544f;
6bda: 544f;
6bdb: 544f;
6bdc: 544f;
6bdd: 544f;
6bde: 544f;
6bdf: 544f;
6be0: 544f;
6be1: 544f;
6be2: 544f;
6be3: 544f;
6be4: 544f;
6be5: 544f;
6be6: 544f;
6be7: 544f;
6be8: 544f;
6be9: 444f;
6bea: 443f;
6beb: 433f;
6bec: 333f;
6bed: 333f;
6bee: 333f;
6bef: 443f;
6bf0: 444f;
6bf1: 444f;
6bf2: 444f;
6bf3: 544f;
6bf4: 544f;
6bf5: 544f;
6bf6: 544f;
6bf7: 544f;
6bf8: 544f;
6bf9: 544f;
6bfa: 544f;
6bfb: 544f;
6bfc: 544f;
6bfd: 544f;
6bfe: 544f;
6bff: 544f;
6c00: bccf;
6c01: cdcf;
6c02: cdcf;
6c03: cdcf;
6c04: bdcf;
6c05: bccf;
6c06: bccf;
6c07: bdcf;
6c08: bdcf;
6c09: bdcf;
6c0a: bdcf;
6c0b: bdcf;
6c0c: bccf;
6c0d: bccf;
6c0e: bccf;
6c0f: bccf;
6c10: accf;
6c11: accf;
6c12: accf;
6c13: acbf;
6c14: bccf;
6c15: bccf;
6c16: bccf;
6c17: bdcf;
6c18: cdcf;
6c19: cddf;
6c1a: cddf;
6c1b: cddf;
6c1c: cddf;
6c1d: cddf;
6c1e: cddf;
6c1f: cddf;
6c20: cddf;
6c21: cddf;
6c22: cddf;
6c23: cddf;
6c24: cddf;
6c25: cddf;
6c26: cddf;
6c27: cddf;
6c28: cddf;
6c29: cddf;
6c2a: cddf;
6c2b: cddf;
6c2c: cddf;
6c2d: cddf;
6c2e: cddf;
6c2f: cddf;
6c30: cddf;
6c31: cddf;
6c32: cddf;
6c33: cddf;
6c34: cddf;
6c35: cddf;
6c36: cddf;
6c37: cddf;
6c38: cddf;
6c39: cddf;
6c3a: cddf;
6c3b: cddf;
6c3c: cddf;
6c3d: cddf;
6c3e: cddf;
6c3f: cddf;
6c40: cddf;
6c41: cddf;
6c42: cddf;
6c43: cddf;
6c44: cddf;
6c45: cddf;
6c46: cddf;
6c47: cddf;
6c48: cddf;
6c49: cddf;
6c4a: cddf;
6c4b: cddf;
6c4c: cddf;
6c4d: cddf;
6c4e: cddf;
6c4f: cddf;
6c50: cddf;
6c51: cddf;
6c52: cddf;
6c53: cddf;
6c54: cddf;
6c55: cddf;
6c56: cddf;
6c57: cddf;
6c58: cddf;
6c59: cddf;
6c5a: cddf;
6c5b: cddf;
6c5c: cddf;
6c5d: cddf;
6c5e: cddf;
6c5f: cddf;
6c60: cddf;
6c61: cddf;
6c62: cddf;
6c63: cddf;
6c64: cddf;
6c65: cddf;
6c66: cddf;
6c67: cddf;
6c68: cddf;
6c69: cddf;
6c6a: cddf;
6c6b: cddf;
6c6c: cddf;
6c6d: cddf;
6c6e: cddf;
6c6f: abbf;
6c70: 888f;
6c71: 666f;
6c72: 555f;
6c73: 555f;
6c74: 665f;
6c75: 666f;
6c76: 666f;
6c77: 666f;
6c78: 666f;
6c79: 666f;
6c7a: 666f;
6c7b: 666f;
6c7c: 665f;
6c7d: 655f;
6c7e: 655f;
6c7f: 555f;
6c80: 555f;
6c81: 554f;
6c82: 544f;
6c83: 444f;
6c84: 444f;
6c85: 544f;
6c86: 544f;
6c87: 544f;
6c88: 544f;
6c89: 544f;
6c8a: 544f;
6c8b: 544f;
6c8c: 544f;
6c8d: 544f;
6c8e: 544f;
6c8f: 544f;
6c90: 544f;
6c91: 544f;
6c92: 544f;
6c93: 544f;
6c94: 544f;
6c95: 544f;
6c96: 544f;
6c97: 544f;
6c98: 544f;
6c99: 544f;
6c9a: 544f;
6c9b: 544f;
6c9c: 544f;
6c9d: 544f;
6c9e: 544f;
6c9f: 544f;
6ca0: 544f;
6ca1: 544f;
6ca2: 544f;
6ca3: 544f;
6ca4: 544f;
6ca5: 544f;
6ca6: 544f;
6ca7: 544f;
6ca8: 544f;
6ca9: 544f;
6caa: 544f;
6cab: 544f;
6cac: 544f;
6cad: 544f;
6cae: 544f;
6caf: 544f;
6cb0: 544f;
6cb1: 544f;
6cb2: 544f;
6cb3: 544f;
6cb4: 544f;
6cb5: 544f;
6cb6: 544f;
6cb7: 544f;
6cb8: 544f;
6cb9: 544f;
6cba: 544f;
6cbb: 544f;
6cbc: 544f;
6cbd: 444f;
6cbe: 443f;
6cbf: 433f;
6cc0: 333f;
6cc1: 433f;
6cc2: 444f;
6cc3: 444f;
6cc4: 544f;
6cc5: 544f;
6cc6: 544f;
6cc7: 544f;
6cc8: 544f;
6cc9: 544f;
6cca: 544f;
6ccb: 544f;
6ccc: 544f;
6ccd: 544f;
6cce: 544f;
6ccf: 544f;
6cd0: 544f;
6cd1: 544f;
6cd2: 544f;
6cd3: 544f;
6cd4: 544f;
6cd5: 544f;
6cd6: 544f;
6cd7: 544f;
6cd8: 544f;
6cd9: 544f;
6cda: 544f;
6cdb: 544f;
6cdc: 544f;
6cdd: 544f;
6cde: 544f;
6cdf: 544f;
6ce0: 544f;
6ce1: 544f;
6ce2: 544f;
6ce3: 544f;
6ce4: 544f;
6ce5: 544f;
6ce6: 544f;
6ce7: 544f;
6ce8: 444f;
6ce9: 443f;
6cea: 433f;
6ceb: 333f;
6cec: 333f;
6ced: 333f;
6cee: 333f;
6cef: 443f;
6cf0: 444f;
6cf1: 444f;
6cf2: 544f;
6cf3: 544f;
6cf4: 544f;
6cf5: 544f;
6cf6: 544f;
6cf7: 544f;
6cf8: 544f;
6cf9: 544f;
6cfa: 544f;
6cfb: 544f;
6cfc: 544f;
6cfd: 544f;
6cfe: 544f;
6cff: 544f;
6d00: bccf;
6d01: cdcf;
6d02: bccf;
6d03: bccf;
6d04: bccf;
6d05: bccf;
6d06: bccf;
6d07: bccf;
6d08: bdcf;
6d09: cddf;
6d0a: cddf;
6d0b: bdcf;
6d0c: bdcf;
6d0d: bdcf;
6d0e: bccf;
6d0f: bccf;
6d10: bccf;
6d11: bccf;
6d12: accf;
6d13: acbf;
6d14: acbf;
6d15: bccf;
6d16: bccf;
6d17: bccf;
6d18: bccf;
6d19: cdcf;
6d1a: cddf;
6d1b: cddf;
6d1c: cddf;
6d1d: cddf;
6d1e: cddf;
6d1f: cddf;
6d20: cddf;
6d21: cddf;
6d22: cddf;
6d23: cddf;
6d24: cddf;
6d25: cddf;
6d26: cddf;
6d27: cddf;
6d28: cddf;
6d29: cddf;
6d2a: cddf;
6d2b: cddf;
6d2c: cddf;
6d2d: cddf;
6d2e: cddf;
6d2f: cddf;
6d30: cddf;
6d31: cddf;
6d32: cddf;
6d33: cddf;
6d34: cddf;
6d35: cddf;
6d36: cddf;
6d37: cddf;
6d38: cddf;
6d39: cddf;
6d3a: cddf;
6d3b: cddf;
6d3c: cddf;
6d3d: cddf;
6d3e: cddf;
6d3f: cddf;
6d40: cddf;
6d41: cddf;
6d42: cddf;
6d43: cddf;
6d44: cddf;
6d45: cddf;
6d46: cddf;
6d47: cddf;
6d48: cddf;
6d49: cddf;
6d4a: cddf;
6d4b: cddf;
6d4c: cddf;
6d4d: cddf;
6d4e: cddf;
6d4f: cddf;
6d50: cddf;
6d51: cddf;
6d52: cddf;
6d53: cddf;
6d54: cddf;
6d55: cddf;
6d56: cddf;
6d57: cddf;
6d58: cddf;
6d59: cddf;
6d5a: cddf;
6d5b: cddf;
6d5c: cddf;
6d5d: cddf;
6d5e: cddf;
6d5f: cddf;
6d60: cddf;
6d61: cddf;
6d62: cddf;
6d63: cddf;
6d64: cddf;
6d65: cddf;
6d66: cddf;
6d67: cddf;
6d68: cddf;
6d69: cddf;
6d6a: cddf;
6d6b: cddf;
6d6c: cddf;
6d6d: cddf;
6d6e: bccf;
6d6f: 9a9f;
6d70: 777f;
6d71: 555f;
6d72: 555f;
6d73: 655f;
6d74: 666f;
6d75: 666f;
6d76: 666f;
6d77: 666f;
6d78: 666f;
6d79: 666f;
6d7a: 666f;
6d7b: 666f;
6d7c: 655f;
6d7d: 655f;
6d7e: 555f;
6d7f: 555f;
6d80: 554f;
6d81: 554f;
6d82: 544f;
6d83: 544f;
6d84: 544f;
6d85: 544f;
6d86: 544f;
6d87: 544f;
6d88: 544f;
6d89: 544f;
6d8a: 544f;
6d8b: 544f;
6d8c: 544f;
6d8d: 544f;
6d8e: 544f;
6d8f: 544f;
6d90: 544f;
6d91: 544f;
6d92: 544f;
6d93: 544f;
6d94: 544f;
6d95: 544f;
6d96: 544f;
6d97: 544f;
6d98: 544f;
6d99: 544f;
6d9a: 544f;
6d9b: 544f;
6d9c: 544f;
6d9d: 544f;
6d9e: 544f;
6d9f: 544f;
6da0: 544f;
6da1: 544f;
6da2: 544f;
6da3: 544f;
6da4: 544f;
6da5: 544f;
6da6: 544f;
6da7: 544f;
6da8: 544f;
6da9: 544f;
6daa: 544f;
6dab: 544f;
6dac: 544f;
6dad: 544f;
6dae: 544f;
6daf: 544f;
6db0: 544f;
6db1: 544f;
6db2: 544f;
6db3: 544f;
6db4: 544f;
6db5: 544f;
6db6: 544f;
6db7: 544f;
6db8: 544f;
6db9: 544f;
6dba: 544f;
6dbb: 444f;
6dbc: 444f;
6dbd: 444f;
6dbe: 433f;
6dbf: 333f;
6dc0: 333f;
6dc1: 433f;
6dc2: 444f;
6dc3: 444f;
6dc4: 544f;
6dc5: 544f;
6dc6: 544f;
6dc7: 544f;
6dc8: 544f;
6dc9: 544f;
6dca: 544f;
6dcb: 544f;
6dcc: 544f;
6dcd: 544f;
6dce: 544f;
6dcf: 544f;
6dd0: 544f;
6dd1: 544f;
6dd2: 544f;
6dd3: 544f;
6dd4: 544f;
6dd5: 544f;
6dd6: 544f;
6dd7: 544f;
6dd8: 544f;
6dd9: 544f;
6dda: 544f;
6ddb: 544f;
6ddc: 544f;
6ddd: 544f;
6dde: 544f;
6ddf: 544f;
6de0: 544f;
6de1: 544f;
6de2: 544f;
6de3: 544f;
6de4: 544f;
6de5: 544f;
6de6: 444f;
6de7: 444f;
6de8: 443f;
6de9: 443f;
6dea: 333f;
6deb: 333f;
6dec: 333f;
6ded: 333f;
6dee: 433f;
6def: 443f;
6df0: 444f;
6df1: 444f;
6df2: 544f;
6df3: 544f;
6df4: 544f;
6df5: 544f;
6df6: 544f;
6df7: 544f;
6df8: 544f;
6df9: 544f;
6dfa: 544f;
6dfb: 544f;
6dfc: 544f;
6dfd: 544f;
6dfe: 544f;
6dff: 544f;
6e00: bcbf;
6e01: bccf;
6e02: bccf;
6e03: bccf;
6e04: bccf;
6e05: bccf;
6e06: bccf;
6e07: bccf;
6e08: bdcf;
6e09: cddf;
6e0a: cddf;
6e0b: bdcf;
6e0c: bdcf;
6e0d: bdcf;
6e0e: bdcf;
6e0f: bccf;
6e10: bccf;
6e11: bccf;
6e12: bccf;
6e13: accf;
6e14: acbf;
6e15: acbf;
6e16: accf;
6e17: bccf;
6e18: bccf;
6e19: bdcf;
6e1a: cddf;
6e1b: cddf;
6e1c: cddf;
6e1d: cddf;
6e1e: cddf;
6e1f: cddf;
6e20: cddf;
6e21: cddf;
6e22: cddf;
6e23: cddf;
6e24: cddf;
6e25: cddf;
6e26: cddf;
6e27: cddf;
6e28: cddf;
6e29: cddf;
6e2a: cddf;
6e2b: cddf;
6e2c: cddf;
6e2d: cddf;
6e2e: cddf;
6e2f: cddf;
6e30: cddf;
6e31: cddf;
6e32: cddf;
6e33: cddf;
6e34: cddf;
6e35: cddf;
6e36: cddf;
6e37: cddf;
6e38: cddf;
6e39: cddf;
6e3a: cddf;
6e3b: cddf;
6e3c: cddf;
6e3d: cddf;
6e3e: cddf;
6e3f: cddf;
6e40: cddf;
6e41: cddf;
6e42: cddf;
6e43: cddf;
6e44: cddf;
6e45: cddf;
6e46: cddf;
6e47: cddf;
6e48: cddf;
6e49: cddf;
6e4a: cddf;
6e4b: cddf;
6e4c: cddf;
6e4d: cddf;
6e4e: cddf;
6e4f: cddf;
6e50: cddf;
6e51: cddf;
6e52: cddf;
6e53: cddf;
6e54: cddf;
6e55: cddf;
6e56: cddf;
6e57: cddf;
6e58: cddf;
6e59: cddf;
6e5a: cddf;
6e5b: cddf;
6e5c: cddf;
6e5d: cddf;
6e5e: cddf;
6e5f: cddf;
6e60: cddf;
6e61: cddf;
6e62: cddf;
6e63: cddf;
6e64: cddf;
6e65: cddf;
6e66: cddf;
6e67: cddf;
6e68: cddf;
6e69: cddf;
6e6a: cddf;
6e6b: cddf;
6e6c: cddf;
6e6d: cdcf;
6e6e: abaf;
6e6f: 888f;
6e70: 565f;
6e71: 555f;
6e72: 555f;
6e73: 666f;
6e74: 666f;
6e75: 666f;
6e76: 666f;
6e77: 666f;
6e78: 666f;
6e79: 666f;
6e7a: 665f;
6e7b: 655f;
6e7c: 555f;
6e7d: 555f;
6e7e: 554f;
6e7f: 554f;
6e80: 554f;
6e81: 544f;
6e82: 544f;
6e83: 544f;
6e84: 544f;
6e85: 544f;
6e86: 544f;
6e87: 544f;
6e88: 544f;
6e89: 544f;
6e8a: 544f;
6e8b: 544f;
6e8c: 544f;
6e8d: 544f;
6e8e: 544f;
6e8f: 544f;
6e90: 544f;
6e91: 544f;
6e92: 544f;
6e93: 544f;
6e94: 544f;
6e95: 544f;
6e96: 544f;
6e97: 544f;
6e98: 544f;
6e99: 544f;
6e9a: 544f;
6e9b: 544f;
6e9c: 544f;
6e9d: 544f;
6e9e: 544f;
6e9f: 544f;
6ea0: 544f;
6ea1: 544f;
6ea2: 544f;
6ea3: 544f;
6ea4: 544f;
6ea5: 544f;
6ea6: 544f;
6ea7: 544f;
6ea8: 544f;
6ea9: 544f;
6eaa: 544f;
6eab: 544f;
6eac: 544f;
6ead: 544f;
6eae: 544f;
6eaf: 544f;
6eb0: 544f;
6eb1: 544f;
6eb2: 544f;
6eb3: 544f;
6eb4: 544f;
6eb5: 544f;
6eb6: 544f;
6eb7: 544f;
6eb8: 544f;
6eb9: 544f;
6eba: 444f;
6ebb: 444f;
6ebc: 444f;
6ebd: 443f;
6ebe: 333f;
6ebf: 333f;
6ec0: 333f;
6ec1: 433f;
6ec2: 444f;
6ec3: 444f;
6ec4: 544f;
6ec5: 544f;
6ec6: 544f;
6ec7: 544f;
6ec8: 544f;
6ec9: 544f;
6eca: 544f;
6ecb: 544f;
6ecc: 544f;
6ecd: 544f;
6ece: 544f;
6ecf: 544f;
6ed0: 544f;
6ed1: 544f;
6ed2: 544f;
6ed3: 544f;
6ed4: 544f;
6ed5: 544f;
6ed6: 544f;
6ed7: 544f;
6ed8: 544f;
6ed9: 544f;
6eda: 544f;
6edb: 544f;
6edc: 544f;
6edd: 544f;
6ede: 544f;
6edf: 544f;
6ee0: 544f;
6ee1: 544f;
6ee2: 544f;
6ee3: 544f;
6ee4: 544f;
6ee5: 544f;
6ee6: 444f;
6ee7: 444f;
6ee8: 443f;
6ee9: 333f;
6eea: 333f;
6eeb: 332f;
6eec: 333f;
6eed: 333f;
6eee: 443f;
6eef: 444f;
6ef0: 444f;
6ef1: 544f;
6ef2: 544f;
6ef3: 544f;
6ef4: 544f;
6ef5: 544f;
6ef6: 544f;
6ef7: 544f;
6ef8: 544f;
6ef9: 544f;
6efa: 544f;
6efb: 544f;
6efc: 544f;
6efd: 544f;
6efe: 544f;
6eff: 544f;
6f00: abbf;
6f01: bccf;
6f02: bccf;
6f03: bccf;
6f04: bccf;
6f05: bccf;
6f06: bccf;
6f07: bccf;
6f08: bdcf;
6f09: bdcf;
6f0a: bdcf;
6f0b: bdcf;
6f0c: bccf;
6f0d: bdcf;
6f0e: bdcf;
6f0f: bccf;
6f10: bccf;
6f11: bccf;
6f12: bccf;
6f13: bccf;
6f14: acbf;
6f15: acbf;
6f16: acbf;
6f17: accf;
6f18: bccf;
6f19: bccf;
6f1a: cddf;
6f1b: cddf;
6f1c: cddf;
6f1d: cddf;
6f1e: cddf;
6f1f: cddf;
6f20: cddf;
6f21: cddf;
6f22: cddf;
6f23: cddf;
6f24: cddf;
6f25: cddf;
6f26: cddf;
6f27: cddf;
6f28: cddf;
6f29: cddf;
6f2a: cddf;
6f2b: cddf;
6f2c: cddf;
6f2d: cddf;
6f2e: cddf;
6f2f: cddf;
6f30: cddf;
6f31: cddf;
6f32: cddf;
6f33: cddf;
6f34: cddf;
6f35: cddf;
6f36: cddf;
6f37: cddf;
6f38: cddf;
6f39: cddf;
6f3a: cddf;
6f3b: cddf;
6f3c: cddf;
6f3d: cddf;
6f3e: cddf;
6f3f: cddf;
6f40: cddf;
6f41: cddf;
6f42: cddf;
6f43: cddf;
6f44: cddf;
6f45: cddf;
6f46: cddf;
6f47: cddf;
6f48: cddf;
6f49: cddf;
6f4a: cddf;
6f4b: cddf;
6f4c: cddf;
6f4d: cddf;
6f4e: cddf;
6f4f: cddf;
6f50: cddf;
6f51: cddf;
6f52: cddf;
6f53: cddf;
6f54: cddf;
6f55: cddf;
6f56: cddf;
6f57: cddf;
6f58: cddf;
6f59: cddf;
6f5a: cddf;
6f5b: cddf;
6f5c: cddf;
6f5d: cddf;
6f5e: cddf;
6f5f: cddf;
6f60: cddf;
6f61: cddf;
6f62: cddf;
6f63: cddf;
6f64: cddf;
6f65: cddf;
6f66: cddf;
6f67: cddf;
6f68: cddf;
6f69: cddf;
6f6a: cddf;
6f6b: cddf;
6f6c: cddf;
6f6d: cccf;
6f6e: 9a9f;
6f6f: 777f;
6f70: 555f;
6f71: 555f;
6f72: 555f;
6f73: 666f;
6f74: 666f;
6f75: 666f;
6f76: 666f;
6f77: 666f;
6f78: 666f;
6f79: 666f;
6f7a: 655f;
6f7b: 555f;
6f7c: 554f;
6f7d: 554f;
6f7e: 544f;
6f7f: 444f;
6f80: 544f;
6f81: 544f;
6f82: 544f;
6f83: 544f;
6f84: 544f;
6f85: 544f;
6f86: 544f;
6f87: 544f;
6f88: 544f;
6f89: 544f;
6f8a: 544f;
6f8b: 544f;
6f8c: 544f;
6f8d: 544f;
6f8e: 544f;
6f8f: 544f;
6f90: 544f;
6f91: 544f;
6f92: 544f;
6f93: 544f;
6f94: 544f;
6f95: 544f;
6f96: 544f;
6f97: 544f;
6f98: 544f;
6f99: 544f;
6f9a: 544f;
6f9b: 544f;
6f9c: 544f;
6f9d: 544f;
6f9e: 544f;
6f9f: 544f;
6fa0: 544f;
6fa1: 544f;
6fa2: 544f;
6fa3: 544f;
6fa4: 544f;
6fa5: 544f;
6fa6: 544f;
6fa7: 544f;
6fa8: 544f;
6fa9: 544f;
6faa: 544f;
6fab: 544f;
6fac: 544f;
6fad: 544f;
6fae: 544f;
6faf: 544f;
6fb0: 544f;
6fb1: 544f;
6fb2: 544f;
6fb3: 544f;
6fb4: 544f;
6fb5: 544f;
6fb6: 544f;
6fb7: 544f;
6fb8: 544f;
6fb9: 444f;
6fba: 444f;
6fbb: 444f;
6fbc: 443f;
6fbd: 433f;
6fbe: 333f;
6fbf: 333f;
6fc0: 333f;
6fc1: 433f;
6fc2: 444f;
6fc3: 444f;
6fc4: 544f;
6fc5: 544f;
6fc6: 544f;
6fc7: 544f;
6fc8: 544f;
6fc9: 544f;
6fca: 544f;
6fcb: 544f;
6fcc: 544f;
6fcd: 544f;
6fce: 544f;
6fcf: 544f;
6fd0: 544f;
6fd1: 544f;
6fd2: 544f;
6fd3: 544f;
6fd4: 544f;
6fd5: 544f;
6fd6: 544f;
6fd7: 544f;
6fd8: 544f;
6fd9: 544f;
6fda: 544f;
6fdb: 544f;
6fdc: 544f;
6fdd: 544f;
6fde: 544f;
6fdf: 544f;
6fe0: 544f;
6fe1: 544f;
6fe2: 544f;
6fe3: 544f;
6fe4: 544f;
6fe5: 544f;
6fe6: 444f;
6fe7: 443f;
6fe8: 433f;
6fe9: 333f;
6fea: 332f;
6feb: 333f;
6fec: 333f;
6fed: 333f;
6fee: 443f;
6fef: 443f;
6ff0: 444f;
6ff1: 544f;
6ff2: 544f;
6ff3: 544f;
6ff4: 544f;
6ff5: 544f;
6ff6: 544f;
6ff7: 544f;
6ff8: 544f;
6ff9: 544f;
6ffa: 544f;
6ffb: 544f;
6ffc: 544f;
6ffd: 544f;
6ffe: 544f;
6fff: 544f;
7000: abbf;
7001: abbf;
7002: bccf;
7003: bccf;
7004: bccf;
7005: bccf;
7006: bccf;
7007: bccf;
7008: bdcf;
7009: cddf;
700a: cddf;
700b: bddf;
700c: bddf;
700d: bdcf;
700e: bdcf;
700f: bdcf;
7010: bdcf;
7011: bccf;
7012: bccf;
7013: bccf;
7014: bccf;
7015: acbf;
7016: abbf;
7017: acbf;
7018: bccf;
7019: bccf;
701a: cddf;
701b: cddf;
701c: cddf;
701d: cddf;
701e: cddf;
701f: cddf;
7020: cddf;
7021: cddf;
7022: cddf;
7023: cddf;
7024: cddf;
7025: cddf;
7026: cddf;
7027: cddf;
7028: cddf;
7029: cddf;
702a: cddf;
702b: cddf;
702c: cddf;
702d: cddf;
702e: cddf;
702f: cddf;
7030: cddf;
7031: cddf;
7032: cddf;
7033: cddf;
7034: cddf;
7035: cddf;
7036: cddf;
7037: cddf;
7038: cddf;
7039: cddf;
703a: cddf;
703b: cddf;
703c: cddf;
703d: cddf;
703e: cddf;
703f: cddf;
7040: cddf;
7041: cddf;
7042: cddf;
7043: cddf;
7044: cddf;
7045: cddf;
7046: cddf;
7047: cddf;
7048: cddf;
7049: cddf;
704a: cddf;
704b: cddf;
704c: cddf;
704d: cddf;
704e: cddf;
704f: cddf;
7050: cddf;
7051: cddf;
7052: cddf;
7053: cddf;
7054: cddf;
7055: cddf;
7056: cddf;
7057: cddf;
7058: cddf;
7059: cddf;
705a: cddf;
705b: cddf;
705c: cddf;
705d: cddf;
705e: cddf;
705f: cddf;
7060: cddf;
7061: cddf;
7062: cddf;
7063: cddf;
7064: cddf;
7065: cddf;
7066: cddf;
7067: cccf;
7068: cddf;
7069: cddf;
706a: dddf;
706b: cddf;
706c: cccf;
706d: bcbf;
706e: 888f;
706f: 666f;
7070: 555f;
7071: 555f;
7072: 666f;
7073: 666f;
7074: 666f;
7075: 666f;
7076: 666f;
7077: 666f;
7078: 666f;
7079: 655f;
707a: 555f;
707b: 555f;
707c: 544f;
707d: 544f;
707e: 544f;
707f: 544f;
7080: 544f;
7081: 544f;
7082: 544f;
7083: 544f;
7084: 544f;
7085: 544f;
7086: 544f;
7087: 544f;
7088: 544f;
7089: 544f;
708a: 544f;
708b: 544f;
708c: 544f;
708d: 544f;
708e: 544f;
708f: 544f;
7090: 544f;
7091: 544f;
7092: 544f;
7093: 544f;
7094: 544f;
7095: 544f;
7096: 544f;
7097: 544f;
7098: 544f;
7099: 544f;
709a: 544f;
709b: 544f;
709c: 544f;
709d: 544f;
709e: 544f;
709f: 544f;
70a0: 544f;
70a1: 544f;
70a2: 544f;
70a3: 544f;
70a4: 544f;
70a5: 544f;
70a6: 544f;
70a7: 544f;
70a8: 544f;
70a9: 544f;
70aa: 544f;
70ab: 544f;
70ac: 544f;
70ad: 544f;
70ae: 544f;
70af: 544f;
70b0: 544f;
70b1: 544f;
70b2: 544f;
70b3: 544f;
70b4: 544f;
70b5: 544f;
70b6: 544f;
70b7: 544f;
70b8: 444f;
70b9: 444f;
70ba: 544f;
70bb: 444f;
70bc: 443f;
70bd: 433f;
70be: 333f;
70bf: 333f;
70c0: 433f;
70c1: 433f;
70c2: 444f;
70c3: 444f;
70c4: 544f;
70c5: 544f;
70c6: 544f;
70c7: 544f;
70c8: 544f;
70c9: 544f;
70ca: 544f;
70cb: 544f;
70cc: 544f;
70cd: 544f;
70ce: 544f;
70cf: 544f;
70d0: 544f;
70d1: 544f;
70d2: 544f;
70d3: 544f;
70d4: 544f;
70d5: 544f;
70d6: 544f;
70d7: 544f;
70d8: 544f;
70d9: 544f;
70da: 544f;
70db: 544f;
70dc: 544f;
70dd: 544f;
70de: 544f;
70df: 544f;
70e0: 544f;
70e1: 544f;
70e2: 544f;
70e3: 544f;
70e4: 544f;
70e5: 444f;
70e6: 444f;
70e7: 433f;
70e8: 333f;
70e9: 333f;
70ea: 333f;
70eb: 333f;
70ec: 333f;
70ed: 433f;
70ee: 443f;
70ef: 443f;
70f0: 544f;
70f1: 544f;
70f2: 544f;
70f3: 544f;
70f4: 544f;
70f5: 544f;
70f6: 544f;
70f7: 544f;
70f8: 544f;
70f9: 544f;
70fa: 544f;
70fb: 544f;
70fc: 544f;
70fd: 544f;
70fe: 544f;
70ff: 544f;
7100: abbf;
7101: abbf;
7102: abbf;
7103: bccf;
7104: bccf;
7105: bccf;
7106: cccf;
7107: bccf;
7108: bccf;
7109: bdcf;
710a: bddf;
710b: bccf;
710c: bddf;
710d: bddf;
710e: bdcf;
710f: bdcf;
7110: bdcf;
7111: bccf;
7112: bccf;
7113: bccf;
7114: bccf;
7115: acbf;
7116: acbf;
7117: acbf;
7118: bccf;
7119: bccf;
711a: bccf;
711b: cddf;
711c: cddf;
711d: cddf;
711e: cddf;
711f: cddf;
7120: cddf;
7121: cddf;
7122: cddf;
7123: cddf;
7124: cddf;
7125: cddf;
7126: cddf;
7127: cddf;
7128: cddf;
7129: cddf;
712a: cddf;
712b: cddf;
712c: cddf;
712d: cddf;
712e: cddf;
712f: cddf;
7130: cddf;
7131: cddf;
7132: cddf;
7133: cddf;
7134: cddf;
7135: cddf;
7136: cddf;
7137: cddf;
7138: cddf;
7139: cddf;
713a: cddf;
713b: cddf;
713c: cddf;
713d: cddf;
713e: cddf;
713f: cddf;
7140: cddf;
7141: cddf;
7142: cddf;
7143: cddf;
7144: cddf;
7145: cddf;
7146: cddf;
7147: cddf;
7148: cddf;
7149: cddf;
714a: cddf;
714b: cddf;
714c: cddf;
714d: cddf;
714e: cddf;
714f: cddf;
7150: cddf;
7151: cddf;
7152: cddf;
7153: cddf;
7154: cddf;
7155: cddf;
7156: cddf;
7157: cddf;
7158: cddf;
7159: cddf;
715a: cddf;
715b: cddf;
715c: cddf;
715d: cddf;
715e: cddf;
715f: cddf;
7160: cddf;
7161: cddf;
7162: cddf;
7163: cddf;
7164: cddf;
7165: cddf;
7166: cddf;
7167: cddf;
7168: dddf;
7169: dddf;
716a: dddf;
716b: cccf;
716c: bccf;
716d: abaf;
716e: 676f;
716f: 555f;
7170: 555f;
7171: 665f;
7172: 666f;
7173: 666f;
7174: 666f;
7175: 666f;
7176: 666f;
7177: 666f;
7178: 665f;
7179: 555f;
717a: 555f;
717b: 554f;
717c: 544f;
717d: 544f;
717e: 544f;
717f: 544f;
7180: 544f;
7181: 544f;
7182: 544f;
7183: 544f;
7184: 544f;
7185: 544f;
7186: 544f;
7187: 544f;
7188: 544f;
7189: 544f;
718a: 544f;
718b: 544f;
718c: 544f;
718d: 544f;
718e: 544f;
718f: 544f;
7190: 544f;
7191: 544f;
7192: 544f;
7193: 544f;
7194: 544f;
7195: 544f;
7196: 544f;
7197: 544f;
7198: 544f;
7199: 544f;
719a: 544f;
719b: 544f;
719c: 544f;
719d: 544f;
719e: 544f;
719f: 544f;
71a0: 544f;
71a1: 544f;
71a2: 544f;
71a3: 544f;
71a4: 544f;
71a5: 544f;
71a6: 544f;
71a7: 544f;
71a8: 544f;
71a9: 544f;
71aa: 544f;
71ab: 544f;
71ac: 544f;
71ad: 544f;
71ae: 544f;
71af: 544f;
71b0: 544f;
71b1: 544f;
71b2: 544f;
71b3: 544f;
71b4: 544f;
71b5: 544f;
71b6: 544f;
71b7: 544f;
71b8: 444f;
71b9: 444f;
71ba: 444f;
71bb: 444f;
71bc: 443f;
71bd: 333f;
71be: 333f;
71bf: 333f;
71c0: 433f;
71c1: 443f;
71c2: 444f;
71c3: 544f;
71c4: 544f;
71c5: 544f;
71c6: 544f;
71c7: 544f;
71c8: 544f;
71c9: 544f;
71ca: 544f;
71cb: 544f;
71cc: 544f;
71cd: 544f;
71ce: 544f;
71cf: 544f;
71d0: 544f;
71d1: 544f;
71d2: 544f;
71d3: 544f;
71d4: 544f;
71d5: 544f;
71d6: 544f;
71d7: 544f;
71d8: 544f;
71d9: 544f;
71da: 544f;
71db: 544f;
71dc: 544f;
71dd: 544f;
71de: 544f;
71df: 544f;
71e0: 544f;
71e1: 544f;
71e2: 444f;
71e3: 444f;
71e4: 444f;
71e5: 444f;
71e6: 443f;
71e7: 433f;
71e8: 333f;
71e9: 333f;
71ea: 333f;
71eb: 333f;
71ec: 333f;
71ed: 433f;
71ee: 443f;
71ef: 443f;
71f0: 544f;
71f1: 544f;
71f2: 544f;
71f3: 544f;
71f4: 544f;
71f5: 544f;
71f6: 544f;
71f7: 544f;
71f8: 544f;
71f9: 544f;
71fa: 544f;
71fb: 544f;
71fc: 544f;
71fd: 544f;
71fe: 544f;
71ff: 544f;
7200: abbf;
7201: aaaf;
7202: abbf;
7203: abbf;
7204: abbf;
7205: bccf;
7206: cddf;
7207: cddf;
7208: bccf;
7209: bccf;
720a: bccf;
720b: bccf;
720c: bddf;
720d: bccf;
720e: bccf;
720f: bccf;
7210: bdcf;
7211: bccf;
7212: bccf;
7213: bccf;
7214: bccf;
7215: bccf;
7216: acbf;
7217: acbf;
7218: bccf;
7219: bccf;
721a: bccf;
721b: bccf;
721c: cddf;
721d: cddf;
721e: cddf;
721f: cddf;
7220: cddf;
7221: cddf;
7222: cddf;
7223: cddf;
7224: cddf;
7225: cddf;
7226: cddf;
7227: cddf;
7228: cddf;
7229: cddf;
722a: cddf;
722b: cddf;
722c: cddf;
722d: cddf;
722e: cddf;
722f: cddf;
7230: cddf;
7231: cddf;
7232: cddf;
7233: cddf;
7234: cddf;
7235: cddf;
7236: cddf;
7237: cddf;
7238: cddf;
7239: cddf;
723a: cddf;
723b: cddf;
723c: cddf;
723d: cddf;
723e: cddf;
723f: cddf;
7240: cddf;
7241: cddf;
7242: cddf;
7243: cddf;
7244: cddf;
7245: cddf;
7246: cddf;
7247: cddf;
7248: cddf;
7249: cddf;
724a: cddf;
724b: cddf;
724c: cddf;
724d: cddf;
724e: cddf;
724f: cddf;
7250: cddf;
7251: cddf;
7252: cddf;
7253: cddf;
7254: cddf;
7255: cddf;
7256: cddf;
7257: cddf;
7258: cddf;
7259: cddf;
725a: cddf;
725b: cddf;
725c: cddf;
725d: cddf;
725e: cddf;
725f: cddf;
7260: cddf;
7261: cddf;
7262: cddf;
7263: cddf;
7264: cddf;
7265: cddf;
7266: cddf;
7267: cddf;
7268: dddf;
7269: dddf;
726a: cddf;
726b: bccf;
726c: abbf;
726d: 999f;
726e: 555f;
726f: 454f;
7270: 555f;
7271: 666f;
7272: 666f;
7273: 666f;
7274: 666f;
7275: 666f;
7276: 666f;
7277: 665f;
7278: 655f;
7279: 555f;
727a: 554f;
727b: 544f;
727c: 544f;
727d: 544f;
727e: 544f;
727f: 544f;
7280: 544f;
7281: 544f;
7282: 544f;
7283: 544f;
7284: 544f;
7285: 544f;
7286: 544f;
7287: 544f;
7288: 544f;
7289: 544f;
728a: 544f;
728b: 544f;
728c: 544f;
728d: 544f;
728e: 544f;
728f: 544f;
7290: 544f;
7291: 544f;
7292: 544f;
7293: 544f;
7294: 544f;
7295: 544f;
7296: 544f;
7297: 544f;
7298: 544f;
7299: 544f;
729a: 544f;
729b: 544f;
729c: 544f;
729d: 544f;
729e: 544f;
729f: 544f;
72a0: 544f;
72a1: 544f;
72a2: 544f;
72a3: 544f;
72a4: 544f;
72a5: 544f;
72a6: 544f;
72a7: 544f;
72a8: 544f;
72a9: 544f;
72aa: 544f;
72ab: 544f;
72ac: 544f;
72ad: 544f;
72ae: 544f;
72af: 544f;
72b0: 544f;
72b1: 544f;
72b2: 544f;
72b3: 544f;
72b4: 544f;
72b5: 544f;
72b6: 544f;
72b7: 544f;
72b8: 444f;
72b9: 444f;
72ba: 444f;
72bb: 443f;
72bc: 433f;
72bd: 333f;
72be: 333f;
72bf: 333f;
72c0: 433f;
72c1: 444f;
72c2: 444f;
72c3: 544f;
72c4: 544f;
72c5: 544f;
72c6: 544f;
72c7: 544f;
72c8: 544f;
72c9: 544f;
72ca: 544f;
72cb: 544f;
72cc: 544f;
72cd: 544f;
72ce: 544f;
72cf: 544f;
72d0: 544f;
72d1: 544f;
72d2: 544f;
72d3: 544f;
72d4: 544f;
72d5: 544f;
72d6: 544f;
72d7: 544f;
72d8: 544f;
72d9: 544f;
72da: 544f;
72db: 544f;
72dc: 544f;
72dd: 544f;
72de: 544f;
72df: 544f;
72e0: 544f;
72e1: 544f;
72e2: 444f;
72e3: 444f;
72e4: 444f;
72e5: 444f;
72e6: 433f;
72e7: 333f;
72e8: 333f;
72e9: 433f;
72ea: 433f;
72eb: 433f;
72ec: 433f;
72ed: 433f;
72ee: 443f;
72ef: 444f;
72f0: 544f;
72f1: 544f;
72f2: 544f;
72f3: 544f;
72f4: 544f;
72f5: 544f;
72f6: 544f;
72f7: 544f;
72f8: 544f;
72f9: 544f;
72fa: 544f;
72fb: 544f;
72fc: 544f;
72fd: 544f;
72fe: 544f;
72ff: 544f;
7300: bccf;
7301: abbf;
7302: abbf;
7303: abbf;
7304: abbf;
7305: bccf;
7306: bccf;
7307: bccf;
7308: bccf;
7309: bccf;
730a: bccf;
730b: bccf;
730c: bccf;
730d: bccf;
730e: bccf;
730f: bccf;
7310: bccf;
7311: bccf;
7312: bccf;
7313: bdcf;
7314: bccf;
7315: bccf;
7316: bccf;
7317: bccf;
7318: bccf;
7319: bccf;
731a: bccf;
731b: bccf;
731c: bccf;
731d: cdcf;
731e: cddf;
731f: cddf;
7320: cddf;
7321: cddf;
7322: cddf;
7323: cddf;
7324: cddf;
7325: cddf;
7326: cddf;
7327: cddf;
7328: cddf;
7329: cddf;
732a: cddf;
732b: cddf;
732c: cddf;
732d: cddf;
732e: cddf;
732f: cddf;
7330: cddf;
7331: cddf;
7332: cddf;
7333: cddf;
7334: cddf;
7335: cddf;
7336: cddf;
7337: cddf;
7338: cddf;
7339: cddf;
733a: cddf;
733b: cddf;
733c: cddf;
733d: cddf;
733e: cddf;
733f: cddf;
7340: cddf;
7341: cddf;
7342: cddf;
7343: cddf;
7344: cddf;
7345: cddf;
7346: cddf;
7347: cddf;
7348: cddf;
7349: cddf;
734a: cddf;
734b: cddf;
734c: cddf;
734d: cddf;
734e: cddf;
734f: cddf;
7350: cddf;
7351: cddf;
7352: cddf;
7353: cddf;
7354: cddf;
7355: cddf;
7356: cddf;
7357: cddf;
7358: cddf;
7359: cddf;
735a: cddf;
735b: cddf;
735c: cddf;
735d: cddf;
735e: cddf;
735f: cddf;
7360: cddf;
7361: cddf;
7362: cddf;
7363: cddf;
7364: cddf;
7365: cddf;
7366: cddf;
7367: cddf;
7368: dddf;
7369: dddf;
736a: cdcf;
736b: bbbf;
736c: 999f;
736d: 777f;
736e: 555f;
736f: 555f;
7370: 666f;
7371: 666f;
7372: 666f;
7373: 666f;
7374: 666f;
7375: 666f;
7376: 665f;
7377: 555f;
7378: 555f;
7379: 555f;
737a: 544f;
737b: 544f;
737c: 544f;
737d: 544f;
737e: 544f;
737f: 544f;
7380: 544f;
7381: 544f;
7382: 544f;
7383: 544f;
7384: 544f;
7385: 544f;
7386: 544f;
7387: 544f;
7388: 544f;
7389: 544f;
738a: 544f;
738b: 544f;
738c: 544f;
738d: 544f;
738e: 544f;
738f: 544f;
7390: 544f;
7391: 544f;
7392: 544f;
7393: 544f;
7394: 544f;
7395: 544f;
7396: 544f;
7397: 544f;
7398: 544f;
7399: 544f;
739a: 544f;
739b: 544f;
739c: 544f;
739d: 544f;
739e: 544f;
739f: 544f;
73a0: 544f;
73a1: 544f;
73a2: 544f;
73a3: 544f;
73a4: 544f;
73a5: 544f;
73a6: 544f;
73a7: 544f;
73a8: 544f;
73a9: 544f;
73aa: 544f;
73ab: 544f;
73ac: 544f;
73ad: 544f;
73ae: 544f;
73af: 544f;
73b0: 544f;
73b1: 544f;
73b2: 544f;
73b3: 544f;
73b4: 544f;
73b5: 544f;
73b6: 544f;
73b7: 544f;
73b8: 444f;
73b9: 444f;
73ba: 444f;
73bb: 433f;
73bc: 333f;
73bd: 333f;
73be: 333f;
73bf: 333f;
73c0: 433f;
73c1: 444f;
73c2: 444f;
73c3: 544f;
73c4: 544f;
73c5: 544f;
73c6: 544f;
73c7: 544f;
73c8: 544f;
73c9: 544f;
73ca: 544f;
73cb: 544f;
73cc: 544f;
73cd: 544f;
73ce: 544f;
73cf: 544f;
73d0: 544f;
73d1: 544f;
73d2: 544f;
73d3: 544f;
73d4: 544f;
73d5: 544f;
73d6: 544f;
73d7: 544f;
73d8: 544f;
73d9: 544f;
73da: 544f;
73db: 544f;
73dc: 544f;
73dd: 544f;
73de: 544f;
73df: 544f;
73e0: 544f;
73e1: 544f;
73e2: 444f;
73e3: 444f;
73e4: 444f;
73e5: 443f;
73e6: 333f;
73e7: 333f;
73e8: 333f;
73e9: 433f;
73ea: 443f;
73eb: 433f;
73ec: 433f;
73ed: 443f;
73ee: 443f;
73ef: 444f;
73f0: 544f;
73f1: 544f;
73f2: 544f;
73f3: 544f;
73f4: 544f;
73f5: 544f;
73f6: 544f;
73f7: 544f;
73f8: 544f;
73f9: 544f;
73fa: 544f;
73fb: 544f;
73fc: 544f;
73fd: 544f;
73fe: 544f;
73ff: 544f;
7400: bccf;
7401: bccf;
7402: bbbf;
7403: abbf;
7404: bbbf;
7405: bbbf;
7406: bccf;
7407: bccf;
7408: bccf;
7409: bccf;
740a: bccf;
740b: bccf;
740c: cddf;
740d: bddf;
740e: bccf;
740f: bccf;
7410: bccf;
7411: bccf;
7412: bdcf;
7413: bccf;
7414: bccf;
7415: bdcf;
7416: bdcf;
7417: bccf;
7418: bccf;
7419: acbf;
741a: acbf;
741b: bccf;
741c: bccf;
741d: bccf;
741e: cddf;
741f: cddf;
7420: cddf;
7421: cddf;
7422: cddf;
7423: cddf;
7424: cddf;
7425: cddf;
7426: cddf;
7427: cddf;
7428: cddf;
7429: cddf;
742a: cddf;
742b: cddf;
742c: cddf;
742d: cddf;
742e: cddf;
742f: cddf;
7430: cddf;
7431: cddf;
7432: cddf;
7433: cddf;
7434: cddf;
7435: cddf;
7436: cddf;
7437: cddf;
7438: cddf;
7439: cddf;
743a: cddf;
743b: cddf;
743c: cddf;
743d: cddf;
743e: cddf;
743f: cddf;
7440: cddf;
7441: cddf;
7442: cddf;
7443: cddf;
7444: cddf;
7445: cddf;
7446: cddf;
7447: cddf;
7448: cddf;
7449: cddf;
744a: cddf;
744b: cddf;
744c: cddf;
744d: cddf;
744e: cddf;
744f: cddf;
7450: cddf;
7451: cddf;
7452: cddf;
7453: cddf;
7454: cddf;
7455: cddf;
7456: cddf;
7457: cddf;
7458: cddf;
7459: cddf;
745a: cddf;
745b: cddf;
745c: cddf;
745d: cddf;
745e: cddf;
745f: cddf;
7460: cddf;
7461: cddf;
7462: cddf;
7463: cddf;
7464: cddf;
7465: cddf;
7466: cddf;
7467: dddf;
7468: dddf;
7469: dddf;
746a: cccf;
746b: aaaf;
746c: 888f;
746d: 555f;
746e: 555f;
746f: 555f;
7470: 666f;
7471: 666f;
7472: 666f;
7473: 666f;
7474: 666f;
7475: 655f;
7476: 555f;
7477: 544f;
7478: 544f;
7479: 544f;
747a: 544f;
747b: 544f;
747c: 544f;
747d: 544f;
747e: 544f;
747f: 544f;
7480: 544f;
7481: 544f;
7482: 544f;
7483: 544f;
7484: 544f;
7485: 544f;
7486: 544f;
7487: 544f;
7488: 544f;
7489: 544f;
748a: 544f;
748b: 544f;
748c: 544f;
748d: 544f;
748e: 544f;
748f: 544f;
7490: 544f;
7491: 544f;
7492: 544f;
7493: 544f;
7494: 544f;
7495: 544f;
7496: 544f;
7497: 544f;
7498: 544f;
7499: 544f;
749a: 544f;
749b: 544f;
749c: 544f;
749d: 544f;
749e: 544f;
749f: 544f;
74a0: 544f;
74a1: 544f;
74a2: 544f;
74a3: 544f;
74a4: 544f;
74a5: 544f;
74a6: 544f;
74a7: 544f;
74a8: 544f;
74a9: 544f;
74aa: 544f;
74ab: 544f;
74ac: 544f;
74ad: 544f;
74ae: 544f;
74af: 544f;
74b0: 544f;
74b1: 544f;
74b2: 544f;
74b3: 544f;
74b4: 544f;
74b5: 544f;
74b6: 544f;
74b7: 544f;
74b8: 444f;
74b9: 444f;
74ba: 444f;
74bb: 333f;
74bc: 333f;
74bd: 333f;
74be: 333f;
74bf: 333f;
74c0: 433f;
74c1: 444f;
74c2: 544f;
74c3: 544f;
74c4: 544f;
74c5: 544f;
74c6: 544f;
74c7: 544f;
74c8: 544f;
74c9: 544f;
74ca: 544f;
74cb: 544f;
74cc: 544f;
74cd: 544f;
74ce: 544f;
74cf: 544f;
74d0: 544f;
74d1: 544f;
74d2: 544f;
74d3: 544f;
74d4: 544f;
74d5: 544f;
74d6: 544f;
74d7: 544f;
74d8: 544f;
74d9: 544f;
74da: 544f;
74db: 544f;
74dc: 544f;
74dd: 544f;
74de: 544f;
74df: 544f;
74e0: 544f;
74e1: 444f;
74e2: 444f;
74e3: 444f;
74e4: 443f;
74e5: 433f;
74e6: 333f;
74e7: 333f;
74e8: 333f;
74e9: 443f;
74ea: 444f;
74eb: 443f;
74ec: 443f;
74ed: 443f;
74ee: 444f;
74ef: 544f;
74f0: 544f;
74f1: 544f;
74f2: 544f;
74f3: 544f;
74f4: 544f;
74f5: 544f;
74f6: 544f;
74f7: 544f;
74f8: 544f;
74f9: 544f;
74fa: 544f;
74fb: 544f;
74fc: 544f;
74fd: 544f;
74fe: 544f;
74ff: 544f;
7500: cddf;
7501: cddf;
7502: bccf;
7503: bbbf;
7504: bbbf;
7505: abbf;
7506: abbf;
7507: abbf;
7508: bccf;
7509: bccf;
750a: bccf;
750b: cddf;
750c: cddf;
750d: bddf;
750e: bccf;
750f: bccf;
7510: bccf;
7511: bdcf;
7512: bdcf;
7513: bdcf;
7514: bdcf;
7515: bdcf;
7516: bdcf;
7517: bccf;
7518: bccf;
7519: acbf;
751a: abbf;
751b: abbf;
751c: bccf;
751d: bccf;
751e: bdcf;
751f: cddf;
7520: cddf;
7521: cddf;
7522: cddf;
7523: cddf;
7524: cddf;
7525: cddf;
7526: cddf;
7527: cddf;
7528: cddf;
7529: cddf;
752a: cddf;
752b: cddf;
752c: cddf;
752d: cddf;
752e: cddf;
752f: cddf;
7530: cddf;
7531: cddf;
7532: cddf;
7533: cddf;
7534: cddf;
7535: cddf;
7536: cddf;
7537: cddf;
7538: cddf;
7539: cddf;
753a: cddf;
753b: cddf;
753c: cddf;
753d: cddf;
753e: cddf;
753f: cddf;
7540: cddf;
7541: cddf;
7542: cddf;
7543: cddf;
7544: cddf;
7545: cddf;
7546: cddf;
7547: cddf;
7548: cddf;
7549: cddf;
754a: cddf;
754b: cddf;
754c: cddf;
754d: cddf;
754e: cddf;
754f: cddf;
7550: cddf;
7551: cddf;
7552: cddf;
7553: cddf;
7554: cddf;
7555: cddf;
7556: cddf;
7557: cddf;
7558: cddf;
7559: cddf;
755a: cddf;
755b: cddf;
755c: cddf;
755d: cddf;
755e: cddf;
755f: cddf;
7560: cddf;
7561: cddf;
7562: cddf;
7563: cddf;
7564: cddf;
7565: cddf;
7566: cddf;
7567: dddf;
7568: dddf;
7569: cddf;
756a: bccf;
756b: 9aaf;
756c: 677f;
756d: 444f;
756e: 555f;
756f: 666f;
7570: 666f;
7571: 666f;
7572: 665f;
7573: 666f;
7574: 655f;
7575: 555f;
7576: 554f;
7577: 544f;
7578: 544f;
7579: 544f;
757a: 544f;
757b: 544f;
757c: 544f;
757d: 544f;
757e: 544f;
757f: 544f;
7580: 544f;
7581: 544f;
7582: 544f;
7583: 544f;
7584: 544f;
7585: 544f;
7586: 544f;
7587: 544f;
7588: 544f;
7589: 544f;
758a: 544f;
758b: 544f;
758c: 544f;
758d: 544f;
758e: 544f;
758f: 544f;
7590: 544f;
7591: 544f;
7592: 544f;
7593: 544f;
7594: 544f;
7595: 544f;
7596: 544f;
7597: 544f;
7598: 544f;
7599: 544f;
759a: 544f;
759b: 544f;
759c: 544f;
759d: 544f;
759e: 544f;
759f: 544f;
75a0: 544f;
75a1: 544f;
75a2: 544f;
75a3: 544f;
75a4: 544f;
75a5: 544f;
75a6: 544f;
75a7: 544f;
75a8: 544f;
75a9: 544f;
75aa: 544f;
75ab: 544f;
75ac: 544f;
75ad: 544f;
75ae: 544f;
75af: 544f;
75b0: 544f;
75b1: 544f;
75b2: 544f;
75b3: 544f;
75b4: 544f;
75b5: 544f;
75b6: 544f;
75b7: 544f;
75b8: 444f;
75b9: 444f;
75ba: 444f;
75bb: 333f;
75bc: 333f;
75bd: 333f;
75be: 333f;
75bf: 333f;
75c0: 443f;
75c1: 444f;
75c2: 544f;
75c3: 544f;
75c4: 544f;
75c5: 544f;
75c6: 544f;
75c7: 544f;
75c8: 544f;
75c9: 544f;
75ca: 544f;
75cb: 544f;
75cc: 544f;
75cd: 544f;
75ce: 544f;
75cf: 544f;
75d0: 544f;
75d1: 544f;
75d2: 544f;
75d3: 544f;
75d4: 544f;
75d5: 544f;
75d6: 544f;
75d7: 544f;
75d8: 544f;
75d9: 544f;
75da: 544f;
75db: 544f;
75dc: 544f;
75dd: 544f;
75de: 544f;
75df: 544f;
75e0: 544f;
75e1: 444f;
75e2: 444f;
75e3: 443f;
75e4: 433f;
75e5: 333f;
75e6: 333f;
75e7: 333f;
75e8: 333f;
75e9: 443f;
75ea: 544f;
75eb: 444f;
75ec: 444f;
75ed: 444f;
75ee: 544f;
75ef: 544f;
75f0: 544f;
75f1: 544f;
75f2: 544f;
75f3: 544f;
75f4: 544f;
75f5: 544f;
75f6: 544f;
75f7: 544f;
75f8: 544f;
75f9: 544f;
75fa: 544f;
75fb: 544f;
75fc: 544f;
75fd: 544f;
75fe: 544f;
75ff: 544f;
7600: bccf;
7601: cddf;
7602: bccf;
7603: bccf;
7604: bccf;
7605: abbf;
7606: abbf;
7607: abbf;
7608: bcbf;
7609: bccf;
760a: bccf;
760b: bccf;
760c: bddf;
760d: bccf;
760e: bccf;
760f: bccf;
7610: bccf;
7611: bdcf;
7612: bdcf;
7613: bdcf;
7614: bdcf;
7615: bdcf;
7616: bdcf;
7617: bccf;
7618: bccf;
7619: bccf;
761a: acbf;
761b: acbf;
761c: bccf;
761d: bccf;
761e: bccf;
761f: bccf;
7620: cddf;
7621: cddf;
7622: cddf;
7623: cddf;
7624: cddf;
7625: cddf;
7626: cddf;
7627: cddf;
7628: cddf;
7629: cddf;
762a: cddf;
762b: cddf;
762c: cddf;
762d: cddf;
762e: cddf;
762f: cddf;
7630: cddf;
7631: cddf;
7632: cddf;
7633: cddf;
7634: cddf;
7635: cddf;
7636: cddf;
7637: cddf;
7638: cddf;
7639: cddf;
763a: cddf;
763b: cddf;
763c: cddf;
763d: cddf;
763e: cddf;
763f: cddf;
7640: cddf;
7641: cddf;
7642: cddf;
7643: cddf;
7644: cddf;
7645: cddf;
7646: cddf;
7647: cddf;
7648: cddf;
7649: cddf;
764a: cddf;
764b: cddf;
764c: cddf;
764d: cddf;
764e: cddf;
764f: cddf;
7650: cddf;
7651: cddf;
7652: cddf;
7653: cddf;
7654: cddf;
7655: cddf;
7656: cddf;
7657: cddf;
7658: cddf;
7659: cddf;
765a: cddf;
765b: cddf;
765c: cddf;
765d: cddf;
765e: cddf;
765f: cddf;
7660: cddf;
7661: cddf;
7662: cddf;
7663: cddf;
7664: cddf;
7665: cddf;
7666: cddf;
7667: dddf;
7668: cddf;
7669: cccf;
766a: aaaf;
766b: 788f;
766c: 566f;
766d: 444f;
766e: 555f;
766f: 666f;
7670: 666f;
7671: 666f;
7672: 665f;
7673: 655f;
7674: 555f;
7675: 555f;
7676: 544f;
7677: 444f;
7678: 544f;
7679: 544f;
767a: 544f;
767b: 544f;
767c: 544f;
767d: 544f;
767e: 544f;
767f: 544f;
7680: 544f;
7681: 544f;
7682: 544f;
7683: 544f;
7684: 544f;
7685: 544f;
7686: 544f;
7687: 544f;
7688: 544f;
7689: 544f;
768a: 544f;
768b: 544f;
768c: 544f;
768d: 544f;
768e: 544f;
768f: 544f;
7690: 544f;
7691: 544f;
7692: 544f;
7693: 544f;
7694: 544f;
7695: 544f;
7696: 544f;
7697: 544f;
7698: 544f;
7699: 544f;
769a: 544f;
769b: 544f;
769c: 544f;
769d: 544f;
769e: 544f;
769f: 544f;
76a0: 544f;
76a1: 544f;
76a2: 544f;
76a3: 544f;
76a4: 544f;
76a5: 544f;
76a6: 544f;
76a7: 544f;
76a8: 544f;
76a9: 544f;
76aa: 544f;
76ab: 544f;
76ac: 544f;
76ad: 544f;
76ae: 544f;
76af: 544f;
76b0: 544f;
76b1: 544f;
76b2: 544f;
76b3: 544f;
76b4: 544f;
76b5: 544f;
76b6: 544f;
76b7: 444f;
76b8: 444f;
76b9: 443f;
76ba: 333f;
76bb: 333f;
76bc: 333f;
76bd: 333f;
76be: 333f;
76bf: 333f;
76c0: 443f;
76c1: 444f;
76c2: 544f;
76c3: 544f;
76c4: 544f;
76c5: 544f;
76c6: 544f;
76c7: 444f;
76c8: 544f;
76c9: 544f;
76ca: 544f;
76cb: 544f;
76cc: 544f;
76cd: 544f;
76ce: 544f;
76cf: 544f;
76d0: 544f;
76d1: 544f;
76d2: 544f;
76d3: 544f;
76d4: 544f;
76d5: 544f;
76d6: 544f;
76d7: 544f;
76d8: 544f;
76d9: 544f;
76da: 544f;
76db: 544f;
76dc: 544f;
76dd: 544f;
76de: 544f;
76df: 444f;
76e0: 444f;
76e1: 444f;
76e2: 443f;
76e3: 333f;
76e4: 333f;
76e5: 333f;
76e6: 333f;
76e7: 333f;
76e8: 444f;
76e9: 555f;
76ea: 666f;
76eb: 555f;
76ec: 544f;
76ed: 444f;
76ee: 544f;
76ef: 544f;
76f0: 544f;
76f1: 544f;
76f2: 544f;
76f3: 544f;
76f4: 544f;
76f5: 544f;
76f6: 544f;
76f7: 544f;
76f8: 544f;
76f9: 544f;
76fa: 544f;
76fb: 544f;
76fc: 544f;
76fd: 544f;
76fe: 544f;
76ff: 544f;
7700: abbf;
7701: bccf;
7702: cccf;
7703: bccf;
7704: bccf;
7705: abbf;
7706: abbf;
7707: abbf;
7708: abbf;
7709: bcbf;
770a: bccf;
770b: bccf;
770c: bccf;
770d: bccf;
770e: bccf;
770f: bccf;
7710: bccf;
7711: bdcf;
7712: bddf;
7713: bdcf;
7714: bdcf;
7715: bdcf;
7716: bdcf;
7717: bccf;
7718: bccf;
7719: bccf;
771a: bccf;
771b: bccf;
771c: bccf;
771d: bccf;
771e: acbf;
771f: bccf;
7720: bccf;
7721: bdcf;
7722: cddf;
7723: cddf;
7724: cddf;
7725: cddf;
7726: cddf;
7727: cddf;
7728: cddf;
7729: cddf;
772a: cddf;
772b: cddf;
772c: cddf;
772d: cddf;
772e: cddf;
772f: cddf;
7730: cddf;
7731: cddf;
7732: cddf;
7733: cddf;
7734: cddf;
7735: cddf;
7736: cddf;
7737: cddf;
7738: cddf;
7739: cddf;
773a: cddf;
773b: cddf;
773c: cddf;
773d: cddf;
773e: cddf;
773f: cddf;
7740: cddf;
7741: cddf;
7742: cddf;
7743: cddf;
7744: cddf;
7745: cddf;
7746: cddf;
7747: cddf;
7748: cddf;
7749: cddf;
774a: cddf;
774b: cddf;
774c: cddf;
774d: cddf;
774e: cddf;
774f: cddf;
7750: cddf;
7751: cddf;
7752: cddf;
7753: cddf;
7754: cddf;
7755: cddf;
7756: cddf;
7757: cddf;
7758: cddf;
7759: cddf;
775a: cddf;
775b: cddf;
775c: cddf;
775d: cddf;
775e: cddf;
775f: cddf;
7760: cddf;
7761: cddf;
7762: cddf;
7763: cddf;
7764: cddf;
7765: cddf;
7766: cddf;
7767: dddf;
7768: cddf;
7769: bbbf;
776a: 999f;
776b: 666f;
776c: 555f;
776d: 555f;
776e: 665f;
776f: 666f;
7770: 666f;
7771: 666f;
7772: 655f;
7773: 555f;
7774: 554f;
7775: 554f;
7776: 544f;
7777: 544f;
7778: 544f;
7779: 544f;
777a: 544f;
777b: 444f;
777c: 544f;
777d: 544f;
777e: 544f;
777f: 544f;
7780: 544f;
7781: 544f;
7782: 544f;
7783: 544f;
7784: 544f;
7785: 544f;
7786: 544f;
7787: 544f;
7788: 544f;
7789: 544f;
778a: 544f;
778b: 544f;
778c: 544f;
778d: 544f;
778e: 544f;
778f: 544f;
7790: 544f;
7791: 544f;
7792: 544f;
7793: 544f;
7794: 544f;
7795: 544f;
7796: 544f;
7797: 544f;
7798: 544f;
7799: 544f;
779a: 544f;
779b: 544f;
779c: 544f;
779d: 544f;
779e: 544f;
779f: 544f;
77a0: 544f;
77a1: 544f;
77a2: 544f;
77a3: 544f;
77a4: 544f;
77a5: 544f;
77a6: 544f;
77a7: 544f;
77a8: 544f;
77a9: 544f;
77aa: 544f;
77ab: 544f;
77ac: 544f;
77ad: 544f;
77ae: 544f;
77af: 544f;
77b0: 544f;
77b1: 544f;
77b2: 544f;
77b3: 544f;
77b4: 544f;
77b5: 444f;
77b6: 444f;
77b7: 444f;
77b8: 443f;
77b9: 333f;
77ba: 333f;
77bb: 333f;
77bc: 333f;
77bd: 333f;
77be: 333f;
77bf: 433f;
77c0: 444f;
77c1: 444f;
77c2: 444f;
77c3: 444f;
77c4: 544f;
77c5: 544f;
77c6: 444f;
77c7: 444f;
77c8: 544f;
77c9: 544f;
77ca: 544f;
77cb: 544f;
77cc: 544f;
77cd: 544f;
77ce: 544f;
77cf: 544f;
77d0: 544f;
77d1: 544f;
77d2: 544f;
77d3: 544f;
77d4: 544f;
77d5: 544f;
77d6: 544f;
77d7: 544f;
77d8: 544f;
77d9: 544f;
77da: 544f;
77db: 544f;
77dc: 544f;
77dd: 544f;
77de: 444f;
77df: 444f;
77e0: 444f;
77e1: 444f;
77e2: 433f;
77e3: 333f;
77e4: 333f;
77e5: 333f;
77e6: 333f;
77e7: 333f;
77e8: 555f;
77e9: 776f;
77ea: 887f;
77eb: 655f;
77ec: 554f;
77ed: 544f;
77ee: 544f;
77ef: 544f;
77f0: 544f;
77f1: 544f;
77f2: 544f;
77f3: 544f;
77f4: 544f;
77f5: 544f;
77f6: 544f;
77f7: 544f;
77f8: 544f;
77f9: 544f;
77fa: 544f;
77fb: 544f;
77fc: 544f;
77fd: 544f;
77fe: 544f;
77ff: 544f;
7800: abbf;
7801: bccf;
7802: bccf;
7803: bccf;
7804: bccf;
7805: bccf;
7806: abbf;
7807: abbf;
7808: abbf;
7809: abbf;
780a: bbbf;
780b: bccf;
780c: bccf;
780d: bccf;
780e: bccf;
780f: bccf;
7810: bccf;
7811: bdcf;
7812: bdcf;
7813: bdcf;
7814: bdcf;
7815: bdcf;
7816: bdcf;
7817: bccf;
7818: bccf;
7819: bccf;
781a: bccf;
781b: bccf;
781c: bccf;
781d: bccf;
781e: bccf;
781f: acbf;
7820: bccf;
7821: bccf;
7822: bccf;
7823: bdcf;
7824: cddf;
7825: cddf;
7826: cddf;
7827: cddf;
7828: cddf;
7829: cddf;
782a: cddf;
782b: cddf;
782c: cddf;
782d: cddf;
782e: cddf;
782f: cddf;
7830: cddf;
7831: cddf;
7832: cddf;
7833: cddf;
7834: cddf;
7835: cddf;
7836: cddf;
7837: cddf;
7838: cddf;
7839: cddf;
783a: cddf;
783b: cddf;
783c: cddf;
783d: cddf;
783e: cddf;
783f: cddf;
7840: cddf;
7841: cddf;
7842: cddf;
7843: cddf;
7844: cddf;
7845: cddf;
7846: cddf;
7847: cddf;
7848: cddf;
7849: cddf;
784a: cddf;
784b: cddf;
784c: cddf;
784d: cddf;
784e: cddf;
784f: cddf;
7850: cddf;
7851: cddf;
7852: cddf;
7853: cddf;
7854: cddf;
7855: cddf;
7856: cddf;
7857: cddf;
7858: cddf;
7859: cddf;
785a: cddf;
785b: cddf;
785c: cddf;
785d: cddf;
785e: cddf;
785f: cddf;
7860: cddf;
7861: cddf;
7862: cddf;
7863: cddf;
7864: cddf;
7865: dddf;
7866: cddf;
7867: cddf;
7868: cccf;
7869: aaaf;
786a: 777f;
786b: 565f;
786c: 555f;
786d: 555f;
786e: 666f;
786f: 666f;
7870: 665f;
7871: 655f;
7872: 555f;
7873: 555f;
7874: 554f;
7875: 544f;
7876: 544f;
7877: 544f;
7878: 544f;
7879: 544f;
787a: 544f;
787b: 544f;
787c: 544f;
787d: 544f;
787e: 544f;
787f: 544f;
7880: 544f;
7881: 544f;
7882: 544f;
7883: 544f;
7884: 544f;
7885: 544f;
7886: 544f;
7887: 544f;
7888: 544f;
7889: 544f;
788a: 544f;
788b: 544f;
788c: 544f;
788d: 544f;
788e: 544f;
788f: 544f;
7890: 544f;
7891: 544f;
7892: 544f;
7893: 544f;
7894: 544f;
7895: 544f;
7896: 544f;
7897: 544f;
7898: 544f;
7899: 544f;
789a: 544f;
789b: 544f;
789c: 544f;
789d: 544f;
789e: 544f;
789f: 544f;
78a0: 544f;
78a1: 544f;
78a2: 544f;
78a3: 544f;
78a4: 544f;
78a5: 544f;
78a6: 544f;
78a7: 544f;
78a8: 544f;
78a9: 544f;
78aa: 544f;
78ab: 544f;
78ac: 544f;
78ad: 544f;
78ae: 544f;
78af: 544f;
78b0: 544f;
78b1: 544f;
78b2: 544f;
78b3: 544f;
78b4: 444f;
78b5: 444f;
78b6: 444f;
78b7: 443f;
78b8: 433f;
78b9: 333f;
78ba: 333f;
78bb: 333f;
78bc: 333f;
78bd: 333f;
78be: 333f;
78bf: 433f;
78c0: 444f;
78c1: 444f;
78c2: 544f;
78c3: 544f;
78c4: 544f;
78c5: 544f;
78c6: 544f;
78c7: 544f;
78c8: 544f;
78c9: 544f;
78ca: 544f;
78cb: 544f;
78cc: 544f;
78cd: 544f;
78ce: 544f;
78cf: 544f;
78d0: 544f;
78d1: 544f;
78d2: 544f;
78d3: 544f;
78d4: 544f;
78d5: 544f;
78d6: 544f;
78d7: 544f;
78d8: 544f;
78d9: 544f;
78da: 544f;
78db: 544f;
78dc: 544f;
78dd: 544f;
78de: 544f;
78df: 444f;
78e0: 444f;
78e1: 433f;
78e2: 333f;
78e3: 333f;
78e4: 333f;
78e5: 333f;
78e6: 333f;
78e7: 443f;
78e8: 655f;
78e9: 877f;
78ea: 887f;
78eb: 655f;
78ec: 544f;
78ed: 444f;
78ee: 444f;
78ef: 544f;
78f0: 544f;
78f1: 544f;
78f2: 544f;
78f3: 544f;
78f4: 544f;
78f5: 544f;
78f6: 544f;
78f7: 544f;
78f8: 544f;
78f9: 544f;
78fa: 544f;
78fb: 544f;
78fc: 544f;
78fd: 544f;
78fe: 544f;
78ff: 544f;
7900: 9aaf;
7901: abbf;
7902: abbf;
7903: bccf;
7904: bccf;
7905: bccf;
7906: bccf;
7907: bbbf;
7908: abbf;
7909: abbf;
790a: abbf;
790b: bccf;
790c: bccf;
790d: bccf;
790e: bccf;
790f: bccf;
7910: bccf;
7911: bdcf;
7912: bdcf;
7913: bdcf;
7914: bdcf;
7915: bdcf;
7916: bdcf;
7917: bccf;
7918: bccf;
7919: bccf;
791a: bccf;
791b: bccf;
791c: bccf;
791d: bccf;
791e: bccf;
791f: bccf;
7920: acbf;
7921: bcbf;
7922: bccf;
7923: bccf;
7924: cddf;
7925: cddf;
7926: cddf;
7927: cddf;
7928: cddf;
7929: cddf;
792a: cddf;
792b: cddf;
792c: cddf;
792d: cddf;
792e: cddf;
792f: cddf;
7930: cddf;
7931: cddf;
7932: cddf;
7933: cddf;
7934: cddf;
7935: cddf;
7936: cddf;
7937: cddf;
7938: cddf;
7939: cddf;
793a: cddf;
793b: cddf;
793c: cddf;
793d: cddf;
793e: cddf;
793f: cddf;
7940: cddf;
7941: cddf;
7942: cddf;
7943: cddf;
7944: cddf;
7945: cddf;
7946: cddf;
7947: cddf;
7948: cddf;
7949: cddf;
794a: cddf;
794b: cddf;
794c: cddf;
794d: cddf;
794e: cddf;
794f: cddf;
7950: cddf;
7951: cddf;
7952: cddf;
7953: cddf;
7954: cddf;
7955: cddf;
7956: cddf;
7957: cddf;
7958: cddf;
7959: cddf;
795a: cddf;
795b: cddf;
795c: cddf;
795d: cddf;
795e: cddf;
795f: cddf;
7960: cddf;
7961: cddf;
7962: cddf;
7963: cddf;
7964: cddf;
7965: dddf;
7966: cddf;
7967: cccf;
7968: bbbf;
7969: 899f;
796a: 666f;
796b: 555f;
796c: 555f;
796d: 666f;
796e: 666f;
796f: 666f;
7970: 655f;
7971: 555f;
7972: 555f;
7973: 554f;
7974: 544f;
7975: 544f;
7976: 544f;
7977: 544f;
7978: 544f;
7979: 544f;
797a: 544f;
797b: 544f;
797c: 544f;
797d: 544f;
797e: 544f;
797f: 544f;
7980: 544f;
7981: 544f;
7982: 544f;
7983: 544f;
7984: 544f;
7985: 544f;
7986: 544f;
7987: 544f;
7988: 544f;
7989: 544f;
798a: 544f;
798b: 544f;
798c: 544f;
798d: 544f;
798e: 544f;
798f: 544f;
7990: 544f;
7991: 544f;
7992: 544f;
7993: 544f;
7994: 544f;
7995: 544f;
7996: 544f;
7997: 544f;
7998: 544f;
7999: 544f;
799a: 544f;
799b: 544f;
799c: 544f;
799d: 544f;
799e: 544f;
799f: 544f;
79a0: 544f;
79a1: 544f;
79a2: 544f;
79a3: 544f;
79a4: 544f;
79a5: 544f;
79a6: 544f;
79a7: 544f;
79a8: 544f;
79a9: 544f;
79aa: 544f;
79ab: 544f;
79ac: 544f;
79ad: 544f;
79ae: 544f;
79af: 544f;
79b0: 544f;
79b1: 544f;
79b2: 544f;
79b3: 544f;
79b4: 444f;
79b5: 444f;
79b6: 443f;
79b7: 433f;
79b8: 333f;
79b9: 333f;
79ba: 333f;
79bb: 333f;
79bc: 333f;
79bd: 333f;
79be: 333f;
79bf: 433f;
79c0: 444f;
79c1: 444f;
79c2: 544f;
79c3: 544f;
79c4: 544f;
79c5: 544f;
79c6: 544f;
79c7: 544f;
79c8: 544f;
79c9: 544f;
79ca: 544f;
79cb: 544f;
79cc: 544f;
79cd: 544f;
79ce: 544f;
79cf: 544f;
79d0: 544f;
79d1: 544f;
79d2: 544f;
79d3: 544f;
79d4: 544f;
79d5: 544f;
79d6: 544f;
79d7: 544f;
79d8: 544f;
79d9: 544f;
79da: 544f;
79db: 544f;
79dc: 544f;
79dd: 544f;
79de: 544f;
79df: 444f;
79e0: 443f;
79e1: 433f;
79e2: 333f;
79e3: 333f;
79e4: 333f;
79e5: 332f;
79e6: 433f;
79e7: 555f;
79e8: 777f;
79e9: 888f;
79ea: 887f;
79eb: 555f;
79ec: 444f;
79ed: 444f;
79ee: 444f;
79ef: 544f;
79f0: 544f;
79f1: 544f;
79f2: 544f;
79f3: 544f;
79f4: 544f;
79f5: 544f;
79f6: 544f;
79f7: 544f;
79f8: 544f;
79f9: 544f;
79fa: 544f;
79fb: 544f;
79fc: 544f;
79fd: 544f;
79fe: 544f;
79ff: 544f;
7a00: 9aaf;
7a01: 9aaf;
7a02: abbf;
7a03: abbf;
7a04: bccf;
7a05: bccf;
7a06: bccf;
7a07: bccf;
7a08: bbcf;
7a09: abbf;
7a0a: abbf;
7a0b: abbf;
7a0c: abbf;
7a0d: bccf;
7a0e: bccf;
7a0f: bccf;
7a10: bccf;
7a11: bdcf;
7a12: bdcf;
7a13: bccf;
7a14: bdcf;
7a15: bdcf;
7a16: bdcf;
7a17: bdcf;
7a18: bccf;
7a19: bccf;
7a1a: bccf;
7a1b: bccf;
7a1c: bccf;
7a1d: bccf;
7a1e: bccf;
7a1f: bccf;
7a20: abbf;
7a21: acbf;
7a22: bccf;
7a23: bccf;
7a24: cdcf;
7a25: cddf;
7a26: cddf;
7a27: cddf;
7a28: cddf;
7a29: cddf;
7a2a: cddf;
7a2b: cddf;
7a2c: cddf;
7a2d: cddf;
7a2e: cddf;
7a2f: cddf;
7a30: cddf;
7a31: cddf;
7a32: cddf;
7a33: cddf;
7a34: cddf;
7a35: cddf;
7a36: cddf;
7a37: cddf;
7a38: cddf;
7a39: cddf;
7a3a: cddf;
7a3b: cddf;
7a3c: cddf;
7a3d: cddf;
7a3e: cddf;
7a3f: cddf;
7a40: cddf;
7a41: cddf;
7a42: cddf;
7a43: cddf;
7a44: cddf;
7a45: cddf;
7a46: cddf;
7a47: cddf;
7a48: cddf;
7a49: cddf;
7a4a: cddf;
7a4b: cddf;
7a4c: cddf;
7a4d: cddf;
7a4e: cddf;
7a4f: cddf;
7a50: cddf;
7a51: cddf;
7a52: cddf;
7a53: cddf;
7a54: cddf;
7a55: cddf;
7a56: cddf;
7a57: cddf;
7a58: cddf;
7a59: cddf;
7a5a: cddf;
7a5b: cddf;
7a5c: cddf;
7a5d: cddf;
7a5e: cddf;
7a5f: cddf;
7a60: cddf;
7a61: cddf;
7a62: cddf;
7a63: cddf;
7a64: cddf;
7a65: dddf;
7a66: cddf;
7a67: bccf;
7a68: aaaf;
7a69: 777f;
7a6a: 555f;
7a6b: 554f;
7a6c: 555f;
7a6d: 666f;
7a6e: 666f;
7a6f: 555f;
7a70: 555f;
7a71: 554f;
7a72: 554f;
7a73: 544f;
7a74: 544f;
7a75: 544f;
7a76: 544f;
7a77: 444f;
7a78: 544f;
7a79: 544f;
7a7a: 544f;
7a7b: 544f;
7a7c: 544f;
7a7d: 544f;
7a7e: 544f;
7a7f: 544f;
7a80: 544f;
7a81: 544f;
7a82: 544f;
7a83: 544f;
7a84: 544f;
7a85: 544f;
7a86: 544f;
7a87: 544f;
7a88: 544f;
7a89: 544f;
7a8a: 544f;
7a8b: 544f;
7a8c: 544f;
7a8d: 544f;
7a8e: 544f;
7a8f: 544f;
7a90: 544f;
7a91: 544f;
7a92: 544f;
7a93: 544f;
7a94: 544f;
7a95: 544f;
7a96: 544f;
7a97: 544f;
7a98: 544f;
7a99: 544f;
7a9a: 544f;
7a9b: 544f;
7a9c: 544f;
7a9d: 544f;
7a9e: 544f;
7a9f: 544f;
7aa0: 544f;
7aa1: 544f;
7aa2: 544f;
7aa3: 544f;
7aa4: 544f;
7aa5: 544f;
7aa6: 544f;
7aa7: 544f;
7aa8: 544f;
7aa9: 544f;
7aaa: 544f;
7aab: 544f;
7aac: 544f;
7aad: 544f;
7aae: 544f;
7aaf: 544f;
7ab0: 544f;
7ab1: 544f;
7ab2: 544f;
7ab3: 544f;
7ab4: 444f;
7ab5: 444f;
7ab6: 443f;
7ab7: 333f;
7ab8: 333f;
7ab9: 333f;
7aba: 333f;
7abb: 333f;
7abc: 333f;
7abd: 333f;
7abe: 333f;
7abf: 433f;
7ac0: 444f;
7ac1: 444f;
7ac2: 544f;
7ac3: 544f;
7ac4: 544f;
7ac5: 544f;
7ac6: 544f;
7ac7: 544f;
7ac8: 544f;
7ac9: 544f;
7aca: 544f;
7acb: 544f;
7acc: 544f;
7acd: 544f;
7ace: 544f;
7acf: 544f;
7ad0: 544f;
7ad1: 544f;
7ad2: 544f;
7ad3: 544f;
7ad4: 544f;
7ad5: 544f;
7ad6: 544f;
7ad7: 544f;
7ad8: 544f;
7ad9: 544f;
7ada: 544f;
7adb: 544f;
7adc: 544f;
7add: 544f;
7ade: 444f;
7adf: 443f;
7ae0: 433f;
7ae1: 433f;
7ae2: 333f;
7ae3: 333f;
7ae4: 333f;
7ae5: 333f;
7ae6: 444f;
7ae7: 666f;
7ae8: 988f;
7ae9: 988f;
7aea: 887f;
7aeb: 554f;
7aec: 444f;
7aed: 444f;
7aee: 544f;
7aef: 544f;
7af0: 544f;
7af1: 544f;
7af2: 544f;
7af3: 544f;
7af4: 544f;
7af5: 544f;
7af6: 544f;
7af7: 544f;
7af8: 544f;
7af9: 544f;
7afa: 544f;
7afb: 544f;
7afc: 544f;
7afd: 544f;
7afe: 544f;
7aff: 544f;
7b00: 9aaf;
7b01: 9aaf;
7b02: 9aaf;
7b03: abbf;
7b04: abbf;
7b05: bccf;
7b06: bccf;
7b07: bccf;
7b08: bccf;
7b09: bccf;
7b0a: abbf;
7b0b: abbf;
7b0c: abbf;
7b0d: abbf;
7b0e: bccf;
7b0f: bccf;
7b10: cdcf;
7b11: cdcf;
7b12: bccf;
7b13: bccf;
7b14: bdcf;
7b15: bdcf;
7b16: bdcf;
7b17: bdcf;
7b18: bdcf;
7b19: bccf;
7b1a: bccf;
7b1b: bccf;
7b1c: bccf;
7b1d: bccf;
7b1e: bccf;
7b1f: bccf;
7b20: abbf;
7b21: abbf;
7b22: bccf;
7b23: bccf;
7b24: cdcf;
7b25: cdcf;
7b26: cddf;
7b27: cddf;
7b28: cddf;
7b29: cddf;
7b2a: cddf;
7b2b: cddf;
7b2c: cddf;
7b2d: cddf;
7b2e: cddf;
7b2f: cddf;
7b30: cddf;
7b31: cddf;
7b32: cddf;
7b33: cddf;
7b34: cddf;
7b35: cddf;
7b36: cddf;
7b37: cddf;
7b38: cddf;
7b39: cddf;
7b3a: cddf;
7b3b: cddf;
7b3c: cddf;
7b3d: cddf;
7b3e: cddf;
7b3f: cddf;
7b40: cddf;
7b41: cddf;
7b42: cddf;
7b43: cddf;
7b44: cddf;
7b45: cddf;
7b46: cddf;
7b47: cddf;
7b48: cddf;
7b49: cddf;
7b4a: cddf;
7b4b: cddf;
7b4c: cddf;
7b4d: cddf;
7b4e: cddf;
7b4f: cddf;
7b50: cddf;
7b51: cddf;
7b52: cddf;
7b53: cddf;
7b54: cddf;
7b55: cddf;
7b56: cddf;
7b57: cddf;
7b58: cddf;
7b59: cddf;
7b5a: cddf;
7b5b: cddf;
7b5c: cddf;
7b5d: cddf;
7b5e: cddf;
7b5f: cddf;
7b60: cddf;
7b61: cddf;
7b62: cddf;
7b63: cddf;
7b64: cddf;
7b65: dddf;
7b66: cddf;
7b67: bbbf;
7b68: 898f;
7b69: 666f;
7b6a: 555f;
7b6b: 555f;
7b6c: 555f;
7b6d: 666f;
7b6e: 555f;
7b6f: 555f;
7b70: 554f;
7b71: 554f;
7b72: 544f;
7b73: 544f;
7b74: 544f;
7b75: 544f;
7b76: 444f;
7b77: 444f;
7b78: 544f;
7b79: 544f;
7b7a: 544f;
7b7b: 544f;
7b7c: 544f;
7b7d: 544f;
7b7e: 544f;
7b7f: 544f;
7b80: 544f;
7b81: 544f;
7b82: 544f;
7b83: 544f;
7b84: 544f;
7b85: 544f;
7b86: 544f;
7b87: 544f;
7b88: 544f;
7b89: 544f;
7b8a: 544f;
7b8b: 544f;
7b8c: 544f;
7b8d: 544f;
7b8e: 544f;
7b8f: 544f;
7b90: 544f;
7b91: 544f;
7b92: 544f;
7b93: 544f;
7b94: 544f;
7b95: 544f;
7b96: 544f;
7b97: 544f;
7b98: 544f;
7b99: 544f;
7b9a: 544f;
7b9b: 544f;
7b9c: 544f;
7b9d: 544f;
7b9e: 544f;
7b9f: 544f;
7ba0: 544f;
7ba1: 544f;
7ba2: 544f;
7ba3: 544f;
7ba4: 544f;
7ba5: 544f;
7ba6: 544f;
7ba7: 544f;
7ba8: 544f;
7ba9: 544f;
7baa: 544f;
7bab: 544f;
7bac: 544f;
7bad: 544f;
7bae: 544f;
7baf: 544f;
7bb0: 544f;
7bb1: 544f;
7bb2: 544f;
7bb3: 544f;
7bb4: 444f;
7bb5: 443f;
7bb6: 433f;
7bb7: 333f;
7bb8: 332f;
7bb9: 333f;
7bba: 333f;
7bbb: 333f;
7bbc: 333f;
7bbd: 333f;
7bbe: 333f;
7bbf: 433f;
7bc0: 444f;
7bc1: 444f;
7bc2: 544f;
7bc3: 544f;
7bc4: 544f;
7bc5: 544f;
7bc6: 544f;
7bc7: 544f;
7bc8: 544f;
7bc9: 544f;
7bca: 544f;
7bcb: 544f;
7bcc: 544f;
7bcd: 544f;
7bce: 544f;
7bcf: 544f;
7bd0: 544f;
7bd1: 544f;
7bd2: 544f;
7bd3: 544f;
7bd4: 544f;
7bd5: 544f;
7bd6: 544f;
7bd7: 544f;
7bd8: 544f;
7bd9: 544f;
7bda: 544f;
7bdb: 544f;
7bdc: 544f;
7bdd: 544f;
7bde: 444f;
7bdf: 443f;
7be0: 433f;
7be1: 433f;
7be2: 433f;
7be3: 333f;
7be4: 333f;
7be5: 333f;
7be6: 555f;
7be7: 777f;
7be8: a99f;
7be9: 999f;
7bea: 877f;
7beb: 544f;
7bec: 443f;
7bed: 444f;
7bee: 544f;
7bef: 544f;
7bf0: 544f;
7bf1: 544f;
7bf2: 544f;
7bf3: 544f;
7bf4: 544f;
7bf5: 544f;
7bf6: 544f;
7bf7: 544f;
7bf8: 544f;
7bf9: 544f;
7bfa: 544f;
7bfb: 544f;
7bfc: 544f;
7bfd: 544f;
7bfe: 544f;
7bff: 544f;
7c00: 9aaf;
7c01: 9aaf;
7c02: 9aaf;
7c03: aaaf;
7c04: abbf;
7c05: bbbf;
7c06: bccf;
7c07: bccf;
7c08: bccf;
7c09: bccf;
7c0a: bccf;
7c0b: bbbf;
7c0c: abbf;
7c0d: abbf;
7c0e: abbf;
7c0f: bccf;
7c10: bccf;
7c11: bccf;
7c12: bccf;
7c13: bccf;
7c14: bccf;
7c15: bdcf;
7c16: bdcf;
7c17: bdcf;
7c18: cddf;
7c19: bccf;
7c1a: bccf;
7c1b: bccf;
7c1c: bccf;
7c1d: bccf;
7c1e: bdcf;
7c1f: bccf;
7c20: bccf;
7c21: acbf;
7c22: acbf;
7c23: bcbf;
7c24: bccf;
7c25: bdcf;
7c26: cdcf;
7c27: cdcf;
7c28: cddf;
7c29: cddf;
7c2a: cddf;
7c2b: cddf;
7c2c: cddf;
7c2d: cddf;
7c2e: cddf;
7c2f: cddf;
7c30: cddf;
7c31: cddf;
7c32: cddf;
7c33: cddf;
7c34: cddf;
7c35: cddf;
7c36: cddf;
7c37: cddf;
7c38: cddf;
7c39: cddf;
7c3a: cddf;
7c3b: cddf;
7c3c: cddf;
7c3d: cddf;
7c3e: cddf;
7c3f: cddf;
7c40: cddf;
7c41: cddf;
7c42: cddf;
7c43: cddf;
7c44: cddf;
7c45: cddf;
7c46: cddf;
7c47: cddf;
7c48: cddf;
7c49: cddf;
7c4a: cddf;
7c4b: cddf;
7c4c: cddf;
7c4d: cddf;
7c4e: cddf;
7c4f: cddf;
7c50: cddf;
7c51: cddf;
7c52: cddf;
7c53: cddf;
7c54: cddf;
7c55: cddf;
7c56: cddf;
7c57: cddf;
7c58: cddf;
7c59: cddf;
7c5a: cddf;
7c5b: cddf;
7c5c: cddf;
7c5d: cddf;
7c5e: cddf;
7c5f: cddf;
7c60: cddf;
7c61: cddf;
7c62: cddf;
7c63: cddf;
7c64: dddf;
7c65: cddf;
7c66: cccf;
7c67: aaaf;
7c68: 777f;
7c69: 666f;
7c6a: 555f;
7c6b: 555f;
7c6c: 666f;
7c6d: 666f;
7c6e: 555f;
7c6f: 554f;
7c70: 544f;
7c71: 544f;
7c72: 544f;
7c73: 544f;
7c74: 544f;
7c75: 544f;
7c76: 544f;
7c77: 544f;
7c78: 544f;
7c79: 544f;
7c7a: 544f;
7c7b: 544f;
7c7c: 544f;
7c7d: 544f;
7c7e: 544f;
7c7f: 544f;
7c80: 544f;
7c81: 544f;
7c82: 544f;
7c83: 544f;
7c84: 544f;
7c85: 544f;
7c86: 544f;
7c87: 544f;
7c88: 544f;
7c89: 544f;
7c8a: 544f;
7c8b: 544f;
7c8c: 544f;
7c8d: 544f;
7c8e: 544f;
7c8f: 544f;
7c90: 544f;
7c91: 544f;
7c92: 544f;
7c93: 544f;
7c94: 544f;
7c95: 544f;
7c96: 544f;
7c97: 544f;
7c98: 544f;
7c99: 544f;
7c9a: 544f;
7c9b: 544f;
7c9c: 544f;
7c9d: 544f;
7c9e: 544f;
7c9f: 544f;
7ca0: 544f;
7ca1: 544f;
7ca2: 544f;
7ca3: 544f;
7ca4: 544f;
7ca5: 544f;
7ca6: 544f;
7ca7: 544f;
7ca8: 544f;
7ca9: 544f;
7caa: 544f;
7cab: 544f;
7cac: 544f;
7cad: 544f;
7cae: 544f;
7caf: 544f;
7cb0: 444f;
7cb1: 444f;
7cb2: 444f;
7cb3: 444f;
7cb4: 444f;
7cb5: 443f;
7cb6: 333f;
7cb7: 333f;
7cb8: 333f;
7cb9: 333f;
7cba: 333f;
7cbb: 333f;
7cbc: 333f;
7cbd: 333f;
7cbe: 333f;
7cbf: 443f;
7cc0: 444f;
7cc1: 444f;
7cc2: 544f;
7cc3: 544f;
7cc4: 544f;
7cc5: 544f;
7cc6: 544f;
7cc7: 544f;
7cc8: 544f;
7cc9: 544f;
7cca: 544f;
7ccb: 544f;
7ccc: 544f;
7ccd: 544f;
7cce: 544f;
7ccf: 544f;
7cd0: 544f;
7cd1: 544f;
7cd2: 544f;
7cd3: 544f;
7cd4: 544f;
7cd5: 544f;
7cd6: 544f;
7cd7: 544f;
7cd8: 544f;
7cd9: 544f;
7cda: 544f;
7cdb: 544f;
7cdc: 544f;
7cdd: 444f;
7cde: 433f;
7cdf: 433f;
7ce0: 333f;
7ce1: 333f;
7ce2: 433f;
7ce3: 333f;
7ce4: 333f;
7ce5: 444f;
7ce6: 766f;
7ce7: 988f;
7ce8: aaaf;
7ce9: 988f;
7cea: 766f;
7ceb: 544f;
7cec: 443f;
7ced: 444f;
7cee: 544f;
7cef: 544f;
7cf0: 544f;
7cf1: 544f;
7cf2: 544f;
7cf3: 444f;
7cf4: 544f;
7cf5: 544f;
7cf6: 544f;
7cf7: 544f;
7cf8: 544f;
7cf9: 544f;
7cfa: 544f;
7cfb: 544f;
7cfc: 544f;
7cfd: 544f;
7cfe: 544f;
7cff: 544f;
7d00: 9aaf;
7d01: 9aaf;
7d02: 9aaf;
7d03: 9aaf;
7d04: aabf;
7d05: abbf;
7d06: bccf;
7d07: bccf;
7d08: bccf;
7d09: bccf;
7d0a: bccf;
7d0b: bbcf;
7d0c: abbf;
7d0d: abbf;
7d0e: abbf;
7d0f: abbf;
7d10: bccf;
7d11: bccf;
7d12: bccf;
7d13: bccf;
7d14: bccf;
7d15: bccf;
7d16: bdcf;
7d17: bdcf;
7d18: cddf;
7d19: bccf;
7d1a: bccf;
7d1b: bccf;
7d1c: bccf;
7d1d: bccf;
7d1e: cdcf;
7d1f: bccf;
7d20: bccf;
7d21: bccf;
7d22: acbf;
7d23: abbf;
7d24: bccf;
7d25: bccf;
7d26: bccf;
7d27: cdcf;
7d28: cddf;
7d29: cddf;
7d2a: cddf;
7d2b: cddf;
7d2c: cddf;
7d2d: cddf;
7d2e: cddf;
7d2f: cddf;
7d30: cddf;
7d31: cddf;
7d32: cddf;
7d33: cddf;
7d34: cddf;
7d35: cddf;
7d36: cddf;
7d37: cddf;
7d38: cddf;
7d39: cddf;
7d3a: cddf;
7d3b: cddf;
7d3c: cddf;
7d3d: cddf;
7d3e: cddf;
7d3f: cddf;
7d40: cddf;
7d41: cddf;
7d42: cddf;
7d43: cddf;
7d44: cddf;
7d45: cddf;
7d46: cddf;
7d47: cddf;
7d48: cddf;
7d49: cddf;
7d4a: cddf;
7d4b: cddf;
7d4c: cddf;
7d4d: cddf;
7d4e: cddf;
7d4f: cddf;
7d50: cddf;
7d51: cddf;
7d52: cddf;
7d53: cddf;
7d54: cddf;
7d55: cddf;
7d56: cddf;
7d57: cddf;
7d58: cddf;
7d59: cddf;
7d5a: cddf;
7d5b: cddf;
7d5c: cddf;
7d5d: cddf;
7d5e: cddf;
7d5f: cddf;
7d60: cddf;
7d61: cddf;
7d62: cddf;
7d63: cddf;
7d64: cddf;
7d65: cddf;
7d66: bcbf;
7d67: 999f;
7d68: 777f;
7d69: 666f;
7d6a: 565f;
7d6b: 665f;
7d6c: 655f;
7d6d: 655f;
7d6e: 555f;
7d6f: 544f;
7d70: 444f;
7d71: 444f;
7d72: 544f;
7d73: 544f;
7d74: 544f;
7d75: 544f;
7d76: 544f;
7d77: 544f;
7d78: 544f;
7d79: 544f;
7d7a: 544f;
7d7b: 544f;
7d7c: 544f;
7d7d: 544f;
7d7e: 544f;
7d7f: 544f;
7d80: 544f;
7d81: 544f;
7d82: 544f;
7d83: 544f;
7d84: 544f;
7d85: 544f;
7d86: 544f;
7d87: 544f;
7d88: 544f;
7d89: 544f;
7d8a: 544f;
7d8b: 544f;
7d8c: 544f;
7d8d: 544f;
7d8e: 544f;
7d8f: 544f;
7d90: 544f;
7d91: 544f;
7d92: 544f;
7d93: 544f;
7d94: 544f;
7d95: 544f;
7d96: 544f;
7d97: 544f;
7d98: 544f;
7d99: 544f;
7d9a: 544f;
7d9b: 544f;
7d9c: 544f;
7d9d: 544f;
7d9e: 544f;
7d9f: 544f;
7da0: 544f;
7da1: 544f;
7da2: 544f;
7da3: 544f;
7da4: 544f;
7da5: 544f;
7da6: 544f;
7da7: 544f;
7da8: 544f;
7da9: 544f;
7daa: 544f;
7dab: 544f;
7dac: 544f;
7dad: 544f;
7dae: 544f;
7daf: 544f;
7db0: 444f;
7db1: 444f;
7db2: 444f;
7db3: 444f;
7db4: 443f;
7db5: 443f;
7db6: 333f;
7db7: 333f;
7db8: 333f;
7db9: 333f;
7dba: 333f;
7dbb: 333f;
7dbc: 333f;
7dbd: 333f;
7dbe: 443f;
7dbf: 443f;
7dc0: 444f;
7dc1: 444f;
7dc2: 544f;
7dc3: 544f;
7dc4: 544f;
7dc5: 544f;
7dc6: 544f;
7dc7: 544f;
7dc8: 544f;
7dc9: 544f;
7dca: 544f;
7dcb: 544f;
7dcc: 544f;
7dcd: 544f;
7dce: 544f;
7dcf: 544f;
7dd0: 544f;
7dd1: 544f;
7dd2: 544f;
7dd3: 544f;
7dd4: 544f;
7dd5: 544f;
7dd6: 544f;
7dd7: 544f;
7dd8: 544f;
7dd9: 544f;
7dda: 544f;
7ddb: 444f;
7ddc: 444f;
7ddd: 443f;
7dde: 433f;
7ddf: 333f;
7de0: 333f;
7de1: 333f;
7de2: 433f;
7de3: 433f;
7de4: 444f;
7de5: 555f;
7de6: 877f;
7de7: a99f;
7de8: aaaf;
7de9: 888f;
7dea: 655f;
7deb: 544f;
7dec: 444f;
7ded: 444f;
7dee: 544f;
7def: 544f;
7df0: 544f;
7df1: 544f;
7df2: 544f;
7df3: 444f;
7df4: 544f;
7df5: 544f;
7df6: 544f;
7df7: 544f;
7df8: 544f;
7df9: 544f;
7dfa: 544f;
7dfb: 544f;
7dfc: 544f;
7dfd: 544f;
7dfe: 544f;
7dff: 544f;
7e00: 99af;
7e01: 9aaf;
7e02: 9aaf;
7e03: 9aaf;
7e04: 9aaf;
7e05: aaaf;
7e06: abbf;
7e07: abbf;
7e08: bccf;
7e09: bccf;
7e0a: cccf;
7e0b: bccf;
7e0c: bbbf;
7e0d: abbf;
7e0e: abbf;
7e0f: abbf;
7e10: abbf;
7e11: bccf;
7e12: bccf;
7e13: bccf;
7e14: bccf;
7e15: bccf;
7e16: bdcf;
7e17: cdcf;
7e18: cddf;
7e19: bdcf;
7e1a: bccf;
7e1b: bccf;
7e1c: bccf;
7e1d: bdcf;
7e1e: cddf;
7e1f: bccf;
7e20: bccf;
7e21: bccf;
7e22: bccf;
7e23: acbf;
7e24: acbf;
7e25: bccf;
7e26: bccf;
7e27: bccf;
7e28: cddf;
7e29: cddf;
7e2a: cddf;
7e2b: cddf;
7e2c: cddf;
7e2d: cddf;
7e2e: cddf;
7e2f: cddf;
7e30: cddf;
7e31: cddf;
7e32: cddf;
7e33: cddf;
7e34: cddf;
7e35: cddf;
7e36: cddf;
7e37: cddf;
7e38: cddf;
7e39: cddf;
7e3a: cddf;
7e3b: cddf;
7e3c: cddf;
7e3d: cddf;
7e3e: cddf;
7e3f: cddf;
7e40: cddf;
7e41: cddf;
7e42: cddf;
7e43: cddf;
7e44: cddf;
7e45: cddf;
7e46: cddf;
7e47: cddf;
7e48: cddf;
7e49: cddf;
7e4a: cddf;
7e4b: cddf;
7e4c: cddf;
7e4d: cddf;
7e4e: cddf;
7e4f: cddf;
7e50: cddf;
7e51: cddf;
7e52: cddf;
7e53: cddf;
7e54: cddf;
7e55: cddf;
7e56: cddf;
7e57: cddf;
7e58: cddf;
7e59: cddf;
7e5a: cddf;
7e5b: cddf;
7e5c: cddf;
7e5d: cddf;
7e5e: cddf;
7e5f: cddf;
7e60: cddf;
7e61: cddf;
7e62: cddf;
7e63: cddf;
7e64: cddf;
7e65: bccf;
7e66: aaaf;
7e67: 899f;
7e68: 666f;
7e69: 555f;
7e6a: 565f;
7e6b: 666f;
7e6c: 655f;
7e6d: 555f;
7e6e: 554f;
7e6f: 444f;
7e70: 444f;
7e71: 544f;
7e72: 544f;
7e73: 554f;
7e74: 544f;
7e75: 544f;
7e76: 544f;
7e77: 544f;
7e78: 544f;
7e79: 544f;
7e7a: 544f;
7e7b: 544f;
7e7c: 544f;
7e7d: 544f;
7e7e: 544f;
7e7f: 544f;
7e80: 544f;
7e81: 544f;
7e82: 544f;
7e83: 544f;
7e84: 544f;
7e85: 544f;
7e86: 544f;
7e87: 544f;
7e88: 544f;
7e89: 544f;
7e8a: 544f;
7e8b: 544f;
7e8c: 544f;
7e8d: 544f;
7e8e: 544f;
7e8f: 544f;
7e90: 544f;
7e91: 544f;
7e92: 544f;
7e93: 544f;
7e94: 544f;
7e95: 544f;
7e96: 544f;
7e97: 544f;
7e98: 544f;
7e99: 544f;
7e9a: 544f;
7e9b: 544f;
7e9c: 544f;
7e9d: 544f;
7e9e: 544f;
7e9f: 544f;
7ea0: 544f;
7ea1: 544f;
7ea2: 544f;
7ea3: 544f;
7ea4: 544f;
7ea5: 544f;
7ea6: 544f;
7ea7: 544f;
7ea8: 544f;
7ea9: 544f;
7eaa: 544f;
7eab: 544f;
7eac: 544f;
7ead: 544f;
7eae: 544f;
7eaf: 544f;
7eb0: 544f;
7eb1: 444f;
7eb2: 444f;
7eb3: 444f;
7eb4: 443f;
7eb5: 333f;
7eb6: 333f;
7eb7: 333f;
7eb8: 333f;
7eb9: 333f;
7eba: 333f;
7ebb: 333f;
7ebc: 333f;
7ebd: 333f;
7ebe: 443f;
7ebf: 443f;
7ec0: 444f;
7ec1: 544f;
7ec2: 544f;
7ec3: 554f;
7ec4: 544f;
7ec5: 544f;
7ec6: 544f;
7ec7: 544f;
7ec8: 544f;
7ec9: 544f;
7eca: 544f;
7ecb: 544f;
7ecc: 544f;
7ecd: 544f;
7ece: 544f;
7ecf: 544f;
7ed0: 544f;
7ed1: 544f;
7ed2: 544f;
7ed3: 544f;
7ed4: 544f;
7ed5: 544f;
7ed6: 544f;
7ed7: 544f;
7ed8: 544f;
7ed9: 544f;
7eda: 444f;
7edb: 444f;
7edc: 443f;
7edd: 433f;
7ede: 333f;
7edf: 332f;
7ee0: 322f;
7ee1: 333f;
7ee2: 333f;
7ee3: 444f;
7ee4: 555f;
7ee5: 666f;
7ee6: 988f;
7ee7: aaaf;
7ee8: aaaf;
7ee9: 877f;
7eea: 554f;
7eeb: 444f;
7eec: 444f;
7eed: 544f;
7eee: 544f;
7eef: 544f;
7ef0: 544f;
7ef1: 544f;
7ef2: 544f;
7ef3: 444f;
7ef4: 544f;
7ef5: 544f;
7ef6: 544f;
7ef7: 544f;
7ef8: 544f;
7ef9: 544f;
7efa: 544f;
7efb: 544f;
7efc: 544f;
7efd: 544f;
7efe: 544f;
7eff: 544f;
7f00: 99af;
7f01: 9aaf;
7f02: 9aaf;
7f03: 9aaf;
7f04: aaaf;
7f05: 9aaf;
7f06: 9aaf;
7f07: aaaf;
7f08: abbf;
7f09: bbcf;
7f0a: bccf;
7f0b: bccf;
7f0c: bccf;
7f0d: abbf;
7f0e: abbf;
7f0f: abbf;
7f10: abbf;
7f11: bcbf;
7f12: bccf;
7f13: bccf;
7f14: bccf;
7f15: bccf;
7f16: bccf;
7f17: cdcf;
7f18: cddf;
7f19: cdcf;
7f1a: cdcf;
7f1b: bdcf;
7f1c: bdcf;
7f1d: cdcf;
7f1e: cddf;
7f1f: bccf;
7f20: bccf;
7f21: bccf;
7f22: bccf;
7f23: bccf;
7f24: bcbf;
7f25: acbf;
7f26: bcbf;
7f27: bccf;
7f28: bccf;
7f29: cddf;
7f2a: cddf;
7f2b: cddf;
7f2c: cddf;
7f2d: cddf;
7f2e: cddf;
7f2f: cddf;
7f30: cddf;
7f31: cddf;
7f32: cddf;
7f33: cddf;
7f34: cddf;
7f35: cddf;
7f36: cddf;
7f37: cddf;
7f38: cddf;
7f39: cddf;
7f3a: cddf;
7f3b: cddf;
7f3c: cddf;
7f3d: cddf;
7f3e: cddf;
7f3f: cddf;
7f40: cddf;
7f41: cddf;
7f42: cddf;
7f43: cddf;
7f44: cddf;
7f45: cddf;
7f46: cddf;
7f47: cddf;
7f48: cddf;
7f49: cddf;
7f4a: cddf;
7f4b: cddf;
7f4c: cddf;
7f4d: cddf;
7f4e: cddf;
7f4f: cddf;
7f50: cddf;
7f51: cddf;
7f52: cddf;
7f53: cddf;
7f54: cddf;
7f55: cddf;
7f56: cddf;
7f57: cddf;
7f58: cddf;
7f59: cddf;
7f5a: cddf;
7f5b: cddf;
7f5c: cddf;
7f5d: cddf;
7f5e: cddf;
7f5f: cddf;
7f60: cddf;
7f61: cddf;
7f62: cddf;
7f63: cddf;
7f64: cddf;
7f65: bbbf;
7f66: 899f;
7f67: 777f;
7f68: 566f;
7f69: 555f;
7f6a: 665f;
7f6b: 555f;
7f6c: 555f;
7f6d: 555f;
7f6e: 544f;
7f6f: 544f;
7f70: 444f;
7f71: 544f;
7f72: 544f;
7f73: 544f;
7f74: 544f;
7f75: 544f;
7f76: 544f;
7f77: 544f;
7f78: 544f;
7f79: 544f;
7f7a: 544f;
7f7b: 544f;
7f7c: 544f;
7f7d: 544f;
7f7e: 544f;
7f7f: 544f;
7f80: 544f;
7f81: 544f;
7f82: 544f;
7f83: 544f;
7f84: 544f;
7f85: 544f;
7f86: 544f;
7f87: 544f;
7f88: 544f;
7f89: 544f;
7f8a: 544f;
7f8b: 544f;
7f8c: 544f;
7f8d: 544f;
7f8e: 544f;
7f8f: 544f;
7f90: 544f;
7f91: 544f;
7f92: 544f;
7f93: 544f;
7f94: 544f;
7f95: 544f;
7f96: 544f;
7f97: 544f;
7f98: 544f;
7f99: 544f;
7f9a: 544f;
7f9b: 544f;
7f9c: 544f;
7f9d: 544f;
7f9e: 544f;
7f9f: 544f;
7fa0: 544f;
7fa1: 544f;
7fa2: 544f;
7fa3: 544f;
7fa4: 544f;
7fa5: 544f;
7fa6: 544f;
7fa7: 544f;
7fa8: 544f;
7fa9: 544f;
7faa: 544f;
7fab: 544f;
7fac: 544f;
7fad: 544f;
7fae: 544f;
7faf: 544f;
7fb0: 544f;
7fb1: 444f;
7fb2: 444f;
7fb3: 443f;
7fb4: 333f;
7fb5: 333f;
7fb6: 333f;
7fb7: 333f;
7fb8: 333f;
7fb9: 333f;
7fba: 333f;
7fbb: 333f;
7fbc: 333f;
7fbd: 333f;
7fbe: 433f;
7fbf: 443f;
7fc0: 444f;
7fc1: 444f;
7fc2: 544f;
7fc3: 554f;
7fc4: 544f;
7fc5: 544f;
7fc6: 544f;
7fc7: 544f;
7fc8: 544f;
7fc9: 544f;
7fca: 544f;
7fcb: 544f;
7fcc: 544f;
7fcd: 544f;
7fce: 544f;
7fcf: 544f;
7fd0: 544f;
7fd1: 544f;
7fd2: 544f;
7fd3: 544f;
7fd4: 544f;
7fd5: 544f;
7fd6: 544f;
7fd7: 544f;
7fd8: 544f;
7fd9: 444f;
7fda: 444f;
7fdb: 444f;
7fdc: 433f;
7fdd: 433f;
7fde: 333f;
7fdf: 332f;
7fe0: 322f;
7fe1: 332f;
7fe2: 433f;
7fe3: 544f;
7fe4: 666f;
7fe5: 777f;
7fe6: 999f;
7fe7: aaaf;
7fe8: a99f;
7fe9: 777f;
7fea: 544f;
7feb: 444f;
7fec: 444f;
7fed: 544f;
7fee: 544f;
7fef: 544f;
7ff0: 544f;
7ff1: 544f;
7ff2: 544f;
7ff3: 444f;
7ff4: 544f;
7ff5: 544f;
7ff6: 544f;
7ff7: 544f;
7ff8: 544f;
7ff9: 544f;
7ffa: 544f;
7ffb: 544f;
7ffc: 444f;
7ffd: 444f;
7ffe: 444f;
7fff: 444f;
8000: 9aaf;
8001: 9aaf;
8002: 9aaf;
8003: 9aaf;
8004: aaaf;
8005: 9aaf;
8006: 9aaf;
8007: 9aaf;
8008: aaaf;
8009: abbf;
800a: bccf;
800b: bccf;
800c: bccf;
800d: bccf;
800e: abbf;
800f: abbf;
8010: abbf;
8011: bbbf;
8012: bccf;
8013: bccf;
8014: bccf;
8015: bccf;
8016: bccf;
8017: bccf;
8018: bccf;
8019: bddf;
801a: cddf;
801b: bdcf;
801c: cddf;
801d: bdcf;
801e: cddf;
801f: bdcf;
8020: bccf;
8021: bccf;
8022: bccf;
8023: bccf;
8024: bcbf;
8025: abbf;
8026: abbf;
8027: acbf;
8028: bccf;
8029: cdcf;
802a: cddf;
802b: cddf;
802c: cddf;
802d: cddf;
802e: cddf;
802f: cddf;
8030: cddf;
8031: cddf;
8032: cddf;
8033: cddf;
8034: cddf;
8035: cddf;
8036: cddf;
8037: cddf;
8038: cddf;
8039: cddf;
803a: cddf;
803b: cddf;
803c: cddf;
803d: cddf;
803e: cddf;
803f: cddf;
8040: cddf;
8041: cddf;
8042: cddf;
8043: cddf;
8044: cddf;
8045: cddf;
8046: cddf;
8047: cddf;
8048: cddf;
8049: cddf;
804a: cddf;
804b: cddf;
804c: cddf;
804d: cddf;
804e: cddf;
804f: cddf;
8050: cddf;
8051: cddf;
8052: cddf;
8053: cddf;
8054: cddf;
8055: cddf;
8056: cddf;
8057: cddf;
8058: cddf;
8059: cddf;
805a: cddf;
805b: cddf;
805c: cddf;
805d: cddf;
805e: cddf;
805f: cddf;
8060: cddf;
8061: cddf;
8062: cddf;
8063: dddf;
8064: cccf;
8065: aaaf;
8066: 788f;
8067: 566f;
8068: 555f;
8069: 555f;
806a: 555f;
806b: 555f;
806c: 544f;
806d: 544f;
806e: 544f;
806f: 544f;
8070: 544f;
8071: 544f;
8072: 544f;
8073: 544f;
8074: 544f;
8075: 544f;
8076: 544f;
8077: 544f;
8078: 544f;
8079: 544f;
807a: 544f;
807b: 544f;
807c: 544f;
807d: 544f;
807e: 544f;
807f: 544f;
8080: 544f;
8081: 544f;
8082: 544f;
8083: 544f;
8084: 544f;
8085: 544f;
8086: 544f;
8087: 544f;
8088: 544f;
8089: 544f;
808a: 544f;
808b: 544f;
808c: 544f;
808d: 544f;
808e: 544f;
808f: 544f;
8090: 544f;
8091: 544f;
8092: 544f;
8093: 544f;
8094: 544f;
8095: 544f;
8096: 544f;
8097: 544f;
8098: 544f;
8099: 544f;
809a: 544f;
809b: 544f;
809c: 544f;
809d: 544f;
809e: 544f;
809f: 544f;
80a0: 544f;
80a1: 544f;
80a2: 544f;
80a3: 544f;
80a4: 544f;
80a5: 544f;
80a6: 544f;
80a7: 544f;
80a8: 544f;
80a9: 544f;
80aa: 544f;
80ab: 544f;
80ac: 544f;
80ad: 544f;
80ae: 544f;
80af: 544f;
80b0: 544f;
80b1: 444f;
80b2: 443f;
80b3: 333f;
80b4: 333f;
80b5: 333f;
80b6: 333f;
80b7: 333f;
80b8: 333f;
80b9: 333f;
80ba: 333f;
80bb: 333f;
80bc: 333f;
80bd: 333f;
80be: 333f;
80bf: 433f;
80c0: 444f;
80c1: 444f;
80c2: 544f;
80c3: 544f;
80c4: 544f;
80c5: 544f;
80c6: 544f;
80c7: 544f;
80c8: 544f;
80c9: 544f;
80ca: 544f;
80cb: 544f;
80cc: 544f;
80cd: 544f;
80ce: 544f;
80cf: 544f;
80d0: 544f;
80d1: 544f;
80d2: 544f;
80d3: 544f;
80d4: 544f;
80d5: 544f;
80d6: 544f;
80d7: 544f;
80d8: 544f;
80d9: 444f;
80da: 544f;
80db: 443f;
80dc: 433f;
80dd: 333f;
80de: 332f;
80df: 332f;
80e0: 322f;
80e1: 332f;
80e2: 433f;
80e3: 555f;
80e4: 777f;
80e5: 988f;
80e6: a99f;
80e7: aaaf;
80e8: a99f;
80e9: 766f;
80ea: 444f;
80eb: 544f;
80ec: 544f;
80ed: 544f;
80ee: 544f;
80ef: 544f;
80f0: 444f;
80f1: 544f;
80f2: 544f;
80f3: 544f;
80f4: 444f;
80f5: 444f;
80f6: 444f;
80f7: 444f;
80f8: 544f;
80f9: 544f;
80fa: 544f;
80fb: 544f;
80fc: 544f;
80fd: 544f;
80fe: 544f;
80ff: 544f;
8100: 9aaf;
8101: 999f;
8102: 9aaf;
8103: 9aaf;
8104: 9aaf;
8105: 9aaf;
8106: 9aaf;
8107: 9aaf;
8108: 9aaf;
8109: aabf;
810a: abbf;
810b: bccf;
810c: bccf;
810d: bccf;
810e: bccf;
810f: abbf;
8110: abbf;
8111: abbf;
8112: bccf;
8113: bccf;
8114: bccf;
8115: bccf;
8116: bccf;
8117: bccf;
8118: bccf;
8119: bddf;
811a: cddf;
811b: bdcf;
811c: bdcf;
811d: bdcf;
811e: bddf;
811f: bdcf;
8120: bccf;
8121: bccf;
8122: bccf;
8123: bccf;
8124: bccf;
8125: abbf;
8126: abbf;
8127: abbf;
8128: bcbf;
8129: bccf;
812a: cdcf;
812b: cddf;
812c: cddf;
812d: cddf;
812e: cddf;
812f: cddf;
8130: cddf;
8131: cddf;
8132: cddf;
8133: cddf;
8134: cddf;
8135: cddf;
8136: cddf;
8137: cddf;
8138: cddf;
8139: cddf;
813a: cddf;
813b: cddf;
813c: cddf;
813d: cddf;
813e: cddf;
813f: cddf;
8140: cddf;
8141: cddf;
8142: cddf;
8143: cddf;
8144: cddf;
8145: cddf;
8146: cddf;
8147: cddf;
8148: cddf;
8149: cddf;
814a: cddf;
814b: cddf;
814c: cddf;
814d: cddf;
814e: cddf;
814f: cddf;
8150: cddf;
8151: cddf;
8152: cddf;
8153: cddf;
8154: cddf;
8155: cddf;
8156: cddf;
8157: cddf;
8158: cddf;
8159: cddf;
815a: cddf;
815b: cddf;
815c: cddf;
815d: cddf;
815e: cddf;
815f: cddf;
8160: cddf;
8161: cddf;
8162: cddf;
8163: cddf;
8164: bccf;
8165: 999f;
8166: 677f;
8167: 555f;
8168: 555f;
8169: 555f;
816a: 555f;
816b: 544f;
816c: 544f;
816d: 544f;
816e: 544f;
816f: 544f;
8170: 544f;
8171: 544f;
8172: 544f;
8173: 544f;
8174: 544f;
8175: 544f;
8176: 544f;
8177: 544f;
8178: 544f;
8179: 544f;
817a: 544f;
817b: 544f;
817c: 544f;
817d: 544f;
817e: 544f;
817f: 544f;
8180: 544f;
8181: 544f;
8182: 544f;
8183: 544f;
8184: 544f;
8185: 544f;
8186: 544f;
8187: 544f;
8188: 544f;
8189: 544f;
818a: 544f;
818b: 544f;
818c: 544f;
818d: 544f;
818e: 544f;
818f: 544f;
8190: 544f;
8191: 544f;
8192: 544f;
8193: 544f;
8194: 544f;
8195: 544f;
8196: 544f;
8197: 544f;
8198: 544f;
8199: 544f;
819a: 544f;
819b: 544f;
819c: 544f;
819d: 544f;
819e: 544f;
819f: 544f;
81a0: 544f;
81a1: 544f;
81a2: 544f;
81a3: 544f;
81a4: 544f;
81a5: 544f;
81a6: 544f;
81a7: 544f;
81a8: 544f;
81a9: 544f;
81aa: 544f;
81ab: 544f;
81ac: 544f;
81ad: 544f;
81ae: 544f;
81af: 544f;
81b0: 444f;
81b1: 444f;
81b2: 433f;
81b3: 333f;
81b4: 333f;
81b5: 333f;
81b6: 333f;
81b7: 333f;
81b8: 333f;
81b9: 333f;
81ba: 333f;
81bb: 333f;
81bc: 333f;
81bd: 333f;
81be: 443f;
81bf: 443f;
81c0: 444f;
81c1: 444f;
81c2: 544f;
81c3: 544f;
81c4: 544f;
81c5: 544f;
81c6: 544f;
81c7: 544f;
81c8: 544f;
81c9: 544f;
81ca: 544f;
81cb: 544f;
81cc: 544f;
81cd: 544f;
81ce: 544f;
81cf: 544f;
81d0: 544f;
81d1: 544f;
81d2: 544f;
81d3: 544f;
81d4: 544f;
81d5: 544f;
81d6: 544f;
81d7: 444f;
81d8: 444f;
81d9: 444f;
81da: 444f;
81db: 443f;
81dc: 433f;
81dd: 333f;
81de: 332f;
81df: 332f;
81e0: 332f;
81e1: 333f;
81e2: 433f;
81e3: 665f;
81e4: 877f;
81e5: 999f;
81e6: aa9f;
81e7: aa9f;
81e8: a99f;
81e9: 766f;
81ea: 444f;
81eb: 544f;
81ec: 544f;
81ed: 544f;
81ee: 544f;
81ef: 544f;
81f0: 444f;
81f1: 544f;
81f2: 544f;
81f3: 544f;
81f4: 544f;
81f5: 544f;
81f6: 544f;
81f7: 544f;
81f8: 544f;
81f9: 544f;
81fa: 544f;
81fb: 544f;
81fc: 544f;
81fd: 544f;
81fe: 544f;
81ff: 544f;
8200: aaaf;
8201: 9aaf;
8202: 9aaf;
8203: 9aaf;
8204: 9aaf;
8205: 9aaf;
8206: 9aaf;
8207: 9aaf;
8208: 9aaf;
8209: aaaf;
820a: abbf;
820b: abbf;
820c: bbbf;
820d: bccf;
820e: bccf;
820f: bccf;
8210: bbbf;
8211: bbbf;
8212: bbbf;
8213: bccf;
8214: bccf;
8215: bccf;
8216: bccf;
8217: bccf;
8218: bccf;
8219: bdcf;
821a: cdcf;
821b: bccf;
821c: bccf;
821d: bccf;
821e: cddf;
821f: bccf;
8220: bdcf;
8221: bccf;
8222: bccf;
8223: bccf;
8224: bccf;
8225: bccf;
8226: abbf;
8227: abbf;
8228: abbf;
8229: bccf;
822a: bccf;
822b: cddf;
822c: cddf;
822d: cddf;
822e: cddf;
822f: cddf;
8230: cddf;
8231: cddf;
8232: cddf;
8233: cddf;
8234: cddf;
8235: cddf;
8236: cddf;
8237: cddf;
8238: cddf;
8239: cddf;
823a: cddf;
823b: cddf;
823c: cddf;
823d: cddf;
823e: cddf;
823f: cddf;
8240: cddf;
8241: cddf;
8242: cddf;
8243: cddf;
8244: cddf;
8245: cddf;
8246: cddf;
8247: cddf;
8248: cddf;
8249: cddf;
824a: cddf;
824b: cddf;
824c: cddf;
824d: cddf;
824e: cddf;
824f: cddf;
8250: cddf;
8251: cddf;
8252: cddf;
8253: cddf;
8254: cddf;
8255: cddf;
8256: cddf;
8257: cddf;
8258: cddf;
8259: cddf;
825a: cddf;
825b: cddf;
825c: cddf;
825d: cddf;
825e: cddf;
825f: cddf;
8260: cddf;
8261: dddf;
8262: cddf;
8263: cccf;
8264: abbf;
8265: 777f;
8266: 565f;
8267: 444f;
8268: 555f;
8269: 555f;
826a: 554f;
826b: 444f;
826c: 444f;
826d: 544f;
826e: 544f;
826f: 544f;
8270: 544f;
8271: 544f;
8272: 544f;
8273: 544f;
8274: 544f;
8275: 544f;
8276: 544f;
8277: 544f;
8278: 544f;
8279: 544f;
827a: 544f;
827b: 544f;
827c: 544f;
827d: 544f;
827e: 544f;
827f: 544f;
8280: 544f;
8281: 544f;
8282: 544f;
8283: 544f;
8284: 544f;
8285: 544f;
8286: 544f;
8287: 544f;
8288: 544f;
8289: 544f;
828a: 544f;
828b: 544f;
828c: 544f;
828d: 544f;
828e: 444f;
828f: 444f;
8290: 544f;
8291: 544f;
8292: 544f;
8293: 544f;
8294: 544f;
8295: 544f;
8296: 544f;
8297: 544f;
8298: 544f;
8299: 544f;
829a: 544f;
829b: 544f;
829c: 544f;
829d: 544f;
829e: 544f;
829f: 544f;
82a0: 544f;
82a1: 544f;
82a2: 544f;
82a3: 544f;
82a4: 544f;
82a5: 544f;
82a6: 544f;
82a7: 544f;
82a8: 544f;
82a9: 544f;
82aa: 544f;
82ab: 544f;
82ac: 544f;
82ad: 544f;
82ae: 544f;
82af: 444f;
82b0: 444f;
82b1: 443f;
82b2: 333f;
82b3: 333f;
82b4: 333f;
82b5: 333f;
82b6: 333f;
82b7: 333f;
82b8: 333f;
82b9: 333f;
82ba: 333f;
82bb: 333f;
82bc: 333f;
82bd: 433f;
82be: 443f;
82bf: 444f;
82c0: 444f;
82c1: 444f;
82c2: 544f;
82c3: 544f;
82c4: 544f;
82c5: 544f;
82c6: 544f;
82c7: 544f;
82c8: 544f;
82c9: 544f;
82ca: 544f;
82cb: 544f;
82cc: 544f;
82cd: 544f;
82ce: 544f;
82cf: 544f;
82d0: 444f;
82d1: 444f;
82d2: 544f;
82d3: 544f;
82d4: 544f;
82d5: 544f;
82d6: 544f;
82d7: 444f;
82d8: 444f;
82d9: 444f;
82da: 444f;
82db: 433f;
82dc: 333f;
82dd: 333f;
82de: 332f;
82df: 332f;
82e0: 332f;
82e1: 443f;
82e2: 555f;
82e3: 777f;
82e4: 988f;
82e5: aa9f;
82e6: aaaf;
82e7: aa9f;
82e8: 998f;
82e9: 766f;
82ea: 444f;
82eb: 544f;
82ec: 544f;
82ed: 544f;
82ee: 544f;
82ef: 544f;
82f0: 444f;
82f1: 544f;
82f2: 544f;
82f3: 544f;
82f4: 544f;
82f5: 544f;
82f6: 544f;
82f7: 544f;
82f8: 544f;
82f9: 544f;
82fa: 544f;
82fb: 544f;
82fc: 544f;
82fd: 544f;
82fe: 544f;
82ff: 544f;
8300: abbf;
8301: 9aaf;
8302: 9aaf;
8303: 999f;
8304: 999f;
8305: 999f;
8306: 9aaf;
8307: 9aaf;
8308: 9aaf;
8309: aaaf;
830a: aaaf;
830b: aabf;
830c: abbf;
830d: bbbf;
830e: bccf;
830f: bccf;
8310: bccf;
8311: bccf;
8312: bccf;
8313: bbbf;
8314: abbf;
8315: bbbf;
8316: bcbf;
8317: bccf;
8318: bccf;
8319: bccf;
831a: bccf;
831b: cdcf;
831c: bccf;
831d: bccf;
831e: cddf;
831f: cddf;
8320: cdcf;
8321: cdcf;
8322: bdcf;
8323: bccf;
8324: bccf;
8325: bccf;
8326: bccf;
8327: acbf;
8328: abbf;
8329: acbf;
832a: bccf;
832b: bccf;
832c: cddf;
832d: cddf;
832e: cddf;
832f: cddf;
8330: cddf;
8331: cddf;
8332: cddf;
8333: cddf;
8334: cddf;
8335: cddf;
8336: cddf;
8337: cddf;
8338: cddf;
8339: cddf;
833a: cddf;
833b: cddf;
833c: cddf;
833d: cddf;
833e: cddf;
833f: cddf;
8340: cddf;
8341: cddf;
8342: cddf;
8343: cddf;
8344: cddf;
8345: cddf;
8346: cddf;
8347: cddf;
8348: cddf;
8349: cddf;
834a: cddf;
834b: cddf;
834c: cddf;
834d: cddf;
834e: cddf;
834f: cddf;
8350: cddf;
8351: cddf;
8352: cddf;
8353: cddf;
8354: cddf;
8355: cddf;
8356: cddf;
8357: cddf;
8358: cddf;
8359: cddf;
835a: cddf;
835b: cddf;
835c: cddf;
835d: cddf;
835e: cddf;
835f: cddf;
8360: cddf;
8361: dddf;
8362: deef;
8363: bccf;
8364: 999f;
8365: 566f;
8366: 455f;
8367: 444f;
8368: 555f;
8369: 554f;
836a: 554f;
836b: 544f;
836c: 444f;
836d: 444f;
836e: 544f;
836f: 544f;
8370: 544f;
8371: 544f;
8372: 544f;
8373: 544f;
8374: 544f;
8375: 544f;
8376: 544f;
8377: 544f;
8378: 544f;
8379: 544f;
837a: 544f;
837b: 544f;
837c: 544f;
837d: 544f;
837e: 544f;
837f: 544f;
8380: 544f;
8381: 544f;
8382: 544f;
8383: 544f;
8384: 544f;
8385: 544f;
8386: 544f;
8387: 544f;
8388: 544f;
8389: 544f;
838a: 544f;
838b: 544f;
838c: 544f;
838d: 444f;
838e: 444f;
838f: 443f;
8390: 444f;
8391: 544f;
8392: 544f;
8393: 544f;
8394: 544f;
8395: 544f;
8396: 544f;
8397: 544f;
8398: 544f;
8399: 544f;
839a: 544f;
839b: 544f;
839c: 544f;
839d: 544f;
839e: 544f;
839f: 544f;
83a0: 544f;
83a1: 544f;
83a2: 544f;
83a3: 544f;
83a4: 544f;
83a5: 544f;
83a6: 544f;
83a7: 544f;
83a8: 544f;
83a9: 544f;
83aa: 544f;
83ab: 544f;
83ac: 544f;
83ad: 544f;
83ae: 544f;
83af: 443f;
83b0: 433f;
83b1: 333f;
83b2: 333f;
83b3: 333f;
83b4: 333f;
83b5: 333f;
83b6: 333f;
83b7: 333f;
83b8: 333f;
83b9: 333f;
83ba: 333f;
83bb: 333f;
83bc: 333f;
83bd: 443f;
83be: 444f;
83bf: 444f;
83c0: 444f;
83c1: 444f;
83c2: 544f;
83c3: 544f;
83c4: 544f;
83c5: 544f;
83c6: 544f;
83c7: 544f;
83c8: 544f;
83c9: 544f;
83ca: 544f;
83cb: 544f;
83cc: 544f;
83cd: 544f;
83ce: 544f;
83cf: 544f;
83d0: 444f;
83d1: 444f;
83d2: 544f;
83d3: 544f;
83d4: 544f;
83d5: 544f;
83d6: 444f;
83d7: 444f;
83d8: 444f;
83d9: 444f;
83da: 443f;
83db: 433f;
83dc: 433f;
83dd: 333f;
83de: 332f;
83df: 322f;
83e0: 333f;
83e1: 554f;
83e2: 776f;
83e3: 888f;
83e4: a99f;
83e5: a99f;
83e6: baaf;
83e7: aa9f;
83e8: 887f;
83e9: 665f;
83ea: 444f;
83eb: 544f;
83ec: 444f;
83ed: 544f;
83ee: 444f;
83ef: 444f;
83f0: 444f;
83f1: 544f;
83f2: 544f;
83f3: 544f;
83f4: 544f;
83f5: 544f;
83f6: 544f;
83f7: 544f;
83f8: 544f;
83f9: 544f;
83fa: 544f;
83fb: 544f;
83fc: 544f;
83fd: 544f;
83fe: 544f;
83ff: 544f;
8400: bbbf;
8401: abbf;
8402: aaaf;
8403: 9aaf;
8404: 999f;
8405: 999f;
8406: 999f;
8407: 9aaf;
8408: 9aaf;
8409: 9aaf;
840a: 9aaf;
840b: 9aaf;
840c: aaaf;
840d: abbf;
840e: bbbf;
840f: bccf;
8410: bccf;
8411: bccf;
8412: bccf;
8413: bbbf;
8414: abbf;
8415: abbf;
8416: abbf;
8417: bcbf;
8418: bccf;
8419: bccf;
841a: bccf;
841b: cddf;
841c: cdcf;
841d: bccf;
841e: cdcf;
841f: cddf;
8420: cddf;
8421: cdcf;
8422: bdcf;
8423: bccf;
8424: bccf;
8425: bccf;
8426: bccf;
8427: bccf;
8428: acbf;
8429: abbf;
842a: acbf;
842b: bccf;
842c: bccf;
842d: bdcf;
842e: cddf;
842f: cddf;
8430: cddf;
8431: cddf;
8432: cddf;
8433: cddf;
8434: cddf;
8435: cddf;
8436: cddf;
8437: cddf;
8438: cddf;
8439: cddf;
843a: cddf;
843b: cddf;
843c: cddf;
843d: cddf;
843e: cddf;
843f: cddf;
8440: cddf;
8441: cddf;
8442: cddf;
8443: cddf;
8444: cddf;
8445: cddf;
8446: cddf;
8447: cddf;
8448: cddf;
8449: cddf;
844a: cddf;
844b: cddf;
844c: cddf;
844d: cddf;
844e: cddf;
844f: cddf;
8450: cddf;
8451: cddf;
8452: cddf;
8453: cddf;
8454: cddf;
8455: cddf;
8456: cddf;
8457: cddf;
8458: cddf;
8459: cddf;
845a: cddf;
845b: cddf;
845c: cddf;
845d: cddf;
845e: cddf;
845f: cddf;
8460: cddf;
8461: dddf;
8462: dddf;
8463: abbf;
8464: 888f;
8465: 555f;
8466: 555f;
8467: 444f;
8468: 555f;
8469: 554f;
846a: 544f;
846b: 544f;
846c: 544f;
846d: 544f;
846e: 544f;
846f: 544f;
8470: 544f;
8471: 544f;
8472: 544f;
8473: 544f;
8474: 544f;
8475: 544f;
8476: 544f;
8477: 544f;
8478: 544f;
8479: 544f;
847a: 544f;
847b: 544f;
847c: 544f;
847d: 544f;
847e: 544f;
847f: 544f;
8480: 544f;
8481: 544f;
8482: 544f;
8483: 544f;
8484: 544f;
8485: 544f;
8486: 544f;
8487: 544f;
8488: 544f;
8489: 544f;
848a: 544f;
848b: 544f;
848c: 544f;
848d: 444f;
848e: 443f;
848f: 443f;
8490: 444f;
8491: 544f;
8492: 544f;
8493: 544f;
8494: 544f;
8495: 544f;
8496: 544f;
8497: 544f;
8498: 544f;
8499: 544f;
849a: 544f;
849b: 544f;
849c: 544f;
849d: 544f;
849e: 544f;
849f: 544f;
84a0: 544f;
84a1: 544f;
84a2: 544f;
84a3: 544f;
84a4: 544f;
84a5: 544f;
84a6: 544f;
84a7: 544f;
84a8: 544f;
84a9: 544f;
84aa: 544f;
84ab: 544f;
84ac: 544f;
84ad: 544f;
84ae: 444f;
84af: 444f;
84b0: 443f;
84b1: 433f;
84b2: 333f;
84b3: 333f;
84b4: 333f;
84b5: 333f;
84b6: 333f;
84b7: 333f;
84b8: 333f;
84b9: 333f;
84ba: 333f;
84bb: 333f;
84bc: 333f;
84bd: 443f;
84be: 444f;
84bf: 444f;
84c0: 444f;
84c1: 444f;
84c2: 544f;
84c3: 544f;
84c4: 544f;
84c5: 544f;
84c6: 544f;
84c7: 544f;
84c8: 544f;
84c9: 544f;
84ca: 544f;
84cb: 544f;
84cc: 544f;
84cd: 544f;
84ce: 544f;
84cf: 544f;
84d0: 444f;
84d1: 444f;
84d2: 544f;
84d3: 544f;
84d4: 544f;
84d5: 544f;
84d6: 444f;
84d7: 444f;
84d8: 444f;
84d9: 443f;
84da: 433f;
84db: 433f;
84dc: 433f;
84dd: 333f;
84de: 332f;
84df: 332f;
84e0: 443f;
84e1: 655f;
84e2: 877f;
84e3: 988f;
84e4: a99f;
84e5: a99f;
84e6: aaaf;
84e7: a99f;
84e8: 887f;
84e9: 655f;
84ea: 443f;
84eb: 544f;
84ec: 544f;
84ed: 544f;
84ee: 444f;
84ef: 444f;
84f0: 544f;
84f1: 544f;
84f2: 544f;
84f3: 544f;
84f4: 544f;
84f5: 544f;
84f6: 544f;
84f7: 544f;
84f8: 544f;
84f9: 544f;
84fa: 544f;
84fb: 544f;
84fc: 544f;
84fd: 544f;
84fe: 544f;
84ff: 544f;
8500: bcbf;
8501: abbf;
8502: abbf;
8503: aaaf;
8504: 9aaf;
8505: 999f;
8506: 999f;
8507: 9a9f;
8508: 9aaf;
8509: 9aaf;
850a: 9aaf;
850b: 9aaf;
850c: 9aaf;
850d: aabf;
850e: abbf;
850f: bbbf;
8510: bccf;
8511: bccf;
8512: bccf;
8513: bccf;
8514: abbf;
8515: abbf;
8516: abbf;
8517: abbf;
8518: bccf;
8519: bccf;
851a: bccf;
851b: cddf;
851c: cccf;
851d: bccf;
851e: cccf;
851f: cddf;
8520: cddf;
8521: cdcf;
8522: bdcf;
8523: bccf;
8524: bccf;
8525: bccf;
8526: bccf;
8527: bccf;
8528: bccf;
8529: acbf;
852a: abbf;
852b: acbf;
852c: bccf;
852d: bccf;
852e: cdcf;
852f: cddf;
8530: cddf;
8531: cddf;
8532: cddf;
8533: cddf;
8534: cddf;
8535: cddf;
8536: cddf;
8537: cddf;
8538: cddf;
8539: cddf;
853a: cddf;
853b: cddf;
853c: cddf;
853d: cddf;
853e: cddf;
853f: cddf;
8540: cddf;
8541: cddf;
8542: cddf;
8543: cddf;
8544: cddf;
8545: cddf;
8546: cddf;
8547: cddf;
8548: cddf;
8549: cddf;
854a: cddf;
854b: cddf;
854c: cddf;
854d: cddf;
854e: cddf;
854f: cddf;
8550: cddf;
8551: cddf;
8552: cddf;
8553: cddf;
8554: cddf;
8555: cddf;
8556: cddf;
8557: cddf;
8558: cddf;
8559: cddf;
855a: cddf;
855b: cddf;
855c: cddf;
855d: cddf;
855e: cddf;
855f: cddf;
8560: cddf;
8561: cddf;
8562: cccf;
8563: aaaf;
8564: 777f;
8565: 555f;
8566: 444f;
8567: 444f;
8568: 544f;
8569: 544f;
856a: 544f;
856b: 544f;
856c: 544f;
856d: 544f;
856e: 544f;
856f: 544f;
8570: 544f;
8571: 544f;
8572: 544f;
8573: 544f;
8574: 544f;
8575: 544f;
8576: 544f;
8577: 544f;
8578: 544f;
8579: 544f;
857a: 544f;
857b: 544f;
857c: 544f;
857d: 544f;
857e: 544f;
857f: 544f;
8580: 544f;
8581: 544f;
8582: 544f;
8583: 544f;
8584: 544f;
8585: 544f;
8586: 544f;
8587: 544f;
8588: 544f;
8589: 544f;
858a: 544f;
858b: 544f;
858c: 544f;
858d: 444f;
858e: 443f;
858f: 433f;
8590: 444f;
8591: 544f;
8592: 544f;
8593: 544f;
8594: 544f;
8595: 544f;
8596: 544f;
8597: 544f;
8598: 544f;
8599: 544f;
859a: 544f;
859b: 544f;
859c: 544f;
859d: 544f;
859e: 544f;
859f: 544f;
85a0: 544f;
85a1: 544f;
85a2: 544f;
85a3: 544f;
85a4: 544f;
85a5: 544f;
85a6: 544f;
85a7: 544f;
85a8: 544f;
85a9: 544f;
85aa: 544f;
85ab: 544f;
85ac: 544f;
85ad: 544f;
85ae: 444f;
85af: 444f;
85b0: 443f;
85b1: 433f;
85b2: 333f;
85b3: 333f;
85b4: 333f;
85b5: 333f;
85b6: 333f;
85b7: 333f;
85b8: 333f;
85b9: 333f;
85ba: 333f;
85bb: 333f;
85bc: 333f;
85bd: 343f;
85be: 444f;
85bf: 444f;
85c0: 444f;
85c1: 444f;
85c2: 544f;
85c3: 544f;
85c4: 544f;
85c5: 544f;
85c6: 544f;
85c7: 544f;
85c8: 544f;
85c9: 544f;
85ca: 544f;
85cb: 544f;
85cc: 544f;
85cd: 544f;
85ce: 544f;
85cf: 544f;
85d0: 544f;
85d1: 444f;
85d2: 544f;
85d3: 544f;
85d4: 544f;
85d5: 544f;
85d6: 444f;
85d7: 444f;
85d8: 443f;
85d9: 433f;
85da: 433f;
85db: 433f;
85dc: 333f;
85dd: 332f;
85de: 332f;
85df: 332f;
85e0: 544f;
85e1: 766f;
85e2: 888f;
85e3: 999f;
85e4: a99f;
85e5: a99f;
85e6: aaaf;
85e7: a99f;
85e8: 877f;
85e9: 655f;
85ea: 444f;
85eb: 544f;
85ec: 544f;
85ed: 544f;
85ee: 444f;
85ef: 444f;
85f0: 544f;
85f1: 544f;
85f2: 544f;
85f3: 544f;
85f4: 544f;
85f5: 544f;
85f6: 544f;
85f7: 544f;
85f8: 544f;
85f9: 544f;
85fa: 544f;
85fb: 544f;
85fc: 544f;
85fd: 544f;
85fe: 544f;
85ff: 544f;
8600: bccf;
8601: bcbf;
8602: abbf;
8603: abbf;
8604: aaaf;
8605: 9aaf;
8606: 9a9f;
8607: 9a9f;
8608: 9aaf;
8609: 9aaf;
860a: 9aaf;
860b: 9aaf;
860c: 9aaf;
860d: 9aaf;
860e: aabf;
860f: abbf;
8610: bbbf;
8611: bbcf;
8612: bccf;
8613: bccf;
8614: bccf;
8615: abbf;
8616: abbf;
8617: abbf;
8618: bccf;
8619: bccf;
861a: bccf;
861b: cccf;
861c: bccf;
861d: bccf;
861e: bccf;
861f: cddf;
8620: cddf;
8621: cddf;
8622: cdcf;
8623: bccf;
8624: bccf;
8625: bccf;
8626: bccf;
8627: bccf;
8628: bccf;
8629: bccf;
862a: acbf;
862b: acbf;
862c: abbf;
862d: bcbf;
862e: bccf;
862f: bdcf;
8630: cddf;
8631: cddf;
8632: cddf;
8633: cddf;
8634: cddf;
8635: cddf;
8636: cddf;
8637: cddf;
8638: cddf;
8639: cddf;
863a: cddf;
863b: cddf;
863c: cddf;
863d: cddf;
863e: cddf;
863f: cddf;
8640: cddf;
8641: cddf;
8642: cddf;
8643: cddf;
8644: cddf;
8645: cddf;
8646: cddf;
8647: cddf;
8648: cddf;
8649: cddf;
864a: cddf;
864b: cddf;
864c: cddf;
864d: cddf;
864e: cddf;
864f: cddf;
8650: cddf;
8651: cddf;
8652: cddf;
8653: cddf;
8654: cddf;
8655: cddf;
8656: cddf;
8657: cddf;
8658: cddf;
8659: cddf;
865a: cddf;
865b: cddf;
865c: cddf;
865d: cddf;
865e: cddf;
865f: cddf;
8660: dddf;
8661: cddf;
8662: bbbf;
8663: 888f;
8664: 565f;
8665: 444f;
8666: 444f;
8667: 444f;
8668: 444f;
8669: 444f;
866a: 544f;
866b: 544f;
866c: 544f;
866d: 544f;
866e: 544f;
866f: 544f;
8670: 544f;
8671: 544f;
8672: 544f;
8673: 544f;
8674: 544f;
8675: 544f;
8676: 544f;
8677: 544f;
8678: 544f;
8679: 544f;
867a: 544f;
867b: 544f;
867c: 544f;
867d: 544f;
867e: 544f;
867f: 544f;
8680: 544f;
8681: 544f;
8682: 544f;
8683: 544f;
8684: 544f;
8685: 544f;
8686: 544f;
8687: 544f;
8688: 544f;
8689: 544f;
868a: 544f;
868b: 544f;
868c: 544f;
868d: 444f;
868e: 443f;
868f: 433f;
8690: 444f;
8691: 544f;
8692: 544f;
8693: 544f;
8694: 544f;
8695: 544f;
8696: 544f;
8697: 544f;
8698: 544f;
8699: 544f;
869a: 544f;
869b: 544f;
869c: 544f;
869d: 544f;
869e: 544f;
869f: 544f;
86a0: 544f;
86a1: 544f;
86a2: 544f;
86a3: 544f;
86a4: 544f;
86a5: 544f;
86a6: 544f;
86a7: 544f;
86a8: 544f;
86a9: 544f;
86aa: 544f;
86ab: 544f;
86ac: 544f;
86ad: 444f;
86ae: 444f;
86af: 443f;
86b0: 443f;
86b1: 333f;
86b2: 333f;
86b3: 333f;
86b4: 333f;
86b5: 333f;
86b6: 333f;
86b7: 333f;
86b8: 333f;
86b9: 333f;
86ba: 333f;
86bb: 333f;
86bc: 333f;
86bd: 333f;
86be: 443f;
86bf: 444f;
86c0: 444f;
86c1: 444f;
86c2: 544f;
86c3: 544f;
86c4: 544f;
86c5: 544f;
86c6: 544f;
86c7: 544f;
86c8: 544f;
86c9: 544f;
86ca: 544f;
86cb: 544f;
86cc: 544f;
86cd: 544f;
86ce: 544f;
86cf: 544f;
86d0: 544f;
86d1: 444f;
86d2: 544f;
86d3: 544f;
86d4: 544f;
86d5: 544f;
86d6: 444f;
86d7: 444f;
86d8: 443f;
86d9: 433f;
86da: 333f;
86db: 333f;
86dc: 333f;
86dd: 332f;
86de: 332f;
86df: 443f;
86e0: 655f;
86e1: 877f;
86e2: 998f;
86e3: a99f;
86e4: a99f;
86e5: a99f;
86e6: aa9f;
86e7: a99f;
86e8: 777f;
86e9: 655f;
86ea: 444f;
86eb: 544f;
86ec: 544f;
86ed: 544f;
86ee: 444f;
86ef: 444f;
86f0: 544f;
86f1: 544f;
86f2: 544f;
86f3: 544f;
86f4: 544f;
86f5: 544f;
86f6: 544f;
86f7: 544f;
86f8: 544f;
86f9: 544f;
86fa: 544f;
86fb: 544f;
86fc: 544f;
86fd: 544f;
86fe: 544f;
86ff: 544f;
8700: cccf;
8701: bccf;
8702: bcbf;
8703: bbbf;
8704: abbf;
8705: aaaf;
8706: 9aaf;
8707: 9aaf;
8708: 9aaf;
8709: 9aaf;
870a: 999f;
870b: 999f;
870c: 999f;
870d: 9aaf;
870e: 9aaf;
870f: aaaf;
8710: abbf;
8711: bbbf;
8712: bccf;
8713: bccf;
8714: bccf;
8715: bccf;
8716: bbbf;
8717: bbbf;
8718: bccf;
8719: bbbf;
871a: bccf;
871b: bccf;
871c: bccf;
871d: bccf;
871e: cccf;
871f: cdcf;
8720: cddf;
8721: cddf;
8722: cdcf;
8723: bccf;
8724: bccf;
8725: bccf;
8726: bccf;
8727: bccf;
8728: bccf;
8729: bccf;
872a: bccf;
872b: acbf;
872c: abbf;
872d: acbf;
872e: bccf;
872f: bccf;
8730: cdcf;
8731: cddf;
8732: cddf;
8733: cddf;
8734: cddf;
8735: cddf;
8736: cddf;
8737: cddf;
8738: cddf;
8739: cddf;
873a: cddf;
873b: cddf;
873c: cddf;
873d: cddf;
873e: cddf;
873f: cddf;
8740: cddf;
8741: cddf;
8742: cddf;
8743: cddf;
8744: cddf;
8745: cddf;
8746: cddf;
8747: cddf;
8748: cddf;
8749: cddf;
874a: cddf;
874b: cddf;
874c: cddf;
874d: cddf;
874e: cddf;
874f: cddf;
8750: cddf;
8751: cddf;
8752: cddf;
8753: cddf;
8754: cddf;
8755: cddf;
8756: cddf;
8757: cddf;
8758: cddf;
8759: cddf;
875a: cddf;
875b: cddf;
875c: cddf;
875d: cddf;
875e: cddf;
875f: cddf;
8760: dddf;
8761: cccf;
8762: aaaf;
8763: 777f;
8764: 444f;
8765: 444f;
8766: 444f;
8767: 444f;
8768: 444f;
8769: 444f;
876a: 544f;
876b: 544f;
876c: 544f;
876d: 544f;
876e: 544f;
876f: 544f;
8770: 544f;
8771: 544f;
8772: 544f;
8773: 544f;
8774: 544f;
8775: 544f;
8776: 544f;
8777: 544f;
8778: 544f;
8779: 544f;
877a: 544f;
877b: 544f;
877c: 544f;
877d: 544f;
877e: 544f;
877f: 544f;
8780: 544f;
8781: 544f;
8782: 544f;
8783: 544f;
8784: 544f;
8785: 544f;
8786: 544f;
8787: 544f;
8788: 544f;
8789: 544f;
878a: 544f;
878b: 544f;
878c: 444f;
878d: 444f;
878e: 443f;
878f: 433f;
8790: 444f;
8791: 544f;
8792: 544f;
8793: 544f;
8794: 544f;
8795: 544f;
8796: 544f;
8797: 544f;
8798: 544f;
8799: 544f;
879a: 544f;
879b: 544f;
879c: 544f;
879d: 544f;
879e: 544f;
879f: 544f;
87a0: 544f;
87a1: 544f;
87a2: 544f;
87a3: 544f;
87a4: 544f;
87a5: 544f;
87a6: 544f;
87a7: 544f;
87a8: 544f;
87a9: 544f;
87aa: 544f;
87ab: 544f;
87ac: 444f;
87ad: 444f;
87ae: 444f;
87af: 443f;
87b0: 333f;
87b1: 333f;
87b2: 333f;
87b3: 333f;
87b4: 333f;
87b5: 333f;
87b6: 333f;
87b7: 333f;
87b8: 333f;
87b9: 333f;
87ba: 333f;
87bb: 333f;
87bc: 333f;
87bd: 333f;
87be: 443f;
87bf: 444f;
87c0: 444f;
87c1: 444f;
87c2: 544f;
87c3: 544f;
87c4: 544f;
87c5: 544f;
87c6: 544f;
87c7: 544f;
87c8: 544f;
87c9: 544f;
87ca: 544f;
87cb: 544f;
87cc: 544f;
87cd: 544f;
87ce: 544f;
87cf: 544f;
87d0: 544f;
87d1: 544f;
87d2: 544f;
87d3: 544f;
87d4: 544f;
87d5: 444f;
87d6: 444f;
87d7: 443f;
87d8: 433f;
87d9: 433f;
87da: 333f;
87db: 333f;
87dc: 333f;
87dd: 333f;
87de: 443f;
87df: 554f;
87e0: 776f;
87e1: 988f;
87e2: a99f;
87e3: a99f;
87e4: a99f;
87e5: a99f;
87e6: a99f;
87e7: a99f;
87e8: 766f;
87e9: 655f;
87ea: 444f;
87eb: 544f;
87ec: 544f;
87ed: 544f;
87ee: 444f;
87ef: 444f;
87f0: 544f;
87f1: 544f;
87f2: 544f;
87f3: 544f;
87f4: 544f;
87f5: 544f;
87f6: 544f;
87f7: 544f;
87f8: 544f;
87f9: 544f;
87fa: 544f;
87fb: 544f;
87fc: 544f;
87fd: 544f;
87fe: 544f;
87ff: 544f;
8800: cccf;
8801: cccf;
8802: bccf;
8803: bccf;
8804: bbbf;
8805: bbbf;
8806: abaf;
8807: aaaf;
8808: 9aaf;
8809: 9aaf;
880a: 999f;
880b: 999f;
880c: 999f;
880d: 9aaf;
880e: 9aaf;
880f: 9aaf;
8810: aaaf;
8811: abbf;
8812: bbbf;
8813: bccf;
8814: bccf;
8815: bccf;
8816: bccf;
8817: bcbf;
8818: bbbf;
8819: bbbf;
881a: bbbf;
881b: bcbf;
881c: bccf;
881d: bccf;
881e: cccf;
881f: bccf;
8820: cdcf;
8821: cdcf;
8822: cccf;
8823: bccf;
8824: bccf;
8825: bccf;
8826: bdcf;
8827: bdcf;
8828: bccf;
8829: bccf;
882a: bccf;
882b: bccf;
882c: abbf;
882d: bccf;
882e: bccf;
882f: bccf;
8830: bccf;
8831: cddf;
8832: cddf;
8833: cddf;
8834: cddf;
8835: cddf;
8836: cddf;
8837: cddf;
8838: cddf;
8839: cddf;
883a: cddf;
883b: cddf;
883c: cddf;
883d: cddf;
883e: cddf;
883f: cddf;
8840: cddf;
8841: cddf;
8842: cddf;
8843: cddf;
8844: cddf;
8845: cddf;
8846: cddf;
8847: cddf;
8848: cddf;
8849: cddf;
884a: cddf;
884b: cddf;
884c: cddf;
884d: cddf;
884e: cddf;
884f: cddf;
8850: cddf;
8851: cddf;
8852: cddf;
8853: cddf;
8854: cddf;
8855: cddf;
8856: cddf;
8857: cddf;
8858: cddf;
8859: cddf;
885a: cddf;
885b: cddf;
885c: cddf;
885d: cddf;
885e: dddf;
885f: dddf;
8860: dddf;
8861: bccf;
8862: 999f;
8863: 566f;
8864: 444f;
8865: 444f;
8866: 444f;
8867: 444f;
8868: 444f;
8869: 444f;
886a: 544f;
886b: 544f;
886c: 544f;
886d: 544f;
886e: 544f;
886f: 544f;
8870: 544f;
8871: 544f;
8872: 544f;
8873: 544f;
8874: 544f;
8875: 544f;
8876: 544f;
8877: 544f;
8878: 544f;
8879: 544f;
887a: 544f;
887b: 544f;
887c: 544f;
887d: 544f;
887e: 544f;
887f: 544f;
8880: 544f;
8881: 544f;
8882: 544f;
8883: 544f;
8884: 544f;
8885: 544f;
8886: 544f;
8887: 544f;
8888: 544f;
8889: 544f;
888a: 544f;
888b: 544f;
888c: 444f;
888d: 443f;
888e: 433f;
888f: 433f;
8890: 444f;
8891: 444f;
8892: 544f;
8893: 544f;
8894: 544f;
8895: 544f;
8896: 544f;
8897: 544f;
8898: 544f;
8899: 544f;
889a: 544f;
889b: 544f;
889c: 544f;
889d: 544f;
889e: 544f;
889f: 544f;
88a0: 544f;
88a1: 544f;
88a2: 544f;
88a3: 544f;
88a4: 544f;
88a5: 544f;
88a6: 544f;
88a7: 544f;
88a8: 544f;
88a9: 544f;
88aa: 544f;
88ab: 544f;
88ac: 444f;
88ad: 444f;
88ae: 444f;
88af: 433f;
88b0: 333f;
88b1: 333f;
88b2: 333f;
88b3: 333f;
88b4: 333f;
88b5: 333f;
88b6: 333f;
88b7: 333f;
88b8: 333f;
88b9: 333f;
88ba: 333f;
88bb: 333f;
88bc: 333f;
88bd: 333f;
88be: 443f;
88bf: 444f;
88c0: 544f;
88c1: 544f;
88c2: 544f;
88c3: 544f;
88c4: 544f;
88c5: 544f;
88c6: 544f;
88c7: 544f;
88c8: 544f;
88c9: 544f;
88ca: 544f;
88cb: 544f;
88cc: 544f;
88cd: 544f;
88ce: 544f;
88cf: 544f;
88d0: 544f;
88d1: 544f;
88d2: 544f;
88d3: 544f;
88d4: 444f;
88d5: 444f;
88d6: 443f;
88d7: 433f;
88d8: 433f;
88d9: 333f;
88da: 333f;
88db: 332f;
88dc: 333f;
88dd: 433f;
88de: 444f;
88df: 665f;
88e0: 887f;
88e1: a99f;
88e2: aa9f;
88e3: aa9f;
88e4: a99f;
88e5: aa9f;
88e6: aa9f;
88e7: a98f;
88e8: 766f;
88e9: 554f;
88ea: 443f;
88eb: 544f;
88ec: 544f;
88ed: 544f;
88ee: 544f;
88ef: 444f;
88f0: 544f;
88f1: 544f;
88f2: 544f;
88f3: 544f;
88f4: 544f;
88f5: 544f;
88f6: 544f;
88f7: 544f;
88f8: 544f;
88f9: 544f;
88fa: 544f;
88fb: 544f;
88fc: 444f;
88fd: 444f;
88fe: 544f;
88ff: 544f;
8900: cddf;
8901: ccdf;
8902: cccf;
8903: bccf;
8904: bccf;
8905: bbbf;
8906: bbbf;
8907: bbbf;
8908: aaaf;
8909: aaaf;
890a: 999f;
890b: 999f;
890c: 999f;
890d: 9aaf;
890e: 9aaf;
890f: 9aaf;
8910: 9aaf;
8911: aaaf;
8912: abbf;
8913: abbf;
8914: bbbf;
8915: bccf;
8916: bccf;
8917: bccf;
8918: bbbf;
8919: abbf;
891a: abbf;
891b: abbf;
891c: bccf;
891d: bccf;
891e: cccf;
891f: bccf;
8920: cccf;
8921: cccf;
8922: cccf;
8923: cccf;
8924: cdcf;
8925: cdcf;
8926: bdcf;
8927: cddf;
8928: bccf;
8929: bccf;
892a: bccf;
892b: bccf;
892c: abbf;
892d: acbf;
892e: bccf;
892f: bccf;
8930: bccf;
8931: bccf;
8932: cddf;
8933: cddf;
8934: cddf;
8935: cddf;
8936: cddf;
8937: cddf;
8938: cddf;
8939: cddf;
893a: cddf;
893b: cddf;
893c: cddf;
893d: cddf;
893e: cddf;
893f: cddf;
8940: cddf;
8941: cddf;
8942: cddf;
8943: cddf;
8944: cddf;
8945: cddf;
8946: cddf;
8947: cddf;
8948: cddf;
8949: cddf;
894a: cddf;
894b: cddf;
894c: cddf;
894d: cddf;
894e: cddf;
894f: cddf;
8950: cddf;
8951: cddf;
8952: cddf;
8953: cddf;
8954: cddf;
8955: cddf;
8956: cddf;
8957: cddf;
8958: cddf;
8959: cddf;
895a: cddf;
895b: cddf;
895c: cddf;
895d: cddf;
895e: dddf;
895f: dedf;
8960: dddf;
8961: bbbf;
8962: 777f;
8963: 555f;
8964: 444f;
8965: 444f;
8966: 444f;
8967: 444f;
8968: 444f;
8969: 444f;
896a: 544f;
896b: 544f;
896c: 544f;
896d: 544f;
896e: 544f;
896f: 544f;
8970: 544f;
8971: 544f;
8972: 544f;
8973: 544f;
8974: 544f;
8975: 544f;
8976: 544f;
8977: 544f;
8978: 544f;
8979: 544f;
897a: 544f;
897b: 544f;
897c: 544f;
897d: 544f;
897e: 544f;
897f: 544f;
8980: 544f;
8981: 544f;
8982: 544f;
8983: 544f;
8984: 544f;
8985: 544f;
8986: 544f;
8987: 544f;
8988: 544f;
8989: 544f;
898a: 544f;
898b: 544f;
898c: 444f;
898d: 433f;
898e: 433f;
898f: 443f;
8990: 444f;
8991: 444f;
8992: 544f;
8993: 544f;
8994: 544f;
8995: 544f;
8996: 544f;
8997: 544f;
8998: 544f;
8999: 544f;
899a: 544f;
899b: 544f;
899c: 544f;
899d: 544f;
899e: 544f;
899f: 544f;
89a0: 544f;
89a1: 544f;
89a2: 544f;
89a3: 544f;
89a4: 544f;
89a5: 544f;
89a6: 544f;
89a7: 544f;
89a8: 544f;
89a9: 544f;
89aa: 544f;
89ab: 544f;
89ac: 444f;
89ad: 444f;
89ae: 444f;
89af: 433f;
89b0: 333f;
89b1: 333f;
89b2: 333f;
89b3: 333f;
89b4: 333f;
89b5: 333f;
89b6: 333f;
89b7: 333f;
89b8: 333f;
89b9: 333f;
89ba: 333f;
89bb: 333f;
89bc: 333f;
89bd: 333f;
89be: 444f;
89bf: 444f;
89c0: 544f;
89c1: 544f;
89c2: 544f;
89c3: 544f;
89c4: 544f;
89c5: 544f;
89c6: 544f;
89c7: 544f;
89c8: 544f;
89c9: 544f;
89ca: 544f;
89cb: 544f;
89cc: 544f;
89cd: 544f;
89ce: 544f;
89cf: 544f;
89d0: 544f;
89d1: 544f;
89d2: 544f;
89d3: 544f;
89d4: 444f;
89d5: 444f;
89d6: 443f;
89d7: 333f;
89d8: 433f;
89d9: 333f;
89da: 333f;
89db: 333f;
89dc: 333f;
89dd: 433f;
89de: 554f;
89df: 776f;
89e0: 988f;
89e1: a99f;
89e2: aa9f;
89e3: a99f;
89e4: a99f;
89e5: aa9f;
89e6: aa9f;
89e7: a99f;
89e8: 766f;
89e9: 544f;
89ea: 443f;
89eb: 544f;
89ec: 544f;
89ed: 544f;
89ee: 544f;
89ef: 544f;
89f0: 544f;
89f1: 544f;
89f2: 544f;
89f3: 544f;
89f4: 544f;
89f5: 544f;
89f6: 544f;
89f7: 544f;
89f8: 544f;
89f9: 544f;
89fa: 544f;
89fb: 544f;
89fc: 444f;
89fd: 544f;
89fe: 544f;
89ff: 554f;
8a00: cddf;
8a01: cddf;
8a02: cccf;
8a03: cccf;
8a04: bccf;
8a05: bccf;
8a06: bccf;
8a07: bbbf;
8a08: abbf;
8a09: aaaf;
8a0a: aaaf;
8a0b: 999f;
8a0c: 999f;
8a0d: 999f;
8a0e: 9a9f;
8a0f: 9aaf;
8a10: 9aaf;
8a11: 9aaf;
8a12: 9aaf;
8a13: aaaf;
8a14: abbf;
8a15: bcbf;
8a16: cccf;
8a17: bccf;
8a18: bbbf;
8a19: abbf;
8a1a: abbf;
8a1b: abbf;
8a1c: bccf;
8a1d: bccf;
8a1e: bccf;
8a1f: bccf;
8a20: cccf;
8a21: cccf;
8a22: cccf;
8a23: cccf;
8a24: cdcf;
8a25: cdcf;
8a26: bdcf;
8a27: cddf;
8a28: cdcf;
8a29: bdcf;
8a2a: bccf;
8a2b: bccf;
8a2c: bccf;
8a2d: bccf;
8a2e: bccf;
8a2f: acbf;
8a30: bccf;
8a31: bccf;
8a32: bccf;
8a33: cddf;
8a34: cddf;
8a35: cddf;
8a36: cddf;
8a37: cddf;
8a38: cddf;
8a39: cddf;
8a3a: cddf;
8a3b: cddf;
8a3c: cddf;
8a3d: cddf;
8a3e: cddf;
8a3f: cddf;
8a40: cddf;
8a41: cddf;
8a42: cddf;
8a43: cddf;
8a44: cddf;
8a45: cddf;
8a46: cddf;
8a47: cddf;
8a48: cddf;
8a49: cddf;
8a4a: cddf;
8a4b: cddf;
8a4c: cddf;
8a4d: cddf;
8a4e: cddf;
8a4f: cddf;
8a50: cddf;
8a51: cddf;
8a52: cddf;
8a53: cddf;
8a54: cddf;
8a55: cddf;
8a56: cddf;
8a57: cddf;
8a58: cddf;
8a59: cddf;
8a5a: cddf;
8a5b: cddf;
8a5c: cddf;
8a5d: cddf;
8a5e: dddf;
8a5f: deef;
8a60: cccf;
8a61: 9aaf;
8a62: 666f;
8a63: 455f;
8a64: 444f;
8a65: 444f;
8a66: 444f;
8a67: 545f;
8a68: 444f;
8a69: 444f;
8a6a: 544f;
8a6b: 544f;
8a6c: 544f;
8a6d: 544f;
8a6e: 544f;
8a6f: 544f;
8a70: 544f;
8a71: 544f;
8a72: 544f;
8a73: 544f;
8a74: 544f;
8a75: 544f;
8a76: 544f;
8a77: 544f;
8a78: 544f;
8a79: 544f;
8a7a: 544f;
8a7b: 544f;
8a7c: 544f;
8a7d: 544f;
8a7e: 544f;
8a7f: 544f;
8a80: 544f;
8a81: 544f;
8a82: 544f;
8a83: 544f;
8a84: 544f;
8a85: 544f;
8a86: 544f;
8a87: 544f;
8a88: 544f;
8a89: 544f;
8a8a: 544f;
8a8b: 444f;
8a8c: 444f;
8a8d: 433f;
8a8e: 433f;
8a8f: 444f;
8a90: 444f;
8a91: 444f;
8a92: 544f;
8a93: 544f;
8a94: 544f;
8a95: 544f;
8a96: 544f;
8a97: 544f;
8a98: 544f;
8a99: 544f;
8a9a: 544f;
8a9b: 544f;
8a9c: 544f;
8a9d: 544f;
8a9e: 544f;
8a9f: 544f;
8aa0: 544f;
8aa1: 544f;
8aa2: 544f;
8aa3: 544f;
8aa4: 544f;
8aa5: 544f;
8aa6: 544f;
8aa7: 544f;
8aa8: 544f;
8aa9: 544f;
8aaa: 544f;
8aab: 544f;
8aac: 444f;
8aad: 444f;
8aae: 444f;
8aaf: 433f;
8ab0: 333f;
8ab1: 333f;
8ab2: 333f;
8ab3: 333f;
8ab4: 333f;
8ab5: 333f;
8ab6: 333f;
8ab7: 333f;
8ab8: 333f;
8ab9: 333f;
8aba: 333f;
8abb: 333f;
8abc: 333f;
8abd: 333f;
8abe: 444f;
8abf: 444f;
8ac0: 544f;
8ac1: 544f;
8ac2: 544f;
8ac3: 544f;
8ac4: 544f;
8ac5: 544f;
8ac6: 544f;
8ac7: 544f;
8ac8: 544f;
8ac9: 544f;
8aca: 544f;
8acb: 544f;
8acc: 544f;
8acd: 544f;
8ace: 544f;
8acf: 544f;
8ad0: 544f;
8ad1: 544f;
8ad2: 444f;
8ad3: 444f;
8ad4: 444f;
8ad5: 443f;
8ad6: 433f;
8ad7: 333f;
8ad8: 333f;
8ad9: 333f;
8ada: 333f;
8adb: 333f;
8adc: 333f;
8add: 544f;
8ade: 665f;
8adf: 887f;
8ae0: 999f;
8ae1: aa9f;
8ae2: aa9f;
8ae3: a99f;
8ae4: a99f;
8ae5: aa9f;
8ae6: aa9f;
8ae7: 998f;
8ae8: 665f;
8ae9: 544f;
8aea: 443f;
8aeb: 544f;
8aec: 544f;
8aed: 544f;
8aee: 544f;
8aef: 544f;
8af0: 544f;
8af1: 544f;
8af2: 544f;
8af3: 544f;
8af4: 544f;
8af5: 544f;
8af6: 544f;
8af7: 544f;
8af8: 544f;
8af9: 544f;
8afa: 544f;
8afb: 544f;
8afc: 544f;
8afd: 544f;
8afe: 544f;
8aff: 544f;
8b00: cddf;
8b01: cddf;
8b02: cccf;
8b03: cccf;
8b04: cccf;
8b05: bccf;
8b06: bccf;
8b07: bccf;
8b08: bbbf;
8b09: bbbf;
8b0a: abbf;
8b0b: 9aaf;
8b0c: 899f;
8b0d: 899f;
8b0e: 999f;
8b0f: 999f;
8b10: 999f;
8b11: 999f;
8b12: 9a9f;
8b13: 9aaf;
8b14: aaaf;
8b15: abbf;
8b16: bccf;
8b17: bccf;
8b18: bbbf;
8b19: bbbf;
8b1a: bbbf;
8b1b: bbbf;
8b1c: bcbf;
8b1d: bccf;
8b1e: bccf;
8b1f: bccf;
8b20: bccf;
8b21: cccf;
8b22: bccf;
8b23: cccf;
8b24: bccf;
8b25: bccf;
8b26: bdcf;
8b27: bdcf;
8b28: cddf;
8b29: cddf;
8b2a: cddf;
8b2b: cdcf;
8b2c: bccf;
8b2d: bccf;
8b2e: bccf;
8b2f: acbf;
8b30: acbf;
8b31: bcbf;
8b32: bccf;
8b33: bccf;
8b34: cddf;
8b35: cddf;
8b36: cddf;
8b37: cddf;
8b38: cddf;
8b39: cddf;
8b3a: cddf;
8b3b: cddf;
8b3c: cddf;
8b3d: cddf;
8b3e: cddf;
8b3f: cddf;
8b40: cddf;
8b41: cddf;
8b42: cddf;
8b43: cddf;
8b44: cddf;
8b45: cddf;
8b46: cddf;
8b47: cddf;
8b48: cddf;
8b49: cddf;
8b4a: cddf;
8b4b: cddf;
8b4c: cddf;
8b4d: cddf;
8b4e: cddf;
8b4f: cddf;
8b50: cddf;
8b51: cddf;
8b52: cddf;
8b53: cddf;
8b54: cddf;
8b55: cddf;
8b56: cddf;
8b57: cddf;
8b58: cddf;
8b59: cddf;
8b5a: cddf;
8b5b: cddf;
8b5c: cddf;
8b5d: cddf;
8b5e: dddf;
8b5f: dedf;
8b60: bcbf;
8b61: 899f;
8b62: 555f;
8b63: 444f;
8b64: 444f;
8b65: 444f;
8b66: 444f;
8b67: 555f;
8b68: 444f;
8b69: 544f;
8b6a: 544f;
8b6b: 544f;
8b6c: 544f;
8b6d: 544f;
8b6e: 544f;
8b6f: 544f;
8b70: 544f;
8b71: 544f;
8b72: 544f;
8b73: 544f;
8b74: 544f;
8b75: 544f;
8b76: 544f;
8b77: 544f;
8b78: 544f;
8b79: 544f;
8b7a: 544f;
8b7b: 544f;
8b7c: 544f;
8b7d: 544f;
8b7e: 544f;
8b7f: 544f;
8b80: 544f;
8b81: 544f;
8b82: 544f;
8b83: 544f;
8b84: 544f;
8b85: 544f;
8b86: 544f;
8b87: 544f;
8b88: 544f;
8b89: 544f;
8b8a: 444f;
8b8b: 444f;
8b8c: 444f;
8b8d: 433f;
8b8e: 433f;
8b8f: 444f;
8b90: 444f;
8b91: 444f;
8b92: 544f;
8b93: 544f;
8b94: 544f;
8b95: 544f;
8b96: 544f;
8b97: 544f;
8b98: 544f;
8b99: 544f;
8b9a: 544f;
8b9b: 544f;
8b9c: 544f;
8b9d: 544f;
8b9e: 544f;
8b9f: 544f;
8ba0: 544f;
8ba1: 544f;
8ba2: 544f;
8ba3: 544f;
8ba4: 544f;
8ba5: 544f;
8ba6: 544f;
8ba7: 544f;
8ba8: 544f;
8ba9: 544f;
8baa: 544f;
8bab: 544f;
8bac: 444f;
8bad: 443f;
8bae: 443f;
8baf: 333f;
8bb0: 333f;
8bb1: 333f;
8bb2: 333f;
8bb3: 333f;
8bb4: 333f;
8bb5: 333f;
8bb6: 333f;
8bb7: 333f;
8bb8: 333f;
8bb9: 333f;
8bba: 333f;
8bbb: 333f;
8bbc: 333f;
8bbd: 333f;
8bbe: 444f;
8bbf: 444f;
8bc0: 544f;
8bc1: 544f;
8bc2: 544f;
8bc3: 544f;
8bc4: 544f;
8bc5: 544f;
8bc6: 544f;
8bc7: 544f;
8bc8: 544f;
8bc9: 544f;
8bca: 544f;
8bcb: 544f;
8bcc: 544f;
8bcd: 544f;
8bce: 544f;
8bcf: 544f;
8bd0: 544f;
8bd1: 544f;
8bd2: 444f;
8bd3: 444f;
8bd4: 443f;
8bd5: 433f;
8bd6: 333f;
8bd7: 333f;
8bd8: 333f;
8bd9: 333f;
8bda: 433f;
8bdb: 433f;
8bdc: 443f;
8bdd: 555f;
8bde: 776f;
8bdf: 998f;
8be0: a99f;
8be1: aa9f;
8be2: a99f;
8be3: a99f;
8be4: a99f;
8be5: aa9f;
8be6: aa9f;
8be7: 988f;
8be8: 655f;
8be9: 544f;
8bea: 443f;
8beb: 544f;
8bec: 544f;
8bed: 544f;
8bee: 544f;
8bef: 544f;
8bf0: 544f;
8bf1: 544f;
8bf2: 544f;
8bf3: 544f;
8bf4: 544f;
8bf5: 544f;
8bf6: 544f;
8bf7: 544f;
8bf8: 544f;
8bf9: 544f;
8bfa: 544f;
8bfb: 544f;
8bfc: 544f;
8bfd: 544f;
8bfe: 544f;
8bff: 444f;
8c00: dddf;
8c01: cddf;
8c02: cddf;
8c03: cddf;
8c04: cccf;
8c05: cccf;
8c06: cccf;
8c07: bccf;
8c08: bccf;
8c09: bbbf;
8c0a: abbf;
8c0b: 9aaf;
8c0c: 899f;
8c0d: 899f;
8c0e: 899f;
8c0f: 899f;
8c10: 899f;
8c11: 899f;
8c12: 899f;
8c13: 9aaf;
8c14: aaaf;
8c15: abbf;
8c16: bbbf;
8c17: bcbf;
8c18: bcbf;
8c19: bbbf;
8c1a: bbbf;
8c1b: bccf;
8c1c: bbbf;
8c1d: bccf;
8c1e: bccf;
8c1f: bccf;
8c20: bccf;
8c21: bccf;
8c22: bccf;
8c23: cccf;
8c24: cddf;
8c25: bccf;
8c26: bccf;
8c27: bdcf;
8c28: cddf;
8c29: cddf;
8c2a: cddf;
8c2b: cddf;
8c2c: cddf;
8c2d: bccf;
8c2e: bccf;
8c2f: acbf;
8c30: acbf;
8c31: acbf;
8c32: bcbf;
8c33: bccf;
8c34: bccf;
8c35: cddf;
8c36: cddf;
8c37: cddf;
8c38: cddf;
8c39: cddf;
8c3a: cddf;
8c3b: cddf;
8c3c: cddf;
8c3d: cddf;
8c3e: cddf;
8c3f: cddf;
8c40: cddf;
8c41: cddf;
8c42: cddf;
8c43: cddf;
8c44: cddf;
8c45: cddf;
8c46: cddf;
8c47: cddf;
8c48: cddf;
8c49: cddf;
8c4a: cddf;
8c4b: cddf;
8c4c: cddf;
8c4d: cddf;
8c4e: cddf;
8c4f: cddf;
8c50: cddf;
8c51: cddf;
8c52: cddf;
8c53: cddf;
8c54: cddf;
8c55: cddf;
8c56: cddf;
8c57: cddf;
8c58: cddf;
8c59: cddf;
8c5a: cddf;
8c5b: cddf;
8c5c: cddf;
8c5d: cddf;
8c5e: cddf;
8c5f: cddf;
8c60: aaaf;
8c61: 777f;
8c62: 444f;
8c63: 444f;
8c64: 444f;
8c65: 444f;
8c66: 444f;
8c67: 444f;
8c68: 544f;
8c69: 544f;
8c6a: 544f;
8c6b: 544f;
8c6c: 544f;
8c6d: 544f;
8c6e: 544f;
8c6f: 544f;
8c70: 544f;
8c71: 544f;
8c72: 544f;
8c73: 544f;
8c74: 544f;
8c75: 544f;
8c76: 544f;
8c77: 544f;
8c78: 544f;
8c79: 544f;
8c7a: 544f;
8c7b: 544f;
8c7c: 544f;
8c7d: 544f;
8c7e: 544f;
8c7f: 544f;
8c80: 544f;
8c81: 544f;
8c82: 544f;
8c83: 544f;
8c84: 544f;
8c85: 544f;
8c86: 544f;
8c87: 544f;
8c88: 544f;
8c89: 444f;
8c8a: 444f;
8c8b: 444f;
8c8c: 443f;
8c8d: 333f;
8c8e: 433f;
8c8f: 444f;
8c90: 444f;
8c91: 544f;
8c92: 544f;
8c93: 544f;
8c94: 544f;
8c95: 544f;
8c96: 544f;
8c97: 544f;
8c98: 544f;
8c99: 544f;
8c9a: 544f;
8c9b: 544f;
8c9c: 544f;
8c9d: 544f;
8c9e: 544f;
8c9f: 544f;
8ca0: 544f;
8ca1: 544f;
8ca2: 544f;
8ca3: 544f;
8ca4: 544f;
8ca5: 544f;
8ca6: 544f;
8ca7: 544f;
8ca8: 544f;
8ca9: 544f;
8caa: 544f;
8cab: 444f;
8cac: 443f;
8cad: 433f;
8cae: 433f;
8caf: 333f;
8cb0: 333f;
8cb1: 333f;
8cb2: 333f;
8cb3: 333f;
8cb4: 333f;
8cb5: 333f;
8cb6: 333f;
8cb7: 333f;
8cb8: 333f;
8cb9: 333f;
8cba: 333f;
8cbb: 333f;
8cbc: 333f;
8cbd: 333f;
8cbe: 444f;
8cbf: 444f;
8cc0: 544f;
8cc1: 544f;
8cc2: 544f;
8cc3: 544f;
8cc4: 544f;
8cc5: 544f;
8cc6: 544f;
8cc7: 544f;
8cc8: 544f;
8cc9: 544f;
8cca: 544f;
8ccb: 544f;
8ccc: 544f;
8ccd: 544f;
8cce: 544f;
8ccf: 544f;
8cd0: 544f;
8cd1: 544f;
8cd2: 444f;
8cd3: 444f;
8cd4: 443f;
8cd5: 333f;
8cd6: 333f;
8cd7: 333f;
8cd8: 333f;
8cd9: 333f;
8cda: 333f;
8cdb: 433f;
8cdc: 544f;
8cdd: 666f;
8cde: 887f;
8cdf: a99f;
8ce0: aa9f;
8ce1: aa9f;
8ce2: a99f;
8ce3: a99f;
8ce4: a99f;
8ce5: a99f;
8ce6: a99f;
8ce7: 988f;
8ce8: 555f;
8ce9: 544f;
8cea: 444f;
8ceb: 544f;
8cec: 544f;
8ced: 544f;
8cee: 544f;
8cef: 544f;
8cf0: 544f;
8cf1: 544f;
8cf2: 544f;
8cf3: 544f;
8cf4: 544f;
8cf5: 544f;
8cf6: 544f;
8cf7: 544f;
8cf8: 544f;
8cf9: 544f;
8cfa: 544f;
8cfb: 544f;
8cfc: 544f;
8cfd: 544f;
8cfe: 544f;
8cff: 444f;
8d00: dddf;
8d01: cddf;
8d02: cddf;
8d03: cddf;
8d04: cddf;
8d05: cddf;
8d06: cdcf;
8d07: cccf;
8d08: bccf;
8d09: bccf;
8d0a: bbbf;
8d0b: aaaf;
8d0c: 999f;
8d0d: 999f;
8d0e: 899f;
8d0f: 899f;
8d10: 899f;
8d11: 899f;
8d12: 899f;
8d13: 9aaf;
8d14: aaaf;
8d15: aaaf;
8d16: abaf;
8d17: abbf;
8d18: bccf;
8d19: bccf;
8d1a: bccf;
8d1b: bccf;
8d1c: bccf;
8d1d: bbbf;
8d1e: bcbf;
8d1f: bccf;
8d20: bccf;
8d21: bccf;
8d22: bccf;
8d23: cccf;
8d24: cdcf;
8d25: cdcf;
8d26: bdcf;
8d27: bdcf;
8d28: bdcf;
8d29: cddf;
8d2a: cddf;
8d2b: cdcf;
8d2c: cddf;
8d2d: cdcf;
8d2e: bccf;
8d2f: bccf;
8d30: bcbf;
8d31: acbf;
8d32: acbf;
8d33: bcbf;
8d34: bccf;
8d35: bccf;
8d36: cddf;
8d37: cddf;
8d38: cddf;
8d39: cddf;
8d3a: cddf;
8d3b: cddf;
8d3c: cddf;
8d3d: cddf;
8d3e: cddf;
8d3f: cddf;
8d40: cddf;
8d41: cddf;
8d42: cddf;
8d43: cddf;
8d44: cddf;
8d45: cddf;
8d46: cddf;
8d47: cddf;
8d48: cddf;
8d49: cddf;
8d4a: cddf;
8d4b: cddf;
8d4c: cddf;
8d4d: cddf;
8d4e: cddf;
8d4f: cddf;
8d50: cddf;
8d51: cddf;
8d52: cddf;
8d53: cddf;
8d54: cddf;
8d55: cddf;
8d56: cddf;
8d57: cddf;
8d58: cddf;
8d59: cddf;
8d5a: cddf;
8d5b: cddf;
8d5c: cddf;
8d5d: cddf;
8d5e: cddf;
8d5f: cddf;
8d60: aaaf;
8d61: 677f;
8d62: 333f;
8d63: 444f;
8d64: 444f;
8d65: 444f;
8d66: 444f;
8d67: 444f;
8d68: 544f;
8d69: 544f;
8d6a: 544f;
8d6b: 544f;
8d6c: 544f;
8d6d: 544f;
8d6e: 544f;
8d6f: 544f;
8d70: 544f;
8d71: 544f;
8d72: 544f;
8d73: 544f;
8d74: 544f;
8d75: 544f;
8d76: 544f;
8d77: 544f;
8d78: 544f;
8d79: 544f;
8d7a: 544f;
8d7b: 544f;
8d7c: 544f;
8d7d: 544f;
8d7e: 544f;
8d7f: 544f;
8d80: 544f;
8d81: 544f;
8d82: 544f;
8d83: 544f;
8d84: 544f;
8d85: 544f;
8d86: 544f;
8d87: 544f;
8d88: 544f;
8d89: 444f;
8d8a: 444f;
8d8b: 444f;
8d8c: 443f;
8d8d: 333f;
8d8e: 433f;
8d8f: 444f;
8d90: 544f;
8d91: 544f;
8d92: 544f;
8d93: 544f;
8d94: 544f;
8d95: 544f;
8d96: 544f;
8d97: 544f;
8d98: 544f;
8d99: 544f;
8d9a: 544f;
8d9b: 544f;
8d9c: 544f;
8d9d: 544f;
8d9e: 544f;
8d9f: 544f;
8da0: 544f;
8da1: 544f;
8da2: 544f;
8da3: 544f;
8da4: 544f;
8da5: 544f;
8da6: 544f;
8da7: 544f;
8da8: 544f;
8da9: 544f;
8daa: 544f;
8dab: 444f;
8dac: 443f;
8dad: 433f;
8dae: 333f;
8daf: 333f;
8db0: 333f;
8db1: 333f;
8db2: 333f;
8db3: 333f;
8db4: 333f;
8db5: 333f;
8db6: 333f;
8db7: 333f;
8db8: 333f;
8db9: 333f;
8dba: 333f;
8dbb: 333f;
8dbc: 333f;
8dbd: 333f;
8dbe: 444f;
8dbf: 444f;
8dc0: 544f;
8dc1: 544f;
8dc2: 544f;
8dc3: 544f;
8dc4: 544f;
8dc5: 544f;
8dc6: 544f;
8dc7: 544f;
8dc8: 544f;
8dc9: 544f;
8dca: 544f;
8dcb: 544f;
8dcc: 544f;
8dcd: 544f;
8dce: 544f;
8dcf: 544f;
8dd0: 544f;
8dd1: 444f;
8dd2: 444f;
8dd3: 444f;
8dd4: 443f;
8dd5: 333f;
8dd6: 333f;
8dd7: 333f;
8dd8: 333f;
8dd9: 333f;
8dda: 333f;
8ddb: 443f;
8ddc: 655f;
8ddd: 776f;
8dde: 988f;
8ddf: a99f;
8de0: a99f;
8de1: a99f;
8de2: a99f;
8de3: a99f;
8de4: a99f;
8de5: a99f;
8de6: a99f;
8de7: 988f;
8de8: 555f;
8de9: 544f;
8dea: 444f;
8deb: 544f;
8dec: 544f;
8ded: 544f;
8dee: 544f;
8def: 544f;
8df0: 544f;
8df1: 544f;
8df2: 544f;
8df3: 544f;
8df4: 544f;
8df5: 544f;
8df6: 544f;
8df7: 544f;
8df8: 544f;
8df9: 544f;
8dfa: 544f;
8dfb: 544f;
8dfc: 544f;
8dfd: 544f;
8dfe: 544f;
8dff: 443f;
8e00: dddf;
8e01: dddf;
8e02: dddf;
8e03: cddf;
8e04: cddf;
8e05: cddf;
8e06: cddf;
8e07: cdcf;
8e08: cccf;
8e09: cccf;
8e0a: bccf;
8e0b: abbf;
8e0c: aaaf;
8e0d: 9aaf;
8e0e: 999f;
8e0f: 899f;
8e10: 999f;
8e11: 899f;
8e12: 899f;
8e13: 9aaf;
8e14: aaaf;
8e15: aaaf;
8e16: aaaf;
8e17: aaaf;
8e18: abbf;
8e19: bccf;
8e1a: bccf;
8e1b: cccf;
8e1c: bccf;
8e1d: bccf;
8e1e: bbbf;
8e1f: bcbf;
8e20: bcbf;
8e21: bccf;
8e22: bccf;
8e23: bccf;
8e24: bccf;
8e25: cddf;
8e26: cddf;
8e27: bdcf;
8e28: bccf;
8e29: bdcf;
8e2a: cdcf;
8e2b: cdcf;
8e2c: cddf;
8e2d: cdcf;
8e2e: bdcf;
8e2f: bccf;
8e30: bccf;
8e31: bcbf;
8e32: acbf;
8e33: acbf;
8e34: bcbf;
8e35: bccf;
8e36: bccf;
8e37: cddf;
8e38: cddf;
8e39: cddf;
8e3a: cddf;
8e3b: cddf;
8e3c: cddf;
8e3d: cddf;
8e3e: cddf;
8e3f: cddf;
8e40: cddf;
8e41: cddf;
8e42: cddf;
8e43: cddf;
8e44: cddf;
8e45: cddf;
8e46: cddf;
8e47: cddf;
8e48: cddf;
8e49: cddf;
8e4a: cddf;
8e4b: cddf;
8e4c: cddf;
8e4d: cddf;
8e4e: cddf;
8e4f: cddf;
8e50: cddf;
8e51: cddf;
8e52: cddf;
8e53: cddf;
8e54: cddf;
8e55: cddf;
8e56: cddf;
8e57: cddf;
8e58: cddf;
8e59: cddf;
8e5a: cddf;
8e5b: cddf;
8e5c: cddf;
8e5d: dddf;
8e5e: cddf;
8e5f: cccf;
8e60: 999f;
8e61: 666f;
8e62: 333f;
8e63: 444f;
8e64: 444f;
8e65: 444f;
8e66: 444f;
8e67: 544f;
8e68: 544f;
8e69: 544f;
8e6a: 544f;
8e6b: 544f;
8e6c: 544f;
8e6d: 544f;
8e6e: 544f;
8e6f: 544f;
8e70: 544f;
8e71: 544f;
8e72: 544f;
8e73: 544f;
8e74: 544f;
8e75: 544f;
8e76: 544f;
8e77: 544f;
8e78: 544f;
8e79: 544f;
8e7a: 544f;
8e7b: 544f;
8e7c: 544f;
8e7d: 544f;
8e7e: 544f;
8e7f: 544f;
8e80: 544f;
8e81: 544f;
8e82: 544f;
8e83: 544f;
8e84: 544f;
8e85: 544f;
8e86: 544f;
8e87: 544f;
8e88: 544f;
8e89: 444f;
8e8a: 444f;
8e8b: 443f;
8e8c: 433f;
8e8d: 333f;
8e8e: 443f;
8e8f: 444f;
8e90: 544f;
8e91: 544f;
8e92: 544f;
8e93: 544f;
8e94: 544f;
8e95: 544f;
8e96: 544f;
8e97: 544f;
8e98: 544f;
8e99: 544f;
8e9a: 544f;
8e9b: 544f;
8e9c: 544f;
8e9d: 544f;
8e9e: 544f;
8e9f: 544f;
8ea0: 544f;
8ea1: 544f;
8ea2: 544f;
8ea3: 544f;
8ea4: 544f;
8ea5: 544f;
8ea6: 544f;
8ea7: 444f;
8ea8: 544f;
8ea9: 544f;
8eaa: 444f;
8eab: 443f;
8eac: 333f;
8ead: 333f;
8eae: 333f;
8eaf: 333f;
8eb0: 333f;
8eb1: 333f;
8eb2: 333f;
8eb3: 333f;
8eb4: 333f;
8eb5: 333f;
8eb6: 333f;
8eb7: 333f;
8eb8: 333f;
8eb9: 333f;
8eba: 333f;
8ebb: 333f;
8ebc: 333f;
8ebd: 333f;
8ebe: 444f;
8ebf: 444f;
8ec0: 544f;
8ec1: 544f;
8ec2: 544f;
8ec3: 544f;
8ec4: 544f;
8ec5: 544f;
8ec6: 544f;
8ec7: 544f;
8ec8: 544f;
8ec9: 544f;
8eca: 544f;
8ecb: 544f;
8ecc: 544f;
8ecd: 544f;
8ece: 544f;
8ecf: 544f;
8ed0: 444f;
8ed1: 444f;
8ed2: 444f;
8ed3: 443f;
8ed4: 443f;
8ed5: 333f;
8ed6: 333f;
8ed7: 333f;
8ed8: 333f;
8ed9: 333f;
8eda: 333f;
8edb: 544f;
8edc: 766f;
8edd: 887f;
8ede: 998f;
8edf: a99f;
8ee0: a99f;
8ee1: a99f;
8ee2: a99f;
8ee3: a99f;
8ee4: a99f;
8ee5: a99f;
8ee6: a99f;
8ee7: 987f;
8ee8: 555f;
8ee9: 544f;
8eea: 444f;
8eeb: 544f;
8eec: 544f;
8eed: 544f;
8eee: 544f;
8eef: 544f;
8ef0: 544f;
8ef1: 544f;
8ef2: 544f;
8ef3: 544f;
8ef4: 544f;
8ef5: 544f;
8ef6: 544f;
8ef7: 544f;
8ef8: 544f;
8ef9: 544f;
8efa: 544f;
8efb: 544f;
8efc: 544f;
8efd: 544f;
8efe: 544f;
8eff: 443f;
8f00: dddf;
8f01: dddf;
8f02: dddf;
8f03: dddf;
8f04: dddf;
8f05: dddf;
8f06: dddf;
8f07: cddf;
8f08: cddf;
8f09: cccf;
8f0a: cccf;
8f0b: bbbf;
8f0c: abbf;
8f0d: aaaf;
8f0e: 9aaf;
8f0f: 9aaf;
8f10: 999f;
8f11: 999f;
8f12: 899f;
8f13: 9aaf;
8f14: 9aaf;
8f15: abaf;
8f16: abaf;
8f17: aaaf;
8f18: aaaf;
8f19: abbf;
8f1a: bcbf;
8f1b: cccf;
8f1c: cccf;
8f1d: bccf;
8f1e: bccf;
8f1f: bbbf;
8f20: abbf;
8f21: bbbf;
8f22: bccf;
8f23: bccf;
8f24: bccf;
8f25: cdcf;
8f26: cddf;
8f27: bccf;
8f28: bccf;
8f29: bccf;
8f2a: cdcf;
8f2b: cdcf;
8f2c: cddf;
8f2d: bdcf;
8f2e: cdcf;
8f2f: cddf;
8f30: bccf;
8f31: bccf;
8f32: bcbf;
8f33: acbf;
8f34: abbf;
8f35: abbf;
8f36: bccf;
8f37: bccf;
8f38: cddf;
8f39: cddf;
8f3a: cddf;
8f3b: cddf;
8f3c: cddf;
8f3d: cddf;
8f3e: cddf;
8f3f: cddf;
8f40: cddf;
8f41: cddf;
8f42: cddf;
8f43: cddf;
8f44: cddf;
8f45: cddf;
8f46: cddf;
8f47: cddf;
8f48: cddf;
8f49: cddf;
8f4a: cddf;
8f4b: cddf;
8f4c: cddf;
8f4d: cddf;
8f4e: cddf;
8f4f: cddf;
8f50: cddf;
8f51: cddf;
8f52: cddf;
8f53: cddf;
8f54: cddf;
8f55: cddf;
8f56: cddf;
8f57: cddf;
8f58: cddf;
8f59: cddf;
8f5a: cddf;
8f5b: cddf;
8f5c: cddf;
8f5d: cddf;
8f5e: cdcf;
8f5f: bbbf;
8f60: 777f;
8f61: 555f;
8f62: 444f;
8f63: 444f;
8f64: 444f;
8f65: 444f;
8f66: 544f;
8f67: 544f;
8f68: 544f;
8f69: 544f;
8f6a: 544f;
8f6b: 544f;
8f6c: 544f;
8f6d: 544f;
8f6e: 544f;
8f6f: 544f;
8f70: 544f;
8f71: 544f;
8f72: 544f;
8f73: 544f;
8f74: 544f;
8f75: 544f;
8f76: 544f;
8f77: 544f;
8f78: 544f;
8f79: 544f;
8f7a: 544f;
8f7b: 544f;
8f7c: 544f;
8f7d: 544f;
8f7e: 544f;
8f7f: 544f;
8f80: 544f;
8f81: 544f;
8f82: 544f;
8f83: 544f;
8f84: 544f;
8f85: 544f;
8f86: 544f;
8f87: 544f;
8f88: 544f;
8f89: 444f;
8f8a: 444f;
8f8b: 443f;
8f8c: 433f;
8f8d: 333f;
8f8e: 443f;
8f8f: 444f;
8f90: 544f;
8f91: 544f;
8f92: 544f;
8f93: 544f;
8f94: 544f;
8f95: 544f;
8f96: 544f;
8f97: 544f;
8f98: 544f;
8f99: 544f;
8f9a: 544f;
8f9b: 544f;
8f9c: 544f;
8f9d: 544f;
8f9e: 544f;
8f9f: 544f;
8fa0: 544f;
8fa1: 444f;
8fa2: 444f;
8fa3: 444f;
8fa4: 444f;
8fa5: 444f;
8fa6: 444f;
8fa7: 444f;
8fa8: 444f;
8fa9: 444f;
8faa: 444f;
8fab: 433f;
8fac: 333f;
8fad: 333f;
8fae: 333f;
8faf: 333f;
8fb0: 333f;
8fb1: 333f;
8fb2: 333f;
8fb3: 333f;
8fb4: 333f;
8fb5: 333f;
8fb6: 333f;
8fb7: 333f;
8fb8: 333f;
8fb9: 333f;
8fba: 333f;
8fbb: 333f;
8fbc: 333f;
8fbd: 333f;
8fbe: 444f;
8fbf: 444f;
8fc0: 544f;
8fc1: 544f;
8fc2: 544f;
8fc3: 544f;
8fc4: 544f;
8fc5: 544f;
8fc6: 544f;
8fc7: 544f;
8fc8: 544f;
8fc9: 544f;
8fca: 544f;
8fcb: 544f;
8fcc: 544f;
8fcd: 544f;
8fce: 544f;
8fcf: 544f;
8fd0: 444f;
8fd1: 444f;
8fd2: 443f;
8fd3: 433f;
8fd4: 433f;
8fd5: 333f;
8fd6: 333f;
8fd7: 333f;
8fd8: 333f;
8fd9: 333f;
8fda: 333f;
8fdb: 655f;
8fdc: 988f;
8fdd: 998f;
8fde: 998f;
8fdf: 999f;
8fe0: a99f;
8fe1: a99f;
8fe2: a99f;
8fe3: a99f;
8fe4: a99f;
8fe5: a99f;
8fe6: 998f;
8fe7: 877f;
8fe8: 555f;
8fe9: 544f;
8fea: 444f;
8feb: 544f;
8fec: 544f;
8fed: 544f;
8fee: 544f;
8fef: 544f;
8ff0: 544f;
8ff1: 544f;
8ff2: 544f;
8ff3: 544f;
8ff4: 544f;
8ff5: 544f;
8ff6: 544f;
8ff7: 544f;
8ff8: 544f;
8ff9: 544f;
8ffa: 544f;
8ffb: 544f;
8ffc: 544f;
8ffd: 544f;
8ffe: 544f;
8fff: 433f;
9000: dddf;
9001: dddf;
9002: dddf;
9003: dddf;
9004: dddf;
9005: dddf;
9006: dddf;
9007: dddf;
9008: cddf;
9009: cddf;
900a: cddf;
900b: bccf;
900c: bbbf;
900d: bbbf;
900e: aaaf;
900f: 9aaf;
9010: 999f;
9011: 999f;
9012: 999f;
9013: 9aaf;
9014: aaaf;
9015: bbbf;
9016: abbf;
9017: aaaf;
9018: aaaf;
9019: aaaf;
901a: abbf;
901b: bbbf;
901c: bccf;
901d: bccf;
901e: bccf;
901f: bccf;
9020: bbbf;
9021: bbbf;
9022: bbbf;
9023: bccf;
9024: bccf;
9025: bccf;
9026: cddf;
9027: cddf;
9028: bccf;
9029: cccf;
902a: bccf;
902b: cccf;
902c: bccf;
902d: bccf;
902e: cccf;
902f: cddf;
9030: cdcf;
9031: bccf;
9032: bccf;
9033: bcbf;
9034: abbf;
9035: abbf;
9036: acbf;
9037: bccf;
9038: bccf;
9039: cddf;
903a: cddf;
903b: cddf;
903c: cddf;
903d: cddf;
903e: cddf;
903f: cddf;
9040: cddf;
9041: cddf;
9042: cddf;
9043: cddf;
9044: cddf;
9045: cddf;
9046: cddf;
9047: cddf;
9048: cddf;
9049: cddf;
904a: cddf;
904b: cddf;
904c: cddf;
904d: cddf;
904e: cddf;
904f: cddf;
9050: cddf;
9051: cddf;
9052: cddf;
9053: cddf;
9054: cddf;
9055: cddf;
9056: cddf;
9057: cddf;
9058: cddf;
9059: cddf;
905a: cddf;
905b: cddf;
905c: cddf;
905d: cddf;
905e: cccf;
905f: 9aaf;
9060: 666f;
9061: 444f;
9062: 444f;
9063: 444f;
9064: 444f;
9065: 544f;
9066: 544f;
9067: 544f;
9068: 544f;
9069: 544f;
906a: 544f;
906b: 544f;
906c: 544f;
906d: 544f;
906e: 544f;
906f: 544f;
9070: 544f;
9071: 544f;
9072: 544f;
9073: 544f;
9074: 544f;
9075: 544f;
9076: 544f;
9077: 544f;
9078: 544f;
9079: 544f;
907a: 544f;
907b: 544f;
907c: 544f;
907d: 544f;
907e: 544f;
907f: 544f;
9080: 544f;
9081: 544f;
9082: 544f;
9083: 544f;
9084: 544f;
9085: 544f;
9086: 544f;
9087: 544f;
9088: 544f;
9089: 444f;
908a: 444f;
908b: 433f;
908c: 333f;
908d: 433f;
908e: 444f;
908f: 444f;
9090: 544f;
9091: 544f;
9092: 544f;
9093: 544f;
9094: 544f;
9095: 544f;
9096: 544f;
9097: 544f;
9098: 544f;
9099: 544f;
909a: 544f;
909b: 544f;
909c: 544f;
909d: 544f;
909e: 544f;
909f: 544f;
90a0: 544f;
90a1: 544f;
90a2: 544f;
90a3: 544f;
90a4: 544f;
90a5: 544f;
90a6: 544f;
90a7: 444f;
90a8: 444f;
90a9: 444f;
90aa: 433f;
90ab: 333f;
90ac: 333f;
90ad: 333f;
90ae: 333f;
90af: 333f;
90b0: 333f;
90b1: 333f;
90b2: 333f;
90b3: 333f;
90b4: 333f;
90b5: 333f;
90b6: 333f;
90b7: 333f;
90b8: 333f;
90b9: 333f;
90ba: 333f;
90bb: 333f;
90bc: 333f;
90bd: 333f;
90be: 444f;
90bf: 444f;
90c0: 544f;
90c1: 544f;
90c2: 544f;
90c3: 544f;
90c4: 544f;
90c5: 544f;
90c6: 544f;
90c7: 544f;
90c8: 544f;
90c9: 544f;
90ca: 544f;
90cb: 544f;
90cc: 544f;
90cd: 544f;
90ce: 544f;
90cf: 444f;
90d0: 444f;
90d1: 444f;
90d2: 433f;
90d3: 333f;
90d4: 333f;
90d5: 333f;
90d6: 333f;
90d7: 333f;
90d8: 333f;
90d9: 333f;
90da: 443f;
90db: 766f;
90dc: 998f;
90dd: 999f;
90de: 999f;
90df: a99f;
90e0: a99f;
90e1: a99f;
90e2: a99f;
90e3: a99f;
90e4: a99f;
90e5: a99f;
90e6: 998f;
90e7: 877f;
90e8: 544f;
90e9: 544f;
90ea: 444f;
90eb: 544f;
90ec: 544f;
90ed: 544f;
90ee: 544f;
90ef: 544f;
90f0: 544f;
90f1: 544f;
90f2: 544f;
90f3: 544f;
90f4: 544f;
90f5: 544f;
90f6: 544f;
90f7: 544f;
90f8: 544f;
90f9: 544f;
90fa: 544f;
90fb: 544f;
90fc: 544f;
90fd: 544f;
90fe: 444f;
90ff: 433f;
9100: dddf;
9101: dddf;
9102: dddf;
9103: dddf;
9104: dddf;
9105: dddf;
9106: dddf;
9107: dddf;
9108: cddf;
9109: cddf;
910a: cddf;
910b: cccf;
910c: bccf;
910d: bccf;
910e: bbbf;
910f: aaaf;
9110: 9aaf;
9111: 999f;
9112: 999f;
9113: aaaf;
9114: abbf;
9115: bbbf;
9116: bbbf;
9117: abbf;
9118: aaaf;
9119: 9aaf;
911a: 9aaf;
911b: aabf;
911c: bbbf;
911d: bccf;
911e: bccf;
911f: bccf;
9120: bccf;
9121: bbbf;
9122: abbf;
9123: bbbf;
9124: bccf;
9125: bccf;
9126: bccf;
9127: cccf;
9128: cccf;
9129: cccf;
912a: cdcf;
912b: cdcf;
912c: bccf;
912d: bccf;
912e: bccf;
912f: cddf;
9130: cdcf;
9131: bccf;
9132: bccf;
9133: bccf;
9134: acbf;
9135: acbf;
9136: acbf;
9137: bcbf;
9138: bccf;
9139: bccf;
913a: cddf;
913b: cddf;
913c: cddf;
913d: cddf;
913e: cddf;
913f: cddf;
9140: cddf;
9141: cddf;
9142: cddf;
9143: cddf;
9144: cddf;
9145: cddf;
9146: cddf;
9147: cddf;
9148: cddf;
9149: cddf;
914a: cddf;
914b: cddf;
914c: cddf;
914d: cddf;
914e: cddf;
914f: cddf;
9150: cddf;
9151: cddf;
9152: cddf;
9153: cddf;
9154: cddf;
9155: cddf;
9156: cddf;
9157: cddf;
9158: cddf;
9159: cddf;
915a: cddf;
915b: cddf;
915c: cddf;
915d: cddf;
915e: bcbf;
915f: 899f;
9160: 566f;
9161: 444f;
9162: 444f;
9163: 444f;
9164: 444f;
9165: 544f;
9166: 544f;
9167: 544f;
9168: 544f;
9169: 544f;
916a: 544f;
916b: 544f;
916c: 544f;
916d: 544f;
916e: 544f;
916f: 544f;
9170: 544f;
9171: 544f;
9172: 544f;
9173: 544f;
9174: 544f;
9175: 544f;
9176: 544f;
9177: 544f;
9178: 544f;
9179: 544f;
917a: 544f;
917b: 544f;
917c: 544f;
917d: 544f;
917e: 544f;
917f: 544f;
9180: 544f;
9181: 544f;
9182: 544f;
9183: 544f;
9184: 544f;
9185: 544f;
9186: 544f;
9187: 544f;
9188: 544f;
9189: 444f;
918a: 443f;
918b: 433f;
918c: 333f;
918d: 433f;
918e: 444f;
918f: 444f;
9190: 544f;
9191: 544f;
9192: 544f;
9193: 544f;
9194: 544f;
9195: 544f;
9196: 544f;
9197: 544f;
9198: 544f;
9199: 544f;
919a: 544f;
919b: 544f;
919c: 544f;
919d: 544f;
919e: 544f;
919f: 544f;
91a0: 544f;
91a1: 544f;
91a2: 544f;
91a3: 544f;
91a4: 544f;
91a5: 544f;
91a6: 444f;
91a7: 444f;
91a8: 444f;
91a9: 443f;
91aa: 333f;
91ab: 333f;
91ac: 333f;
91ad: 333f;
91ae: 333f;
91af: 333f;
91b0: 333f;
91b1: 333f;
91b2: 333f;
91b3: 333f;
91b4: 333f;
91b5: 333f;
91b6: 333f;
91b7: 333f;
91b8: 333f;
91b9: 333f;
91ba: 333f;
91bb: 333f;
91bc: 333f;
91bd: 333f;
91be: 444f;
91bf: 444f;
91c0: 544f;
91c1: 544f;
91c2: 544f;
91c3: 544f;
91c4: 544f;
91c5: 544f;
91c6: 544f;
91c7: 544f;
91c8: 544f;
91c9: 544f;
91ca: 544f;
91cb: 544f;
91cc: 544f;
91cd: 544f;
91ce: 544f;
91cf: 544f;
91d0: 444f;
91d1: 444f;
91d2: 433f;
91d3: 333f;
91d4: 333f;
91d5: 333f;
91d6: 333f;
91d7: 333f;
91d8: 433f;
91d9: 443f;
91da: 555f;
91db: 776f;
91dc: 999f;
91dd: a99f;
91de: a99f;
91df: a99f;
91e0: a99f;
91e1: a99f;
91e2: a99f;
91e3: a99f;
91e4: a99f;
91e5: aa9f;
91e6: 998f;
91e7: 877f;
91e8: 554f;
91e9: 544f;
91ea: 444f;
91eb: 544f;
91ec: 544f;
91ed: 544f;
91ee: 544f;
91ef: 544f;
91f0: 544f;
91f1: 544f;
91f2: 544f;
91f3: 544f;
91f4: 544f;
91f5: 544f;
91f6: 544f;
91f7: 544f;
91f8: 544f;
91f9: 544f;
91fa: 544f;
91fb: 544f;
91fc: 444f;
91fd: 444f;
91fe: 444f;
91ff: 443f;
9200: dddf;
9201: dddf;
9202: dddf;
9203: dddf;
9204: dddf;
9205: dddf;
9206: dddf;
9207: dddf;
9208: dddf;
9209: cddf;
920a: dddf;
920b: cccf;
920c: cccf;
920d: cccf;
920e: bccf;
920f: abbf;
9210: aaaf;
9211: 9aaf;
9212: 9aaf;
9213: aaaf;
9214: bbbf;
9215: bccf;
9216: bccf;
9217: bbbf;
9218: aaaf;
9219: 9aaf;
921a: 9aaf;
921b: aaaf;
921c: abbf;
921d: bbbf;
921e: bccf;
921f: bccf;
9220: bccf;
9221: bccf;
9222: bbbf;
9223: bbbf;
9224: bccf;
9225: bccf;
9226: bccf;
9227: bccf;
9228: bccf;
9229: cccf;
922a: cddf;
922b: cddf;
922c: cddf;
922d: cccf;
922e: cccf;
922f: cddf;
9230: cddf;
9231: cdcf;
9232: bccf;
9233: bccf;
9234: bccf;
9235: bccf;
9236: acbf;
9237: acbf;
9238: bccf;
9239: bccf;
923a: cdcf;
923b: cddf;
923c: cddf;
923d: cddf;
923e: cddf;
923f: cddf;
9240: cddf;
9241: cddf;
9242: cddf;
9243: cddf;
9244: cddf;
9245: cddf;
9246: cddf;
9247: cddf;
9248: cddf;
9249: cddf;
924a: cddf;
924b: cddf;
924c: cddf;
924d: cddf;
924e: cddf;
924f: cddf;
9250: cddf;
9251: cddf;
9252: cddf;
9253: cddf;
9254: cddf;
9255: cddf;
9256: cddf;
9257: cddf;
9258: cddf;
9259: cddf;
925a: cddf;
925b: cddf;
925c: cddf;
925d: cdcf;
925e: abaf;
925f: 777f;
9260: 555f;
9261: 444f;
9262: 444f;
9263: 444f;
9264: 444f;
9265: 544f;
9266: 544f;
9267: 544f;
9268: 544f;
9269: 544f;
926a: 544f;
926b: 544f;
926c: 544f;
926d: 544f;
926e: 544f;
926f: 544f;
9270: 544f;
9271: 544f;
9272: 544f;
9273: 544f;
9274: 544f;
9275: 544f;
9276: 544f;
9277: 544f;
9278: 544f;
9279: 544f;
927a: 544f;
927b: 544f;
927c: 544f;
927d: 544f;
927e: 544f;
927f: 544f;
9280: 544f;
9281: 544f;
9282: 544f;
9283: 544f;
9284: 544f;
9285: 544f;
9286: 544f;
9287: 544f;
9288: 444f;
9289: 444f;
928a: 443f;
928b: 333f;
928c: 333f;
928d: 433f;
928e: 444f;
928f: 444f;
9290: 544f;
9291: 544f;
9292: 544f;
9293: 544f;
9294: 544f;
9295: 544f;
9296: 544f;
9297: 544f;
9298: 544f;
9299: 544f;
929a: 544f;
929b: 544f;
929c: 544f;
929d: 544f;
929e: 544f;
929f: 544f;
92a0: 544f;
92a1: 544f;
92a2: 544f;
92a3: 544f;
92a4: 544f;
92a5: 544f;
92a6: 444f;
92a7: 444f;
92a8: 444f;
92a9: 443f;
92aa: 333f;
92ab: 333f;
92ac: 333f;
92ad: 333f;
92ae: 333f;
92af: 333f;
92b0: 333f;
92b1: 333f;
92b2: 333f;
92b3: 333f;
92b4: 333f;
92b5: 333f;
92b6: 333f;
92b7: 333f;
92b8: 333f;
92b9: 333f;
92ba: 333f;
92bb: 333f;
92bc: 333f;
92bd: 333f;
92be: 444f;
92bf: 444f;
92c0: 544f;
92c1: 544f;
92c2: 544f;
92c3: 544f;
92c4: 544f;
92c5: 544f;
92c6: 544f;
92c7: 544f;
92c8: 544f;
92c9: 544f;
92ca: 544f;
92cb: 544f;
92cc: 544f;
92cd: 544f;
92ce: 544f;
92cf: 444f;
92d0: 444f;
92d1: 434f;
92d2: 433f;
92d3: 333f;
92d4: 333f;
92d5: 333f;
92d6: 332f;
92d7: 333f;
92d8: 433f;
92d9: 544f;
92da: 666f;
92db: 888f;
92dc: a99f;
92dd: a99f;
92de: a99f;
92df: a99f;
92e0: a99f;
92e1: a99f;
92e2: a99f;
92e3: a99f;
92e4: a99f;
92e5: aa9f;
92e6: 998f;
92e7: 776f;
92e8: 555f;
92e9: 544f;
92ea: 444f;
92eb: 544f;
92ec: 544f;
92ed: 544f;
92ee: 544f;
92ef: 544f;
92f0: 544f;
92f1: 544f;
92f2: 544f;
92f3: 544f;
92f4: 544f;
92f5: 544f;
92f6: 544f;
92f7: 544f;
92f8: 544f;
92f9: 544f;
92fa: 544f;
92fb: 544f;
92fc: 444f;
92fd: 443f;
92fe: 443f;
92ff: 544f;
9300: dddf;
9301: dddf;
9302: dddf;
9303: dddf;
9304: dddf;
9305: dddf;
9306: dddf;
9307: dddf;
9308: dddf;
9309: dddf;
930a: dddf;
930b: cddf;
930c: cccf;
930d: cddf;
930e: cccf;
930f: bbbf;
9310: abbf;
9311: aaaf;
9312: aaaf;
9313: abbf;
9314: bccf;
9315: cccf;
9316: cccf;
9317: bccf;
9318: bbbf;
9319: aaaf;
931a: aaaf;
931b: aaaf;
931c: aaaf;
931d: abbf;
931e: bbbf;
931f: bccf;
9320: bccf;
9321: bccf;
9322: bccf;
9323: bccf;
9324: bbbf;
9325: bccf;
9326: bccf;
9327: bccf;
9328: bccf;
9329: bccf;
932a: cccf;
932b: cddf;
932c: cddf;
932d: bccf;
932e: bccf;
932f: cddf;
9330: cddf;
9331: cdcf;
9332: bdcf;
9333: bccf;
9334: bccf;
9335: bccf;
9336: bccf;
9337: acbf;
9338: acbf;
9339: bccf;
933a: bccf;
933b: cddf;
933c: cddf;
933d: cddf;
933e: cddf;
933f: cddf;
9340: cddf;
9341: cddf;
9342: cddf;
9343: cddf;
9344: cddf;
9345: cddf;
9346: cddf;
9347: cddf;
9348: cddf;
9349: cddf;
934a: cddf;
934b: cddf;
934c: cddf;
934d: cddf;
934e: cddf;
934f: cddf;
9350: cddf;
9351: cddf;
9352: cddf;
9353: cddf;
9354: cddf;
9355: cddf;
9356: cddf;
9357: cddf;
9358: cddf;
9359: cddf;
935a: cddf;
935b: cddf;
935c: cddf;
935d: cccf;
935e: 9a9f;
935f: 566f;
9360: 444f;
9361: 444f;
9362: 444f;
9363: 444f;
9364: 444f;
9365: 544f;
9366: 544f;
9367: 544f;
9368: 544f;
9369: 544f;
936a: 544f;
936b: 544f;
936c: 544f;
936d: 544f;
936e: 544f;
936f: 544f;
9370: 544f;
9371: 544f;
9372: 544f;
9373: 544f;
9374: 544f;
9375: 544f;
9376: 544f;
9377: 544f;
9378: 544f;
9379: 544f;
937a: 544f;
937b: 544f;
937c: 544f;
937d: 544f;
937e: 544f;
937f: 544f;
9380: 544f;
9381: 544f;
9382: 544f;
9383: 544f;
9384: 544f;
9385: 544f;
9386: 544f;
9387: 544f;
9388: 444f;
9389: 444f;
938a: 443f;
938b: 333f;
938c: 333f;
938d: 433f;
938e: 444f;
938f: 444f;
9390: 544f;
9391: 544f;
9392: 544f;
9393: 544f;
9394: 544f;
9395: 544f;
9396: 544f;
9397: 544f;
9398: 544f;
9399: 544f;
939a: 544f;
939b: 544f;
939c: 544f;
939d: 544f;
939e: 544f;
939f: 544f;
93a0: 544f;
93a1: 544f;
93a2: 544f;
93a3: 544f;
93a4: 544f;
93a5: 444f;
93a6: 444f;
93a7: 443f;
93a8: 433f;
93a9: 433f;
93aa: 333f;
93ab: 333f;
93ac: 333f;
93ad: 333f;
93ae: 333f;
93af: 333f;
93b0: 333f;
93b1: 333f;
93b2: 333f;
93b3: 333f;
93b4: 333f;
93b5: 333f;
93b6: 333f;
93b7: 333f;
93b8: 333f;
93b9: 333f;
93ba: 333f;
93bb: 333f;
93bc: 333f;
93bd: 333f;
93be: 444f;
93bf: 444f;
93c0: 544f;
93c1: 544f;
93c2: 544f;
93c3: 544f;
93c4: 544f;
93c5: 544f;
93c6: 544f;
93c7: 544f;
93c8: 544f;
93c9: 544f;
93ca: 544f;
93cb: 544f;
93cc: 444f;
93cd: 444f;
93ce: 444f;
93cf: 444f;
93d0: 444f;
93d1: 433f;
93d2: 433f;
93d3: 333f;
93d4: 333f;
93d5: 333f;
93d6: 332f;
93d7: 333f;
93d8: 444f;
93d9: 655f;
93da: 776f;
93db: 988f;
93dc: aa9f;
93dd: aa9f;
93de: a99f;
93df: a99f;
93e0: a99f;
93e1: a99f;
93e2: a99f;
93e3: a99f;
93e4: a99f;
93e5: aa9f;
93e6: 988f;
93e7: 766f;
93e8: 555f;
93e9: 544f;
93ea: 444f;
93eb: 444f;
93ec: 544f;
93ed: 544f;
93ee: 544f;
93ef: 544f;
93f0: 544f;
93f1: 544f;
93f2: 544f;
93f3: 544f;
93f4: 544f;
93f5: 544f;
93f6: 544f;
93f7: 544f;
93f8: 544f;
93f9: 544f;
93fa: 544f;
93fb: 544f;
93fc: 444f;
93fd: 443f;
93fe: 443f;
93ff: 554f;
9400: dddf;
9401: dddf;
9402: dddf;
9403: dddf;
9404: dddf;
9405: dddf;
9406: dddf;
9407: dddf;
9408: dddf;
9409: dddf;
940a: dddf;
940b: cddf;
940c: cccf;
940d: cddf;
940e: cccf;
940f: bccf;
9410: bbbf;
9411: abbf;
9412: abbf;
9413: bbbf;
9414: bccf;
9415: cddf;
9416: cddf;
9417: cddf;
9418: cccf;
9419: bbbf;
941a: abbf;
941b: aaaf;
941c: aaaf;
941d: aaaf;
941e: abbf;
941f: bbbf;
9420: bccf;
9421: bccf;
9422: bccf;
9423: bccf;
9424: bccf;
9425: bccf;
9426: bccf;
9427: bccf;
9428: bccf;
9429: bccf;
942a: cccf;
942b: cddf;
942c: cccf;
942d: bccf;
942e: bccf;
942f: cccf;
9430: cdcf;
9431: cdcf;
9432: cdcf;
9433: cdcf;
9434: bccf;
9435: bccf;
9436: bccf;
9437: bccf;
9438: bccf;
9439: bccf;
943a: bccf;
943b: bccf;
943c: cddf;
943d: cddf;
943e: cddf;
943f: cddf;
9440: cddf;
9441: cddf;
9442: cddf;
9443: cddf;
9444: cddf;
9445: cddf;
9446: cddf;
9447: cddf;
9448: cddf;
9449: cddf;
944a: cddf;
944b: cddf;
944c: cddf;
944d: cddf;
944e: cddf;
944f: cddf;
9450: cddf;
9451: cddf;
9452: cddf;
9453: cddf;
9454: cddf;
9455: cddf;
9456: cddf;
9457: cddf;
9458: cddf;
9459: cddf;
945a: cddf;
945b: cddf;
945c: dddf;
945d: bbbf;
945e: 888f;
945f: 455f;
9460: 444f;
9461: 444f;
9462: 444f;
9463: 444f;
9464: 444f;
9465: 444f;
9466: 544f;
9467: 544f;
9468: 544f;
9469: 544f;
946a: 544f;
946b: 544f;
946c: 544f;
946d: 544f;
946e: 544f;
946f: 544f;
9470: 544f;
9471: 544f;
9472: 544f;
9473: 544f;
9474: 544f;
9475: 544f;
9476: 544f;
9477: 544f;
9478: 544f;
9479: 544f;
947a: 544f;
947b: 544f;
947c: 544f;
947d: 544f;
947e: 544f;
947f: 544f;
9480: 544f;
9481: 544f;
9482: 544f;
9483: 544f;
9484: 544f;
9485: 544f;
9486: 544f;
9487: 444f;
9488: 444f;
9489: 443f;
948a: 333f;
948b: 333f;
948c: 333f;
948d: 433f;
948e: 444f;
948f: 444f;
9490: 544f;
9491: 444f;
9492: 444f;
9493: 544f;
9494: 544f;
9495: 544f;
9496: 544f;
9497: 544f;
9498: 544f;
9499: 544f;
949a: 544f;
949b: 544f;
949c: 544f;
949d: 544f;
949e: 544f;
949f: 544f;
94a0: 444f;
94a1: 444f;
94a2: 444f;
94a3: 444f;
94a4: 544f;
94a5: 444f;
94a6: 444f;
94a7: 443f;
94a8: 433f;
94a9: 333f;
94aa: 333f;
94ab: 333f;
94ac: 333f;
94ad: 333f;
94ae: 333f;
94af: 333f;
94b0: 333f;
94b1: 333f;
94b2: 333f;
94b3: 333f;
94b4: 333f;
94b5: 333f;
94b6: 333f;
94b7: 333f;
94b8: 333f;
94b9: 333f;
94ba: 333f;
94bb: 333f;
94bc: 333f;
94bd: 444f;
94be: 444f;
94bf: 444f;
94c0: 544f;
94c1: 544f;
94c2: 544f;
94c3: 544f;
94c4: 544f;
94c5: 544f;
94c6: 544f;
94c7: 544f;
94c8: 544f;
94c9: 544f;
94ca: 544f;
94cb: 444f;
94cc: 444f;
94cd: 444f;
94ce: 444f;
94cf: 444f;
94d0: 444f;
94d1: 333f;
94d2: 333f;
94d3: 333f;
94d4: 333f;
94d5: 333f;
94d6: 332f;
94d7: 333f;
94d8: 544f;
94d9: 766f;
94da: 888f;
94db: 999f;
94dc: aa9f;
94dd: aa9f;
94de: a99f;
94df: a99f;
94e0: a99f;
94e1: a99f;
94e2: a99f;
94e3: a99f;
94e4: aa9f;
94e5: aaaf;
94e6: 988f;
94e7: 766f;
94e8: 544f;
94e9: 544f;
94ea: 444f;
94eb: 444f;
94ec: 544f;
94ed: 544f;
94ee: 544f;
94ef: 544f;
94f0: 544f;
94f1: 544f;
94f2: 544f;
94f3: 544f;
94f4: 544f;
94f5: 544f;
94f6: 544f;
94f7: 544f;
94f8: 544f;
94f9: 544f;
94fa: 544f;
94fb: 544f;
94fc: 444f;
94fd: 443f;
94fe: 444f;
94ff: 655f;
9500: dddf;
9501: dddf;
9502: dddf;
9503: dddf;
9504: dddf;
9505: dddf;
9506: dddf;
9507: dddf;
9508: dddf;
9509: dddf;
950a: dddf;
950b: cddf;
950c: cddf;
950d: cddf;
950e: cccf;
950f: bccf;
9510: bbbf;
9511: abbf;
9512: abbf;
9513: bbbf;
9514: bccf;
9515: cddf;
9516: dddf;
9517: cddf;
9518: cccf;
9519: bccf;
951a: bbbf;
951b: abbf;
951c: aaaf;
951d: aaaf;
951e: abaf;
951f: abbf;
9520: bbbf;
9521: bccf;
9522: bccf;
9523: bccf;
9524: bccf;
9525: bccf;
9526: bcbf;
9527: bbbf;
9528: bccf;
9529: cccf;
952a: cccf;
952b: cddf;
952c: cdcf;
952d: bccf;
952e: bccf;
952f: cddf;
9530: cdcf;
9531: cdcf;
9532: cdcf;
9533: bdcf;
9534: bdcf;
9535: bccf;
9536: bccf;
9537: bccf;
9538: bccf;
9539: bccf;
953a: bccf;
953b: bccf;
953c: bccf;
953d: cddf;
953e: cddf;
953f: cddf;
9540: cddf;
9541: cddf;
9542: cddf;
9543: cddf;
9544: cddf;
9545: cddf;
9546: cddf;
9547: cddf;
9548: cddf;
9549: cddf;
954a: cddf;
954b: cddf;
954c: cddf;
954d: cddf;
954e: cddf;
954f: cddf;
9550: cddf;
9551: cddf;
9552: cddf;
9553: cddf;
9554: cddf;
9555: cddf;
9556: cddf;
9557: cddf;
9558: cddf;
9559: cddf;
955a: cddf;
955b: cddf;
955c: dddf;
955d: aaaf;
955e: 777f;
955f: 444f;
9560: 444f;
9561: 444f;
9562: 444f;
9563: 444f;
9564: 444f;
9565: 444f;
9566: 544f;
9567: 544f;
9568: 544f;
9569: 544f;
956a: 544f;
956b: 544f;
956c: 544f;
956d: 544f;
956e: 544f;
956f: 544f;
9570: 544f;
9571: 544f;
9572: 544f;
9573: 544f;
9574: 544f;
9575: 544f;
9576: 544f;
9577: 544f;
9578: 544f;
9579: 544f;
957a: 544f;
957b: 544f;
957c: 544f;
957d: 544f;
957e: 544f;
957f: 544f;
9580: 544f;
9581: 544f;
9582: 544f;
9583: 544f;
9584: 544f;
9585: 544f;
9586: 544f;
9587: 444f;
9588: 444f;
9589: 443f;
958a: 333f;
958b: 333f;
958c: 333f;
958d: 443f;
958e: 444f;
958f: 444f;
9590: 544f;
9591: 444f;
9592: 444f;
9593: 544f;
9594: 544f;
9595: 544f;
9596: 544f;
9597: 544f;
9598: 544f;
9599: 544f;
959a: 544f;
959b: 544f;
959c: 544f;
959d: 544f;
959e: 544f;
959f: 544f;
95a0: 444f;
95a1: 444f;
95a2: 444f;
95a3: 444f;
95a4: 544f;
95a5: 444f;
95a6: 444f;
95a7: 443f;
95a8: 333f;
95a9: 333f;
95aa: 333f;
95ab: 333f;
95ac: 333f;
95ad: 333f;
95ae: 333f;
95af: 333f;
95b0: 333f;
95b1: 333f;
95b2: 333f;
95b3: 333f;
95b4: 333f;
95b5: 333f;
95b6: 333f;
95b7: 333f;
95b8: 333f;
95b9: 333f;
95ba: 333f;
95bb: 333f;
95bc: 333f;
95bd: 444f;
95be: 444f;
95bf: 444f;
95c0: 544f;
95c1: 544f;
95c2: 544f;
95c3: 544f;
95c4: 544f;
95c5: 544f;
95c6: 544f;
95c7: 544f;
95c8: 544f;
95c9: 544f;
95ca: 544f;
95cb: 444f;
95cc: 444f;
95cd: 444f;
95ce: 444f;
95cf: 444f;
95d0: 434f;
95d1: 333f;
95d2: 333f;
95d3: 333f;
95d4: 333f;
95d5: 333f;
95d6: 333f;
95d7: 433f;
95d8: 555f;
95d9: 777f;
95da: 998f;
95db: a99f;
95dc: aa9f;
95dd: a99f;
95de: a99f;
95df: a99f;
95e0: a99f;
95e1: a99f;
95e2: a99f;
95e3: a99f;
95e4: aa9f;
95e5: aaaf;
95e6: 888f;
95e7: 665f;
95e8: 544f;
95e9: 544f;
95ea: 544f;
95eb: 544f;
95ec: 444f;
95ed: 544f;
95ee: 544f;
95ef: 544f;
95f0: 544f;
95f1: 544f;
95f2: 544f;
95f3: 544f;
95f4: 544f;
95f5: 544f;
95f6: 544f;
95f7: 544f;
95f8: 544f;
95f9: 544f;
95fa: 544f;
95fb: 444f;
95fc: 443f;
95fd: 444f;
95fe: 544f;
95ff: 666f;
9600: cddf;
9601: cddf;
9602: cddf;
9603: cddf;
9604: cddf;
9605: cddf;
9606: cddf;
9607: cddf;
9608: dddf;
9609: dddf;
960a: dddf;
960b: cddf;
960c: cddf;
960d: cddf;
960e: cccf;
960f: cccf;
9610: bbbf;
9611: abbf;
9612: abbf;
9613: bbbf;
9614: cccf;
9615: dddf;
9616: dddf;
9617: dddf;
9618: cccf;
9619: cccf;
961a: bccf;
961b: bbbf;
961c: abaf;
961d: abaf;
961e: abaf;
961f: abbf;
9620: abbf;
9621: bccf;
9622: bccf;
9623: bccf;
9624: bccf;
9625: bccf;
9626: bccf;
9627: bcbf;
9628: bccf;
9629: bccf;
962a: cccf;
962b: cddf;
962c: cddf;
962d: cccf;
962e: bccf;
962f: cdcf;
9630: cdcf;
9631: cdcf;
9632: bdcf;
9633: bdcf;
9634: bdcf;
9635: bdcf;
9636: bdcf;
9637: bccf;
9638: bccf;
9639: bccf;
963a: bccf;
963b: bccf;
963c: bccf;
963d: bccf;
963e: cddf;
963f: cddf;
9640: cddf;
9641: cddf;
9642: cddf;
9643: cddf;
9644: cddf;
9645: cddf;
9646: cddf;
9647: cddf;
9648: cddf;
9649: cddf;
964a: cddf;
964b: cddf;
964c: cddf;
964d: cddf;
964e: cddf;
964f: cddf;
9650: cddf;
9651: cddf;
9652: cddf;
9653: cddf;
9654: cddf;
9655: cddf;
9656: cddf;
9657: cddf;
9658: cddf;
9659: cddf;
965a: cddf;
965b: cddf;
965c: cdcf;
965d: 999f;
965e: 676f;
965f: 344f;
9660: 444f;
9661: 444f;
9662: 444f;
9663: 544f;
9664: 444f;
9665: 444f;
9666: 544f;
9667: 544f;
9668: 544f;
9669: 544f;
966a: 544f;
966b: 544f;
966c: 544f;
966d: 544f;
966e: 544f;
966f: 544f;
9670: 544f;
9671: 544f;
9672: 544f;
9673: 544f;
9674: 544f;
9675: 544f;
9676: 544f;
9677: 544f;
9678: 544f;
9679: 544f;
967a: 544f;
967b: 544f;
967c: 544f;
967d: 544f;
967e: 544f;
967f: 544f;
9680: 544f;
9681: 544f;
9682: 544f;
9683: 544f;
9684: 544f;
9685: 544f;
9686: 544f;
9687: 444f;
9688: 444f;
9689: 433f;
968a: 333f;
968b: 333f;
968c: 333f;
968d: 443f;
968e: 444f;
968f: 544f;
9690: 544f;
9691: 444f;
9692: 444f;
9693: 544f;
9694: 544f;
9695: 544f;
9696: 544f;
9697: 544f;
9698: 544f;
9699: 544f;
969a: 544f;
969b: 544f;
969c: 544f;
969d: 544f;
969e: 544f;
969f: 544f;
96a0: 544f;
96a1: 444f;
96a2: 444f;
96a3: 444f;
96a4: 444f;
96a5: 444f;
96a6: 443f;
96a7: 433f;
96a8: 333f;
96a9: 333f;
96aa: 333f;
96ab: 333f;
96ac: 333f;
96ad: 333f;
96ae: 333f;
96af: 333f;
96b0: 333f;
96b1: 333f;
96b2: 333f;
96b3: 333f;
96b4: 333f;
96b5: 333f;
96b6: 333f;
96b7: 333f;
96b8: 333f;
96b9: 333f;
96ba: 333f;
96bb: 333f;
96bc: 333f;
96bd: 444f;
96be: 444f;
96bf: 444f;
96c0: 544f;
96c1: 544f;
96c2: 544f;
96c3: 544f;
96c4: 544f;
96c5: 544f;
96c6: 544f;
96c7: 544f;
96c8: 544f;
96c9: 544f;
96ca: 544f;
96cb: 444f;
96cc: 444f;
96cd: 444f;
96ce: 444f;
96cf: 444f;
96d0: 433f;
96d1: 333f;
96d2: 333f;
96d3: 333f;
96d4: 333f;
96d5: 333f;
96d6: 333f;
96d7: 444f;
96d8: 665f;
96d9: 887f;
96da: a99f;
96db: aa9f;
96dc: aa9f;
96dd: a99f;
96de: a99f;
96df: a99f;
96e0: a99f;
96e1: a99f;
96e2: a99f;
96e3: a99f;
96e4: aa9f;
96e5: aa9f;
96e6: 887f;
96e7: 655f;
96e8: 544f;
96e9: 544f;
96ea: 544f;
96eb: 544f;
96ec: 444f;
96ed: 444f;
96ee: 544f;
96ef: 544f;
96f0: 544f;
96f1: 544f;
96f2: 544f;
96f3: 544f;
96f4: 544f;
96f5: 544f;
96f6: 544f;
96f7: 544f;
96f8: 544f;
96f9: 544f;
96fa: 444f;
96fb: 444f;
96fc: 443f;
96fd: 444f;
96fe: 555f;
96ff: 777f;
9700: cddf;
9701: cddf;
9702: cddf;
9703: cddf;
9704: cddf;
9705: cddf;
9706: cddf;
9707: dddf;
9708: dddf;
9709: dddf;
970a: dddf;
970b: cddf;
970c: cddf;
970d: cddf;
970e: cccf;
970f: cccf;
9710: bbbf;
9711: abbf;
9712: abbf;
9713: bbbf;
9714: cccf;
9715: dddf;
9716: dddf;
9717: dddf;
9718: dddf;
9719: cdcf;
971a: cccf;
971b: bbbf;
971c: abbf;
971d: abaf;
971e: abbf;
971f: abbf;
9720: abbf;
9721: bbcf;
9722: bccf;
9723: bccf;
9724: bccf;
9725: bccf;
9726: bccf;
9727: bccf;
9728: bbbf;
9729: bbbf;
972a: bccf;
972b: cccf;
972c: cccf;
972d: cccf;
972e: cccf;
972f: cccf;
9730: cdcf;
9731: cdcf;
9732: cdcf;
9733: bdcf;
9734: bdcf;
9735: bdcf;
9736: bdcf;
9737: bdcf;
9738: bccf;
9739: bccf;
973a: bccf;
973b: bccf;
973c: bccf;
973d: bccf;
973e: bccf;
973f: cddf;
9740: cddf;
9741: cddf;
9742: cddf;
9743: cddf;
9744: cddf;
9745: cddf;
9746: cddf;
9747: cddf;
9748: cddf;
9749: cddf;
974a: cddf;
974b: cddf;
974c: cddf;
974d: cddf;
974e: cddf;
974f: cddf;
9750: cddf;
9751: cddf;
9752: cddf;
9753: cddf;
9754: cddf;
9755: cddf;
9756: cddf;
9757: cddf;
9758: cddf;
9759: cddf;
975a: cddf;
975b: cddf;
975c: cccf;
975d: 888f;
975e: 555f;
975f: 333f;
9760: 444f;
9761: 444f;
9762: 444f;
9763: 544f;
9764: 444f;
9765: 444f;
9766: 544f;
9767: 544f;
9768: 544f;
9769: 544f;
976a: 544f;
976b: 544f;
976c: 544f;
976d: 544f;
976e: 544f;
976f: 544f;
9770: 544f;
9771: 544f;
9772: 544f;
9773: 544f;
9774: 544f;
9775: 544f;
9776: 544f;
9777: 544f;
9778: 544f;
9779: 544f;
977a: 544f;
977b: 544f;
977c: 544f;
977d: 544f;
977e: 544f;
977f: 544f;
9780: 544f;
9781: 544f;
9782: 544f;
9783: 544f;
9784: 544f;
9785: 544f;
9786: 544f;
9787: 444f;
9788: 444f;
9789: 433f;
978a: 333f;
978b: 333f;
978c: 333f;
978d: 443f;
978e: 444f;
978f: 444f;
9790: 544f;
9791: 444f;
9792: 444f;
9793: 544f;
9794: 544f;
9795: 544f;
9796: 544f;
9797: 544f;
9798: 544f;
9799: 544f;
979a: 544f;
979b: 544f;
979c: 544f;
979d: 544f;
979e: 544f;
979f: 544f;
97a0: 544f;
97a1: 444f;
97a2: 444f;
97a3: 444f;
97a4: 444f;
97a5: 444f;
97a6: 443f;
97a7: 333f;
97a8: 333f;
97a9: 333f;
97aa: 333f;
97ab: 333f;
97ac: 333f;
97ad: 333f;
97ae: 333f;
97af: 333f;
97b0: 333f;
97b1: 333f;
97b2: 333f;
97b3: 333f;
97b4: 333f;
97b5: 333f;
97b6: 333f;
97b7: 333f;
97b8: 333f;
97b9: 333f;
97ba: 333f;
97bb: 333f;
97bc: 333f;
97bd: 444f;
97be: 444f;
97bf: 544f;
97c0: 544f;
97c1: 544f;
97c2: 544f;
97c3: 544f;
97c4: 544f;
97c5: 544f;
97c6: 544f;
97c7: 544f;
97c8: 544f;
97c9: 544f;
97ca: 544f;
97cb: 444f;
97cc: 444f;
97cd: 444f;
97ce: 443f;
97cf: 433f;
97d0: 333f;
97d1: 333f;
97d2: 333f;
97d3: 333f;
97d4: 332f;
97d5: 333f;
97d6: 433f;
97d7: 555f;
97d8: 776f;
97d9: 988f;
97da: aa9f;
97db: aa9f;
97dc: aa9f;
97dd: aa9f;
97de: a99f;
97df: a99f;
97e0: a99f;
97e1: a99f;
97e2: a99f;
97e3: aa9f;
97e4: aa9f;
97e5: aa9f;
97e6: 887f;
97e7: 665f;
97e8: 444f;
97e9: 544f;
97ea: 544f;
97eb: 544f;
97ec: 444f;
97ed: 444f;
97ee: 444f;
97ef: 544f;
97f0: 544f;
97f1: 544f;
97f2: 544f;
97f3: 544f;
97f4: 544f;
97f5: 544f;
97f6: 544f;
97f7: 544f;
97f8: 544f;
97f9: 544f;
97fa: 444f;
97fb: 443f;
97fc: 433f;
97fd: 444f;
97fe: 655f;
97ff: 877f;
9800: dddf;
9801: dddf;
9802: dddf;
9803: dddf;
9804: dddf;
9805: dddf;
9806: dddf;
9807: dddf;
9808: dddf;
9809: dddf;
980a: dddf;
980b: dddf;
980c: dddf;
980d: dddf;
980e: cddf;
980f: cccf;
9810: bbbf;
9811: abbf;
9812: abaf;
9813: bbbf;
9814: cccf;
9815: dddf;
9816: dddf;
9817: dddf;
9818: dddf;
9819: cdcf;
981a: cccf;
981b: bbbf;
981c: bbbf;
981d: abbf;
981e: abbf;
981f: abaf;
9820: aabf;
9821: abbf;
9822: bbbf;
9823: bccf;
9824: bccf;
9825: bccf;
9826: bccf;
9827: bccf;
9828: bccf;
9829: bccf;
982a: bccf;
982b: bccf;
982c: bccf;
982d: bccf;
982e: bccf;
982f: cddf;
9830: cddf;
9831: cdcf;
9832: cdcf;
9833: cdcf;
9834: cdcf;
9835: cdcf;
9836: bdcf;
9837: bdcf;
9838: bccf;
9839: bccf;
983a: bccf;
983b: bccf;
983c: bccf;
983d: bccf;
983e: bccf;
983f: bccf;
9840: cddf;
9841: cddf;
9842: cddf;
9843: cddf;
9844: cddf;
9845: cddf;
9846: cddf;
9847: cddf;
9848: cddf;
9849: cddf;
984a: cddf;
984b: cddf;
984c: cddf;
984d: cddf;
984e: cddf;
984f: cddf;
9850: cddf;
9851: cddf;
9852: cddf;
9853: cddf;
9854: cddf;
9855: cddf;
9856: cddf;
9857: cddf;
9858: cddf;
9859: cddf;
985a: dddf;
985b: cccf;
985c: bbbf;
985d: 777f;
985e: 555f;
985f: 333f;
9860: 444f;
9861: 444f;
9862: 444f;
9863: 444f;
9864: 544f;
9865: 544f;
9866: 544f;
9867: 544f;
9868: 544f;
9869: 544f;
986a: 544f;
986b: 544f;
986c: 544f;
986d: 544f;
986e: 544f;
986f: 544f;
9870: 544f;
9871: 544f;
9872: 544f;
9873: 544f;
9874: 544f;
9875: 544f;
9876: 544f;
9877: 544f;
9878: 544f;
9879: 544f;
987a: 544f;
987b: 544f;
987c: 544f;
987d: 544f;
987e: 544f;
987f: 544f;
9880: 544f;
9881: 544f;
9882: 544f;
9883: 544f;
9884: 544f;
9885: 544f;
9886: 544f;
9887: 444f;
9888: 444f;
9889: 433f;
988a: 333f;
988b: 333f;
988c: 333f;
988d: 443f;
988e: 444f;
988f: 544f;
9890: 544f;
9891: 544f;
9892: 544f;
9893: 544f;
9894: 544f;
9895: 544f;
9896: 544f;
9897: 544f;
9898: 544f;
9899: 544f;
989a: 544f;
989b: 544f;
989c: 544f;
989d: 544f;
989e: 544f;
989f: 544f;
98a0: 544f;
98a1: 544f;
98a2: 544f;
98a3: 544f;
98a4: 444f;
98a5: 444f;
98a6: 433f;
98a7: 333f;
98a8: 333f;
98a9: 333f;
98aa: 333f;
98ab: 333f;
98ac: 333f;
98ad: 333f;
98ae: 333f;
98af: 333f;
98b0: 333f;
98b1: 333f;
98b2: 333f;
98b3: 333f;
98b4: 333f;
98b5: 333f;
98b6: 333f;
98b7: 333f;
98b8: 333f;
98b9: 333f;
98ba: 333f;
98bb: 333f;
98bc: 333f;
98bd: 444f;
98be: 444f;
98bf: 544f;
98c0: 544f;
98c1: 544f;
98c2: 544f;
98c3: 544f;
98c4: 544f;
98c5: 544f;
98c6: 544f;
98c7: 544f;
98c8: 544f;
98c9: 544f;
98ca: 544f;
98cb: 444f;
98cc: 444f;
98cd: 444f;
98ce: 443f;
98cf: 433f;
98d0: 333f;
98d1: 333f;
98d2: 333f;
98d3: 333f;
98d4: 333f;
98d5: 333f;
98d6: 544f;
98d7: 666f;
98d8: 877f;
98d9: 999f;
98da: a99f;
98db: a99f;
98dc: a99f;
98dd: a99f;
98de: a99f;
98df: 999f;
98e0: 998f;
98e1: 998f;
98e2: a99f;
98e3: a99f;
98e4: a99f;
98e5: a99f;
98e6: 877f;
98e7: 655f;
98e8: 444f;
98e9: 444f;
98ea: 444f;
98eb: 444f;
98ec: 444f;
98ed: 444f;
98ee: 444f;
98ef: 444f;
98f0: 444f;
98f1: 444f;
98f2: 444f;
98f3: 444f;
98f4: 444f;
98f5: 444f;
98f6: 544f;
98f7: 544f;
98f8: 544f;
98f9: 544f;
98fa: 444f;
98fb: 443f;
98fc: 443f;
98fd: 544f;
98fe: 766f;
98ff: 988f;
9900: dddf;
9901: dddf;
9902: dddf;
9903: dddf;
9904: dddf;
9905: dddf;
9906: dddf;
9907: dddf;
9908: dddf;
9909: dddf;
990a: dddf;
990b: dddf;
990c: dddf;
990d: dddf;
990e: cddf;
990f: cccf;
9910: bccf;
9911: bbbf;
9912: abbf;
9913: bbbf;
9914: cccf;
9915: dddf;
9916: dddf;
9917: dddf;
9918: cdcf;
9919: cccf;
991a: cccf;
991b: bbbf;
991c: bbbf;
991d: abbf;
991e: aaaf;
991f: aaaf;
9920: aaaf;
9921: aaaf;
9922: abbf;
9923: bccf;
9924: bccf;
9925: bccf;
9926: bccf;
9927: bccf;
9928: bccf;
9929: bccf;
992a: bccf;
992b: bbbf;
992c: bccf;
992d: bccf;
992e: bccf;
992f: cddf;
9930: cddf;
9931: cddf;
9932: cdcf;
9933: bccf;
9934: cdcf;
9935: cdcf;
9936: cdcf;
9937: cdcf;
9938: bccf;
9939: bccf;
993a: bccf;
993b: bccf;
993c: bcbf;
993d: bcbf;
993e: bccf;
993f: bccf;
9940: cccf;
9941: cddf;
9942: cddf;
9943: cddf;
9944: cddf;
9945: cddf;
9946: cddf;
9947: cddf;
9948: cddf;
9949: cddf;
994a: cddf;
994b: cddf;
994c: cddf;
994d: cddf;
994e: cddf;
994f: cddf;
9950: cddf;
9951: cddf;
9952: cddf;
9953: cddf;
9954: cddf;
9955: cddf;
9956: cddf;
9957: cddf;
9958: cddf;
9959: cddf;
995a: dddf;
995b: cccf;
995c: abaf;
995d: 676f;
995e: 444f;
995f: 343f;
9960: 444f;
9961: 444f;
9962: 444f;
9963: 444f;
9964: 544f;
9965: 544f;
9966: 544f;
9967: 544f;
9968: 544f;
9969: 544f;
996a: 544f;
996b: 544f;
996c: 544f;
996d: 544f;
996e: 544f;
996f: 544f;
9970: 544f;
9971: 544f;
9972: 544f;
9973: 544f;
9974: 544f;
9975: 544f;
9976: 544f;
9977: 544f;
9978: 544f;
9979: 544f;
997a: 544f;
997b: 544f;
997c: 544f;
997d: 544f;
997e: 544f;
997f: 544f;
9980: 544f;
9981: 544f;
9982: 544f;
9983: 544f;
9984: 544f;
9985: 544f;
9986: 444f;
9987: 444f;
9988: 444f;
9989: 433f;
998a: 333f;
998b: 333f;
998c: 333f;
998d: 443f;
998e: 444f;
998f: 544f;
9990: 544f;
9991: 544f;
9992: 544f;
9993: 544f;
9994: 544f;
9995: 544f;
9996: 544f;
9997: 544f;
9998: 544f;
9999: 544f;
999a: 544f;
999b: 544f;
999c: 544f;
999d: 544f;
999e: 544f;
999f: 544f;
99a0: 544f;
99a1: 544f;
99a2: 544f;
99a3: 544f;
99a4: 444f;
99a5: 443f;
99a6: 333f;
99a7: 333f;
99a8: 333f;
99a9: 333f;
99aa: 333f;
99ab: 333f;
99ac: 333f;
99ad: 333f;
99ae: 333f;
99af: 333f;
99b0: 333f;
99b1: 333f;
99b2: 333f;
99b3: 333f;
99b4: 333f;
99b5: 333f;
99b6: 333f;
99b7: 333f;
99b8: 333f;
99b9: 333f;
99ba: 333f;
99bb: 333f;
99bc: 333f;
99bd: 444f;
99be: 444f;
99bf: 444f;
99c0: 544f;
99c1: 544f;
99c2: 544f;
99c3: 544f;
99c4: 544f;
99c5: 544f;
99c6: 544f;
99c7: 544f;
99c8: 544f;
99c9: 544f;
99ca: 544f;
99cb: 444f;
99cc: 444f;
99cd: 443f;
99ce: 433f;
99cf: 333f;
99d0: 333f;
99d1: 333f;
99d2: 333f;
99d3: 333f;
99d4: 333f;
99d5: 444f;
99d6: 555f;
99d7: 776f;
99d8: 888f;
99d9: 999f;
99da: 999f;
99db: 999f;
99dc: 998f;
99dd: 998f;
99de: 998f;
99df: 998f;
99e0: 988f;
99e1: 988f;
99e2: 998f;
99e3: 998f;
99e4: 988f;
99e5: 998f;
99e6: 776f;
99e7: 554f;
99e8: 444f;
99e9: 444f;
99ea: 444f;
99eb: 444f;
99ec: 444f;
99ed: 444f;
99ee: 444f;
99ef: 444f;
99f0: 444f;
99f1: 444f;
99f2: 444f;
99f3: 444f;
99f4: 444f;
99f5: 444f;
99f6: 544f;
99f7: 544f;
99f8: 544f;
99f9: 444f;
99fa: 443f;
99fb: 433f;
99fc: 443f;
99fd: 555f;
99fe: 777f;
99ff: 999f;
9a00: dddf;
9a01: dddf;
9a02: dddf;
9a03: dddf;
9a04: dddf;
9a05: dddf;
9a06: dddf;
9a07: dddf;
9a08: dddf;
9a09: dddf;
9a0a: dddf;
9a0b: dddf;
9a0c: dddf;
9a0d: dddf;
9a0e: cddf;
9a0f: cccf;
9a10: bccf;
9a11: bbbf;
9a12: abbf;
9a13: bbbf;
9a14: cccf;
9a15: dddf;
9a16: dddf;
9a17: dddf;
9a18: cddf;
9a19: cccf;
9a1a: cccf;
9a1b: bbbf;
9a1c: abbf;
9a1d: aaaf;
9a1e: aaaf;
9a1f: aaaf;
9a20: abbf;
9a21: abaf;
9a22: abbf;
9a23: bbbf;
9a24: bccf;
9a25: bccf;
9a26: bccf;
9a27: bccf;
9a28: bccf;
9a29: bccf;
9a2a: bccf;
9a2b: bbbf;
9a2c: bbbf;
9a2d: bcbf;
9a2e: bccf;
9a2f: cdcf;
9a30: cddf;
9a31: cddf;
9a32: cddf;
9a33: cccf;
9a34: cdcf;
9a35: cdcf;
9a36: cdcf;
9a37: cdcf;
9a38: cccf;
9a39: cccf;
9a3a: bccf;
9a3b: bccf;
9a3c: bccf;
9a3d: bccf;
9a3e: bccf;
9a3f: bccf;
9a40: bccf;
9a41: cdcf;
9a42: cddf;
9a43: cddf;
9a44: cddf;
9a45: cddf;
9a46: cddf;
9a47: cddf;
9a48: cddf;
9a49: cddf;
9a4a: cddf;
9a4b: cddf;
9a4c: cddf;
9a4d: cddf;
9a4e: cddf;
9a4f: cddf;
9a50: cddf;
9a51: cddf;
9a52: cddf;
9a53: cddf;
9a54: cddf;
9a55: cddf;
9a56: cddf;
9a57: cddf;
9a58: cddf;
9a59: cddf;
9a5a: dddf;
9a5b: bcbf;
9a5c: 9aaf;
9a5d: 566f;
9a5e: 444f;
9a5f: 343f;
9a60: 444f;
9a61: 544f;
9a62: 544f;
9a63: 444f;
9a64: 544f;
9a65: 544f;
9a66: 544f;
9a67: 544f;
9a68: 544f;
9a69: 544f;
9a6a: 544f;
9a6b: 544f;
9a6c: 544f;
9a6d: 544f;
9a6e: 544f;
9a6f: 544f;
9a70: 544f;
9a71: 544f;
9a72: 544f;
9a73: 544f;
9a74: 544f;
9a75: 544f;
9a76: 544f;
9a77: 544f;
9a78: 544f;
9a79: 544f;
9a7a: 544f;
9a7b: 544f;
9a7c: 544f;
9a7d: 544f;
9a7e: 544f;
9a7f: 544f;
9a80: 544f;
9a81: 544f;
9a82: 544f;
9a83: 544f;
9a84: 544f;
9a85: 544f;
9a86: 444f;
9a87: 444f;
9a88: 443f;
9a89: 333f;
9a8a: 333f;
9a8b: 333f;
9a8c: 333f;
9a8d: 443f;
9a8e: 444f;
9a8f: 444f;
9a90: 544f;
9a91: 544f;
9a92: 544f;
9a93: 544f;
9a94: 544f;
9a95: 544f;
9a96: 544f;
9a97: 544f;
9a98: 544f;
9a99: 544f;
9a9a: 544f;
9a9b: 544f;
9a9c: 544f;
9a9d: 544f;
9a9e: 544f;
9a9f: 544f;
9aa0: 544f;
9aa1: 444f;
9aa2: 444f;
9aa3: 444f;
9aa4: 444f;
9aa5: 433f;
9aa6: 333f;
9aa7: 333f;
9aa8: 333f;
9aa9: 333f;
9aaa: 333f;
9aab: 333f;
9aac: 333f;
9aad: 333f;
9aae: 333f;
9aaf: 333f;
9ab0: 333f;
9ab1: 333f;
9ab2: 333f;
9ab3: 333f;
9ab4: 333f;
9ab5: 333f;
9ab6: 333f;
9ab7: 333f;
9ab8: 333f;
9ab9: 333f;
9aba: 333f;
9abb: 333f;
9abc: 333f;
9abd: 444f;
9abe: 444f;
9abf: 444f;
9ac0: 544f;
9ac1: 544f;
9ac2: 544f;
9ac3: 544f;
9ac4: 544f;
9ac5: 544f;
9ac6: 544f;
9ac7: 544f;
9ac8: 544f;
9ac9: 544f;
9aca: 544f;
9acb: 444f;
9acc: 443f;
9acd: 443f;
9ace: 333f;
9acf: 333f;
9ad0: 333f;
9ad1: 333f;
9ad2: 333f;
9ad3: 333f;
9ad4: 333f;
9ad5: 544f;
9ad6: 666f;
9ad7: 877f;
9ad8: 988f;
9ad9: 999f;
9ada: 998f;
9adb: 988f;
9adc: 888f;
9add: 887f;
9ade: 887f;
9adf: 988f;
9ae0: 877f;
9ae1: 877f;
9ae2: 888f;
9ae3: 888f;
9ae4: 888f;
9ae5: 988f;
9ae6: 766f;
9ae7: 544f;
9ae8: 444f;
9ae9: 443f;
9aea: 444f;
9aeb: 444f;
9aec: 443f;
9aed: 443f;
9aee: 444f;
9aef: 444f;
9af0: 444f;
9af1: 444f;
9af2: 444f;
9af3: 444f;
9af4: 444f;
9af5: 444f;
9af6: 444f;
9af7: 544f;
9af8: 444f;
9af9: 444f;
9afa: 443f;
9afb: 433f;
9afc: 444f;
9afd: 655f;
9afe: 877f;
9aff: a99f;
9b00: dddf;
9b01: dddf;
9b02: dddf;
9b03: dddf;
9b04: dddf;
9b05: dddf;
9b06: dddf;
9b07: dddf;
9b08: dddf;
9b09: dddf;
9b0a: dddf;
9b0b: dddf;
9b0c: dddf;
9b0d: dddf;
9b0e: cddf;
9b0f: cccf;
9b10: bccf;
9b11: bbbf;
9b12: abbf;
9b13: bbbf;
9b14: cccf;
9b15: dddf;
9b16: dddf;
9b17: dddf;
9b18: dddf;
9b19: cdcf;
9b1a: cccf;
9b1b: bcbf;
9b1c: abbf;
9b1d: aaaf;
9b1e: 999f;
9b1f: 9aaf;
9b20: 9aaf;
9b21: 9aaf;
9b22: abbf;
9b23: abbf;
9b24: bbbf;
9b25: bcbf;
9b26: bccf;
9b27: bccf;
9b28: bccf;
9b29: bccf;
9b2a: bccf;
9b2b: bccf;
9b2c: bbbf;
9b2d: bbbf;
9b2e: bcbf;
9b2f: bccf;
9b30: cccf;
9b31: cdcf;
9b32: cdcf;
9b33: cccf;
9b34: cccf;
9b35: cccf;
9b36: cccf;
9b37: cccf;
9b38: cccf;
9b39: cccf;
9b3a: cccf;
9b3b: bccf;
9b3c: bccf;
9b3d: bccf;
9b3e: bccf;
9b3f: bccf;
9b40: bccf;
9b41: bccf;
9b42: cdcf;
9b43: cddf;
9b44: cddf;
9b45: cddf;
9b46: cddf;
9b47: cddf;
9b48: cddf;
9b49: cddf;
9b4a: cddf;
9b4b: cddf;
9b4c: cddf;
9b4d: cddf;
9b4e: cddf;
9b4f: cddf;
9b50: cddf;
9b51: cddf;
9b52: cddf;
9b53: cddf;
9b54: cddf;
9b55: cddf;
9b56: cddf;
9b57: cddf;
9b58: dddf;
9b59: dddf;
9b5a: cddf;
9b5b: bbbf;
9b5c: 888f;
9b5d: 555f;
9b5e: 444f;
9b5f: 444f;
9b60: 544f;
9b61: 545f;
9b62: 544f;
9b63: 444f;
9b64: 544f;
9b65: 544f;
9b66: 544f;
9b67: 544f;
9b68: 544f;
9b69: 544f;
9b6a: 544f;
9b6b: 544f;
9b6c: 544f;
9b6d: 544f;
9b6e: 544f;
9b6f: 544f;
9b70: 544f;
9b71: 544f;
9b72: 544f;
9b73: 544f;
9b74: 544f;
9b75: 544f;
9b76: 544f;
9b77: 544f;
9b78: 544f;
9b79: 544f;
9b7a: 544f;
9b7b: 544f;
9b7c: 544f;
9b7d: 544f;
9b7e: 544f;
9b7f: 544f;
9b80: 544f;
9b81: 544f;
9b82: 544f;
9b83: 544f;
9b84: 544f;
9b85: 544f;
9b86: 444f;
9b87: 444f;
9b88: 433f;
9b89: 333f;
9b8a: 333f;
9b8b: 333f;
9b8c: 443f;
9b8d: 444f;
9b8e: 444f;
9b8f: 544f;
9b90: 544f;
9b91: 544f;
9b92: 544f;
9b93: 544f;
9b94: 544f;
9b95: 544f;
9b96: 544f;
9b97: 544f;
9b98: 544f;
9b99: 544f;
9b9a: 544f;
9b9b: 544f;
9b9c: 544f;
9b9d: 544f;
9b9e: 544f;
9b9f: 544f;
9ba0: 444f;
9ba1: 444f;
9ba2: 444f;
9ba3: 444f;
9ba4: 444f;
9ba5: 433f;
9ba6: 333f;
9ba7: 333f;
9ba8: 333f;
9ba9: 333f;
9baa: 333f;
9bab: 333f;
9bac: 333f;
9bad: 333f;
9bae: 333f;
9baf: 333f;
9bb0: 333f;
9bb1: 333f;
9bb2: 333f;
9bb3: 333f;
9bb4: 333f;
9bb5: 333f;
9bb6: 333f;
9bb7: 333f;
9bb8: 333f;
9bb9: 333f;
9bba: 333f;
9bbb: 333f;
9bbc: 444f;
9bbd: 444f;
9bbe: 444f;
9bbf: 544f;
9bc0: 544f;
9bc1: 544f;
9bc2: 544f;
9bc3: 544f;
9bc4: 544f;
9bc5: 544f;
9bc6: 544f;
9bc7: 544f;
9bc8: 444f;
9bc9: 444f;
9bca: 444f;
9bcb: 444f;
9bcc: 433f;
9bcd: 433f;
9bce: 333f;
9bcf: 333f;
9bd0: 333f;
9bd1: 333f;
9bd2: 333f;
9bd3: 333f;
9bd4: 444f;
9bd5: 655f;
9bd6: 777f;
9bd7: 877f;
9bd8: 887f;
9bd9: 888f;
9bda: 888f;
9bdb: 877f;
9bdc: 877f;
9bdd: 877f;
9bde: 877f;
9bdf: 887f;
9be0: 877f;
9be1: 877f;
9be2: 887f;
9be3: 887f;
9be4: 887f;
9be5: 988f;
9be6: 766f;
9be7: 544f;
9be8: 443f;
9be9: 443f;
9bea: 444f;
9beb: 444f;
9bec: 443f;
9bed: 443f;
9bee: 444f;
9bef: 444f;
9bf0: 444f;
9bf1: 444f;
9bf2: 444f;
9bf3: 444f;
9bf4: 444f;
9bf5: 444f;
9bf6: 444f;
9bf7: 444f;
9bf8: 444f;
9bf9: 443f;
9bfa: 433f;
9bfb: 433f;
9bfc: 444f;
9bfd: 666f;
9bfe: 887f;
9bff: 999f;
9c00: dddf;
9c01: dddf;
9c02: dddf;
9c03: dddf;
9c04: dddf;
9c05: dddf;
9c06: dddf;
9c07: dddf;
9c08: dddf;
9c09: dddf;
9c0a: dddf;
9c0b: dddf;
9c0c: dddf;
9c0d: dddf;
9c0e: cdcf;
9c0f: cccf;
9c10: bccf;
9c11: bbbf;
9c12: bbbf;
9c13: bbbf;
9c14: cccf;
9c15: dddf;
9c16: dddf;
9c17: dddf;
9c18: dddf;
9c19: dddf;
9c1a: cccf;
9c1b: bbbf;
9c1c: abaf;
9c1d: aaaf;
9c1e: 999f;
9c1f: 999f;
9c20: 999f;
9c21: 9aaf;
9c22: 9aaf;
9c23: abbf;
9c24: abbf;
9c25: abbf;
9c26: abbf;
9c27: bbbf;
9c28: bccf;
9c29: bccf;
9c2a: bccf;
9c2b: bccf;
9c2c: bbbf;
9c2d: bbbf;
9c2e: bbbf;
9c2f: bccf;
9c30: bccf;
9c31: bccf;
9c32: bccf;
9c33: bccf;
9c34: bccf;
9c35: cccf;
9c36: cccf;
9c37: cdcf;
9c38: cdcf;
9c39: cdcf;
9c3a: cdcf;
9c3b: cdcf;
9c3c: cdcf;
9c3d: cdcf;
9c3e: cccf;
9c3f: bccf;
9c40: bccf;
9c41: bccf;
9c42: bccf;
9c43: cddf;
9c44: cddf;
9c45: cddf;
9c46: cddf;
9c47: cddf;
9c48: cddf;
9c49: cddf;
9c4a: cddf;
9c4b: cddf;
9c4c: cddf;
9c4d: cddf;
9c4e: cddf;
9c4f: cddf;
9c50: cddf;
9c51: cddf;
9c52: cddf;
9c53: cddf;
9c54: cddf;
9c55: cddf;
9c56: cddf;
9c57: cddf;
9c58: dddf;
9c59: dddf;
9c5a: cddf;
9c5b: aaaf;
9c5c: 676f;
9c5d: 444f;
9c5e: 444f;
9c5f: 444f;
9c60: 444f;
9c61: 444f;
9c62: 444f;
9c63: 444f;
9c64: 544f;
9c65: 544f;
9c66: 544f;
9c67: 544f;
9c68: 544f;
9c69: 544f;
9c6a: 544f;
9c6b: 544f;
9c6c: 544f;
9c6d: 544f;
9c6e: 544f;
9c6f: 544f;
9c70: 544f;
9c71: 544f;
9c72: 544f;
9c73: 544f;
9c74: 544f;
9c75: 544f;
9c76: 544f;
9c77: 544f;
9c78: 544f;
9c79: 544f;
9c7a: 544f;
9c7b: 544f;
9c7c: 544f;
9c7d: 544f;
9c7e: 544f;
9c7f: 544f;
9c80: 544f;
9c81: 544f;
9c82: 544f;
9c83: 544f;
9c84: 544f;
9c85: 444f;
9c86: 444f;
9c87: 433f;
9c88: 333f;
9c89: 333f;
9c8a: 333f;
9c8b: 333f;
9c8c: 444f;
9c8d: 444f;
9c8e: 544f;
9c8f: 544f;
9c90: 544f;
9c91: 544f;
9c92: 544f;
9c93: 544f;
9c94: 544f;
9c95: 544f;
9c96: 544f;
9c97: 544f;
9c98: 544f;
9c99: 544f;
9c9a: 544f;
9c9b: 544f;
9c9c: 544f;
9c9d: 544f;
9c9e: 544f;
9c9f: 544f;
9ca0: 544f;
9ca1: 444f;
9ca2: 444f;
9ca3: 444f;
9ca4: 433f;
9ca5: 333f;
9ca6: 333f;
9ca7: 333f;
9ca8: 333f;
9ca9: 333f;
9caa: 333f;
9cab: 333f;
9cac: 333f;
9cad: 333f;
9cae: 333f;
9caf: 333f;
9cb0: 333f;
9cb1: 333f;
9cb2: 333f;
9cb3: 333f;
9cb4: 333f;
9cb5: 333f;
9cb6: 333f;
9cb7: 333f;
9cb8: 333f;
9cb9: 333f;
9cba: 333f;
9cbb: 333f;
9cbc: 444f;
9cbd: 444f;
9cbe: 444f;
9cbf: 444f;
9cc0: 544f;
9cc1: 544f;
9cc2: 544f;
9cc3: 544f;
9cc4: 544f;
9cc5: 544f;
9cc6: 444f;
9cc7: 444f;
9cc8: 544f;
9cc9: 544f;
9cca: 444f;
9ccb: 443f;
9ccc: 333f;
9ccd: 333f;
9cce: 333f;
9ccf: 333f;
9cd0: 333f;
9cd1: 333f;
9cd2: 332f;
9cd3: 333f;
9cd4: 554f;
9cd5: 766f;
9cd6: 877f;
9cd7: 777f;
9cd8: 877f;
9cd9: 877f;
9cda: 877f;
9cdb: 877f;
9cdc: 887f;
9cdd: 877f;
9cde: 877f;
9cdf: 887f;
9ce0: 877f;
9ce1: 877f;
9ce2: 877f;
9ce3: 987f;
9ce4: 887f;
9ce5: 988f;
9ce6: 766f;
9ce7: 554f;
9ce8: 444f;
9ce9: 443f;
9cea: 443f;
9ceb: 444f;
9cec: 444f;
9ced: 444f;
9cee: 444f;
9cef: 443f;
9cf0: 444f;
9cf1: 444f;
9cf2: 444f;
9cf3: 444f;
9cf4: 444f;
9cf5: 444f;
9cf6: 443f;
9cf7: 443f;
9cf8: 443f;
9cf9: 443f;
9cfa: 433f;
9cfb: 433f;
9cfc: 544f;
9cfd: 766f;
9cfe: 877f;
9cff: 888f;
9d00: dddf;
9d01: dddf;
9d02: dddf;
9d03: dddf;
9d04: dddf;
9d05: dddf;
9d06: dddf;
9d07: dddf;
9d08: dddf;
9d09: dddf;
9d0a: dddf;
9d0b: dddf;
9d0c: dddf;
9d0d: dddf;
9d0e: cdcf;
9d0f: cccf;
9d10: bccf;
9d11: bbbf;
9d12: bbbf;
9d13: bbbf;
9d14: cccf;
9d15: dddf;
9d16: dddf;
9d17: dddf;
9d18: dddf;
9d19: cdcf;
9d1a: cccf;
9d1b: bbbf;
9d1c: abaf;
9d1d: aaaf;
9d1e: 9a9f;
9d1f: 9a9f;
9d20: 999f;
9d21: 999f;
9d22: 9aaf;
9d23: 9aaf;
9d24: aaaf;
9d25: abbf;
9d26: abbf;
9d27: abbf;
9d28: bbbf;
9d29: bccf;
9d2a: bccf;
9d2b: bccf;
9d2c: bccf;
9d2d: bccf;
9d2e: bcbf;
9d2f: bbbf;
9d30: bccf;
9d31: bccf;
9d32: bccf;
9d33: bccf;
9d34: cccf;
9d35: cccf;
9d36: cccf;
9d37: cccf;
9d38: cccf;
9d39: cdcf;
9d3a: cdcf;
9d3b: cdcf;
9d3c: cdcf;
9d3d: cdcf;
9d3e: cccf;
9d3f: bccf;
9d40: bccf;
9d41: bccf;
9d42: bccf;
9d43: bccf;
9d44: cdcf;
9d45: cddf;
9d46: cddf;
9d47: cddf;
9d48: cddf;
9d49: cddf;
9d4a: cddf;
9d4b: cddf;
9d4c: cddf;
9d4d: cddf;
9d4e: cddf;
9d4f: cddf;
9d50: cddf;
9d51: cddf;
9d52: cddf;
9d53: cddf;
9d54: cddf;
9d55: cddf;
9d56: cddf;
9d57: cddf;
9d58: cddf;
9d59: cddf;
9d5a: cccf;
9d5b: 9a9f;
9d5c: 666f;
9d5d: 555f;
9d5e: 444f;
9d5f: 444f;
9d60: 444f;
9d61: 444f;
9d62: 444f;
9d63: 444f;
9d64: 544f;
9d65: 544f;
9d66: 544f;
9d67: 544f;
9d68: 544f;
9d69: 544f;
9d6a: 544f;
9d6b: 544f;
9d6c: 544f;
9d6d: 544f;
9d6e: 544f;
9d6f: 544f;
9d70: 544f;
9d71: 544f;
9d72: 544f;
9d73: 544f;
9d74: 544f;
9d75: 544f;
9d76: 544f;
9d77: 544f;
9d78: 544f;
9d79: 544f;
9d7a: 544f;
9d7b: 544f;
9d7c: 544f;
9d7d: 544f;
9d7e: 544f;
9d7f: 544f;
9d80: 544f;
9d81: 544f;
9d82: 544f;
9d83: 544f;
9d84: 544f;
9d85: 444f;
9d86: 444f;
9d87: 433f;
9d88: 333f;
9d89: 333f;
9d8a: 333f;
9d8b: 433f;
9d8c: 444f;
9d8d: 444f;
9d8e: 544f;
9d8f: 544f;
9d90: 544f;
9d91: 544f;
9d92: 544f;
9d93: 544f;
9d94: 544f;
9d95: 544f;
9d96: 544f;
9d97: 544f;
9d98: 544f;
9d99: 544f;
9d9a: 544f;
9d9b: 544f;
9d9c: 544f;
9d9d: 544f;
9d9e: 544f;
9d9f: 544f;
9da0: 444f;
9da1: 444f;
9da2: 444f;
9da3: 443f;
9da4: 433f;
9da5: 333f;
9da6: 333f;
9da7: 333f;
9da8: 333f;
9da9: 333f;
9daa: 333f;
9dab: 333f;
9dac: 333f;
9dad: 333f;
9dae: 333f;
9daf: 333f;
9db0: 333f;
9db1: 333f;
9db2: 333f;
9db3: 333f;
9db4: 333f;
9db5: 333f;
9db6: 333f;
9db7: 333f;
9db8: 333f;
9db9: 333f;
9dba: 333f;
9dbb: 333f;
9dbc: 444f;
9dbd: 444f;
9dbe: 444f;
9dbf: 444f;
9dc0: 544f;
9dc1: 544f;
9dc2: 544f;
9dc3: 544f;
9dc4: 544f;
9dc5: 544f;
9dc6: 544f;
9dc7: 444f;
9dc8: 444f;
9dc9: 444f;
9dca: 444f;
9dcb: 433f;
9dcc: 333f;
9dcd: 333f;
9dce: 333f;
9dcf: 333f;
9dd0: 333f;
9dd1: 333f;
9dd2: 333f;
9dd3: 444f;
9dd4: 666f;
9dd5: 877f;
9dd6: 888f;
9dd7: 887f;
9dd8: 877f;
9dd9: 877f;
9dda: 887f;
9ddb: 888f;
9ddc: 988f;
9ddd: 887f;
9dde: 988f;
9ddf: 988f;
9de0: 988f;
9de1: 988f;
9de2: 988f;
9de3: 988f;
9de4: 988f;
9de5: 998f;
9de6: 776f;
9de7: 554f;
9de8: 444f;
9de9: 444f;
9dea: 444f;
9deb: 444f;
9dec: 444f;
9ded: 444f;
9dee: 444f;
9def: 444f;
9df0: 444f;
9df1: 444f;
9df2: 444f;
9df3: 444f;
9df4: 444f;
9df5: 444f;
9df6: 444f;
9df7: 444f;
9df8: 443f;
9df9: 433f;
9dfa: 433f;
9dfb: 444f;
9dfc: 655f;
9dfd: 666f;
9dfe: 776f;
9dff: 877f;
9e00: dddf;
9e01: dddf;
9e02: dddf;
9e03: dddf;
9e04: dddf;
9e05: dddf;
9e06: dddf;
9e07: dddf;
9e08: dddf;
9e09: dddf;
9e0a: dddf;
9e0b: dddf;
9e0c: dddf;
9e0d: dddf;
9e0e: cdcf;
9e0f: cccf;
9e10: bccf;
9e11: bbbf;
9e12: bbbf;
9e13: bbbf;
9e14: cccf;
9e15: dddf;
9e16: dddf;
9e17: dddf;
9e18: dddf;
9e19: cdcf;
9e1a: cccf;
9e1b: bbbf;
9e1c: abbf;
9e1d: aaaf;
9e1e: 9aaf;
9e1f: 9aaf;
9e20: 9a9f;
9e21: 999f;
9e22: 999f;
9e23: 9aaf;
9e24: 9aaf;
9e25: 9aaf;
9e26: abaf;
9e27: abbf;
9e28: abbf;
9e29: bbbf;
9e2a: bcbf;
9e2b: bccf;
9e2c: bccf;
9e2d: bccf;
9e2e: bccf;
9e2f: bcbf;
9e30: bbbf;
9e31: bcbf;
9e32: bccf;
9e33: bccf;
9e34: cccf;
9e35: cccf;
9e36: cccf;
9e37: cccf;
9e38: cccf;
9e39: cccf;
9e3a: cccf;
9e3b: cccf;
9e3c: cddf;
9e3d: cdcf;
9e3e: cccf;
9e3f: bccf;
9e40: bccf;
9e41: bccf;
9e42: bccf;
9e43: bccf;
9e44: bccf;
9e45: cdcf;
9e46: cddf;
9e47: cddf;
9e48: cddf;
9e49: cddf;
9e4a: cddf;
9e4b: cddf;
9e4c: cddf;
9e4d: cddf;
9e4e: cddf;
9e4f: cddf;
9e50: cddf;
9e51: cddf;
9e52: cddf;
9e53: cddf;
9e54: cddf;
9e55: cddf;
9e56: cddf;
9e57: cddf;
9e58: cddf;
9e59: cddf;
9e5a: bbbf;
9e5b: 888f;
9e5c: 555f;
9e5d: 444f;
9e5e: 444f;
9e5f: 544f;
9e60: 444f;
9e61: 444f;
9e62: 444f;
9e63: 444f;
9e64: 544f;
9e65: 544f;
9e66: 544f;
9e67: 544f;
9e68: 544f;
9e69: 544f;
9e6a: 544f;
9e6b: 544f;
9e6c: 544f;
9e6d: 544f;
9e6e: 544f;
9e6f: 544f;
9e70: 544f;
9e71: 544f;
9e72: 544f;
9e73: 544f;
9e74: 544f;
9e75: 544f;
9e76: 544f;
9e77: 544f;
9e78: 544f;
9e79: 544f;
9e7a: 544f;
9e7b: 544f;
9e7c: 544f;
9e7d: 544f;
9e7e: 544f;
9e7f: 544f;
9e80: 544f;
9e81: 544f;
9e82: 544f;
9e83: 544f;
9e84: 544f;
9e85: 444f;
9e86: 444f;
9e87: 333f;
9e88: 333f;
9e89: 333f;
9e8a: 333f;
9e8b: 433f;
9e8c: 444f;
9e8d: 444f;
9e8e: 544f;
9e8f: 544f;
9e90: 544f;
9e91: 544f;
9e92: 544f;
9e93: 544f;
9e94: 544f;
9e95: 544f;
9e96: 544f;
9e97: 544f;
9e98: 544f;
9e99: 544f;
9e9a: 544f;
9e9b: 544f;
9e9c: 544f;
9e9d: 544f;
9e9e: 544f;
9e9f: 544f;
9ea0: 444f;
9ea1: 444f;
9ea2: 443f;
9ea3: 433f;
9ea4: 333f;
9ea5: 333f;
9ea6: 333f;
9ea7: 333f;
9ea8: 333f;
9ea9: 333f;
9eaa: 333f;
9eab: 333f;
9eac: 333f;
9ead: 333f;
9eae: 333f;
9eaf: 333f;
9eb0: 333f;
9eb1: 333f;
9eb2: 333f;
9eb3: 333f;
9eb4: 333f;
9eb5: 333f;
9eb6: 333f;
9eb7: 333f;
9eb8: 333f;
9eb9: 333f;
9eba: 333f;
9ebb: 333f;
9ebc: 444f;
9ebd: 444f;
9ebe: 444f;
9ebf: 444f;
9ec0: 444f;
9ec1: 444f;
9ec2: 444f;
9ec3: 444f;
9ec4: 544f;
9ec5: 544f;
9ec6: 444f;
9ec7: 444f;
9ec8: 444f;
9ec9: 444f;
9eca: 443f;
9ecb: 333f;
9ecc: 333f;
9ecd: 333f;
9ece: 333f;
9ecf: 333f;
9ed0: 332f;
9ed1: 332f;
9ed2: 433f;
9ed3: 555f;
9ed4: 877f;
9ed5: 988f;
9ed6: 999f;
9ed7: 988f;
9ed8: 988f;
9ed9: 888f;
9eda: 988f;
9edb: 988f;
9edc: 998f;
9edd: 988f;
9ede: 988f;
9edf: a98f;
9ee0: 998f;
9ee1: 998f;
9ee2: 998f;
9ee3: a99f;
9ee4: a99f;
9ee5: a99f;
9ee6: 777f;
9ee7: 554f;
9ee8: 444f;
9ee9: 444f;
9eea: 444f;
9eeb: 444f;
9eec: 444f;
9eed: 444f;
9eee: 444f;
9eef: 444f;
9ef0: 444f;
9ef1: 444f;
9ef2: 444f;
9ef3: 444f;
9ef4: 444f;
9ef5: 444f;
9ef6: 544f;
9ef7: 444f;
9ef8: 443f;
9ef9: 433f;
9efa: 444f;
9efb: 555f;
9efc: 766f;
9efd: 776f;
9efe: 777f;
9eff: 777f;
9f00: dddf;
9f01: dddf;
9f02: dddf;
9f03: dddf;
9f04: dddf;
9f05: dddf;
9f06: dddf;
9f07: dddf;
9f08: dddf;
9f09: dddf;
9f0a: dddf;
9f0b: dddf;
9f0c: dddf;
9f0d: dddf;
9f0e: cdcf;
9f0f: cccf;
9f10: bccf;
9f11: bbbf;
9f12: bbbf;
9f13: bbbf;
9f14: cccf;
9f15: dddf;
9f16: dddf;
9f17: dddf;
9f18: dddf;
9f19: cdcf;
9f1a: cccf;
9f1b: bbbf;
9f1c: bbbf;
9f1d: aaaf;
9f1e: aaaf;
9f1f: 9aaf;
9f20: aaaf;
9f21: 9a9f;
9f22: 999f;
9f23: 999f;
9f24: 999f;
9f25: 9aaf;
9f26: aaaf;
9f27: abaf;
9f28: abbf;
9f29: bbbf;
9f2a: bcbf;
9f2b: bcbf;
9f2c: bccf;
9f2d: bccf;
9f2e: bccf;
9f2f: bcbf;
9f30: bbbf;
9f31: bbbf;
9f32: bcbf;
9f33: bccf;
9f34: cccf;
9f35: cccf;
9f36: cccf;
9f37: cccf;
9f38: cccf;
9f39: cccf;
9f3a: cccf;
9f3b: cccf;
9f3c: cccf;
9f3d: cddf;
9f3e: cccf;
9f3f: bccf;
9f40: bccf;
9f41: bccf;
9f42: bccf;
9f43: bccf;
9f44: bccf;
9f45: bccf;
9f46: cccf;
9f47: cddf;
9f48: cddf;
9f49: cddf;
9f4a: cddf;
9f4b: cddf;
9f4c: cddf;
9f4d: cddf;
9f4e: cddf;
9f4f: cddf;
9f50: cddf;
9f51: cddf;
9f52: cddf;
9f53: cddf;
9f54: cddf;
9f55: cddf;
9f56: cddf;
9f57: cddf;
9f58: cddf;
9f59: cdcf;
9f5a: aaaf;
9f5b: 777f;
9f5c: 444f;
9f5d: 444f;
9f5e: 444f;
9f5f: 544f;
9f60: 444f;
9f61: 444f;
9f62: 444f;
9f63: 444f;
9f64: 544f;
9f65: 544f;
9f66: 544f;
9f67: 544f;
9f68: 544f;
9f69: 544f;
9f6a: 544f;
9f6b: 544f;
9f6c: 544f;
9f6d: 544f;
9f6e: 544f;
9f6f: 544f;
9f70: 544f;
9f71: 544f;
9f72: 544f;
9f73: 544f;
9f74: 544f;
9f75: 544f;
9f76: 544f;
9f77: 544f;
9f78: 544f;
9f79: 544f;
9f7a: 544f;
9f7b: 544f;
9f7c: 544f;
9f7d: 544f;
9f7e: 544f;
9f7f: 544f;
9f80: 544f;
9f81: 544f;
9f82: 544f;
9f83: 544f;
9f84: 544f;
9f85: 444f;
9f86: 444f;
9f87: 333f;
9f88: 333f;
9f89: 333f;
9f8a: 333f;
9f8b: 433f;
9f8c: 444f;
9f8d: 444f;
9f8e: 544f;
9f8f: 544f;
9f90: 544f;
9f91: 544f;
9f92: 544f;
9f93: 544f;
9f94: 544f;
9f95: 544f;
9f96: 544f;
9f97: 544f;
9f98: 544f;
9f99: 544f;
9f9a: 544f;
9f9b: 544f;
9f9c: 544f;
9f9d: 544f;
9f9e: 544f;
9f9f: 544f;
9fa0: 444f;
9fa1: 444f;
9fa2: 443f;
9fa3: 333f;
9fa4: 333f;
9fa5: 333f;
9fa6: 333f;
9fa7: 333f;
9fa8: 333f;
9fa9: 333f;
9faa: 333f;
9fab: 333f;
9fac: 333f;
9fad: 333f;
9fae: 333f;
9faf: 333f;
9fb0: 333f;
9fb1: 332f;
9fb2: 333f;
9fb3: 333f;
9fb4: 333f;
9fb5: 333f;
9fb6: 333f;
9fb7: 333f;
9fb8: 333f;
9fb9: 333f;
9fba: 333f;
9fbb: 333f;
9fbc: 444f;
9fbd: 444f;
9fbe: 444f;
9fbf: 444f;
9fc0: 444f;
9fc1: 444f;
9fc2: 444f;
9fc3: 444f;
9fc4: 444f;
9fc5: 444f;
9fc6: 444f;
9fc7: 444f;
9fc8: 443f;
9fc9: 443f;
9fca: 333f;
9fcb: 333f;
9fcc: 333f;
9fcd: 333f;
9fce: 333f;
9fcf: 333f;
9fd0: 333f;
9fd1: 333f;
9fd2: 444f;
9fd3: 666f;
9fd4: 999f;
9fd5: aaaf;
9fd6: aaaf;
9fd7: aa9f;
9fd8: 999f;
9fd9: 988f;
9fda: 999f;
9fdb: a99f;
9fdc: a99f;
9fdd: 998f;
9fde: a99f;
9fdf: a99f;
9fe0: a99f;
9fe1: a99f;
9fe2: a99f;
9fe3: a99f;
9fe4: a99f;
9fe5: aa9f;
9fe6: 877f;
9fe7: 554f;
9fe8: 544f;
9fe9: 444f;
9fea: 444f;
9feb: 444f;
9fec: 544f;
9fed: 444f;
9fee: 444f;
9fef: 444f;
9ff0: 444f;
9ff1: 444f;
9ff2: 444f;
9ff3: 444f;
9ff4: 444f;
9ff5: 544f;
9ff6: 544f;
9ff7: 444f;
9ff8: 443f;
9ff9: 433f;
9ffa: 544f;
9ffb: 665f;
9ffc: 777f;
9ffd: 877f;
9ffe: 877f;
9fff: 877f;
a000: dddf;
a001: dddf;
a002: dddf;
a003: dddf;
a004: dddf;
a005: dddf;
a006: dddf;
a007: dddf;
a008: dddf;
a009: dddf;
a00a: dddf;
a00b: dddf;
a00c: dddf;
a00d: dddf;
a00e: cdcf;
a00f: cccf;
a010: bcbf;
a011: bbbf;
a012: bbbf;
a013: bbbf;
a014: cccf;
a015: dddf;
a016: dddf;
a017: dddf;
a018: dddf;
a019: cdcf;
a01a: cccf;
a01b: bbbf;
a01c: bbbf;
a01d: aaaf;
a01e: aaaf;
a01f: aaaf;
a020: abbf;
a021: aaaf;
a022: 9aaf;
a023: 999f;
a024: 999f;
a025: 9a9f;
a026: 9aaf;
a027: abaf;
a028: abbf;
a029: abbf;
a02a: bbbf;
a02b: bbbf;
a02c: bccf;
a02d: cccf;
a02e: cccf;
a02f: cccf;
a030: bbbf;
a031: bbbf;
a032: bbbf;
a033: bccf;
a034: bccf;
a035: bccf;
a036: cccf;
a037: cddf;
a038: cccf;
a039: cccf;
a03a: cddf;
a03b: cddf;
a03c: cddf;
a03d: cccf;
a03e: cccf;
a03f: cccf;
a040: bccf;
a041: bccf;
a042: bccf;
a043: bccf;
a044: bccf;
a045: bccf;
a046: bccf;
a047: cccf;
a048: cddf;
a049: cddf;
a04a: cddf;
a04b: cddf;
a04c: cddf;
a04d: cddf;
a04e: cddf;
a04f: cddf;
a050: cddf;
a051: cddf;
a052: cddf;
a053: cddf;
a054: cddf;
a055: cddf;
a056: cddf;
a057: cddf;
a058: cddf;
a059: cddf;
a05a: 999f;
a05b: 666f;
a05c: 444f;
a05d: 444f;
a05e: 444f;
a05f: 444f;
a060: 444f;
a061: 544f;
a062: 544f;
a063: 544f;
a064: 544f;
a065: 544f;
a066: 544f;
a067: 544f;
a068: 544f;
a069: 544f;
a06a: 544f;
a06b: 544f;
a06c: 544f;
a06d: 544f;
a06e: 544f;
a06f: 544f;
a070: 544f;
a071: 544f;
a072: 544f;
a073: 544f;
a074: 544f;
a075: 544f;
a076: 544f;
a077: 544f;
a078: 544f;
a079: 544f;
a07a: 544f;
a07b: 544f;
a07c: 544f;
a07d: 544f;
a07e: 544f;
a07f: 544f;
a080: 544f;
a081: 544f;
a082: 544f;
a083: 544f;
a084: 544f;
a085: 444f;
a086: 443f;
a087: 333f;
a088: 333f;
a089: 333f;
a08a: 333f;
a08b: 443f;
a08c: 444f;
a08d: 444f;
a08e: 544f;
a08f: 544f;
a090: 544f;
a091: 544f;
a092: 544f;
a093: 544f;
a094: 544f;
a095: 544f;
a096: 544f;
a097: 544f;
a098: 544f;
a099: 544f;
a09a: 544f;
a09b: 544f;
a09c: 544f;
a09d: 544f;
a09e: 444f;
a09f: 444f;
a0a0: 444f;
a0a1: 443f;
a0a2: 433f;
a0a3: 333f;
a0a4: 333f;
a0a5: 333f;
a0a6: 333f;
a0a7: 333f;
a0a8: 333f;
a0a9: 333f;
a0aa: 333f;
a0ab: 333f;
a0ac: 333f;
a0ad: 333f;
a0ae: 333f;
a0af: 333f;
a0b0: 333f;
a0b1: 333f;
a0b2: 333f;
a0b3: 333f;
a0b4: 333f;
a0b5: 333f;
a0b6: 333f;
a0b7: 333f;
a0b8: 333f;
a0b9: 333f;
a0ba: 333f;
a0bb: 333f;
a0bc: 343f;
a0bd: 444f;
a0be: 444f;
a0bf: 444f;
a0c0: 444f;
a0c1: 444f;
a0c2: 444f;
a0c3: 444f;
a0c4: 444f;
a0c5: 444f;
a0c6: 444f;
a0c7: 444f;
a0c8: 443f;
a0c9: 333f;
a0ca: 333f;
a0cb: 332f;
a0cc: 332f;
a0cd: 332f;
a0ce: 333f;
a0cf: 333f;
a0d0: 333f;
a0d1: 443f;
a0d2: 655f;
a0d3: 888f;
a0d4: bbaf;
a0d5: cbbf;
a0d6: cbbf;
a0d7: baaf;
a0d8: a99f;
a0d9: a99f;
a0da: a99f;
a0db: a99f;
a0dc: a99f;
a0dd: 988f;
a0de: a99f;
a0df: baaf;
a0e0: a99f;
a0e1: a99f;
a0e2: a99f;
a0e3: aa9f;
a0e4: baaf;
a0e5: baaf;
a0e6: 877f;
a0e7: 544f;
a0e8: 443f;
a0e9: 444f;
a0ea: 444f;
a0eb: 544f;
a0ec: 544f;
a0ed: 544f;
a0ee: 544f;
a0ef: 544f;
a0f0: 444f;
a0f1: 444f;
a0f2: 444f;
a0f3: 444f;
a0f4: 444f;
a0f5: 544f;
a0f6: 544f;
a0f7: 544f;
a0f8: 443f;
a0f9: 443f;
a0fa: 554f;
a0fb: 766f;
a0fc: 988f;
a0fd: 998f;
a0fe: 998f;
a0ff: 888f;
a100: dddf;
a101: dddf;
a102: dddf;
a103: dddf;
a104: dddf;
a105: dddf;
a106: dddf;
a107: dddf;
a108: dddf;
a109: dddf;
a10a: dddf;
a10b: dddf;
a10c: dddf;
a10d: dddf;
a10e: cdcf;
a10f: cccf;
a110: cccf;
a111: bbbf;
a112: bbbf;
a113: bcbf;
a114: cccf;
a115: dddf;
a116: dddf;
a117: dddf;
a118: dddf;
a119: cdcf;
a11a: cccf;
a11b: bcbf;
a11c: bbbf;
a11d: bbbf;
a11e: abbf;
a11f: bbbf;
a120: bbbf;
a121: abaf;
a122: 9aaf;
a123: 9a9f;
a124: 999f;
a125: 9a9f;
a126: 9aaf;
a127: 9aaf;
a128: aaaf;
a129: abbf;
a12a: abbf;
a12b: bbbf;
a12c: bccf;
a12d: bccf;
a12e: cccf;
a12f: cccf;
a130: bccf;
a131: bcbf;
a132: bbbf;
a133: bcbf;
a134: bccf;
a135: bccf;
a136: bccf;
a137: bccf;
a138: cccf;
a139: cccf;
a13a: cddf;
a13b: cddf;
a13c: cddf;
a13d: cddf;
a13e: cddf;
a13f: cccf;
a140: cccf;
a141: bccf;
a142: bccf;
a143: bccf;
a144: bccf;
a145: bccf;
a146: bccf;
a147: bccf;
a148: bccf;
a149: cddf;
a14a: cddf;
a14b: cddf;
a14c: cddf;
a14d: cddf;
a14e: cddf;
a14f: cddf;
a150: cddf;
a151: cddf;
a152: cddf;
a153: cddf;
a154: cddf;
a155: cddf;
a156: cddf;
a157: cddf;
a158: dddf;
a159: bccf;
a15a: 888f;
a15b: 566f;
a15c: 444f;
a15d: 444f;
a15e: 444f;
a15f: 444f;
a160: 444f;
a161: 544f;
a162: 544f;
a163: 544f;
a164: 544f;
a165: 544f;
a166: 544f;
a167: 544f;
a168: 544f;
a169: 544f;
a16a: 544f;
a16b: 544f;
a16c: 544f;
a16d: 544f;
a16e: 544f;
a16f: 544f;
a170: 544f;
a171: 544f;
a172: 544f;
a173: 544f;
a174: 544f;
a175: 544f;
a176: 544f;
a177: 544f;
a178: 544f;
a179: 544f;
a17a: 544f;
a17b: 544f;
a17c: 544f;
a17d: 544f;
a17e: 544f;
a17f: 544f;
a180: 544f;
a181: 544f;
a182: 544f;
a183: 544f;
a184: 544f;
a185: 444f;
a186: 443f;
a187: 333f;
a188: 333f;
a189: 333f;
a18a: 333f;
a18b: 443f;
a18c: 444f;
a18d: 444f;
a18e: 544f;
a18f: 544f;
a190: 544f;
a191: 544f;
a192: 544f;
a193: 544f;
a194: 544f;
a195: 544f;
a196: 544f;
a197: 544f;
a198: 544f;
a199: 544f;
a19a: 544f;
a19b: 544f;
a19c: 544f;
a19d: 544f;
a19e: 444f;
a19f: 444f;
a1a0: 444f;
a1a1: 433f;
a1a2: 433f;
a1a3: 333f;
a1a4: 333f;
a1a5: 333f;
a1a6: 333f;
a1a7: 333f;
a1a8: 333f;
a1a9: 333f;
a1aa: 333f;
a1ab: 333f;
a1ac: 333f;
a1ad: 333f;
a1ae: 333f;
a1af: 333f;
a1b0: 333f;
a1b1: 333f;
a1b2: 333f;
a1b3: 333f;
a1b4: 333f;
a1b5: 333f;
a1b6: 333f;
a1b7: 333f;
a1b8: 333f;
a1b9: 333f;
a1ba: 333f;
a1bb: 333f;
a1bc: 343f;
a1bd: 444f;
a1be: 444f;
a1bf: 444f;
a1c0: 444f;
a1c1: 444f;
a1c2: 444f;
a1c3: 444f;
a1c4: 444f;
a1c5: 444f;
a1c6: 444f;
a1c7: 444f;
a1c8: 433f;
a1c9: 333f;
a1ca: 333f;
a1cb: 333f;
a1cc: 333f;
a1cd: 333f;
a1ce: 332f;
a1cf: 332f;
a1d0: 333f;
a1d1: 444f;
a1d2: 766f;
a1d3: a99f;
a1d4: ccbf;
a1d5: cccf;
a1d6: cbbf;
a1d7: aaaf;
a1d8: aa9f;
a1d9: a99f;
a1da: a99f;
a1db: a99f;
a1dc: a99f;
a1dd: a99f;
a1de: a99f;
a1df: aa9f;
a1e0: a99f;
a1e1: a99f;
a1e2: a99f;
a1e3: aa9f;
a1e4: aa9f;
a1e5: baaf;
a1e6: 776f;
a1e7: 544f;
a1e8: 443f;
a1e9: 444f;
a1ea: 544f;
a1eb: 544f;
a1ec: 544f;
a1ed: 544f;
a1ee: 544f;
a1ef: 544f;
a1f0: 544f;
a1f1: 544f;
a1f2: 444f;
a1f3: 444f;
a1f4: 544f;
a1f5: 544f;
a1f6: 544f;
a1f7: 544f;
a1f8: 443f;
a1f9: 444f;
a1fa: 655f;
a1fb: 777f;
a1fc: 998f;
a1fd: a99f;
a1fe: a99f;
a1ff: a99f;
a200: dddf;
a201: dddf;
a202: dddf;
a203: dddf;
a204: dddf;
a205: dddf;
a206: dddf;
a207: dddf;
a208: dddf;
a209: dddf;
a20a: dddf;
a20b: dddf;
a20c: dddf;
a20d: dddf;
a20e: cdcf;
a20f: cccf;
a210: cccf;
a211: bbbf;
a212: bbbf;
a213: cccf;
a214: cccf;
a215: dddf;
a216: dddf;
a217: dddf;
a218: dddf;
a219: cdcf;
a21a: cccf;
a21b: bcbf;
a21c: bbbf;
a21d: bbbf;
a21e: bbbf;
a21f: bccf;
a220: cccf;
a221: bbbf;
a222: abaf;
a223: 9aaf;
a224: 9a9f;
a225: 9a9f;
a226: 9a9f;
a227: 9a9f;
a228: 9aaf;
a229: aaaf;
a22a: abbf;
a22b: bbbf;
a22c: bbbf;
a22d: bccf;
a22e: bccf;
a22f: cccf;
a230: cccf;
a231: bccf;
a232: bccf;
a233: bbbf;
a234: bbbf;
a235: bcbf;
a236: bccf;
a237: bccf;
a238: bccf;
a239: cccf;
a23a: cddf;
a23b: cddf;
a23c: cddf;
a23d: cddf;
a23e: cddf;
a23f: cddf;
a240: cdcf;
a241: cccf;
a242: bccf;
a243: bccf;
a244: bccf;
a245: bccf;
a246: bccf;
a247: bccf;
a248: bccf;
a249: cddf;
a24a: cddf;
a24b: cddf;
a24c: cddf;
a24d: cddf;
a24e: cddf;
a24f: cddf;
a250: cddf;
a251: cddf;
a252: cddf;
a253: cddf;
a254: cddf;
a255: cddf;
a256: cddf;
a257: cddf;
a258: cddf;
a259: bbbf;
a25a: 777f;
a25b: 555f;
a25c: 444f;
a25d: 444f;
a25e: 444f;
a25f: 444f;
a260: 444f;
a261: 544f;
a262: 544f;
a263: 544f;
a264: 544f;
a265: 544f;
a266: 544f;
a267: 544f;
a268: 544f;
a269: 544f;
a26a: 544f;
a26b: 544f;
a26c: 544f;
a26d: 544f;
a26e: 544f;
a26f: 544f;
a270: 544f;
a271: 544f;
a272: 544f;
a273: 544f;
a274: 544f;
a275: 544f;
a276: 544f;
a277: 544f;
a278: 544f;
a279: 544f;
a27a: 544f;
a27b: 544f;
a27c: 544f;
a27d: 544f;
a27e: 544f;
a27f: 544f;
a280: 544f;
a281: 544f;
a282: 544f;
a283: 544f;
a284: 444f;
a285: 444f;
a286: 433f;
a287: 333f;
a288: 332f;
a289: 333f;
a28a: 433f;
a28b: 444f;
a28c: 444f;
a28d: 544f;
a28e: 544f;
a28f: 444f;
a290: 544f;
a291: 544f;
a292: 544f;
a293: 544f;
a294: 544f;
a295: 544f;
a296: 544f;
a297: 544f;
a298: 544f;
a299: 544f;
a29a: 544f;
a29b: 544f;
a29c: 544f;
a29d: 444f;
a29e: 444f;
a29f: 444f;
a2a0: 443f;
a2a1: 433f;
a2a2: 333f;
a2a3: 333f;
a2a4: 333f;
a2a5: 333f;
a2a6: 333f;
a2a7: 333f;
a2a8: 333f;
a2a9: 333f;
a2aa: 333f;
a2ab: 333f;
a2ac: 333f;
a2ad: 333f;
a2ae: 333f;
a2af: 333f;
a2b0: 333f;
a2b1: 333f;
a2b2: 333f;
a2b3: 333f;
a2b4: 333f;
a2b5: 333f;
a2b6: 333f;
a2b7: 333f;
a2b8: 333f;
a2b9: 333f;
a2ba: 333f;
a2bb: 333f;
a2bc: 343f;
a2bd: 444f;
a2be: 444f;
a2bf: 444f;
a2c0: 444f;
a2c1: 444f;
a2c2: 444f;
a2c3: 444f;
a2c4: 444f;
a2c5: 444f;
a2c6: 444f;
a2c7: 444f;
a2c8: 433f;
a2c9: 333f;
a2ca: 333f;
a2cb: 333f;
a2cc: 333f;
a2cd: 333f;
a2ce: 332f;
a2cf: 332f;
a2d0: 333f;
a2d1: 544f;
a2d2: 877f;
a2d3: baaf;
a2d4: ddcf;
a2d5: ddcf;
a2d6: ccbf;
a2d7: baaf;
a2d8: aa9f;
a2d9: a99f;
a2da: a99f;
a2db: a99f;
a2dc: a99f;
a2dd: a99f;
a2de: a99f;
a2df: a99f;
a2e0: a99f;
a2e1: a99f;
a2e2: a99f;
a2e3: a99f;
a2e4: aa9f;
a2e5: baaf;
a2e6: 877f;
a2e7: 544f;
a2e8: 443f;
a2e9: 444f;
a2ea: 544f;
a2eb: 544f;
a2ec: 544f;
a2ed: 544f;
a2ee: 544f;
a2ef: 544f;
a2f0: 544f;
a2f1: 544f;
a2f2: 444f;
a2f3: 444f;
a2f4: 544f;
a2f5: 544f;
a2f6: 544f;
a2f7: 444f;
a2f8: 443f;
a2f9: 544f;
a2fa: 666f;
a2fb: 887f;
a2fc: a99f;
a2fd: a99f;
a2fe: a99f;
a2ff: baaf;
a300: dddf;
a301: dddf;
a302: dddf;
a303: dddf;
a304: dddf;
a305: dddf;
a306: dddf;
a307: dddf;
a308: dddf;
a309: dddf;
a30a: dddf;
a30b: dddf;
a30c: dddf;
a30d: dddf;
a30e: cdcf;
a30f: cccf;
a310: cccf;
a311: bbbf;
a312: bbbf;
a313: cccf;
a314: cccf;
a315: dddf;
a316: dddf;
a317: dddf;
a318: dddf;
a319: cdcf;
a31a: cccf;
a31b: bcbf;
a31c: bbbf;
a31d: bbbf;
a31e: bccf;
a31f: cccf;
a320: cdcf;
a321: bccf;
a322: bbbf;
a323: abbf;
a324: 9aaf;
a325: 9aaf;
a326: 9a9f;
a327: 999f;
a328: 999f;
a329: 9aaf;
a32a: aaaf;
a32b: abbf;
a32c: bbbf;
a32d: bccf;
a32e: bccf;
a32f: cccf;
a330: cccf;
a331: cccf;
a332: bccf;
a333: bccf;
a334: bbbf;
a335: bbbf;
a336: bcbf;
a337: bccf;
a338: bccf;
a339: bccf;
a33a: cddf;
a33b: cddf;
a33c: cddf;
a33d: cddf;
a33e: cddf;
a33f: cddf;
a340: cddf;
a341: cdcf;
a342: cccf;
a343: bccf;
a344: bccf;
a345: bccf;
a346: bccf;
a347: bccf;
a348: bccf;
a349: bccf;
a34a: cddf;
a34b: cddf;
a34c: cddf;
a34d: cddf;
a34e: cddf;
a34f: cddf;
a350: cddf;
a351: cddf;
a352: cddf;
a353: cddf;
a354: cddf;
a355: cddf;
a356: cddf;
a357: cddf;
a358: bccf;
a359: 9aaf;
a35a: 666f;
a35b: 454f;
a35c: 344f;
a35d: 444f;
a35e: 444f;
a35f: 444f;
a360: 444f;
a361: 544f;
a362: 544f;
a363: 544f;
a364: 544f;
a365: 544f;
a366: 544f;
a367: 544f;
a368: 544f;
a369: 544f;
a36a: 544f;
a36b: 544f;
a36c: 544f;
a36d: 544f;
a36e: 544f;
a36f: 544f;
a370: 544f;
a371: 544f;
a372: 544f;
a373: 544f;
a374: 544f;
a375: 544f;
a376: 544f;
a377: 544f;
a378: 544f;
a379: 544f;
a37a: 544f;
a37b: 544f;
a37c: 544f;
a37d: 544f;
a37e: 544f;
a37f: 544f;
a380: 544f;
a381: 544f;
a382: 544f;
a383: 544f;
a384: 444f;
a385: 444f;
a386: 433f;
a387: 332f;
a388: 333f;
a389: 333f;
a38a: 433f;
a38b: 444f;
a38c: 444f;
a38d: 544f;
a38e: 544f;
a38f: 444f;
a390: 544f;
a391: 544f;
a392: 544f;
a393: 544f;
a394: 544f;
a395: 544f;
a396: 544f;
a397: 544f;
a398: 544f;
a399: 544f;
a39a: 544f;
a39b: 544f;
a39c: 444f;
a39d: 444f;
a39e: 444f;
a39f: 444f;
a3a0: 433f;
a3a1: 333f;
a3a2: 333f;
a3a3: 333f;
a3a4: 333f;
a3a5: 333f;
a3a6: 333f;
a3a7: 333f;
a3a8: 333f;
a3a9: 333f;
a3aa: 333f;
a3ab: 333f;
a3ac: 333f;
a3ad: 333f;
a3ae: 333f;
a3af: 333f;
a3b0: 333f;
a3b1: 333f;
a3b2: 333f;
a3b3: 333f;
a3b4: 333f;
a3b5: 333f;
a3b6: 333f;
a3b7: 333f;
a3b8: 333f;
a3b9: 333f;
a3ba: 333f;
a3bb: 333f;
a3bc: 343f;
a3bd: 444f;
a3be: 444f;
a3bf: 444f;
a3c0: 444f;
a3c1: 444f;
a3c2: 444f;
a3c3: 443f;
a3c4: 444f;
a3c5: 444f;
a3c6: 444f;
a3c7: 443f;
a3c8: 433f;
a3c9: 333f;
a3ca: 333f;
a3cb: 433f;
a3cc: 333f;
a3cd: 333f;
a3ce: 332f;
a3cf: 332f;
a3d0: 443f;
a3d1: 766f;
a3d2: 999f;
a3d3: cbbf;
a3d4: ddcf;
a3d5: ddcf;
a3d6: dccf;
a3d7: bbaf;
a3d8: aa9f;
a3d9: a99f;
a3da: a99f;
a3db: a99f;
a3dc: ba9f;
a3dd: a99f;
a3de: a99f;
a3df: a99f;
a3e0: a99f;
a3e1: a99f;
a3e2: a99f;
a3e3: a99f;
a3e4: a99f;
a3e5: baaf;
a3e6: 877f;
a3e7: 544f;
a3e8: 443f;
a3e9: 444f;
a3ea: 544f;
a3eb: 544f;
a3ec: 544f;
a3ed: 544f;
a3ee: 544f;
a3ef: 544f;
a3f0: 544f;
a3f1: 544f;
a3f2: 544f;
a3f3: 544f;
a3f4: 444f;
a3f5: 544f;
a3f6: 544f;
a3f7: 444f;
a3f8: 544f;
a3f9: 555f;
a3fa: 766f;
a3fb: 988f;
a3fc: a99f;
a3fd: aa9f;
a3fe: aa9f;
a3ff: cbbf;
a400: dddf;
a401: dddf;
a402: dddf;
a403: dddf;
a404: dddf;
a405: dddf;
a406: dddf;
a407: dddf;
a408: dddf;
a409: dddf;
a40a: dddf;
a40b: dddf;
a40c: dddf;
a40d: dddf;
a40e: cdcf;
a40f: cccf;
a410: cccf;
a411: bbbf;
a412: bbbf;
a413: cccf;
a414: cdcf;
a415: dddf;
a416: dddf;
a417: dddf;
a418: dddf;
a419: cdcf;
a41a: cccf;
a41b: cccf;
a41c: bbbf;
a41d: bbbf;
a41e: cccf;
a41f: cddf;
a420: cddf;
a421: cccf;
a422: bccf;
a423: bcbf;
a424: abbf;
a425: aaaf;
a426: 9aaf;
a427: 9a9f;
a428: 9aaf;
a429: 9aaf;
a42a: aaaf;
a42b: abbf;
a42c: abbf;
a42d: bbbf;
a42e: bccf;
a42f: bccf;
a430: cccf;
a431: cccf;
a432: bccf;
a433: bccf;
a434: bccf;
a435: bbbf;
a436: bbbf;
a437: bbbf;
a438: bccf;
a439: bccf;
a43a: cccf;
a43b: cddf;
a43c: cddf;
a43d: cddf;
a43e: cddf;
a43f: cddf;
a440: cdcf;
a441: cdcf;
a442: cdcf;
a443: cccf;
a444: cccf;
a445: bccf;
a446: bccf;
a447: bccf;
a448: bccf;
a449: bccf;
a44a: cccf;
a44b: cdcf;
a44c: cddf;
a44d: cddf;
a44e: cddf;
a44f: cddf;
a450: cddf;
a451: cddf;
a452: cddf;
a453: cddf;
a454: cddf;
a455: cddf;
a456: cddf;
a457: cddf;
a458: bbbf;
a459: 899f;
a45a: 565f;
a45b: 444f;
a45c: 444f;
a45d: 444f;
a45e: 444f;
a45f: 444f;
a460: 544f;
a461: 544f;
a462: 544f;
a463: 544f;
a464: 544f;
a465: 544f;
a466: 544f;
a467: 544f;
a468: 544f;
a469: 544f;
a46a: 544f;
a46b: 544f;
a46c: 544f;
a46d: 544f;
a46e: 544f;
a46f: 544f;
a470: 544f;
a471: 544f;
a472: 544f;
a473: 544f;
a474: 544f;
a475: 544f;
a476: 544f;
a477: 544f;
a478: 544f;
a479: 544f;
a47a: 544f;
a47b: 544f;
a47c: 544f;
a47d: 544f;
a47e: 544f;
a47f: 544f;
a480: 544f;
a481: 544f;
a482: 544f;
a483: 444f;
a484: 444f;
a485: 443f;
a486: 333f;
a487: 333f;
a488: 333f;
a489: 333f;
a48a: 433f;
a48b: 444f;
a48c: 544f;
a48d: 544f;
a48e: 544f;
a48f: 544f;
a490: 544f;
a491: 544f;
a492: 544f;
a493: 544f;
a494: 544f;
a495: 544f;
a496: 544f;
a497: 544f;
a498: 544f;
a499: 544f;
a49a: 544f;
a49b: 544f;
a49c: 544f;
a49d: 544f;
a49e: 444f;
a49f: 444f;
a4a0: 433f;
a4a1: 333f;
a4a2: 333f;
a4a3: 333f;
a4a4: 333f;
a4a5: 333f;
a4a6: 333f;
a4a7: 333f;
a4a8: 333f;
a4a9: 333f;
a4aa: 333f;
a4ab: 333f;
a4ac: 333f;
a4ad: 333f;
a4ae: 333f;
a4af: 333f;
a4b0: 333f;
a4b1: 333f;
a4b2: 333f;
a4b3: 333f;
a4b4: 333f;
a4b5: 333f;
a4b6: 333f;
a4b7: 333f;
a4b8: 333f;
a4b9: 333f;
a4ba: 333f;
a4bb: 333f;
a4bc: 343f;
a4bd: 444f;
a4be: 444f;
a4bf: 444f;
a4c0: 444f;
a4c1: 444f;
a4c2: 444f;
a4c3: 444f;
a4c4: 444f;
a4c5: 444f;
a4c6: 444f;
a4c7: 433f;
a4c8: 433f;
a4c9: 333f;
a4ca: 333f;
a4cb: 433f;
a4cc: 333f;
a4cd: 322f;
a4ce: 332f;
a4cf: 333f;
a4d0: 554f;
a4d1: 988f;
a4d2: baaf;
a4d3: dccf;
a4d4: eddf;
a4d5: ddcf;
a4d6: ccbf;
a4d7: cbbf;
a4d8: aa9f;
a4d9: 988f;
a4da: 998f;
a4db: a99f;
a4dc: baaf;
a4dd: a99f;
a4de: a99f;
a4df: ba9f;
a4e0: a99f;
a4e1: a99f;
a4e2: a99f;
a4e3: a99f;
a4e4: a99f;
a4e5: bbaf;
a4e6: 877f;
a4e7: 544f;
a4e8: 443f;
a4e9: 444f;
a4ea: 544f;
a4eb: 544f;
a4ec: 544f;
a4ed: 544f;
a4ee: 544f;
a4ef: 544f;
a4f0: 544f;
a4f1: 544f;
a4f2: 544f;
a4f3: 444f;
a4f4: 544f;
a4f5: 544f;
a4f6: 443f;
a4f7: 444f;
a4f8: 544f;
a4f9: 665f;
a4fa: 877f;
a4fb: 988f;
a4fc: a99f;
a4fd: aa9f;
a4fe: baaf;
a4ff: cbbf;
a500: dddf;
a501: dddf;
a502: dddf;
a503: dddf;
a504: dddf;
a505: dddf;
a506: dddf;
a507: dddf;
a508: dddf;
a509: dddf;
a50a: dddf;
a50b: dddf;
a50c: dddf;
a50d: dddf;
a50e: cdcf;
a50f: cccf;
a510: cccf;
a511: bbbf;
a512: bbbf;
a513: cccf;
a514: cdcf;
a515: dddf;
a516: dddf;
a517: dddf;
a518: dddf;
a519: cdcf;
a51a: cccf;
a51b: cccf;
a51c: bbbf;
a51d: bcbf;
a51e: cccf;
a51f: cddf;
a520: dddf;
a521: cdcf;
a522: cccf;
a523: cccf;
a524: bbbf;
a525: abbf;
a526: aaaf;
a527: 9aaf;
a528: 9aaf;
a529: 9aaf;
a52a: 9aaf;
a52b: aaaf;
a52c: abbf;
a52d: abbf;
a52e: bbbf;
a52f: bccf;
a530: bccf;
a531: cccf;
a532: cccf;
a533: bccf;
a534: bccf;
a535: bccf;
a536: bbbf;
a537: bbbf;
a538: bbcf;
a539: bccf;
a53a: bccf;
a53b: cccf;
a53c: cddf;
a53d: cddf;
a53e: cddf;
a53f: cddf;
a540: cdcf;
a541: cdcf;
a542: cdcf;
a543: cdcf;
a544: cdcf;
a545: cccf;
a546: bccf;
a547: bccf;
a548: bccf;
a549: bccf;
a54a: bccf;
a54b: bccf;
a54c: cdcf;
a54d: cddf;
a54e: cddf;
a54f: cddf;
a550: cddf;
a551: cddf;
a552: cddf;
a553: cddf;
a554: cddf;
a555: cddf;
a556: cddf;
a557: dddf;
a558: abbf;
a559: 788f;
a55a: 454f;
a55b: 344f;
a55c: 444f;
a55d: 444f;
a55e: 444f;
a55f: 444f;
a560: 544f;
a561: 544f;
a562: 544f;
a563: 544f;
a564: 544f;
a565: 544f;
a566: 544f;
a567: 544f;
a568: 544f;
a569: 544f;
a56a: 544f;
a56b: 544f;
a56c: 544f;
a56d: 544f;
a56e: 544f;
a56f: 544f;
a570: 544f;
a571: 544f;
a572: 544f;
a573: 544f;
a574: 544f;
a575: 544f;
a576: 544f;
a577: 544f;
a578: 544f;
a579: 544f;
a57a: 544f;
a57b: 544f;
a57c: 544f;
a57d: 544f;
a57e: 544f;
a57f: 544f;
a580: 544f;
a581: 544f;
a582: 544f;
a583: 444f;
a584: 444f;
a585: 443f;
a586: 333f;
a587: 333f;
a588: 333f;
a589: 333f;
a58a: 433f;
a58b: 444f;
a58c: 544f;
a58d: 544f;
a58e: 544f;
a58f: 544f;
a590: 544f;
a591: 544f;
a592: 544f;
a593: 544f;
a594: 544f;
a595: 544f;
a596: 544f;
a597: 544f;
a598: 544f;
a599: 544f;
a59a: 544f;
a59b: 544f;
a59c: 444f;
a59d: 544f;
a59e: 444f;
a59f: 443f;
a5a0: 433f;
a5a1: 333f;
a5a2: 333f;
a5a3: 333f;
a5a4: 333f;
a5a5: 333f;
a5a6: 333f;
a5a7: 333f;
a5a8: 333f;
a5a9: 333f;
a5aa: 333f;
a5ab: 333f;
a5ac: 333f;
a5ad: 333f;
a5ae: 333f;
a5af: 333f;
a5b0: 333f;
a5b1: 433f;
a5b2: 333f;
a5b3: 333f;
a5b4: 333f;
a5b5: 333f;
a5b6: 333f;
a5b7: 333f;
a5b8: 333f;
a5b9: 333f;
a5ba: 333f;
a5bb: 333f;
a5bc: 343f;
a5bd: 444f;
a5be: 444f;
a5bf: 444f;
a5c0: 444f;
a5c1: 444f;
a5c2: 444f;
a5c3: 444f;
a5c4: 444f;
a5c5: 444f;
a5c6: 443f;
a5c7: 333f;
a5c8: 333f;
a5c9: 333f;
a5ca: 333f;
a5cb: 333f;
a5cc: 332f;
a5cd: 332f;
a5ce: 332f;
a5cf: 433f;
a5d0: 665f;
a5d1: baaf;
a5d2: ccbf;
a5d3: dccf;
a5d4: edcf;
a5d5: dccf;
a5d6: ccbf;
a5d7: cbbf;
a5d8: aa9f;
a5d9: 998f;
a5da: a98f;
a5db: a99f;
a5dc: a99f;
a5dd: a99f;
a5de: a99f;
a5df: ba9f;
a5e0: a99f;
a5e1: a99f;
a5e2: a99f;
a5e3: a99f;
a5e4: baaf;
a5e5: bbaf;
a5e6: 877f;
a5e7: 544f;
a5e8: 443f;
a5e9: 444f;
a5ea: 544f;
a5eb: 544f;
a5ec: 544f;
a5ed: 544f;
a5ee: 544f;
a5ef: 544f;
a5f0: 544f;
a5f1: 544f;
a5f2: 444f;
a5f3: 444f;
a5f4: 544f;
a5f5: 544f;
a5f6: 443f;
a5f7: 444f;
a5f8: 544f;
a5f9: 766f;
a5fa: 888f;
a5fb: a99f;
a5fc: a99f;
a5fd: aa9f;
a5fe: baaf;
a5ff: cbbf;
a600: dddf;
a601: dddf;
a602: dddf;
a603: dddf;
a604: dddf;
a605: dddf;
a606: dddf;
a607: dddf;
a608: dddf;
a609: dddf;
a60a: dddf;
a60b: dddf;
a60c: dddf;
a60d: dddf;
a60e: cdcf;
a60f: cccf;
a610: cccf;
a611: bbbf;
a612: bbbf;
a613: cccf;
a614: cdcf;
a615: dddf;
a616: dddf;
a617: dddf;
a618: dddf;
a619: cdcf;
a61a: cccf;
a61b: cccf;
a61c: bcbf;
a61d: bccf;
a61e: cccf;
a61f: dddf;
a620: dddf;
a621: cddf;
a622: cddf;
a623: cdcf;
a624: cccf;
a625: bcbf;
a626: abbf;
a627: aaaf;
a628: 9aaf;
a629: 9aaf;
a62a: 9aaf;
a62b: aaaf;
a62c: aaaf;
a62d: abbf;
a62e: abbf;
a62f: bbbf;
a630: bccf;
a631: bccf;
a632: bccf;
a633: cccf;
a634: cccf;
a635: bccf;
a636: bccf;
a637: bbbf;
a638: bcbf;
a639: bcbf;
a63a: bccf;
a63b: bccf;
a63c: cccf;
a63d: cdcf;
a63e: cddf;
a63f: cddf;
a640: cdcf;
a641: cdcf;
a642: cdcf;
a643: cdcf;
a644: cdcf;
a645: cdcf;
a646: cccf;
a647: bccf;
a648: bccf;
a649: bccf;
a64a: bccf;
a64b: bccf;
a64c: bccf;
a64d: cdcf;
a64e: cddf;
a64f: cddf;
a650: cddf;
a651: cddf;
a652: cddf;
a653: cddf;
a654: cddf;
a655: cddf;
a656: cddf;
a657: cddf;
a658: abaf;
a659: 677f;
a65a: 444f;
a65b: 344f;
a65c: 444f;
a65d: 444f;
a65e: 444f;
a65f: 444f;
a660: 544f;
a661: 544f;
a662: 544f;
a663: 544f;
a664: 544f;
a665: 544f;
a666: 544f;
a667: 544f;
a668: 544f;
a669: 544f;
a66a: 544f;
a66b: 544f;
a66c: 544f;
a66d: 544f;
a66e: 544f;
a66f: 544f;
a670: 544f;
a671: 544f;
a672: 544f;
a673: 544f;
a674: 544f;
a675: 544f;
a676: 544f;
a677: 544f;
a678: 544f;
a679: 544f;
a67a: 544f;
a67b: 544f;
a67c: 544f;
a67d: 544f;
a67e: 544f;
a67f: 544f;
a680: 544f;
a681: 544f;
a682: 544f;
a683: 444f;
a684: 444f;
a685: 433f;
a686: 333f;
a687: 333f;
a688: 333f;
a689: 333f;
a68a: 443f;
a68b: 444f;
a68c: 544f;
a68d: 544f;
a68e: 544f;
a68f: 544f;
a690: 544f;
a691: 544f;
a692: 544f;
a693: 544f;
a694: 544f;
a695: 544f;
a696: 544f;
a697: 544f;
a698: 544f;
a699: 544f;
a69a: 544f;
a69b: 544f;
a69c: 444f;
a69d: 444f;
a69e: 444f;
a69f: 443f;
a6a0: 333f;
a6a1: 333f;
a6a2: 333f;
a6a3: 333f;
a6a4: 333f;
a6a5: 333f;
a6a6: 333f;
a6a7: 333f;
a6a8: 333f;
a6a9: 333f;
a6aa: 333f;
a6ab: 333f;
a6ac: 333f;
a6ad: 333f;
a6ae: 333f;
a6af: 333f;
a6b0: 333f;
a6b1: 433f;
a6b2: 433f;
a6b3: 433f;
a6b4: 333f;
a6b5: 333f;
a6b6: 333f;
a6b7: 333f;
a6b8: 333f;
a6b9: 333f;
a6ba: 333f;
a6bb: 333f;
a6bc: 443f;
a6bd: 444f;
a6be: 444f;
a6bf: 444f;
a6c0: 444f;
a6c1: 444f;
a6c2: 444f;
a6c3: 444f;
a6c4: 444f;
a6c5: 444f;
a6c6: 443f;
a6c7: 333f;
a6c8: 333f;
a6c9: 333f;
a6ca: 333f;
a6cb: 333f;
a6cc: 322f;
a6cd: 333f;
a6ce: 433f;
a6cf: 544f;
a6d0: 776f;
a6d1: cbbf;
a6d2: dccf;
a6d3: dccf;
a6d4: dccf;
a6d5: dccf;
a6d6: ccbf;
a6d7: bbaf;
a6d8: ba9f;
a6d9: a99f;
a6da: a99f;
a6db: a99f;
a6dc: a99f;
a6dd: a99f;
a6de: a99f;
a6df: a99f;
a6e0: a99f;
a6e1: a99f;
a6e2: a99f;
a6e3: a99f;
a6e4: aa9f;
a6e5: baaf;
a6e6: 877f;
a6e7: 544f;
a6e8: 443f;
a6e9: 444f;
a6ea: 544f;
a6eb: 544f;
a6ec: 544f;
a6ed: 544f;
a6ee: 544f;
a6ef: 544f;
a6f0: 544f;
a6f1: 544f;
a6f2: 444f;
a6f3: 444f;
a6f4: 544f;
a6f5: 444f;
a6f6: 443f;
a6f7: 444f;
a6f8: 554f;
a6f9: 776f;
a6fa: 988f;
a6fb: a99f;
a6fc: a99f;
a6fd: baaf;
a6fe: cbbf;
a6ff: dccf;
a700: dddf;
a701: dddf;
a702: dddf;
a703: dddf;
a704: dddf;
a705: dddf;
a706: dddf;
a707: dddf;
a708: dddf;
a709: dddf;
a70a: dddf;
a70b: dddf;
a70c: dddf;
a70d: dddf;
a70e: cdcf;
a70f: cccf;
a710: cccf;
a711: bbbf;
a712: bbbf;
a713: cccf;
a714: cdcf;
a715: dddf;
a716: dddf;
a717: dddf;
a718: dddf;
a719: cdcf;
a71a: cccf;
a71b: cccf;
a71c: bccf;
a71d: cccf;
a71e: cdcf;
a71f: dddf;
a720: dddf;
a721: cddf;
a722: dddf;
a723: cddf;
a724: cccf;
a725: cccf;
a726: bccf;
a727: abbf;
a728: abaf;
a729: aaaf;
a72a: aaaf;
a72b: aaaf;
a72c: 9aaf;
a72d: aaaf;
a72e: abbf;
a72f: bbbf;
a730: bbbf;
a731: bccf;
a732: bccf;
a733: bccf;
a734: cccf;
a735: cccf;
a736: bccf;
a737: bccf;
a738: bcbf;
a739: bcbf;
a73a: bcbf;
a73b: bccf;
a73c: bccf;
a73d: cccf;
a73e: cdcf;
a73f: cddf;
a740: cddf;
a741: cdcf;
a742: cdcf;
a743: cdcf;
a744: cddf;
a745: cdcf;
a746: cdcf;
a747: cccf;
a748: bccf;
a749: bccf;
a74a: bccf;
a74b: bccf;
a74c: bccf;
a74d: bccf;
a74e: cdcf;
a74f: cddf;
a750: cddf;
a751: cddf;
a752: cddf;
a753: cddf;
a754: cddf;
a755: cddf;
a756: cddf;
a757: cdcf;
a758: 999f;
a759: 566f;
a75a: 444f;
a75b: 344f;
a75c: 444f;
a75d: 444f;
a75e: 444f;
a75f: 444f;
a760: 544f;
a761: 544f;
a762: 544f;
a763: 544f;
a764: 544f;
a765: 544f;
a766: 544f;
a767: 544f;
a768: 544f;
a769: 544f;
a76a: 544f;
a76b: 544f;
a76c: 544f;
a76d: 544f;
a76e: 544f;
a76f: 544f;
a770: 544f;
a771: 544f;
a772: 544f;
a773: 544f;
a774: 544f;
a775: 544f;
a776: 544f;
a777: 544f;
a778: 544f;
a779: 544f;
a77a: 544f;
a77b: 544f;
a77c: 544f;
a77d: 544f;
a77e: 544f;
a77f: 544f;
a780: 544f;
a781: 544f;
a782: 544f;
a783: 444f;
a784: 444f;
a785: 433f;
a786: 333f;
a787: 333f;
a788: 333f;
a789: 333f;
a78a: 443f;
a78b: 444f;
a78c: 544f;
a78d: 544f;
a78e: 544f;
a78f: 544f;
a790: 544f;
a791: 544f;
a792: 544f;
a793: 544f;
a794: 544f;
a795: 544f;
a796: 544f;
a797: 544f;
a798: 544f;
a799: 544f;
a79a: 544f;
a79b: 544f;
a79c: 444f;
a79d: 444f;
a79e: 444f;
a79f: 443f;
a7a0: 333f;
a7a1: 333f;
a7a2: 333f;
a7a3: 333f;
a7a4: 333f;
a7a5: 333f;
a7a6: 333f;
a7a7: 333f;
a7a8: 333f;
a7a9: 333f;
a7aa: 333f;
a7ab: 333f;
a7ac: 333f;
a7ad: 333f;
a7ae: 333f;
a7af: 333f;
a7b0: 333f;
a7b1: 443f;
a7b2: 444f;
a7b3: 444f;
a7b4: 444f;
a7b5: 333f;
a7b6: 333f;
a7b7: 333f;
a7b8: 333f;
a7b9: 333f;
a7ba: 333f;
a7bb: 333f;
a7bc: 443f;
a7bd: 444f;
a7be: 444f;
a7bf: 444f;
a7c0: 444f;
a7c1: 444f;
a7c2: 544f;
a7c3: 444f;
a7c4: 444f;
a7c5: 444f;
a7c6: 433f;
a7c7: 333f;
a7c8: 333f;
a7c9: 333f;
a7ca: 333f;
a7cb: 333f;
a7cc: 322f;
a7cd: 333f;
a7ce: 443f;
a7cf: 665f;
a7d0: 988f;
a7d1: dccf;
a7d2: dccf;
a7d3: dccf;
a7d4: dccf;
a7d5: dccf;
a7d6: ccbf;
a7d7: bbaf;
a7d8: baaf;
a7d9: a99f;
a7da: a99f;
a7db: a99f;
a7dc: a99f;
a7dd: a99f;
a7de: a99f;
a7df: a99f;
a7e0: a99f;
a7e1: a99f;
a7e2: a99f;
a7e3: a99f;
a7e4: a99f;
a7e5: baaf;
a7e6: 877f;
a7e7: 544f;
a7e8: 443f;
a7e9: 444f;
a7ea: 544f;
a7eb: 544f;
a7ec: 544f;
a7ed: 544f;
a7ee: 544f;
a7ef: 544f;
a7f0: 544f;
a7f1: 544f;
a7f2: 444f;
a7f3: 444f;
a7f4: 444f;
a7f5: 444f;
a7f6: 444f;
a7f7: 444f;
a7f8: 655f;
a7f9: 877f;
a7fa: 998f;
a7fb: aa9f;
a7fc: aa9f;
a7fd: bbaf;
a7fe: cbbf;
a7ff: dccf;
a800: dddf;
a801: dddf;
a802: dddf;
a803: dddf;
a804: dddf;
a805: dddf;
a806: dddf;
a807: dddf;
a808: dddf;
a809: dddf;
a80a: dddf;
a80b: dddf;
a80c: dddf;
a80d: dddf;
a80e: dddf;
a80f: cdcf;
a810: cccf;
a811: bbbf;
a812: bbbf;
a813: cccf;
a814: cccf;
a815: dddf;
a816: dddf;
a817: dddf;
a818: dddf;
a819: cdcf;
a81a: cccf;
a81b: cccf;
a81c: cccf;
a81d: cccf;
a81e: cdcf;
a81f: dddf;
a820: dddf;
a821: dddf;
a822: dddf;
a823: dddf;
a824: dddf;
a825: cddf;
a826: cccf;
a827: bccf;
a828: bbbf;
a829: abbf;
a82a: abbf;
a82b: aaaf;
a82c: 9aaf;
a82d: 9aaf;
a82e: aaaf;
a82f: abaf;
a830: abbf;
a831: bbbf;
a832: bccf;
a833: bccf;
a834: cccf;
a835: cccf;
a836: cccf;
a837: cccf;
a838: bccf;
a839: bcbf;
a83a: bbbf;
a83b: abbf;
a83c: bbbf;
a83d: bccf;
a83e: bccf;
a83f: cccf;
a840: cccf;
a841: cccf;
a842: cdcf;
a843: cdcf;
a844: cddf;
a845: cddf;
a846: cddf;
a847: cddf;
a848: cddf;
a849: cccf;
a84a: bccf;
a84b: bccf;
a84c: bccf;
a84d: bccf;
a84e: bccf;
a84f: bccf;
a850: cddf;
a851: cddf;
a852: cddf;
a853: cdcf;
a854: cddf;
a855: cddf;
a856: cddf;
a857: bccf;
a858: 888f;
a859: 454f;
a85a: 444f;
a85b: 444f;
a85c: 444f;
a85d: 444f;
a85e: 444f;
a85f: 444f;
a860: 544f;
a861: 544f;
a862: 544f;
a863: 544f;
a864: 544f;
a865: 544f;
a866: 544f;
a867: 544f;
a868: 544f;
a869: 544f;
a86a: 544f;
a86b: 544f;
a86c: 544f;
a86d: 544f;
a86e: 544f;
a86f: 544f;
a870: 544f;
a871: 544f;
a872: 544f;
a873: 544f;
a874: 544f;
a875: 544f;
a876: 544f;
a877: 544f;
a878: 544f;
a879: 544f;
a87a: 544f;
a87b: 544f;
a87c: 544f;
a87d: 544f;
a87e: 544f;
a87f: 544f;
a880: 544f;
a881: 544f;
a882: 544f;
a883: 444f;
a884: 443f;
a885: 333f;
a886: 333f;
a887: 333f;
a888: 333f;
a889: 333f;
a88a: 444f;
a88b: 444f;
a88c: 544f;
a88d: 544f;
a88e: 544f;
a88f: 544f;
a890: 544f;
a891: 544f;
a892: 544f;
a893: 544f;
a894: 544f;
a895: 544f;
a896: 544f;
a897: 544f;
a898: 544f;
a899: 444f;
a89a: 444f;
a89b: 444f;
a89c: 444f;
a89d: 444f;
a89e: 443f;
a89f: 333f;
a8a0: 333f;
a8a1: 333f;
a8a2: 333f;
a8a3: 333f;
a8a4: 333f;
a8a5: 333f;
a8a6: 333f;
a8a7: 333f;
a8a8: 333f;
a8a9: 333f;
a8aa: 333f;
a8ab: 333f;
a8ac: 333f;
a8ad: 333f;
a8ae: 333f;
a8af: 333f;
a8b0: 333f;
a8b1: 444f;
a8b2: 655f;
a8b3: 555f;
a8b4: 444f;
a8b5: 433f;
a8b6: 333f;
a8b7: 333f;
a8b8: 333f;
a8b9: 333f;
a8ba: 333f;
a8bb: 443f;
a8bc: 444f;
a8bd: 444f;
a8be: 444f;
a8bf: 544f;
a8c0: 554f;
a8c1: 544f;
a8c2: 544f;
a8c3: 444f;
a8c4: 544f;
a8c5: 444f;
a8c6: 333f;
a8c7: 333f;
a8c8: 333f;
a8c9: 333f;
a8ca: 333f;
a8cb: 322f;
a8cc: 322f;
a8cd: 333f;
a8ce: 554f;
a8cf: 887f;
a8d0: baaf;
a8d1: dccf;
a8d2: dccf;
a8d3: ddcf;
a8d4: dccf;
a8d5: dccf;
a8d6: dccf;
a8d7: cbbf;
a8d8: baaf;
a8d9: a99f;
a8da: a99f;
a8db: a99f;
a8dc: a99f;
a8dd: a99f;
a8de: a99f;
a8df: a99f;
a8e0: a99f;
a8e1: a99f;
a8e2: a99f;
a8e3: a99f;
a8e4: a99f;
a8e5: ba9f;
a8e6: 876f;
a8e7: 544f;
a8e8: 443f;
a8e9: 443f;
a8ea: 544f;
a8eb: 544f;
a8ec: 544f;
a8ed: 544f;
a8ee: 554f;
a8ef: 554f;
a8f0: 544f;
a8f1: 544f;
a8f2: 444f;
a8f3: 444f;
a8f4: 443f;
a8f5: 443f;
a8f6: 433f;
a8f7: 444f;
a8f8: 766f;
a8f9: 998f;
a8fa: a99f;
a8fb: a99f;
a8fc: baaf;
a8fd: cbbf;
a8fe: dcbf;
a8ff: dccf;
a900: dddf;
a901: dddf;
a902: dddf;
a903: dddf;
a904: dddf;
a905: dddf;
a906: dddf;
a907: dddf;
a908: dddf;
a909: dddf;
a90a: dddf;
a90b: dddf;
a90c: dddf;
a90d: dddf;
a90e: dddf;
a90f: cdcf;
a910: cccf;
a911: bbbf;
a912: bbbf;
a913: cccf;
a914: cccf;
a915: dddf;
a916: dddf;
a917: dddf;
a918: dddf;
a919: cdcf;
a91a: cccf;
a91b: cccf;
a91c: cccf;
a91d: cccf;
a91e: cdcf;
a91f: dddf;
a920: dddf;
a921: dddf;
a922: dddf;
a923: dddf;
a924: dddf;
a925: dddf;
a926: cddf;
a927: cccf;
a928: bccf;
a929: bbbf;
a92a: bbbf;
a92b: abbf;
a92c: 9aaf;
a92d: 9aaf;
a92e: 9aaf;
a92f: aaaf;
a930: abbf;
a931: bbbf;
a932: bbbf;
a933: bbbf;
a934: bccf;
a935: bccf;
a936: cccf;
a937: cccf;
a938: cccf;
a939: bccf;
a93a: bbbf;
a93b: abbf;
a93c: bbbf;
a93d: bcbf;
a93e: bccf;
a93f: cccf;
a940: cccf;
a941: cccf;
a942: cdcf;
a943: cddf;
a944: cddf;
a945: cddf;
a946: cddf;
a947: cddf;
a948: cddf;
a949: cdcf;
a94a: cccf;
a94b: bccf;
a94c: bccf;
a94d: bccf;
a94e: bcbf;
a94f: bccf;
a950: bccf;
a951: cdcf;
a952: cddf;
a953: cddf;
a954: dddf;
a955: cddf;
a956: cddf;
a957: abbf;
a958: 788f;
a959: 444f;
a95a: 444f;
a95b: 444f;
a95c: 444f;
a95d: 444f;
a95e: 444f;
a95f: 444f;
a960: 544f;
a961: 544f;
a962: 544f;
a963: 544f;
a964: 544f;
a965: 544f;
a966: 544f;
a967: 544f;
a968: 544f;
a969: 544f;
a96a: 544f;
a96b: 544f;
a96c: 544f;
a96d: 544f;
a96e: 544f;
a96f: 544f;
a970: 544f;
a971: 544f;
a972: 544f;
a973: 544f;
a974: 544f;
a975: 544f;
a976: 544f;
a977: 544f;
a978: 544f;
a979: 544f;
a97a: 544f;
a97b: 544f;
a97c: 544f;
a97d: 544f;
a97e: 544f;
a97f: 544f;
a980: 544f;
a981: 544f;
a982: 544f;
a983: 444f;
a984: 443f;
a985: 333f;
a986: 333f;
a987: 333f;
a988: 333f;
a989: 333f;
a98a: 444f;
a98b: 444f;
a98c: 544f;
a98d: 544f;
a98e: 544f;
a98f: 544f;
a990: 544f;
a991: 544f;
a992: 544f;
a993: 544f;
a994: 544f;
a995: 544f;
a996: 544f;
a997: 544f;
a998: 544f;
a999: 444f;
a99a: 444f;
a99b: 444f;
a99c: 444f;
a99d: 444f;
a99e: 433f;
a99f: 333f;
a9a0: 333f;
a9a1: 333f;
a9a2: 333f;
a9a3: 333f;
a9a4: 333f;
a9a5: 333f;
a9a6: 333f;
a9a7: 333f;
a9a8: 333f;
a9a9: 333f;
a9aa: 333f;
a9ab: 333f;
a9ac: 333f;
a9ad: 333f;
a9ae: 332f;
a9af: 332f;
a9b0: 433f;
a9b1: 555f;
a9b2: 666f;
a9b3: 555f;
a9b4: 444f;
a9b5: 333f;
a9b6: 333f;
a9b7: 333f;
a9b8: 333f;
a9b9: 333f;
a9ba: 333f;
a9bb: 443f;
a9bc: 444f;
a9bd: 444f;
a9be: 444f;
a9bf: 444f;
a9c0: 554f;
a9c1: 544f;
a9c2: 544f;
a9c3: 444f;
a9c4: 444f;
a9c5: 444f;
a9c6: 333f;
a9c7: 333f;
a9c8: 333f;
a9c9: 333f;
a9ca: 333f;
a9cb: 322f;
a9cc: 333f;
a9cd: 444f;
a9ce: 666f;
a9cf: 999f;
a9d0: cbbf;
a9d1: ddcf;
a9d2: ddcf;
a9d3: dccf;
a9d4: dccf;
a9d5: dccf;
a9d6: dccf;
a9d7: cbbf;
a9d8: baaf;
a9d9: a99f;
a9da: a99f;
a9db: a99f;
a9dc: a99f;
a9dd: a99f;
a9de: a99f;
a9df: a99f;
a9e0: a99f;
a9e1: a99f;
a9e2: a99f;
a9e3: a99f;
a9e4: a99f;
a9e5: ba9f;
a9e6: 876f;
a9e7: 544f;
a9e8: 443f;
a9e9: 544f;
a9ea: 544f;
a9eb: 544f;
a9ec: 544f;
a9ed: 544f;
a9ee: 544f;
a9ef: 554f;
a9f0: 544f;
a9f1: 544f;
a9f2: 544f;
a9f3: 444f;
a9f4: 444f;
a9f5: 443f;
a9f6: 443f;
a9f7: 554f;
a9f8: 766f;
a9f9: 998f;
a9fa: a99f;
a9fb: aa9f;
a9fc: baaf;
a9fd: cbbf;
a9fe: dcbf;
a9ff: dccf;
aa00: cddf;
aa01: dddf;
aa02: dddf;
aa03: dddf;
aa04: dddf;
aa05: dddf;
aa06: dddf;
aa07: dddf;
aa08: dddf;
aa09: dddf;
aa0a: dddf;
aa0b: dddf;
aa0c: dddf;
aa0d: dddf;
aa0e: dddf;
aa0f: cdcf;
aa10: cccf;
aa11: bbbf;
aa12: bbbf;
aa13: cccf;
aa14: cccf;
aa15: dddf;
aa16: dddf;
aa17: dddf;
aa18: dddf;
aa19: cdcf;
aa1a: cccf;
aa1b: cccf;
aa1c: cccf;
aa1d: cccf;
aa1e: cdcf;
aa1f: dddf;
aa20: dddf;
aa21: dddf;
aa22: dddf;
aa23: dddf;
aa24: dddf;
aa25: dddf;
aa26: cddf;
aa27: cddf;
aa28: cccf;
aa29: bccf;
aa2a: bccf;
aa2b: bbbf;
aa2c: abaf;
aa2d: aaaf;
aa2e: 9aaf;
aa2f: aaaf;
aa30: abaf;
aa31: abbf;
aa32: abbf;
aa33: abbf;
aa34: bbbf;
aa35: bccf;
aa36: cccf;
aa37: cccf;
aa38: cccf;
aa39: bccf;
aa3a: bccf;
aa3b: bcbf;
aa3c: bbbf;
aa3d: bbbf;
aa3e: bccf;
aa3f: bccf;
aa40: cccf;
aa41: cccf;
aa42: cdcf;
aa43: cddf;
aa44: cddf;
aa45: cddf;
aa46: cddf;
aa47: cddf;
aa48: cddf;
aa49: cdcf;
aa4a: cccf;
aa4b: cccf;
aa4c: bccf;
aa4d: bccf;
aa4e: bbbf;
aa4f: bcbf;
aa50: bccf;
aa51: bccf;
aa52: cdcf;
aa53: cddf;
aa54: dddf;
aa55: dddf;
aa56: cccf;
aa57: aaaf;
aa58: 677f;
aa59: 444f;
aa5a: 444f;
aa5b: 444f;
aa5c: 444f;
aa5d: 444f;
aa5e: 444f;
aa5f: 444f;
aa60: 544f;
aa61: 544f;
aa62: 544f;
aa63: 544f;
aa64: 544f;
aa65: 544f;
aa66: 544f;
aa67: 544f;
aa68: 544f;
aa69: 544f;
aa6a: 544f;
aa6b: 544f;
aa6c: 544f;
aa6d: 544f;
aa6e: 544f;
aa6f: 544f;
aa70: 544f;
aa71: 544f;
aa72: 544f;
aa73: 544f;
aa74: 544f;
aa75: 544f;
aa76: 544f;
aa77: 544f;
aa78: 544f;
aa79: 544f;
aa7a: 544f;
aa7b: 544f;
aa7c: 544f;
aa7d: 544f;
aa7e: 544f;
aa7f: 544f;
aa80: 544f;
aa81: 544f;
aa82: 544f;
aa83: 444f;
aa84: 443f;
aa85: 333f;
aa86: 333f;
aa87: 333f;
aa88: 333f;
aa89: 333f;
aa8a: 444f;
aa8b: 444f;
aa8c: 544f;
aa8d: 544f;
aa8e: 544f;
aa8f: 544f;
aa90: 544f;
aa91: 544f;
aa92: 544f;
aa93: 544f;
aa94: 544f;
aa95: 544f;
aa96: 544f;
aa97: 544f;
aa98: 544f;
aa99: 444f;
aa9a: 444f;
aa9b: 444f;
aa9c: 444f;
aa9d: 443f;
aa9e: 333f;
aa9f: 333f;
aaa0: 333f;
aaa1: 333f;
aaa2: 333f;
aaa3: 333f;
aaa4: 333f;
aaa5: 333f;
aaa6: 333f;
aaa7: 333f;
aaa8: 333f;
aaa9: 333f;
aaaa: 333f;
aaab: 333f;
aaac: 333f;
aaad: 333f;
aaae: 332f;
aaaf: 333f;
aab0: 444f;
aab1: 655f;
aab2: 666f;
aab3: 655f;
aab4: 444f;
aab5: 333f;
aab6: 333f;
aab7: 333f;
aab8: 333f;
aab9: 333f;
aaba: 333f;
aabb: 443f;
aabc: 444f;
aabd: 444f;
aabe: 444f;
aabf: 444f;
aac0: 544f;
aac1: 444f;
aac2: 444f;
aac3: 444f;
aac4: 443f;
aac5: 433f;
aac6: 333f;
aac7: 333f;
aac8: 333f;
aac9: 333f;
aaca: 333f;
aacb: 322f;
aacc: 333f;
aacd: 555f;
aace: 877f;
aacf: baaf;
aad0: dccf;
aad1: dccf;
aad2: dccf;
aad3: dccf;
aad4: dccf;
aad5: dccf;
aad6: dcbf;
aad7: cbaf;
aad8: ba9f;
aad9: a99f;
aada: a99f;
aadb: a99f;
aadc: a99f;
aadd: a99f;
aade: a99f;
aadf: a99f;
aae0: a99f;
aae1: a99f;
aae2: a99f;
aae3: a99f;
aae4: ba9f;
aae5: baaf;
aae6: 877f;
aae7: 544f;
aae8: 543f;
aae9: 544f;
aaea: 544f;
aaeb: 544f;
aaec: 544f;
aaed: 544f;
aaee: 544f;
aaef: 544f;
aaf0: 544f;
aaf1: 544f;
aaf2: 544f;
aaf3: 444f;
aaf4: 444f;
aaf5: 443f;
aaf6: 443f;
aaf7: 655f;
aaf8: 877f;
aaf9: 999f;
aafa: a99f;
aafb: baaf;
aafc: baaf;
aafd: cbbf;
aafe: dccf;
aaff: ddcf;
ab00: cccf;
ab01: cdcf;
ab02: cdcf;
ab03: dddf;
ab04: dddf;
ab05: dddf;
ab06: dddf;
ab07: dddf;
ab08: dddf;
ab09: dddf;
ab0a: dddf;
ab0b: dddf;
ab0c: dddf;
ab0d: dddf;
ab0e: dddf;
ab0f: cdcf;
ab10: cccf;
ab11: bbbf;
ab12: bbbf;
ab13: cccf;
ab14: cccf;
ab15: dddf;
ab16: dddf;
ab17: dddf;
ab18: dddf;
ab19: cdcf;
ab1a: cccf;
ab1b: cccf;
ab1c: cccf;
ab1d: cccf;
ab1e: cdcf;
ab1f: cddf;
ab20: dddf;
ab21: dddf;
ab22: dddf;
ab23: dddf;
ab24: dddf;
ab25: dddf;
ab26: dddf;
ab27: cddf;
ab28: cddf;
ab29: cccf;
ab2a: cccf;
ab2b: bccf;
ab2c: bbbf;
ab2d: abbf;
ab2e: aaaf;
ab2f: aaaf;
ab30: aaaf;
ab31: abbf;
ab32: abbf;
ab33: abbf;
ab34: abbf;
ab35: bcbf;
ab36: bccf;
ab37: cccf;
ab38: cccf;
ab39: bccf;
ab3a: bccf;
ab3b: bccf;
ab3c: bccf;
ab3d: bcbf;
ab3e: bbbf;
ab3f: bccf;
ab40: cccf;
ab41: cccf;
ab42: cddf;
ab43: cddf;
ab44: cddf;
ab45: cddf;
ab46: cddf;
ab47: cddf;
ab48: cccf;
ab49: cdcf;
ab4a: cddf;
ab4b: cdcf;
ab4c: bccf;
ab4d: bccf;
ab4e: bbbf;
ab4f: bbbf;
ab50: bccf;
ab51: bccf;
ab52: cccf;
ab53: cddf;
ab54: dedf;
ab55: dedf;
ab56: bccf;
ab57: 9aaf;
ab58: 666f;
ab59: 344f;
ab5a: 444f;
ab5b: 444f;
ab5c: 444f;
ab5d: 444f;
ab5e: 444f;
ab5f: 444f;
ab60: 544f;
ab61: 544f;
ab62: 544f;
ab63: 544f;
ab64: 544f;
ab65: 544f;
ab66: 544f;
ab67: 544f;
ab68: 544f;
ab69: 544f;
ab6a: 544f;
ab6b: 544f;
ab6c: 544f;
ab6d: 544f;
ab6e: 544f;
ab6f: 544f;
ab70: 544f;
ab71: 544f;
ab72: 544f;
ab73: 544f;
ab74: 544f;
ab75: 544f;
ab76: 544f;
ab77: 544f;
ab78: 544f;
ab79: 544f;
ab7a: 544f;
ab7b: 544f;
ab7c: 544f;
ab7d: 544f;
ab7e: 544f;
ab7f: 544f;
ab80: 544f;
ab81: 544f;
ab82: 544f;
ab83: 444f;
ab84: 443f;
ab85: 333f;
ab86: 333f;
ab87: 333f;
ab88: 333f;
ab89: 333f;
ab8a: 444f;
ab8b: 444f;
ab8c: 544f;
ab8d: 544f;
ab8e: 544f;
ab8f: 544f;
ab90: 544f;
ab91: 544f;
ab92: 544f;
ab93: 544f;
ab94: 544f;
ab95: 544f;
ab96: 544f;
ab97: 544f;
ab98: 544f;
ab99: 444f;
ab9a: 444f;
ab9b: 444f;
ab9c: 444f;
ab9d: 443f;
ab9e: 333f;
ab9f: 333f;
aba0: 333f;
aba1: 333f;
aba2: 333f;
aba3: 333f;
aba4: 333f;
aba5: 333f;
aba6: 333f;
aba7: 333f;
aba8: 333f;
aba9: 333f;
abaa: 333f;
abab: 333f;
abac: 333f;
abad: 333f;
abae: 333f;
abaf: 443f;
abb0: 655f;
abb1: 766f;
abb2: 776f;
abb3: 666f;
abb4: 544f;
abb5: 333f;
abb6: 333f;
abb7: 333f;
abb8: 333f;
abb9: 333f;
abba: 333f;
abbb: 443f;
abbc: 444f;
abbd: 444f;
abbe: 444f;
abbf: 444f;
abc0: 444f;
abc1: 444f;
abc2: 444f;
abc3: 444f;
abc4: 333f;
abc5: 333f;
abc6: 333f;
abc7: 333f;
abc8: 333f;
abc9: 333f;
abca: 333f;
abcb: 322f;
abcc: 433f;
abcd: 665f;
abce: 998f;
abcf: ccbf;
abd0: ddcf;
abd1: ddcf;
abd2: ddcf;
abd3: dccf;
abd4: dccf;
abd5: ddcf;
abd6: dcbf;
abd7: bbaf;
abd8: ba9f;
abd9: a99f;
abda: a99f;
abdb: a99f;
abdc: a99f;
abdd: a99f;
abde: a99f;
abdf: a99f;
abe0: a99f;
abe1: a99f;
abe2: a99f;
abe3: a99f;
abe4: ba9f;
abe5: baaf;
abe6: 877f;
abe7: 554f;
abe8: 544f;
abe9: 544f;
abea: 544f;
abeb: 544f;
abec: 544f;
abed: 544f;
abee: 544f;
abef: 544f;
abf0: 544f;
abf1: 544f;
abf2: 554f;
abf3: 544f;
abf4: 443f;
abf5: 443f;
abf6: 444f;
abf7: 665f;
abf8: 877f;
abf9: a99f;
abfa: aa9f;
abfb: baaf;
abfc: cbbf;
abfd: ccbf;
abfe: dccf;
abff: edcf;
ac00: cccf;
ac01: cccf;
ac02: cdcf;
ac03: cdcf;
ac04: dddf;
ac05: dddf;
ac06: dddf;
ac07: dddf;
ac08: dddf;
ac09: dddf;
ac0a: dddf;
ac0b: dddf;
ac0c: dddf;
ac0d: dddf;
ac0e: dddf;
ac0f: cdcf;
ac10: cccf;
ac11: bcbf;
ac12: bbbf;
ac13: bccf;
ac14: cccf;
ac15: dddf;
ac16: dddf;
ac17: dddf;
ac18: cddf;
ac19: cdcf;
ac1a: cccf;
ac1b: cccf;
ac1c: cccf;
ac1d: cccf;
ac1e: cdcf;
ac1f: dddf;
ac20: dddf;
ac21: dddf;
ac22: dddf;
ac23: dddf;
ac24: dddf;
ac25: dddf;
ac26: dddf;
ac27: dddf;
ac28: cddf;
ac29: cddf;
ac2a: cddf;
ac2b: cccf;
ac2c: bccf;
ac2d: bbbf;
ac2e: abbf;
ac2f: abbf;
ac30: abbf;
ac31: aaaf;
ac32: abaf;
ac33: aaaf;
ac34: abbf;
ac35: bbbf;
ac36: bccf;
ac37: bccf;
ac38: bccf;
ac39: bccf;
ac3a: bccf;
ac3b: bccf;
ac3c: cccf;
ac3d: bccf;
ac3e: bccf;
ac3f: bcbf;
ac40: bccf;
ac41: bccf;
ac42: cccf;
ac43: cddf;
ac44: cddf;
ac45: cddf;
ac46: cddf;
ac47: cddf;
ac48: cddf;
ac49: cddf;
ac4a: cdcf;
ac4b: cdcf;
ac4c: cdcf;
ac4d: bccf;
ac4e: bccf;
ac4f: bbbf;
ac50: bcbf;
ac51: bccf;
ac52: bccf;
ac53: cddf;
ac54: dddf;
ac55: dddf;
ac56: bccf;
ac57: 899f;
ac58: 565f;
ac59: 333f;
ac5a: 444f;
ac5b: 444f;
ac5c: 444f;
ac5d: 544f;
ac5e: 544f;
ac5f: 544f;
ac60: 544f;
ac61: 544f;
ac62: 544f;
ac63: 544f;
ac64: 544f;
ac65: 544f;
ac66: 544f;
ac67: 544f;
ac68: 544f;
ac69: 544f;
ac6a: 544f;
ac6b: 544f;
ac6c: 544f;
ac6d: 544f;
ac6e: 544f;
ac6f: 544f;
ac70: 544f;
ac71: 544f;
ac72: 544f;
ac73: 544f;
ac74: 544f;
ac75: 544f;
ac76: 544f;
ac77: 544f;
ac78: 544f;
ac79: 544f;
ac7a: 544f;
ac7b: 544f;
ac7c: 544f;
ac7d: 544f;
ac7e: 544f;
ac7f: 544f;
ac80: 444f;
ac81: 544f;
ac82: 544f;
ac83: 444f;
ac84: 443f;
ac85: 333f;
ac86: 333f;
ac87: 333f;
ac88: 333f;
ac89: 433f;
ac8a: 444f;
ac8b: 444f;
ac8c: 544f;
ac8d: 544f;
ac8e: 544f;
ac8f: 544f;
ac90: 544f;
ac91: 544f;
ac92: 544f;
ac93: 544f;
ac94: 544f;
ac95: 544f;
ac96: 544f;
ac97: 544f;
ac98: 544f;
ac99: 444f;
ac9a: 444f;
ac9b: 443f;
ac9c: 443f;
ac9d: 333f;
ac9e: 333f;
ac9f: 333f;
aca0: 333f;
aca1: 333f;
aca2: 333f;
aca3: 333f;
aca4: 333f;
aca5: 333f;
aca6: 333f;
aca7: 333f;
aca8: 333f;
aca9: 332f;
acaa: 333f;
acab: 333f;
acac: 333f;
acad: 333f;
acae: 443f;
acaf: 555f;
acb0: 776f;
acb1: 888f;
acb2: 777f;
acb3: 666f;
acb4: 544f;
acb5: 333f;
acb6: 333f;
acb7: 333f;
acb8: 333f;
acb9: 333f;
acba: 333f;
acbb: 443f;
acbc: 444f;
acbd: 444f;
acbe: 444f;
acbf: 444f;
acc0: 444f;
acc1: 444f;
acc2: 444f;
acc3: 444f;
acc4: 333f;
acc5: 333f;
acc6: 333f;
acc7: 333f;
acc8: 333f;
acc9: 333f;
acca: 322f;
accb: 333f;
accc: 554f;
accd: 877f;
acce: aaaf;
accf: cccf;
acd0: ddcf;
acd1: ddcf;
acd2: dccf;
acd3: dccf;
acd4: dccf;
acd5: dccf;
acd6: dcbf;
acd7: cbbf;
acd8: ba9f;
acd9: a99f;
acda: a99f;
acdb: a99f;
acdc: a98f;
acdd: a99f;
acde: a99f;
acdf: a99f;
ace0: a99f;
ace1: a99f;
ace2: a99f;
ace3: a99f;
ace4: aa9f;
ace5: baaf;
ace6: 877f;
ace7: 554f;
ace8: 544f;
ace9: 544f;
acea: 544f;
aceb: 544f;
acec: 544f;
aced: 544f;
acee: 544f;
acef: 544f;
acf0: 544f;
acf1: 544f;
acf2: 544f;
acf3: 444f;
acf4: 443f;
acf5: 443f;
acf6: 544f;
acf7: 766f;
acf8: 988f;
acf9: a99f;
acfa: baaf;
acfb: baaf;
acfc: cbbf;
acfd: dccf;
acfe: dccf;
acff: ddcf;
ad00: cccf;
ad01: cccf;
ad02: cdcf;
ad03: cdcf;
ad04: dddf;
ad05: dddf;
ad06: dddf;
ad07: dddf;
ad08: dddf;
ad09: dddf;
ad0a: dddf;
ad0b: dddf;
ad0c: dddf;
ad0d: dddf;
ad0e: dddf;
ad0f: cdcf;
ad10: cccf;
ad11: bbbf;
ad12: bbbf;
ad13: cccf;
ad14: cccf;
ad15: dddf;
ad16: dddf;
ad17: dddf;
ad18: cddf;
ad19: cdcf;
ad1a: cccf;
ad1b: cccf;
ad1c: cccf;
ad1d: cccf;
ad1e: cdcf;
ad1f: dddf;
ad20: dddf;
ad21: dddf;
ad22: dddf;
ad23: dddf;
ad24: dddf;
ad25: dddf;
ad26: dddf;
ad27: dddf;
ad28: cddf;
ad29: cddf;
ad2a: cddf;
ad2b: cddf;
ad2c: cccf;
ad2d: bccf;
ad2e: bcbf;
ad2f: bbbf;
ad30: abbf;
ad31: aaaf;
ad32: aaaf;
ad33: abaf;
ad34: abbf;
ad35: abbf;
ad36: bbbf;
ad37: bbbf;
ad38: bccf;
ad39: bccf;
ad3a: bccf;
ad3b: bccf;
ad3c: cccf;
ad3d: cccf;
ad3e: bccf;
ad3f: bccf;
ad40: bccf;
ad41: bccf;
ad42: bccf;
ad43: cccf;
ad44: cccf;
ad45: cccf;
ad46: cdcf;
ad47: cdcf;
ad48: cddf;
ad49: cddf;
ad4a: cddf;
ad4b: cddf;
ad4c: cddf;
ad4d: cccf;
ad4e: bccf;
ad4f: bccf;
ad50: bcbf;
ad51: bcbf;
ad52: bccf;
ad53: bccf;
ad54: cddf;
ad55: cddf;
ad56: abbf;
ad57: 788f;
ad58: 455f;
ad59: 333f;
ad5a: 444f;
ad5b: 444f;
ad5c: 544f;
ad5d: 544f;
ad5e: 544f;
ad5f: 544f;
ad60: 544f;
ad61: 544f;
ad62: 544f;
ad63: 544f;
ad64: 544f;
ad65: 544f;
ad66: 544f;
ad67: 544f;
ad68: 544f;
ad69: 544f;
ad6a: 544f;
ad6b: 544f;
ad6c: 544f;
ad6d: 544f;
ad6e: 544f;
ad6f: 544f;
ad70: 544f;
ad71: 544f;
ad72: 544f;
ad73: 544f;
ad74: 544f;
ad75: 544f;
ad76: 544f;
ad77: 544f;
ad78: 544f;
ad79: 544f;
ad7a: 544f;
ad7b: 544f;
ad7c: 544f;
ad7d: 544f;
ad7e: 544f;
ad7f: 544f;
ad80: 444f;
ad81: 544f;
ad82: 444f;
ad83: 444f;
ad84: 433f;
ad85: 333f;
ad86: 333f;
ad87: 333f;
ad88: 333f;
ad89: 433f;
ad8a: 444f;
ad8b: 444f;
ad8c: 544f;
ad8d: 544f;
ad8e: 544f;
ad8f: 544f;
ad90: 544f;
ad91: 544f;
ad92: 544f;
ad93: 544f;
ad94: 544f;
ad95: 544f;
ad96: 544f;
ad97: 544f;
ad98: 544f;
ad99: 444f;
ad9a: 444f;
ad9b: 443f;
ad9c: 433f;
ad9d: 333f;
ad9e: 333f;
ad9f: 333f;
ada0: 333f;
ada1: 333f;
ada2: 333f;
ada3: 333f;
ada4: 333f;
ada5: 333f;
ada6: 333f;
ada7: 333f;
ada8: 333f;
ada9: 333f;
adaa: 333f;
adab: 333f;
adac: 332f;
adad: 433f;
adae: 554f;
adaf: 666f;
adb0: 887f;
adb1: 998f;
adb2: 888f;
adb3: 666f;
adb4: 444f;
adb5: 333f;
adb6: 332f;
adb7: 333f;
adb8: 333f;
adb9: 333f;
adba: 333f;
adbb: 443f;
adbc: 444f;
adbd: 444f;
adbe: 444f;
adbf: 444f;
adc0: 444f;
adc1: 444f;
adc2: 444f;
adc3: 443f;
adc4: 333f;
adc5: 333f;
adc6: 333f;
adc7: 333f;
adc8: 333f;
adc9: 333f;
adca: 333f;
adcb: 333f;
adcc: 666f;
adcd: 998f;
adce: cbbf;
adcf: dccf;
add0: ddcf;
add1: dccf;
add2: dccf;
add3: dccf;
add4: dccf;
add5: dccf;
add6: dccf;
add7: cbbf;
add8: baaf;
add9: a99f;
adda: a99f;
addb: a99f;
addc: a98f;
addd: a99f;
adde: a99f;
addf: a99f;
ade0: a99f;
ade1: a99f;
ade2: a99f;
ade3: a99f;
ade4: aa9f;
ade5: ba9f;
ade6: 877f;
ade7: 554f;
ade8: 544f;
ade9: 544f;
adea: 544f;
adeb: 544f;
adec: 544f;
aded: 544f;
adee: 544f;
adef: 544f;
adf0: 544f;
adf1: 544f;
adf2: 444f;
adf3: 443f;
adf4: 443f;
adf5: 443f;
adf6: 555f;
adf7: 777f;
adf8: 988f;
adf9: a99f;
adfa: baaf;
adfb: cbbf;
adfc: dccf;
adfd: dccf;
adfe: ddcf;
adff: ddcf;
ae00: cccf;
ae01: cccf;
ae02: cdcf;
ae03: cdcf;
ae04: cdcf;
ae05: cdcf;
ae06: cddf;
ae07: dddf;
ae08: dddf;
ae09: dddf;
ae0a: dddf;
ae0b: dddf;
ae0c: dddf;
ae0d: dddf;
ae0e: dddf;
ae0f: cdcf;
ae10: cccf;
ae11: bbbf;
ae12: bbbf;
ae13: cccf;
ae14: cdcf;
ae15: dddf;
ae16: dddf;
ae17: dddf;
ae18: cddf;
ae19: cdcf;
ae1a: cccf;
ae1b: cccf;
ae1c: cccf;
ae1d: cdcf;
ae1e: cddf;
ae1f: dddf;
ae20: dddf;
ae21: dddf;
ae22: dddf;
ae23: dddf;
ae24: dddf;
ae25: dddf;
ae26: dddf;
ae27: dddf;
ae28: cddf;
ae29: cddf;
ae2a: dddf;
ae2b: cddf;
ae2c: cccf;
ae2d: cccf;
ae2e: cccf;
ae2f: bccf;
ae30: bbbf;
ae31: abbf;
ae32: aaaf;
ae33: aaaf;
ae34: abaf;
ae35: abbf;
ae36: abbf;
ae37: bbbf;
ae38: bbbf;
ae39: bcbf;
ae3a: bccf;
ae3b: bccf;
ae3c: cccf;
ae3d: cccf;
ae3e: bccf;
ae3f: bccf;
ae40: bccf;
ae41: bcbf;
ae42: bccf;
ae43: bccf;
ae44: cccf;
ae45: cccf;
ae46: cdcf;
ae47: cddf;
ae48: cddf;
ae49: cddf;
ae4a: cddf;
ae4b: cddf;
ae4c: cddf;
ae4d: cddf;
ae4e: cccf;
ae4f: bccf;
ae50: bccf;
ae51: bccf;
ae52: bccf;
ae53: bccf;
ae54: cddf;
ae55: bccf;
ae56: 9aaf;
ae57: 677f;
ae58: 455f;
ae59: 333f;
ae5a: 444f;
ae5b: 444f;
ae5c: 544f;
ae5d: 544f;
ae5e: 544f;
ae5f: 444f;
ae60: 544f;
ae61: 544f;
ae62: 544f;
ae63: 544f;
ae64: 544f;
ae65: 544f;
ae66: 544f;
ae67: 544f;
ae68: 544f;
ae69: 544f;
ae6a: 544f;
ae6b: 544f;
ae6c: 544f;
ae6d: 544f;
ae6e: 544f;
ae6f: 544f;
ae70: 544f;
ae71: 544f;
ae72: 544f;
ae73: 544f;
ae74: 544f;
ae75: 544f;
ae76: 544f;
ae77: 544f;
ae78: 544f;
ae79: 544f;
ae7a: 544f;
ae7b: 544f;
ae7c: 544f;
ae7d: 544f;
ae7e: 544f;
ae7f: 544f;
ae80: 544f;
ae81: 444f;
ae82: 444f;
ae83: 444f;
ae84: 333f;
ae85: 333f;
ae86: 333f;
ae87: 333f;
ae88: 333f;
ae89: 433f;
ae8a: 444f;
ae8b: 444f;
ae8c: 544f;
ae8d: 544f;
ae8e: 544f;
ae8f: 544f;
ae90: 544f;
ae91: 544f;
ae92: 544f;
ae93: 544f;
ae94: 544f;
ae95: 544f;
ae96: 544f;
ae97: 544f;
ae98: 544f;
ae99: 444f;
ae9a: 444f;
ae9b: 443f;
ae9c: 333f;
ae9d: 333f;
ae9e: 333f;
ae9f: 333f;
aea0: 333f;
aea1: 333f;
aea2: 333f;
aea3: 333f;
aea4: 333f;
aea5: 333f;
aea6: 333f;
aea7: 333f;
aea8: 333f;
aea9: 333f;
aeaa: 333f;
aeab: 332f;
aeac: 332f;
aead: 444f;
aeae: 665f;
aeaf: 877f;
aeb0: 998f;
aeb1: a99f;
aeb2: 998f;
aeb3: 776f;
aeb4: 444f;
aeb5: 333f;
aeb6: 332f;
aeb7: 332f;
aeb8: 333f;
aeb9: 333f;
aeba: 333f;
aebb: 443f;
aebc: 444f;
aebd: 444f;
aebe: 444f;
aebf: 444f;
aec0: 444f;
aec1: 444f;
aec2: 444f;
aec3: 333f;
aec4: 333f;
aec5: 332f;
aec6: 333f;
aec7: 333f;
aec8: 333f;
aec9: 333f;
aeca: 333f;
aecb: 555f;
aecc: 888f;
aecd: baaf;
aece: dccf;
aecf: ddcf;
aed0: dccf;
aed1: dccf;
aed2: dccf;
aed3: dccf;
aed4: dccf;
aed5: dccf;
aed6: dccf;
aed7: cbbf;
aed8: baaf;
aed9: aa9f;
aeda: a99f;
aedb: a99f;
aedc: a98f;
aedd: a99f;
aede: a99f;
aedf: a99f;
aee0: a99f;
aee1: a99f;
aee2: a99f;
aee3: a99f;
aee4: aa9f;
aee5: ba9f;
aee6: 877f;
aee7: 654f;
aee8: 544f;
aee9: 544f;
aeea: 544f;
aeeb: 544f;
aeec: 544f;
aeed: 544f;
aeee: 544f;
aeef: 544f;
aef0: 544f;
aef1: 544f;
aef2: 444f;
aef3: 443f;
aef4: 433f;
aef5: 444f;
aef6: 665f;
aef7: 887f;
aef8: a99f;
aef9: baaf;
aefa: bbaf;
aefb: cbbf;
aefc: dccf;
aefd: ddcf;
aefe: edcf;
aeff: ddcf;
af00: cccf;
af01: cdcf;
af02: cccf;
af03: cdcf;
af04: cccf;
af05: cdcf;
af06: cdcf;
af07: dddf;
af08: dddf;
af09: dddf;
af0a: dddf;
af0b: dddf;
af0c: dddf;
af0d: dddf;
af0e: dddf;
af0f: cdcf;
af10: cccf;
af11: bbbf;
af12: bbbf;
af13: cccf;
af14: cdcf;
af15: dddf;
af16: dddf;
af17: cddf;
af18: cddf;
af19: cdcf;
af1a: cccf;
af1b: cccf;
af1c: cccf;
af1d: cdcf;
af1e: dddf;
af1f: dddf;
af20: dddf;
af21: dddf;
af22: dddf;
af23: dddf;
af24: dddf;
af25: dddf;
af26: dddf;
af27: dddf;
af28: cddf;
af29: dddf;
af2a: dddf;
af2b: dddf;
af2c: cddf;
af2d: cddf;
af2e: cddf;
af2f: cccf;
af30: bbbf;
af31: bbbf;
af32: abbf;
af33: abbf;
af34: aaaf;
af35: abbf;
af36: abbf;
af37: abbf;
af38: abbf;
af39: bbbf;
af3a: bccf;
af3b: bccf;
af3c: cccf;
af3d: cccf;
af3e: cccf;
af3f: bccf;
af40: bccf;
af41: bcbf;
af42: bcbf;
af43: bccf;
af44: bccf;
af45: cccf;
af46: cccf;
af47: cdcf;
af48: cddf;
af49: cddf;
af4a: cddf;
af4b: cddf;
af4c: cddf;
af4d: cddf;
af4e: cddf;
af4f: cccf;
af50: bccf;
af51: bccf;
af52: bccf;
af53: bccf;
af54: cddf;
af55: bbbf;
af56: 899f;
af57: 566f;
af58: 444f;
af59: 333f;
af5a: 444f;
af5b: 444f;
af5c: 544f;
af5d: 544f;
af5e: 544f;
af5f: 444f;
af60: 444f;
af61: 444f;
af62: 544f;
af63: 544f;
af64: 544f;
af65: 544f;
af66: 544f;
af67: 544f;
af68: 544f;
af69: 544f;
af6a: 544f;
af6b: 544f;
af6c: 544f;
af6d: 544f;
af6e: 544f;
af6f: 544f;
af70: 544f;
af71: 544f;
af72: 544f;
af73: 544f;
af74: 544f;
af75: 544f;
af76: 544f;
af77: 544f;
af78: 544f;
af79: 544f;
af7a: 544f;
af7b: 544f;
af7c: 544f;
af7d: 544f;
af7e: 544f;
af7f: 544f;
af80: 544f;
af81: 444f;
af82: 444f;
af83: 443f;
af84: 333f;
af85: 333f;
af86: 333f;
af87: 333f;
af88: 333f;
af89: 433f;
af8a: 444f;
af8b: 444f;
af8c: 544f;
af8d: 544f;
af8e: 544f;
af8f: 544f;
af90: 544f;
af91: 544f;
af92: 544f;
af93: 544f;
af94: 544f;
af95: 544f;
af96: 544f;
af97: 544f;
af98: 444f;
af99: 444f;
af9a: 443f;
af9b: 443f;
af9c: 333f;
af9d: 333f;
af9e: 333f;
af9f: 333f;
afa0: 333f;
afa1: 333f;
afa2: 333f;
afa3: 333f;
afa4: 333f;
afa5: 333f;
afa6: 333f;
afa7: 333f;
afa8: 333f;
afa9: 333f;
afaa: 332f;
afab: 333f;
afac: 333f;
afad: 554f;
afae: 776f;
afaf: 888f;
afb0: 999f;
afb1: aa9f;
afb2: 998f;
afb3: 766f;
afb4: 444f;
afb5: 333f;
afb6: 332f;
afb7: 333f;
afb8: 333f;
afb9: 333f;
afba: 333f;
afbb: 444f;
afbc: 444f;
afbd: 444f;
afbe: 444f;
afbf: 444f;
afc0: 444f;
afc1: 444f;
afc2: 443f;
afc3: 333f;
afc4: 333f;
afc5: 332f;
afc6: 333f;
afc7: 333f;
afc8: 333f;
afc9: 333f;
afca: 444f;
afcb: 666f;
afcc: 999f;
afcd: bbbf;
afce: dccf;
afcf: ddcf;
afd0: dccf;
afd1: dccf;
afd2: dccf;
afd3: dccf;
afd4: dccf;
afd5: dccf;
afd6: dccf;
afd7: cbbf;
afd8: baaf;
afd9: aa9f;
afda: a99f;
afdb: a98f;
afdc: a98f;
afdd: a99f;
afde: a99f;
afdf: a99f;
afe0: a99f;
afe1: a99f;
afe2: a99f;
afe3: a99f;
afe4: aa9f;
afe5: aa9f;
afe6: 877f;
afe7: 655f;
afe8: 544f;
afe9: 544f;
afea: 544f;
afeb: 544f;
afec: 544f;
afed: 544f;
afee: 544f;
afef: 544f;
aff0: 544f;
aff1: 544f;
aff2: 444f;
aff3: 443f;
aff4: 443f;
aff5: 554f;
aff6: 776f;
aff7: 988f;
aff8: aa9f;
aff9: baaf;
affa: cbbf;
affb: ccbf;
affc: dccf;
affd: dccf;
affe: edcf;
afff: edcf;
b000: ddcf;
b001: cdcf;
b002: cccf;
b003: cdcf;
b004: cccf;
b005: cccf;
b006: cdcf;
b007: cdcf;
b008: dddf;
b009: dddf;
b00a: dddf;
b00b: dddf;
b00c: dddf;
b00d: dddf;
b00e: dddf;
b00f: cdcf;
b010: cccf;
b011: bbbf;
b012: bbbf;
b013: cccf;
b014: cdcf;
b015: dddf;
b016: dddf;
b017: dddf;
b018: cdcf;
b019: cdcf;
b01a: cccf;
b01b: cccf;
b01c: cccf;
b01d: cdcf;
b01e: cddf;
b01f: dddf;
b020: dddf;
b021: dddf;
b022: dddf;
b023: dddf;
b024: dddf;
b025: dddf;
b026: dddf;
b027: dddf;
b028: dddf;
b029: dddf;
b02a: dddf;
b02b: dddf;
b02c: cddf;
b02d: cddf;
b02e: cddf;
b02f: cdcf;
b030: bccf;
b031: bbbf;
b032: abbf;
b033: abbf;
b034: abbf;
b035: abbf;
b036: abbf;
b037: abbf;
b038: abbf;
b039: bbbf;
b03a: bccf;
b03b: bccf;
b03c: bccf;
b03d: cccf;
b03e: cccf;
b03f: bccf;
b040: bccf;
b041: bccf;
b042: bccf;
b043: bcbf;
b044: bccf;
b045: bccf;
b046: cccf;
b047: cccf;
b048: cddf;
b049: cddf;
b04a: cddf;
b04b: cddf;
b04c: cddf;
b04d: cddf;
b04e: cddf;
b04f: cccf;
b050: cccf;
b051: bccf;
b052: bccf;
b053: bccf;
b054: cccf;
b055: abaf;
b056: 788f;
b057: 455f;
b058: 344f;
b059: 344f;
b05a: 444f;
b05b: 444f;
b05c: 554f;
b05d: 544f;
b05e: 444f;
b05f: 444f;
b060: 444f;
b061: 444f;
b062: 544f;
b063: 544f;
b064: 544f;
b065: 544f;
b066: 544f;
b067: 544f;
b068: 544f;
b069: 544f;
b06a: 544f;
b06b: 544f;
b06c: 544f;
b06d: 544f;
b06e: 444f;
b06f: 444f;
b070: 544f;
b071: 544f;
b072: 544f;
b073: 544f;
b074: 544f;
b075: 544f;
b076: 544f;
b077: 544f;
b078: 544f;
b079: 544f;
b07a: 544f;
b07b: 544f;
b07c: 544f;
b07d: 544f;
b07e: 544f;
b07f: 544f;
b080: 544f;
b081: 444f;
b082: 444f;
b083: 443f;
b084: 333f;
b085: 333f;
b086: 333f;
b087: 333f;
b088: 333f;
b089: 433f;
b08a: 444f;
b08b: 444f;
b08c: 544f;
b08d: 544f;
b08e: 544f;
b08f: 544f;
b090: 544f;
b091: 544f;
b092: 544f;
b093: 544f;
b094: 544f;
b095: 544f;
b096: 544f;
b097: 544f;
b098: 544f;
b099: 444f;
b09a: 443f;
b09b: 333f;
b09c: 333f;
b09d: 333f;
b09e: 333f;
b09f: 333f;
b0a0: 333f;
b0a1: 333f;
b0a2: 333f;
b0a3: 333f;
b0a4: 333f;
b0a5: 333f;
b0a6: 333f;
b0a7: 333f;
b0a8: 333f;
b0a9: 333f;
b0aa: 333f;
b0ab: 333f;
b0ac: 444f;
b0ad: 665f;
b0ae: 887f;
b0af: 999f;
b0b0: aa9f;
b0b1: aa9f;
b0b2: 998f;
b0b3: 766f;
b0b4: 444f;
b0b5: 333f;
b0b6: 333f;
b0b7: 333f;
b0b8: 433f;
b0b9: 333f;
b0ba: 333f;
b0bb: 443f;
b0bc: 443f;
b0bd: 444f;
b0be: 444f;
b0bf: 444f;
b0c0: 444f;
b0c1: 444f;
b0c2: 443f;
b0c3: 333f;
b0c4: 333f;
b0c5: 332f;
b0c6: 333f;
b0c7: 332f;
b0c8: 333f;
b0c9: 333f;
b0ca: 555f;
b0cb: 777f;
b0cc: aaaf;
b0cd: ccbf;
b0ce: dccf;
b0cf: dccf;
b0d0: dccf;
b0d1: dccf;
b0d2: dccf;
b0d3: dccf;
b0d4: dccf;
b0d5: dccf;
b0d6: dcbf;
b0d7: dcbf;
b0d8: bbaf;
b0d9: a99f;
b0da: a99f;
b0db: a99f;
b0dc: a99f;
b0dd: a99f;
b0de: a99f;
b0df: a99f;
b0e0: a99f;
b0e1: a99f;
b0e2: a99f;
b0e3: aa9f;
b0e4: a99f;
b0e5: ba9f;
b0e6: 877f;
b0e7: 655f;
b0e8: 544f;
b0e9: 544f;
b0ea: 544f;
b0eb: 544f;
b0ec: 544f;
b0ed: 544f;
b0ee: 544f;
b0ef: 544f;
b0f0: 544f;
b0f1: 544f;
b0f2: 444f;
b0f3: 443f;
b0f4: 443f;
b0f5: 555f;
b0f6: 877f;
b0f7: 998f;
b0f8: baaf;
b0f9: bbbf;
b0fa: cbbf;
b0fb: dccf;
b0fc: dccf;
b0fd: dccf;
b0fe: dccf;
b0ff: edcf;
b100: ddcf;
b101: ddcf;
b102: cdcf;
b103: cdcf;
b104: cdcf;
b105: cccf;
b106: cccf;
b107: cdcf;
b108: cdcf;
b109: dddf;
b10a: dddf;
b10b: dddf;
b10c: dddf;
b10d: dddf;
b10e: dddf;
b10f: cdcf;
b110: cccf;
b111: bbbf;
b112: bbbf;
b113: cccf;
b114: cdcf;
b115: dddf;
b116: dddf;
b117: dddf;
b118: cdcf;
b119: cdcf;
b11a: cccf;
b11b: cccf;
b11c: cccf;
b11d: cdcf;
b11e: cddf;
b11f: dddf;
b120: dddf;
b121: dddf;
b122: dddf;
b123: dddf;
b124: dddf;
b125: dddf;
b126: dddf;
b127: dddf;
b128: dddf;
b129: dddf;
b12a: dddf;
b12b: dddf;
b12c: cddf;
b12d: dddf;
b12e: dddf;
b12f: cddf;
b130: cccf;
b131: bccf;
b132: bcbf;
b133: bbbf;
b134: abbf;
b135: abbf;
b136: abbf;
b137: abbf;
b138: abbf;
b139: bbbf;
b13a: bbbf;
b13b: bccf;
b13c: bccf;
b13d: bccf;
b13e: cccf;
b13f: cccf;
b140: bccf;
b141: bccf;
b142: bccf;
b143: bccf;
b144: bccf;
b145: bccf;
b146: cccf;
b147: cccf;
b148: cddf;
b149: cddf;
b14a: cddf;
b14b: cddf;
b14c: cddf;
b14d: cddf;
b14e: cddf;
b14f: cdcf;
b150: cccf;
b151: cccf;
b152: cccf;
b153: bccf;
b154: bccf;
b155: 9aaf;
b156: 677f;
b157: 344f;
b158: 344f;
b159: 444f;
b15a: 444f;
b15b: 444f;
b15c: 544f;
b15d: 544f;
b15e: 444f;
b15f: 444f;
b160: 444f;
b161: 444f;
b162: 544f;
b163: 544f;
b164: 544f;
b165: 544f;
b166: 544f;
b167: 544f;
b168: 544f;
b169: 544f;
b16a: 544f;
b16b: 544f;
b16c: 544f;
b16d: 544f;
b16e: 444f;
b16f: 444f;
b170: 544f;
b171: 544f;
b172: 544f;
b173: 544f;
b174: 544f;
b175: 544f;
b176: 544f;
b177: 544f;
b178: 544f;
b179: 544f;
b17a: 544f;
b17b: 544f;
b17c: 544f;
b17d: 544f;
b17e: 544f;
b17f: 544f;
b180: 544f;
b181: 444f;
b182: 444f;
b183: 433f;
b184: 333f;
b185: 333f;
b186: 333f;
b187: 333f;
b188: 333f;
b189: 433f;
b18a: 444f;
b18b: 444f;
b18c: 544f;
b18d: 544f;
b18e: 544f;
b18f: 544f;
b190: 544f;
b191: 544f;
b192: 544f;
b193: 544f;
b194: 544f;
b195: 544f;
b196: 544f;
b197: 544f;
b198: 544f;
b199: 444f;
b19a: 433f;
b19b: 333f;
b19c: 333f;
b19d: 333f;
b19e: 333f;
b19f: 333f;
b1a0: 333f;
b1a1: 333f;
b1a2: 333f;
b1a3: 333f;
b1a4: 333f;
b1a5: 333f;
b1a6: 333f;
b1a7: 333f;
b1a8: 333f;
b1a9: 333f;
b1aa: 333f;
b1ab: 433f;
b1ac: 554f;
b1ad: 776f;
b1ae: 998f;
b1af: aaaf;
b1b0: aaaf;
b1b1: aa9f;
b1b2: 988f;
b1b3: 766f;
b1b4: 444f;
b1b5: 333f;
b1b6: 333f;
b1b7: 333f;
b1b8: 433f;
b1b9: 333f;
b1ba: 333f;
b1bb: 433f;
b1bc: 444f;
b1bd: 444f;
b1be: 444f;
b1bf: 444f;
b1c0: 444f;
b1c1: 444f;
b1c2: 443f;
b1c3: 333f;
b1c4: 333f;
b1c5: 333f;
b1c6: 333f;
b1c7: 332f;
b1c8: 332f;
b1c9: 333f;
b1ca: 655f;
b1cb: 988f;
b1cc: ccbf;
b1cd: ddcf;
b1ce: ddcf;
b1cf: dccf;
b1d0: dccf;
b1d1: dccf;
b1d2: dccf;
b1d3: dccf;
b1d4: dccf;
b1d5: dccf;
b1d6: dccf;
b1d7: dcbf;
b1d8: bbaf;
b1d9: a99f;
b1da: a99f;
b1db: a99f;
b1dc: a99f;
b1dd: a99f;
b1de: a99f;
b1df: a99f;
b1e0: a99f;
b1e1: a99f;
b1e2: a99f;
b1e3: aa9f;
b1e4: a99f;
b1e5: ba9f;
b1e6: 877f;
b1e7: 655f;
b1e8: 544f;
b1e9: 544f;
b1ea: 544f;
b1eb: 544f;
b1ec: 544f;
b1ed: 544f;
b1ee: 544f;
b1ef: 544f;
b1f0: 544f;
b1f1: 544f;
b1f2: 444f;
b1f3: 443f;
b1f4: 444f;
b1f5: 655f;
b1f6: 887f;
b1f7: a99f;
b1f8: baaf;
b1f9: cbbf;
b1fa: dccf;
b1fb: dccf;
b1fc: dccf;
b1fd: dccf;
b1fe: dccf;
b1ff: dccf;
b200: ddcf;
b201: dddf;
b202: ddcf;
b203: cdcf;
b204: cdcf;
b205: cdcf;
b206: cccf;
b207: cccf;
b208: cccf;
b209: cdcf;
b20a: dddf;
b20b: dddf;
b20c: dddf;
b20d: dddf;
b20e: dddf;
b20f: cdcf;
b210: cccf;
b211: bbbf;
b212: bbbf;
b213: bccf;
b214: cdcf;
b215: dddf;
b216: dddf;
b217: dddf;
b218: cdcf;
b219: cdcf;
b21a: cccf;
b21b: cccf;
b21c: cccf;
b21d: cdcf;
b21e: cddf;
b21f: dddf;
b220: dddf;
b221: dddf;
b222: dddf;
b223: dddf;
b224: dddf;
b225: dddf;
b226: dddf;
b227: dddf;
b228: dddf;
b229: dddf;
b22a: dddf;
b22b: dddf;
b22c: cddf;
b22d: dddf;
b22e: dddf;
b22f: dddf;
b230: cddf;
b231: cccf;
b232: cccf;
b233: bccf;
b234: bcbf;
b235: bbbf;
b236: bbbf;
b237: abbf;
b238: abbf;
b239: abbf;
b23a: bbbf;
b23b: bbbf;
b23c: bccf;
b23d: bccf;
b23e: bccf;
b23f: cccf;
b240: bccf;
b241: bccf;
b242: bccf;
b243: bccf;
b244: bccf;
b245: bccf;
b246: bccf;
b247: cccf;
b248: cccf;
b249: cddf;
b24a: cddf;
b24b: cddf;
b24c: cddf;
b24d: cddf;
b24e: cddf;
b24f: cddf;
b250: cdcf;
b251: cdcf;
b252: cdcf;
b253: cccf;
b254: bccf;
b255: 999f;
b256: 666f;
b257: 343f;
b258: 344f;
b259: 444f;
b25a: 444f;
b25b: 444f;
b25c: 544f;
b25d: 554f;
b25e: 554f;
b25f: 444f;
b260: 444f;
b261: 444f;
b262: 544f;
b263: 544f;
b264: 544f;
b265: 544f;
b266: 544f;
b267: 544f;
b268: 544f;
b269: 544f;
b26a: 544f;
b26b: 544f;
b26c: 544f;
b26d: 544f;
b26e: 544f;
b26f: 544f;
b270: 544f;
b271: 544f;
b272: 544f;
b273: 544f;
b274: 544f;
b275: 544f;
b276: 544f;
b277: 544f;
b278: 544f;
b279: 544f;
b27a: 544f;
b27b: 544f;
b27c: 544f;
b27d: 544f;
b27e: 544f;
b27f: 544f;
b280: 444f;
b281: 444f;
b282: 444f;
b283: 433f;
b284: 333f;
b285: 333f;
b286: 333f;
b287: 333f;
b288: 333f;
b289: 433f;
b28a: 444f;
b28b: 444f;
b28c: 544f;
b28d: 544f;
b28e: 544f;
b28f: 544f;
b290: 544f;
b291: 544f;
b292: 544f;
b293: 544f;
b294: 544f;
b295: 544f;
b296: 544f;
b297: 544f;
b298: 444f;
b299: 444f;
b29a: 433f;
b29b: 333f;
b29c: 333f;
b29d: 333f;
b29e: 333f;
b29f: 333f;
b2a0: 333f;
b2a1: 333f;
b2a2: 333f;
b2a3: 333f;
b2a4: 333f;
b2a5: 333f;
b2a6: 333f;
b2a7: 333f;
b2a8: 333f;
b2a9: 333f;
b2aa: 333f;
b2ab: 444f;
b2ac: 665f;
b2ad: 877f;
b2ae: 999f;
b2af: aaaf;
b2b0: aaaf;
b2b1: a99f;
b2b2: 988f;
b2b3: 666f;
b2b4: 444f;
b2b5: 333f;
b2b6: 333f;
b2b7: 333f;
b2b8: 333f;
b2b9: 333f;
b2ba: 333f;
b2bb: 433f;
b2bc: 444f;
b2bd: 444f;
b2be: 444f;
b2bf: 444f;
b2c0: 444f;
b2c1: 443f;
b2c2: 433f;
b2c3: 333f;
b2c4: 333f;
b2c5: 333f;
b2c6: 333f;
b2c7: 332f;
b2c8: 333f;
b2c9: 433f;
b2ca: 666f;
b2cb: aa9f;
b2cc: cccf;
b2cd: ddcf;
b2ce: dccf;
b2cf: ddcf;
b2d0: dccf;
b2d1: dccf;
b2d2: dccf;
b2d3: dccf;
b2d4: dccf;
b2d5: dccf;
b2d6: dccf;
b2d7: dcbf;
b2d8: bbaf;
b2d9: a99f;
b2da: a99f;
b2db: a99f;
b2dc: a99f;
b2dd: a99f;
b2de: a99f;
b2df: a99f;
b2e0: a99f;
b2e1: a99f;
b2e2: a99f;
b2e3: aa9f;
b2e4: ba9f;
b2e5: ba9f;
b2e6: 877f;
b2e7: 655f;
b2e8: 544f;
b2e9: 544f;
b2ea: 544f;
b2eb: 544f;
b2ec: 544f;
b2ed: 544f;
b2ee: 544f;
b2ef: 544f;
b2f0: 544f;
b2f1: 544f;
b2f2: 444f;
b2f3: 443f;
b2f4: 544f;
b2f5: 665f;
b2f6: 988f;
b2f7: aa9f;
b2f8: bbaf;
b2f9: ccbf;
b2fa: dccf;
b2fb: dccf;
b2fc: dccf;
b2fd: dccf;
b2fe: dccf;
b2ff: dccf;
b300: dddf;
b301: dddf;
b302: cdcf;
b303: cdcf;
b304: cdcf;
b305: cdcf;
b306: cdcf;
b307: cccf;
b308: cccf;
b309: cccf;
b30a: cdcf;
b30b: dddf;
b30c: dddf;
b30d: dddf;
b30e: dddf;
b30f: cdcf;
b310: cccf;
b311: bbbf;
b312: bbbf;
b313: bcbf;
b314: cccf;
b315: dddf;
b316: dddf;
b317: dddf;
b318: cdcf;
b319: cdcf;
b31a: cccf;
b31b: cccf;
b31c: cccf;
b31d: cdcf;
b31e: cddf;
b31f: dddf;
b320: dddf;
b321: dddf;
b322: dddf;
b323: dddf;
b324: dddf;
b325: dddf;
b326: dddf;
b327: dddf;
b328: dddf;
b329: dddf;
b32a: dddf;
b32b: dddf;
b32c: dddf;
b32d: dddf;
b32e: dddf;
b32f: dddf;
b330: cddf;
b331: cddf;
b332: cddf;
b333: cccf;
b334: cccf;
b335: bccf;
b336: bcbf;
b337: bbbf;
b338: abbf;
b339: abbf;
b33a: bbbf;
b33b: bbbf;
b33c: bbbf;
b33d: bcbf;
b33e: bccf;
b33f: bccf;
b340: bccf;
b341: bccf;
b342: cccf;
b343: bccf;
b344: bccf;
b345: bccf;
b346: bccf;
b347: bccf;
b348: cccf;
b349: cccf;
b34a: cddf;
b34b: cddf;
b34c: cddf;
b34d: cddf;
b34e: cddf;
b34f: cddf;
b350: cdcf;
b351: cddf;
b352: cddf;
b353: cdcf;
b354: bbbf;
b355: 898f;
b356: 566f;
b357: 333f;
b358: 444f;
b359: 444f;
b35a: 444f;
b35b: 444f;
b35c: 444f;
b35d: 555f;
b35e: 555f;
b35f: 444f;
b360: 444f;
b361: 444f;
b362: 544f;
b363: 544f;
b364: 544f;
b365: 544f;
b366: 544f;
b367: 544f;
b368: 544f;
b369: 544f;
b36a: 544f;
b36b: 544f;
b36c: 544f;
b36d: 544f;
b36e: 544f;
b36f: 544f;
b370: 544f;
b371: 544f;
b372: 544f;
b373: 544f;
b374: 544f;
b375: 544f;
b376: 544f;
b377: 544f;
b378: 544f;
b379: 544f;
b37a: 544f;
b37b: 544f;
b37c: 544f;
b37d: 544f;
b37e: 544f;
b37f: 544f;
b380: 444f;
b381: 444f;
b382: 444f;
b383: 433f;
b384: 333f;
b385: 333f;
b386: 333f;
b387: 333f;
b388: 333f;
b389: 433f;
b38a: 444f;
b38b: 444f;
b38c: 544f;
b38d: 544f;
b38e: 544f;
b38f: 544f;
b390: 544f;
b391: 544f;
b392: 544f;
b393: 544f;
b394: 544f;
b395: 544f;
b396: 544f;
b397: 544f;
b398: 444f;
b399: 444f;
b39a: 433f;
b39b: 333f;
b39c: 333f;
b39d: 333f;
b39e: 333f;
b39f: 333f;
b3a0: 333f;
b3a1: 333f;
b3a2: 333f;
b3a3: 333f;
b3a4: 333f;
b3a5: 333f;
b3a6: 333f;
b3a7: 333f;
b3a8: 333f;
b3a9: 333f;
b3aa: 333f;
b3ab: 444f;
b3ac: 766f;
b3ad: 988f;
b3ae: a99f;
b3af: aaaf;
b3b0: aa9f;
b3b1: 999f;
b3b2: 887f;
b3b3: 655f;
b3b4: 443f;
b3b5: 333f;
b3b6: 333f;
b3b7: 333f;
b3b8: 333f;
b3b9: 333f;
b3ba: 333f;
b3bb: 333f;
b3bc: 444f;
b3bd: 544f;
b3be: 444f;
b3bf: 444f;
b3c0: 444f;
b3c1: 443f;
b3c2: 333f;
b3c3: 333f;
b3c4: 333f;
b3c5: 333f;
b3c6: 333f;
b3c7: 333f;
b3c8: 333f;
b3c9: 544f;
b3ca: 777f;
b3cb: baaf;
b3cc: dccf;
b3cd: dddf;
b3ce: dccf;
b3cf: dccf;
b3d0: dccf;
b3d1: dccf;
b3d2: dccf;
b3d3: dccf;
b3d4: dccf;
b3d5: dccf;
b3d6: dccf;
b3d7: dccf;
b3d8: bbaf;
b3d9: a99f;
b3da: a99f;
b3db: a99f;
b3dc: a99f;
b3dd: a99f;
b3de: a99f;
b3df: a99f;
b3e0: a99f;
b3e1: a99f;
b3e2: a99f;
b3e3: aa9f;
b3e4: ba9f;
b3e5: ba9f;
b3e6: 877f;
b3e7: 665f;
b3e8: 554f;
b3e9: 544f;
b3ea: 544f;
b3eb: 544f;
b3ec: 544f;
b3ed: 544f;
b3ee: 544f;
b3ef: 544f;
b3f0: 544f;
b3f1: 544f;
b3f2: 444f;
b3f3: 443f;
b3f4: 554f;
b3f5: 766f;
b3f6: 998f;
b3f7: baaf;
b3f8: cbbf;
b3f9: ccbf;
b3fa: dccf;
b3fb: ddcf;
b3fc: dccf;
b3fd: dccf;
b3fe: dccf;
b3ff: dccf;
b400: dddf;
b401: dddf;
b402: dddf;
b403: dddf;
b404: cdcf;
b405: cdcf;
b406: cdcf;
b407: cccf;
b408: cccf;
b409: cccf;
b40a: cccf;
b40b: cdcf;
b40c: dddf;
b40d: dddf;
b40e: dddf;
b40f: cdcf;
b410: cccf;
b411: bcbf;
b412: bbbf;
b413: bcbf;
b414: cccf;
b415: dddf;
b416: dddf;
b417: dddf;
b418: cddf;
b419: cdcf;
b41a: cccf;
b41b: cccf;
b41c: cccf;
b41d: cdcf;
b41e: dddf;
b41f: dddf;
b420: dddf;
b421: dddf;
b422: dddf;
b423: dddf;
b424: dddf;
b425: dddf;
b426: dddf;
b427: dddf;
b428: dddf;
b429: dddf;
b42a: dddf;
b42b: dddf;
b42c: dddf;
b42d: dddf;
b42e: dddf;
b42f: dddf;
b430: dddf;
b431: dddf;
b432: cddf;
b433: cddf;
b434: cddf;
b435: cccf;
b436: bccf;
b437: bcbf;
b438: bbbf;
b439: bbbf;
b43a: bbbf;
b43b: bbbf;
b43c: bbbf;
b43d: bbbf;
b43e: bbbf;
b43f: bbbf;
b440: bccf;
b441: bccf;
b442: bccf;
b443: cccf;
b444: cccf;
b445: bccf;
b446: bccf;
b447: bccf;
b448: bccf;
b449: bccf;
b44a: cccf;
b44b: cccf;
b44c: cddf;
b44d: cccf;
b44e: cccf;
b44f: cddf;
b450: cddf;
b451: cdcf;
b452: cddf;
b453: cddf;
b454: bccf;
b455: 888f;
b456: 555f;
b457: 444f;
b458: 444f;
b459: 444f;
b45a: 444f;
b45b: 444f;
b45c: 544f;
b45d: 544f;
b45e: 544f;
b45f: 544f;
b460: 544f;
b461: 544f;
b462: 544f;
b463: 544f;
b464: 544f;
b465: 544f;
b466: 544f;
b467: 544f;
b468: 544f;
b469: 544f;
b46a: 544f;
b46b: 544f;
b46c: 544f;
b46d: 544f;
b46e: 544f;
b46f: 544f;
b470: 544f;
b471: 544f;
b472: 544f;
b473: 544f;
b474: 544f;
b475: 544f;
b476: 544f;
b477: 544f;
b478: 544f;
b479: 544f;
b47a: 544f;
b47b: 544f;
b47c: 544f;
b47d: 544f;
b47e: 544f;
b47f: 544f;
b480: 544f;
b481: 444f;
b482: 443f;
b483: 333f;
b484: 333f;
b485: 333f;
b486: 333f;
b487: 333f;
b488: 333f;
b489: 443f;
b48a: 444f;
b48b: 544f;
b48c: 544f;
b48d: 544f;
b48e: 544f;
b48f: 544f;
b490: 544f;
b491: 544f;
b492: 544f;
b493: 544f;
b494: 544f;
b495: 544f;
b496: 444f;
b497: 444f;
b498: 444f;
b499: 433f;
b49a: 333f;
b49b: 333f;
b49c: 333f;
b49d: 333f;
b49e: 333f;
b49f: 333f;
b4a0: 333f;
b4a1: 333f;
b4a2: 333f;
b4a3: 333f;
b4a4: 333f;
b4a5: 333f;
b4a6: 333f;
b4a7: 333f;
b4a8: 333f;
b4a9: 333f;
b4aa: 443f;
b4ab: 655f;
b4ac: 988f;
b4ad: 999f;
b4ae: a99f;
b4af: a99f;
b4b0: a99f;
b4b1: 999f;
b4b2: 888f;
b4b3: 655f;
b4b4: 433f;
b4b5: 333f;
b4b6: 333f;
b4b7: 333f;
b4b8: 333f;
b4b9: 333f;
b4ba: 333f;
b4bb: 433f;
b4bc: 444f;
b4bd: 554f;
b4be: 444f;
b4bf: 443f;
b4c0: 433f;
b4c1: 333f;
b4c2: 333f;
b4c3: 333f;
b4c4: 333f;
b4c5: 333f;
b4c6: 333f;
b4c7: 333f;
b4c8: 433f;
b4c9: 766f;
b4ca: 999f;
b4cb: cccf;
b4cc: dddf;
b4cd: ddcf;
b4ce: ccbf;
b4cf: dccf;
b4d0: dccf;
b4d1: dccf;
b4d2: dccf;
b4d3: dccf;
b4d4: dccf;
b4d5: dccf;
b4d6: dccf;
b4d7: dcbf;
b4d8: cbaf;
b4d9: aa9f;
b4da: a99f;
b4db: a99f;
b4dc: a99f;
b4dd: a99f;
b4de: a99f;
b4df: a99f;
b4e0: a99f;
b4e1: a99f;
b4e2: a99f;
b4e3: aa9f;
b4e4: a99f;
b4e5: a99f;
b4e6: 988f;
b4e7: 776f;
b4e8: 544f;
b4e9: 443f;
b4ea: 444f;
b4eb: 544f;
b4ec: 544f;
b4ed: 544f;
b4ee: 544f;
b4ef: 544f;
b4f0: 544f;
b4f1: 444f;
b4f2: 443f;
b4f3: 443f;
b4f4: 655f;
b4f5: 877f;
b4f6: aa9f;
b4f7: bbaf;
b4f8: ccbf;
b4f9: dccf;
b4fa: dccf;
b4fb: dccf;
b4fc: dccf;
b4fd: ddcf;
b4fe: edcf;
b4ff: dccf;
b500: dddf;
b501: dddf;
b502: dddf;
b503: dddf;
b504: dddf;
b505: dddf;
b506: cdcf;
b507: cccf;
b508: cccf;
b509: cccf;
b50a: cdcf;
b50b: cdcf;
b50c: cdcf;
b50d: dddf;
b50e: cddf;
b50f: cccf;
b510: cccf;
b511: bcbf;
b512: bbbf;
b513: bcbf;
b514: cccf;
b515: dddf;
b516: dddf;
b517: dddf;
b518: cdcf;
b519: cccf;
b51a: cccf;
b51b: cccf;
b51c: cccf;
b51d: cdcf;
b51e: dddf;
b51f: dddf;
b520: dddf;
b521: dddf;
b522: dddf;
b523: dddf;
b524: dddf;
b525: dddf;
b526: dddf;
b527: dddf;
b528: dddf;
b529: dddf;
b52a: dddf;
b52b: dddf;
b52c: dddf;
b52d: dddf;
b52e: dddf;
b52f: dddf;
b530: dddf;
b531: dddf;
b532: dddf;
b533: cddf;
b534: cddf;
b535: cddf;
b536: cccf;
b537: bccf;
b538: bccf;
b539: bbbf;
b53a: bbbf;
b53b: bbbf;
b53c: bbbf;
b53d: bbbf;
b53e: bbbf;
b53f: bbbf;
b540: bbbf;
b541: bcbf;
b542: bccf;
b543: cccf;
b544: cccf;
b545: cccf;
b546: bccf;
b547: bccf;
b548: bccf;
b549: bccf;
b54a: cccf;
b54b: cccf;
b54c: cccf;
b54d: cccf;
b54e: cccf;
b54f: cddf;
b550: cdcf;
b551: cccf;
b552: cddf;
b553: cddf;
b554: bccf;
b555: 788f;
b556: 444f;
b557: 444f;
b558: 444f;
b559: 444f;
b55a: 444f;
b55b: 544f;
b55c: 544f;
b55d: 544f;
b55e: 544f;
b55f: 544f;
b560: 544f;
b561: 544f;
b562: 544f;
b563: 544f;
b564: 544f;
b565: 544f;
b566: 544f;
b567: 544f;
b568: 544f;
b569: 544f;
b56a: 544f;
b56b: 544f;
b56c: 544f;
b56d: 544f;
b56e: 544f;
b56f: 544f;
b570: 544f;
b571: 544f;
b572: 544f;
b573: 544f;
b574: 544f;
b575: 544f;
b576: 544f;
b577: 544f;
b578: 544f;
b579: 544f;
b57a: 544f;
b57b: 544f;
b57c: 544f;
b57d: 544f;
b57e: 544f;
b57f: 544f;
b580: 444f;
b581: 444f;
b582: 443f;
b583: 333f;
b584: 333f;
b585: 333f;
b586: 333f;
b587: 333f;
b588: 333f;
b589: 443f;
b58a: 444f;
b58b: 544f;
b58c: 544f;
b58d: 544f;
b58e: 544f;
b58f: 544f;
b590: 544f;
b591: 544f;
b592: 544f;
b593: 544f;
b594: 544f;
b595: 544f;
b596: 444f;
b597: 444f;
b598: 443f;
b599: 333f;
b59a: 333f;
b59b: 333f;
b59c: 333f;
b59d: 333f;
b59e: 333f;
b59f: 333f;
b5a0: 333f;
b5a1: 333f;
b5a2: 333f;
b5a3: 333f;
b5a4: 333f;
b5a5: 333f;
b5a6: 333f;
b5a7: 333f;
b5a8: 333f;
b5a9: 333f;
b5aa: 544f;
b5ab: 766f;
b5ac: 999f;
b5ad: a99f;
b5ae: aa9f;
b5af: a99f;
b5b0: a99f;
b5b1: a99f;
b5b2: 877f;
b5b3: 655f;
b5b4: 433f;
b5b5: 333f;
b5b6: 333f;
b5b7: 333f;
b5b8: 333f;
b5b9: 333f;
b5ba: 333f;
b5bb: 433f;
b5bc: 444f;
b5bd: 444f;
b5be: 444f;
b5bf: 443f;
b5c0: 333f;
b5c1: 333f;
b5c2: 333f;
b5c3: 333f;
b5c4: 333f;
b5c5: 333f;
b5c6: 332f;
b5c7: 333f;
b5c8: 544f;
b5c9: 887f;
b5ca: baaf;
b5cb: dccf;
b5cc: ddcf;
b5cd: dccf;
b5ce: dccf;
b5cf: dccf;
b5d0: dccf;
b5d1: dccf;
b5d2: dccf;
b5d3: dccf;
b5d4: dccf;
b5d5: dccf;
b5d6: dccf;
b5d7: dcbf;
b5d8: cbbf;
b5d9: ba9f;
b5da: a99f;
b5db: a99f;
b5dc: a99f;
b5dd: a99f;
b5de: a99f;
b5df: a99f;
b5e0: a99f;
b5e1: a99f;
b5e2: a99f;
b5e3: a99f;
b5e4: a99f;
b5e5: aa9f;
b5e6: 998f;
b5e7: 776f;
b5e8: 554f;
b5e9: 544f;
b5ea: 444f;
b5eb: 544f;
b5ec: 544f;
b5ed: 544f;
b5ee: 544f;
b5ef: 544f;
b5f0: 544f;
b5f1: 444f;
b5f2: 443f;
b5f3: 443f;
b5f4: 665f;
b5f5: 887f;
b5f6: baaf;
b5f7: cbbf;
b5f8: ccbf;
b5f9: dccf;
b5fa: dccf;
b5fb: dccf;
b5fc: dccf;
b5fd: ddcf;
b5fe: edcf;
b5ff: dcbf;
b600: dddf;
b601: dddf;
b602: dddf;
b603: dddf;
b604: dddf;
b605: dddf;
b606: ddcf;
b607: cdcf;
b608: cccf;
b609: cccf;
b60a: cdcf;
b60b: cdcf;
b60c: cccf;
b60d: cdcf;
b60e: cdcf;
b60f: cccf;
b610: cccf;
b611: bbbf;
b612: bbbf;
b613: bcbf;
b614: cccf;
b615: dddf;
b616: dddf;
b617: dddf;
b618: cdcf;
b619: cccf;
b61a: cccf;
b61b: cccf;
b61c: cdcf;
b61d: cddf;
b61e: dddf;
b61f: dddf;
b620: dddf;
b621: dddf;
b622: dddf;
b623: dddf;
b624: dddf;
b625: dddf;
b626: dddf;
b627: dddf;
b628: dddf;
b629: dddf;
b62a: dddf;
b62b: dddf;
b62c: dddf;
b62d: dddf;
b62e: dddf;
b62f: dddf;
b630: dddf;
b631: dddf;
b632: dddf;
b633: dddf;
b634: dddf;
b635: cddf;
b636: cddf;
b637: cccf;
b638: cccf;
b639: bccf;
b63a: bbbf;
b63b: bbbf;
b63c: bbbf;
b63d: abbf;
b63e: abbf;
b63f: abbf;
b640: bbbf;
b641: bbbf;
b642: bccf;
b643: cccf;
b644: cccf;
b645: cccf;
b646: bccf;
b647: bccf;
b648: bccf;
b649: bccf;
b64a: cccf;
b64b: cccf;
b64c: cccf;
b64d: cccf;
b64e: cccf;
b64f: cccf;
b650: cccf;
b651: cccf;
b652: cddf;
b653: cdcf;
b654: bbbf;
b655: 777f;
b656: 444f;
b657: 444f;
b658: 444f;
b659: 444f;
b65a: 544f;
b65b: 544f;
b65c: 544f;
b65d: 544f;
b65e: 544f;
b65f: 544f;
b660: 544f;
b661: 544f;
b662: 544f;
b663: 544f;
b664: 544f;
b665: 544f;
b666: 544f;
b667: 544f;
b668: 444f;
b669: 444f;
b66a: 544f;
b66b: 544f;
b66c: 544f;
b66d: 544f;
b66e: 544f;
b66f: 544f;
b670: 544f;
b671: 544f;
b672: 544f;
b673: 544f;
b674: 544f;
b675: 544f;
b676: 544f;
b677: 544f;
b678: 544f;
b679: 544f;
b67a: 544f;
b67b: 544f;
b67c: 544f;
b67d: 544f;
b67e: 544f;
b67f: 544f;
b680: 444f;
b681: 444f;
b682: 443f;
b683: 333f;
b684: 333f;
b685: 333f;
b686: 333f;
b687: 333f;
b688: 333f;
b689: 443f;
b68a: 444f;
b68b: 544f;
b68c: 544f;
b68d: 544f;
b68e: 544f;
b68f: 544f;
b690: 544f;
b691: 544f;
b692: 544f;
b693: 544f;
b694: 444f;
b695: 444f;
b696: 444f;
b697: 443f;
b698: 433f;
b699: 333f;
b69a: 333f;
b69b: 333f;
b69c: 333f;
b69d: 333f;
b69e: 333f;
b69f: 333f;
b6a0: 333f;
b6a1: 333f;
b6a2: 333f;
b6a3: 333f;
b6a4: 333f;
b6a5: 333f;
b6a6: 333f;
b6a7: 333f;
b6a8: 333f;
b6a9: 444f;
b6aa: 555f;
b6ab: 777f;
b6ac: a99f;
b6ad: aaaf;
b6ae: aaaf;
b6af: a99f;
b6b0: a99f;
b6b1: a99f;
b6b2: 877f;
b6b3: 655f;
b6b4: 433f;
b6b5: 333f;
b6b6: 333f;
b6b7: 333f;
b6b8: 333f;
b6b9: 333f;
b6ba: 333f;
b6bb: 443f;
b6bc: 444f;
b6bd: 444f;
b6be: 444f;
b6bf: 433f;
b6c0: 333f;
b6c1: 333f;
b6c2: 333f;
b6c3: 333f;
b6c4: 333f;
b6c5: 333f;
b6c6: 332f;
b6c7: 443f;
b6c8: 655f;
b6c9: 999f;
b6ca: cbbf;
b6cb: ddcf;
b6cc: dccf;
b6cd: dccf;
b6ce: dccf;
b6cf: dccf;
b6d0: dccf;
b6d1: dccf;
b6d2: dccf;
b6d3: dccf;
b6d4: dccf;
b6d5: dccf;
b6d6: dccf;
b6d7: dccf;
b6d8: cbbf;
b6d9: baaf;
b6da: ba9f;
b6db: a99f;
b6dc: a99f;
b6dd: a99f;
b6de: a99f;
b6df: a99f;
b6e0: a99f;
b6e1: a99f;
b6e2: a99f;
b6e3: a99f;
b6e4: a99f;
b6e5: aa9f;
b6e6: 998f;
b6e7: 877f;
b6e8: 554f;
b6e9: 444f;
b6ea: 444f;
b6eb: 544f;
b6ec: 544f;
b6ed: 544f;
b6ee: 544f;
b6ef: 544f;
b6f0: 544f;
b6f1: 444f;
b6f2: 443f;
b6f3: 444f;
b6f4: 666f;
b6f5: 988f;
b6f6: bbaf;
b6f7: cbbf;
b6f8: dcbf;
b6f9: dccf;
b6fa: dccf;
b6fb: dccf;
b6fc: dccf;
b6fd: ddcf;
b6fe: ddcf;
b6ff: cbbf;
b700: dddf;
b701: dddf;
b702: dddf;
b703: dddf;
b704: dddf;
b705: dddf;
b706: ddcf;
b707: cdcf;
b708: cdcf;
b709: cdcf;
b70a: cdcf;
b70b: cdcf;
b70c: cccf;
b70d: cdcf;
b70e: cdcf;
b70f: cccf;
b710: bcbf;
b711: bbbf;
b712: bbbf;
b713: bcbf;
b714: cccf;
b715: dddf;
b716: dddf;
b717: dddf;
b718: cccf;
b719: cccf;
b71a: cccf;
b71b: cccf;
b71c: cdcf;
b71d: cddf;
b71e: dddf;
b71f: dddf;
b720: dddf;
b721: dddf;
b722: dddf;
b723: dddf;
b724: dddf;
b725: dddf;
b726: dddf;
b727: dddf;
b728: dddf;
b729: dddf;
b72a: dddf;
b72b: dddf;
b72c: dddf;
b72d: dddf;
b72e: dddf;
b72f: dddf;
b730: dddf;
b731: dddf;
b732: dddf;
b733: dddf;
b734: dddf;
b735: dddf;
b736: cddf;
b737: cddf;
b738: cccf;
b739: cccf;
b73a: bbbf;
b73b: bbbf;
b73c: abbf;
b73d: abbf;
b73e: aabf;
b73f: abbf;
b740: abbf;
b741: bbbf;
b742: bccf;
b743: cccf;
b744: cccf;
b745: cccf;
b746: cccf;
b747: cccf;
b748: bccf;
b749: bccf;
b74a: bccf;
b74b: cccf;
b74c: bccf;
b74d: cccf;
b74e: cccf;
b74f: cccf;
b750: cccf;
b751: cdcf;
b752: cddf;
b753: cccf;
b754: aaaf;
b755: 677f;
b756: 444f;
b757: 444f;
b758: 444f;
b759: 444f;
b75a: 545f;
b75b: 544f;
b75c: 544f;
b75d: 544f;
b75e: 544f;
b75f: 544f;
b760: 544f;
b761: 544f;
b762: 544f;
b763: 544f;
b764: 544f;
b765: 544f;
b766: 544f;
b767: 544f;
b768: 544f;
b769: 544f;
b76a: 544f;
b76b: 544f;
b76c: 544f;
b76d: 544f;
b76e: 544f;
b76f: 544f;
b770: 544f;
b771: 544f;
b772: 544f;
b773: 544f;
b774: 544f;
b775: 544f;
b776: 544f;
b777: 544f;
b778: 544f;
b779: 544f;
b77a: 544f;
b77b: 544f;
b77c: 544f;
b77d: 544f;
b77e: 544f;
b77f: 544f;
b780: 444f;
b781: 444f;
b782: 433f;
b783: 333f;
b784: 333f;
b785: 333f;
b786: 333f;
b787: 333f;
b788: 333f;
b789: 443f;
b78a: 444f;
b78b: 444f;
b78c: 544f;
b78d: 544f;
b78e: 544f;
b78f: 544f;
b790: 544f;
b791: 544f;
b792: 544f;
b793: 544f;
b794: 444f;
b795: 444f;
b796: 444f;
b797: 443f;
b798: 333f;
b799: 333f;
b79a: 333f;
b79b: 333f;
b79c: 333f;
b79d: 333f;
b79e: 333f;
b79f: 333f;
b7a0: 333f;
b7a1: 333f;
b7a2: 333f;
b7a3: 333f;
b7a4: 333f;
b7a5: 333f;
b7a6: 333f;
b7a7: 333f;
b7a8: 333f;
b7a9: 444f;
b7aa: 666f;
b7ab: 888f;
b7ac: aa9f;
b7ad: aaaf;
b7ae: aaaf;
b7af: a99f;
b7b0: a99f;
b7b1: a99f;
b7b2: 877f;
b7b3: 655f;
b7b4: 433f;
b7b5: 333f;
b7b6: 333f;
b7b7: 332f;
b7b8: 333f;
b7b9: 333f;
b7ba: 333f;
b7bb: 443f;
b7bc: 444f;
b7bd: 444f;
b7be: 443f;
b7bf: 333f;
b7c0: 333f;
b7c1: 333f;
b7c2: 333f;
b7c3: 332f;
b7c4: 332f;
b7c5: 333f;
b7c6: 322f;
b7c7: 444f;
b7c8: 766f;
b7c9: baaf;
b7ca: cccf;
b7cb: ddcf;
b7cc: dccf;
b7cd: dccf;
b7ce: edcf;
b7cf: dccf;
b7d0: dccf;
b7d1: dccf;
b7d2: dccf;
b7d3: dccf;
b7d4: dccf;
b7d5: dccf;
b7d6: dccf;
b7d7: dccf;
b7d8: cbbf;
b7d9: caaf;
b7da: ba9f;
b7db: a99f;
b7dc: a99f;
b7dd: a99f;
b7de: a99f;
b7df: a99f;
b7e0: a99f;
b7e1: a99f;
b7e2: a99f;
b7e3: a99f;
b7e4: a99f;
b7e5: aa9f;
b7e6: a99f;
b7e7: 877f;
b7e8: 554f;
b7e9: 444f;
b7ea: 444f;
b7eb: 544f;
b7ec: 544f;
b7ed: 544f;
b7ee: 544f;
b7ef: 544f;
b7f0: 544f;
b7f1: 443f;
b7f2: 443f;
b7f3: 544f;
b7f4: 776f;
b7f5: 998f;
b7f6: cbbf;
b7f7: dcbf;
b7f8: dccf;
b7f9: dccf;
b7fa: dccf;
b7fb: dccf;
b7fc: dccf;
b7fd: ddcf;
b7fe: dccf;
b7ff: cbaf;
b800: cdcf;
b801: dddf;
b802: dddf;
b803: dddf;
b804: dddf;
b805: dddf;
b806: dddf;
b807: cdcf;
b808: cdcf;
b809: cdcf;
b80a: dddf;
b80b: cdcf;
b80c: cdcf;
b80d: cdcf;
b80e: cccf;
b80f: cccf;
b810: bcbf;
b811: bbbf;
b812: bbbf;
b813: cccf;
b814: cdcf;
b815: dddf;
b816: dddf;
b817: dddf;
b818: cccf;
b819: cccf;
b81a: cccf;
b81b: cccf;
b81c: cdcf;
b81d: dddf;
b81e: dddf;
b81f: dddf;
b820: dddf;
b821: dddf;
b822: dddf;
b823: dddf;
b824: dddf;
b825: dddf;
b826: dddf;
b827: dddf;
b828: dddf;
b829: dddf;
b82a: dddf;
b82b: dddf;
b82c: dddf;
b82d: dddf;
b82e: dddf;
b82f: dddf;
b830: dddf;
b831: dddf;
b832: dddf;
b833: dddf;
b834: dddf;
b835: dddf;
b836: dddf;
b837: cddf;
b838: cddf;
b839: cccf;
b83a: bccf;
b83b: bbbf;
b83c: bbbf;
b83d: abbf;
b83e: abbf;
b83f: abbf;
b840: abbf;
b841: bbbf;
b842: bccf;
b843: cccf;
b844: cccf;
b845: cccf;
b846: cccf;
b847: cccf;
b848: cccf;
b849: bccf;
b84a: bccf;
b84b: bccf;
b84c: bccf;
b84d: bccf;
b84e: cccf;
b84f: cccf;
b850: cccf;
b851: cddf;
b852: cdcf;
b853: bccf;
b854: 999f;
b855: 666f;
b856: 444f;
b857: 444f;
b858: 444f;
b859: 444f;
b85a: 544f;
b85b: 544f;
b85c: 544f;
b85d: 544f;
b85e: 544f;
b85f: 544f;
b860: 544f;
b861: 444f;
b862: 444f;
b863: 444f;
b864: 444f;
b865: 444f;
b866: 444f;
b867: 544f;
b868: 544f;
b869: 544f;
b86a: 544f;
b86b: 544f;
b86c: 544f;
b86d: 544f;
b86e: 544f;
b86f: 544f;
b870: 544f;
b871: 544f;
b872: 544f;
b873: 544f;
b874: 544f;
b875: 544f;
b876: 544f;
b877: 544f;
b878: 544f;
b879: 544f;
b87a: 544f;
b87b: 544f;
b87c: 544f;
b87d: 544f;
b87e: 544f;
b87f: 544f;
b880: 444f;
b881: 444f;
b882: 433f;
b883: 333f;
b884: 333f;
b885: 333f;
b886: 333f;
b887: 333f;
b888: 433f;
b889: 444f;
b88a: 444f;
b88b: 444f;
b88c: 544f;
b88d: 544f;
b88e: 544f;
b88f: 544f;
b890: 544f;
b891: 544f;
b892: 544f;
b893: 544f;
b894: 544f;
b895: 544f;
b896: 444f;
b897: 443f;
b898: 333f;
b899: 333f;
b89a: 333f;
b89b: 333f;
b89c: 333f;
b89d: 333f;
b89e: 333f;
b89f: 333f;
b8a0: 333f;
b8a1: 333f;
b8a2: 333f;
b8a3: 333f;
b8a4: 333f;
b8a5: 333f;
b8a6: 332f;
b8a7: 333f;
b8a8: 444f;
b8a9: 555f;
b8aa: 877f;
b8ab: 999f;
b8ac: aaaf;
b8ad: aa9f;
b8ae: a99f;
b8af: a99f;
b8b0: a99f;
b8b1: a99f;
b8b2: 877f;
b8b3: 655f;
b8b4: 433f;
b8b5: 333f;
b8b6: 333f;
b8b7: 332f;
b8b8: 333f;
b8b9: 333f;
b8ba: 333f;
b8bb: 443f;
b8bc: 444f;
b8bd: 444f;
b8be: 433f;
b8bf: 333f;
b8c0: 333f;
b8c1: 333f;
b8c2: 333f;
b8c3: 332f;
b8c4: 333f;
b8c5: 332f;
b8c6: 332f;
b8c7: 554f;
b8c8: 887f;
b8c9: bbbf;
b8ca: dccf;
b8cb: ddcf;
b8cc: dccf;
b8cd: dccf;
b8ce: edcf;
b8cf: dccf;
b8d0: dccf;
b8d1: dccf;
b8d2: dccf;
b8d3: dccf;
b8d4: dccf;
b8d5: dccf;
b8d6: dccf;
b8d7: dccf;
b8d8: dcbf;
b8d9: cbaf;
b8da: ba9f;
b8db: a99f;
b8dc: a99f;
b8dd: a98f;
b8de: a99f;
b8df: a99f;
b8e0: a99f;
b8e1: a99f;
b8e2: a99f;
b8e3: a99f;
b8e4: a99f;
b8e5: ba9f;
b8e6: a99f;
b8e7: 877f;
b8e8: 555f;
b8e9: 544f;
b8ea: 443f;
b8eb: 544f;
b8ec: 544f;
b8ed: 544f;
b8ee: 444f;
b8ef: 444f;
b8f0: 544f;
b8f1: 444f;
b8f2: 444f;
b8f3: 555f;
b8f4: 877f;
b8f5: baaf;
b8f6: dcbf;
b8f7: dccf;
b8f8: dccf;
b8f9: dccf;
b8fa: dccf;
b8fb: dccf;
b8fc: dccf;
b8fd: dccf;
b8fe: dccf;
b8ff: baaf;
b900: cccf;
b901: cdcf;
b902: cddf;
b903: dddf;
b904: dddf;
b905: dddf;
b906: dddf;
b907: dddf;
b908: dddf;
b909: dddf;
b90a: dddf;
b90b: cdcf;
b90c: cdcf;
b90d: cdcf;
b90e: cdcf;
b90f: cccf;
b910: bcbf;
b911: bbbf;
b912: bbbf;
b913: cccf;
b914: cdcf;
b915: dddf;
b916: dddf;
b917: dddf;
b918: cccf;
b919: cccf;
b91a: cccf;
b91b: cccf;
b91c: cdcf;
b91d: dddf;
b91e: dddf;
b91f: dddf;
b920: dddf;
b921: dddf;
b922: dddf;
b923: dddf;
b924: dddf;
b925: dddf;
b926: dddf;
b927: dddf;
b928: dddf;
b929: dddf;
b92a: dddf;
b92b: dddf;
b92c: dddf;
b92d: dddf;
b92e: dddf;
b92f: dddf;
b930: dddf;
b931: dddf;
b932: dddf;
b933: dddf;
b934: dddf;
b935: dddf;
b936: dddf;
b937: dddf;
b938: cddf;
b939: cddf;
b93a: cccf;
b93b: bbbf;
b93c: bbbf;
b93d: abbf;
b93e: abbf;
b93f: abbf;
b940: abbf;
b941: bbbf;
b942: bccf;
b943: cccf;
b944: cccf;
b945: cccf;
b946: cccf;
b947: cccf;
b948: cccf;
b949: bccf;
b94a: bccf;
b94b: bccf;
b94c: bccf;
b94d: bccf;
b94e: cccf;
b94f: cccf;
b950: cddf;
b951: cddf;
b952: cdcf;
b953: bbbf;
b954: 888f;
b955: 566f;
b956: 444f;
b957: 444f;
b958: 444f;
b959: 444f;
b95a: 544f;
b95b: 544f;
b95c: 544f;
b95d: 544f;
b95e: 544f;
b95f: 544f;
b960: 444f;
b961: 444f;
b962: 444f;
b963: 444f;
b964: 444f;
b965: 444f;
b966: 444f;
b967: 544f;
b968: 544f;
b969: 544f;
b96a: 544f;
b96b: 544f;
b96c: 544f;
b96d: 544f;
b96e: 544f;
b96f: 544f;
b970: 544f;
b971: 544f;
b972: 544f;
b973: 544f;
b974: 544f;
b975: 544f;
b976: 544f;
b977: 544f;
b978: 544f;
b979: 544f;
b97a: 544f;
b97b: 544f;
b97c: 544f;
b97d: 544f;
b97e: 544f;
b97f: 544f;
b980: 444f;
b981: 444f;
b982: 433f;
b983: 333f;
b984: 333f;
b985: 333f;
b986: 333f;
b987: 333f;
b988: 433f;
b989: 444f;
b98a: 444f;
b98b: 444f;
b98c: 544f;
b98d: 544f;
b98e: 544f;
b98f: 544f;
b990: 544f;
b991: 544f;
b992: 544f;
b993: 544f;
b994: 444f;
b995: 444f;
b996: 444f;
b997: 443f;
b998: 333f;
b999: 333f;
b99a: 333f;
b99b: 333f;
b99c: 333f;
b99d: 333f;
b99e: 333f;
b99f: 333f;
b9a0: 333f;
b9a1: 333f;
b9a2: 333f;
b9a3: 333f;
b9a4: 333f;
b9a5: 333f;
b9a6: 322f;
b9a7: 333f;
b9a8: 544f;
b9a9: 666f;
b9aa: 988f;
b9ab: a99f;
b9ac: aaaf;
b9ad: a99f;
b9ae: a99f;
b9af: a99f;
b9b0: aa9f;
b9b1: a99f;
b9b2: 877f;
b9b3: 555f;
b9b4: 333f;
b9b5: 333f;
b9b6: 333f;
b9b7: 332f;
b9b8: 333f;
b9b9: 333f;
b9ba: 333f;
b9bb: 433f;
b9bc: 443f;
b9bd: 443f;
b9be: 333f;
b9bf: 333f;
b9c0: 333f;
b9c1: 333f;
b9c2: 333f;
b9c3: 332f;
b9c4: 332f;
b9c5: 333f;
b9c6: 333f;
b9c7: 655f;
b9c8: 999f;
b9c9: ccbf;
b9ca: dddf;
b9cb: ddcf;
b9cc: dccf;
b9cd: dccf;
b9ce: dccf;
b9cf: dccf;
b9d0: dccf;
b9d1: dccf;
b9d2: dccf;
b9d3: dccf;
b9d4: dccf;
b9d5: dccf;
b9d6: dccf;
b9d7: dccf;
b9d8: cbbf;
b9d9: baaf;
b9da: ba9f;
b9db: a99f;
b9dc: a99f;
b9dd: a99f;
b9de: a99f;
b9df: a99f;
b9e0: a99f;
b9e1: a99f;
b9e2: a99f;
b9e3: a99f;
b9e4: a99f;
b9e5: aa9f;
b9e6: a99f;
b9e7: 887f;
b9e8: 555f;
b9e9: 544f;
b9ea: 443f;
b9eb: 544f;
b9ec: 544f;
b9ed: 544f;
b9ee: 444f;
b9ef: 444f;
b9f0: 444f;
b9f1: 443f;
b9f2: 544f;
b9f3: 655f;
b9f4: 988f;
b9f5: bbaf;
b9f6: dccf;
b9f7: dccf;
b9f8: dccf;
b9f9: dccf;
b9fa: dccf;
b9fb: dccf;
b9fc: dccf;
b9fd: dccf;
b9fe: dccf;
b9ff: aa9f;
ba00: bcbf;
ba01: bccf;
ba02: cdcf;
ba03: cdcf;
ba04: dddf;
ba05: dddf;
ba06: dddf;
ba07: dddf;
ba08: dddf;
ba09: dddf;
ba0a: dddf;
ba0b: cddf;
ba0c: cdcf;
ba0d: cddf;
ba0e: cdcf;
ba0f: cccf;
ba10: cccf;
ba11: bcbf;
ba12: bbbf;
ba13: cccf;
ba14: cdcf;
ba15: dddf;
ba16: dddf;
ba17: dddf;
ba18: cccf;
ba19: cccf;
ba1a: cccf;
ba1b: cccf;
ba1c: cdcf;
ba1d: dddf;
ba1e: dddf;
ba1f: dddf;
ba20: dddf;
ba21: dddf;
ba22: dddf;
ba23: dddf;
ba24: dddf;
ba25: dddf;
ba26: dddf;
ba27: dddf;
ba28: dddf;
ba29: dddf;
ba2a: dddf;
ba2b: dddf;
ba2c: dddf;
ba2d: dddf;
ba2e: dddf;
ba2f: dddf;
ba30: dddf;
ba31: dddf;
ba32: dddf;
ba33: dddf;
ba34: dddf;
ba35: dddf;
ba36: dddf;
ba37: dddf;
ba38: dddf;
ba39: cddf;
ba3a: cccf;
ba3b: cccf;
ba3c: bbbf;
ba3d: abbf;
ba3e: abbf;
ba3f: abbf;
ba40: bbbf;
ba41: bbbf;
ba42: bccf;
ba43: cccf;
ba44: cccf;
ba45: cccf;
ba46: cccf;
ba47: cccf;
ba48: cccf;
ba49: cccf;
ba4a: cccf;
ba4b: cccf;
ba4c: cccf;
ba4d: cccf;
ba4e: cccf;
ba4f: cccf;
ba50: cccf;
ba51: cddf;
ba52: cccf;
ba53: aaaf;
ba54: 777f;
ba55: 555f;
ba56: 343f;
ba57: 444f;
ba58: 444f;
ba59: 444f;
ba5a: 544f;
ba5b: 544f;
ba5c: 544f;
ba5d: 544f;
ba5e: 544f;
ba5f: 544f;
ba60: 544f;
ba61: 544f;
ba62: 544f;
ba63: 544f;
ba64: 544f;
ba65: 544f;
ba66: 544f;
ba67: 544f;
ba68: 544f;
ba69: 544f;
ba6a: 544f;
ba6b: 544f;
ba6c: 544f;
ba6d: 544f;
ba6e: 544f;
ba6f: 544f;
ba70: 544f;
ba71: 544f;
ba72: 544f;
ba73: 544f;
ba74: 544f;
ba75: 544f;
ba76: 544f;
ba77: 544f;
ba78: 544f;
ba79: 544f;
ba7a: 544f;
ba7b: 544f;
ba7c: 544f;
ba7d: 544f;
ba7e: 544f;
ba7f: 544f;
ba80: 444f;
ba81: 444f;
ba82: 433f;
ba83: 333f;
ba84: 333f;
ba85: 333f;
ba86: 333f;
ba87: 333f;
ba88: 433f;
ba89: 444f;
ba8a: 444f;
ba8b: 444f;
ba8c: 544f;
ba8d: 544f;
ba8e: 544f;
ba8f: 544f;
ba90: 544f;
ba91: 544f;
ba92: 544f;
ba93: 544f;
ba94: 444f;
ba95: 444f;
ba96: 443f;
ba97: 333f;
ba98: 333f;
ba99: 333f;
ba9a: 333f;
ba9b: 333f;
ba9c: 333f;
ba9d: 333f;
ba9e: 333f;
ba9f: 333f;
baa0: 333f;
baa1: 333f;
baa2: 333f;
baa3: 333f;
baa4: 333f;
baa5: 333f;
baa6: 333f;
baa7: 444f;
baa8: 665f;
baa9: 877f;
baaa: 999f;
baab: aa9f;
baac: aa9f;
baad: a99f;
baae: a99f;
baaf: a99f;
bab0: aa9f;
bab1: a99f;
bab2: 877f;
bab3: 555f;
bab4: 333f;
bab5: 333f;
bab6: 333f;
bab7: 333f;
bab8: 333f;
bab9: 333f;
baba: 333f;
babb: 333f;
babc: 333f;
babd: 333f;
babe: 333f;
babf: 333f;
bac0: 333f;
bac1: 333f;
bac2: 333f;
bac3: 332f;
bac4: 333f;
bac5: 333f;
bac6: 444f;
bac7: 777f;
bac8: aaaf;
bac9: dccf;
baca: ddcf;
bacb: ddcf;
bacc: dccf;
bacd: dccf;
bace: dccf;
bacf: dccf;
bad0: dccf;
bad1: dccf;
bad2: dccf;
bad3: dccf;
bad4: dccf;
bad5: dccf;
bad6: dccf;
bad7: dccf;
bad8: cbbf;
bad9: caaf;
bada: ba9f;
badb: a99f;
badc: a99f;
badd: a99f;
bade: a99f;
badf: a99f;
bae0: a99f;
bae1: a99f;
bae2: a99f;
bae3: a99f;
bae4: a99f;
bae5: ba9f;
bae6: a99f;
bae7: 887f;
bae8: 554f;
bae9: 444f;
baea: 443f;
baeb: 544f;
baec: 544f;
baed: 544f;
baee: 444f;
baef: 444f;
baf0: 443f;
baf1: 443f;
baf2: 554f;
baf3: 766f;
baf4: 998f;
baf5: cbbf;
baf6: dccf;
baf7: dccf;
baf8: dccf;
baf9: dccf;
bafa: dccf;
bafb: dccf;
bafc: dccf;
bafd: dccf;
bafe: dcbf;
baff: a98f;
bb00: abbf;
bb01: bbbf;
bb02: bccf;
bb03: cccf;
bb04: cddf;
bb05: cddf;
bb06: dddf;
bb07: dddf;
bb08: dddf;
bb09: dddf;
bb0a: dddf;
bb0b: cddf;
bb0c: cdcf;
bb0d: cddf;
bb0e: cdcf;
bb0f: cccf;
bb10: cccf;
bb11: cccf;
bb12: cccf;
bb13: cccf;
bb14: cddf;
bb15: dddf;
bb16: dddf;
bb17: cddf;
bb18: cccf;
bb19: cccf;
bb1a: cccf;
bb1b: cccf;
bb1c: cdcf;
bb1d: dddf;
bb1e: dddf;
bb1f: dddf;
bb20: dddf;
bb21: dddf;
bb22: dddf;
bb23: dddf;
bb24: dddf;
bb25: dddf;
bb26: dddf;
bb27: dddf;
bb28: dddf;
bb29: dddf;
bb2a: dddf;
bb2b: dddf;
bb2c: dddf;
bb2d: dddf;
bb2e: dddf;
bb2f: dddf;
bb30: dddf;
bb31: dddf;
bb32: dddf;
bb33: dddf;
bb34: dddf;
bb35: dddf;
bb36: dddf;
bb37: dddf;
bb38: dddf;
bb39: dddf;
bb3a: cddf;
bb3b: cccf;
bb3c: bccf;
bb3d: bbbf;
bb3e: bbbf;
bb3f: bbbf;
bb40: bbbf;
bb41: bbbf;
bb42: bccf;
bb43: cccf;
bb44: cccf;
bb45: cccf;
bb46: cccf;
bb47: cccf;
bb48: bccf;
bb49: bccf;
bb4a: cccf;
bb4b: cccf;
bb4c: cccf;
bb4d: cccf;
bb4e: cccf;
bb4f: cccf;
bb50: cccf;
bb51: cccf;
bb52: bcbf;
bb53: 9aaf;
bb54: 677f;
bb55: 555f;
bb56: 343f;
bb57: 444f;
bb58: 444f;
bb59: 444f;
bb5a: 544f;
bb5b: 544f;
bb5c: 544f;
bb5d: 544f;
bb5e: 544f;
bb5f: 544f;
bb60: 544f;
bb61: 544f;
bb62: 544f;
bb63: 544f;
bb64: 544f;
bb65: 544f;
bb66: 544f;
bb67: 544f;
bb68: 544f;
bb69: 544f;
bb6a: 544f;
bb6b: 544f;
bb6c: 544f;
bb6d: 544f;
bb6e: 544f;
bb6f: 544f;
bb70: 544f;
bb71: 544f;
bb72: 544f;
bb73: 544f;
bb74: 544f;
bb75: 544f;
bb76: 544f;
bb77: 544f;
bb78: 544f;
bb79: 544f;
bb7a: 544f;
bb7b: 544f;
bb7c: 544f;
bb7d: 544f;
bb7e: 544f;
bb7f: 544f;
bb80: 444f;
bb81: 444f;
bb82: 433f;
bb83: 333f;
bb84: 333f;
bb85: 333f;
bb86: 333f;
bb87: 333f;
bb88: 433f;
bb89: 444f;
bb8a: 444f;
bb8b: 444f;
bb8c: 544f;
bb8d: 544f;
bb8e: 544f;
bb8f: 544f;
bb90: 544f;
bb91: 544f;
bb92: 544f;
bb93: 544f;
bb94: 444f;
bb95: 444f;
bb96: 443f;
bb97: 333f;
bb98: 333f;
bb99: 333f;
bb9a: 333f;
bb9b: 333f;
bb9c: 333f;
bb9d: 333f;
bb9e: 333f;
bb9f: 333f;
bba0: 333f;
bba1: 333f;
bba2: 333f;
bba3: 333f;
bba4: 333f;
bba5: 333f;
bba6: 433f;
bba7: 555f;
bba8: 766f;
bba9: 988f;
bbaa: a99f;
bbab: a99f;
bbac: a99f;
bbad: a99f;
bbae: a99f;
bbaf: a99f;
bbb0: aaaf;
bbb1: a99f;
bbb2: 877f;
bbb3: 555f;
bbb4: 333f;
bbb5: 333f;
bbb6: 333f;
bbb7: 333f;
bbb8: 333f;
bbb9: 333f;
bbba: 333f;
bbbb: 333f;
bbbc: 333f;
bbbd: 333f;
bbbe: 333f;
bbbf: 333f;
bbc0: 333f;
bbc1: 333f;
bbc2: 333f;
bbc3: 332f;
bbc4: 333f;
bbc5: 443f;
bbc6: 555f;
bbc7: 888f;
bbc8: cbbf;
bbc9: dccf;
bbca: ddcf;
bbcb: edcf;
bbcc: dccf;
bbcd: dccf;
bbce: dccf;
bbcf: dccf;
bbd0: dccf;
bbd1: dccf;
bbd2: dccf;
bbd3: dccf;
bbd4: dccf;
bbd5: dccf;
bbd6: dccf;
bbd7: dccf;
bbd8: cbbf;
bbd9: cbaf;
bbda: baaf;
bbdb: a99f;
bbdc: a99f;
bbdd: a99f;
bbde: a99f;
bbdf: a99f;
bbe0: a99f;
bbe1: a99f;
bbe2: a99f;
bbe3: a99f;
bbe4: a99f;
bbe5: ba9f;
bbe6: a99f;
bbe7: 987f;
bbe8: 544f;
bbe9: 443f;
bbea: 443f;
bbeb: 544f;
bbec: 544f;
bbed: 544f;
bbee: 444f;
bbef: 444f;
bbf0: 443f;
bbf1: 444f;
bbf2: 555f;
bbf3: 777f;
bbf4: aa9f;
bbf5: cbbf;
bbf6: dccf;
bbf7: dccf;
bbf8: dccf;
bbf9: dccf;
bbfa: dccf;
bbfb: dccf;
bbfc: dccf;
bbfd: dccf;
bbfe: dcbf;
bbff: 988f;
bc00: 9aaf;
bc01: abbf;
bc02: bbbf;
bc03: bccf;
bc04: cccf;
bc05: cccf;
bc06: cddf;
bc07: cddf;
bc08: dddf;
bc09: dddf;
bc0a: dddf;
bc0b: dddf;
bc0c: cddf;
bc0d: cddf;
bc0e: cdcf;
bc0f: cdcf;
bc10: cccf;
bc11: cccf;
bc12: cccf;
bc13: cdcf;
bc14: dddf;
bc15: dddf;
bc16: dddf;
bc17: cdcf;
bc18: cccf;
bc19: cccf;
bc1a: cccf;
bc1b: cccf;
bc1c: cdcf;
bc1d: dddf;
bc1e: dddf;
bc1f: dddf;
bc20: dddf;
bc21: dddf;
bc22: dddf;
bc23: dddf;
bc24: dddf;
bc25: dddf;
bc26: dddf;
bc27: dddf;
bc28: dddf;
bc29: dddf;
bc2a: dddf;
bc2b: dddf;
bc2c: dddf;
bc2d: dddf;
bc2e: dddf;
bc2f: dddf;
bc30: dddf;
bc31: dddf;
bc32: dddf;
bc33: dddf;
bc34: dddf;
bc35: dddf;
bc36: dddf;
bc37: dddf;
bc38: dddf;
bc39: dddf;
bc3a: dddf;
bc3b: cccf;
bc3c: bccf;
bc3d: bbbf;
bc3e: bbbf;
bc3f: bbbf;
bc40: bbbf;
bc41: bccf;
bc42: cccf;
bc43: cccf;
bc44: cccf;
bc45: bccf;
bc46: bccf;
bc47: bccf;
bc48: bccf;
bc49: bccf;
bc4a: cccf;
bc4b: cccf;
bc4c: cccf;
bc4d: cccf;
bc4e: cccf;
bc4f: cccf;
bc50: cccf;
bc51: cccf;
bc52: bbbf;
bc53: 999f;
bc54: 565f;
bc55: 444f;
bc56: 444f;
bc57: 444f;
bc58: 444f;
bc59: 544f;
bc5a: 544f;
bc5b: 544f;
bc5c: 544f;
bc5d: 544f;
bc5e: 544f;
bc5f: 544f;
bc60: 544f;
bc61: 544f;
bc62: 544f;
bc63: 544f;
bc64: 544f;
bc65: 544f;
bc66: 544f;
bc67: 544f;
bc68: 544f;
bc69: 544f;
bc6a: 544f;
bc6b: 544f;
bc6c: 544f;
bc6d: 544f;
bc6e: 544f;
bc6f: 544f;
bc70: 544f;
bc71: 544f;
bc72: 544f;
bc73: 544f;
bc74: 544f;
bc75: 544f;
bc76: 544f;
bc77: 544f;
bc78: 544f;
bc79: 544f;
bc7a: 544f;
bc7b: 544f;
bc7c: 544f;
bc7d: 544f;
bc7e: 544f;
bc7f: 544f;
bc80: 444f;
bc81: 444f;
bc82: 433f;
bc83: 333f;
bc84: 333f;
bc85: 333f;
bc86: 333f;
bc87: 333f;
bc88: 433f;
bc89: 444f;
bc8a: 444f;
bc8b: 444f;
bc8c: 544f;
bc8d: 544f;
bc8e: 544f;
bc8f: 544f;
bc90: 544f;
bc91: 544f;
bc92: 544f;
bc93: 444f;
bc94: 444f;
bc95: 443f;
bc96: 433f;
bc97: 333f;
bc98: 333f;
bc99: 333f;
bc9a: 333f;
bc9b: 333f;
bc9c: 333f;
bc9d: 333f;
bc9e: 333f;
bc9f: 333f;
bca0: 333f;
bca1: 333f;
bca2: 333f;
bca3: 333f;
bca4: 333f;
bca5: 433f;
bca6: 444f;
bca7: 666f;
bca8: 877f;
bca9: 999f;
bcaa: a99f;
bcab: a99f;
bcac: a99f;
bcad: a99f;
bcae: a99f;
bcaf: a99f;
bcb0: aaaf;
bcb1: a99f;
bcb2: 877f;
bcb3: 555f;
bcb4: 333f;
bcb5: 333f;
bcb6: 333f;
bcb7: 333f;
bcb8: 333f;
bcb9: 333f;
bcba: 333f;
bcbb: 333f;
bcbc: 333f;
bcbd: 333f;
bcbe: 333f;
bcbf: 333f;
bcc0: 333f;
bcc1: 333f;
bcc2: 333f;
bcc3: 333f;
bcc4: 333f;
bcc5: 444f;
bcc6: 666f;
bcc7: a99f;
bcc8: dccf;
bcc9: dccf;
bcca: dccf;
bccb: dccf;
bccc: dccf;
bccd: dccf;
bcce: dccf;
bccf: dccf;
bcd0: dccf;
bcd1: dccf;
bcd2: dccf;
bcd3: dccf;
bcd4: dccf;
bcd5: dccf;
bcd6: dccf;
bcd7: dcbf;
bcd8: dcbf;
bcd9: cbbf;
bcda: baaf;
bcdb: ba9f;
bcdc: a98f;
bcdd: a98f;
bcde: a99f;
bcdf: a99f;
bce0: a99f;
bce1: a99f;
bce2: a99f;
bce3: a99f;
bce4: a99f;
bce5: a99f;
bce6: a99f;
bce7: 988f;
bce8: 544f;
bce9: 443f;
bcea: 443f;
bceb: 544f;
bcec: 544f;
bced: 544f;
bcee: 544f;
bcef: 444f;
bcf0: 433f;
bcf1: 544f;
bcf2: 665f;
bcf3: 888f;
bcf4: baaf;
bcf5: dccf;
bcf6: dccf;
bcf7: dccf;
bcf8: dccf;
bcf9: dccf;
bcfa: dccf;
bcfb: dccf;
bcfc: dccf;
bcfd: ddcf;
bcfe: dcbf;
bcff: 877f;
bd00: 9aaf;
bd01: 9aaf;
bd02: abbf;
bd03: bbbf;
bd04: bccf;
bd05: bccf;
bd06: cccf;
bd07: cddf;
bd08: cddf;
bd09: dddf;
bd0a: dddf;
bd0b: dddf;
bd0c: dddf;
bd0d: cddf;
bd0e: cddf;
bd0f: cdcf;
bd10: cddf;
bd11: cdcf;
bd12: cdcf;
bd13: cddf;
bd14: dddf;
bd15: dddf;
bd16: cdcf;
bd17: cdcf;
bd18: cccf;
bd19: cccf;
bd1a: cccf;
bd1b: cdcf;
bd1c: cddf;
bd1d: dddf;
bd1e: dddf;
bd1f: dddf;
bd20: dddf;
bd21: dddf;
bd22: dddf;
bd23: dddf;
bd24: dddf;
bd25: dddf;
bd26: dddf;
bd27: dddf;
bd28: dddf;
bd29: dddf;
bd2a: dddf;
bd2b: dddf;
bd2c: dddf;
bd2d: dddf;
bd2e: dddf;
bd2f: dddf;
bd30: dddf;
bd31: dddf;
bd32: dddf;
bd33: dddf;
bd34: dddf;
bd35: dddf;
bd36: dddf;
bd37: dddf;
bd38: dddf;
bd39: dddf;
bd3a: dddf;
bd3b: cccf;
bd3c: bccf;
bd3d: bbbf;
bd3e: bbbf;
bd3f: bccf;
bd40: bccf;
bd41: cccf;
bd42: cddf;
bd43: cccf;
bd44: cccf;
bd45: bccf;
bd46: bbbf;
bd47: bbbf;
bd48: bbbf;
bd49: bccf;
bd4a: cccf;
bd4b: cccf;
bd4c: cccf;
bd4d: cddf;
bd4e: cddf;
bd4f: cccf;
bd50: cccf;
bd51: cccf;
bd52: abaf;
bd53: 888f;
bd54: 555f;
bd55: 444f;
bd56: 444f;
bd57: 444f;
bd58: 444f;
bd59: 544f;
bd5a: 544f;
bd5b: 544f;
bd5c: 544f;
bd5d: 544f;
bd5e: 544f;
bd5f: 544f;
bd60: 544f;
bd61: 544f;
bd62: 544f;
bd63: 544f;
bd64: 544f;
bd65: 544f;
bd66: 544f;
bd67: 544f;
bd68: 544f;
bd69: 544f;
bd6a: 544f;
bd6b: 544f;
bd6c: 544f;
bd6d: 544f;
bd6e: 544f;
bd6f: 544f;
bd70: 544f;
bd71: 544f;
bd72: 544f;
bd73: 544f;
bd74: 544f;
bd75: 544f;
bd76: 544f;
bd77: 544f;
bd78: 544f;
bd79: 544f;
bd7a: 544f;
bd7b: 544f;
bd7c: 544f;
bd7d: 544f;
bd7e: 544f;
bd7f: 544f;
bd80: 444f;
bd81: 443f;
bd82: 333f;
bd83: 333f;
bd84: 333f;
bd85: 333f;
bd86: 333f;
bd87: 333f;
bd88: 433f;
bd89: 444f;
bd8a: 444f;
bd8b: 444f;
bd8c: 544f;
bd8d: 544f;
bd8e: 544f;
bd8f: 544f;
bd90: 544f;
bd91: 544f;
bd92: 544f;
bd93: 444f;
bd94: 443f;
bd95: 443f;
bd96: 333f;
bd97: 333f;
bd98: 333f;
bd99: 333f;
bd9a: 333f;
bd9b: 333f;
bd9c: 333f;
bd9d: 333f;
bd9e: 333f;
bd9f: 333f;
bda0: 333f;
bda1: 333f;
bda2: 333f;
bda3: 333f;
bda4: 333f;
bda5: 433f;
bda6: 555f;
bda7: 766f;
bda8: 988f;
bda9: a99f;
bdaa: a99f;
bdab: a99f;
bdac: a99f;
bdad: a99f;
bdae: a99f;
bdaf: a99f;
bdb0: aaaf;
bdb1: a99f;
bdb2: 877f;
bdb3: 555f;
bdb4: 333f;
bdb5: 333f;
bdb6: 333f;
bdb7: 333f;
bdb8: 333f;
bdb9: 333f;
bdba: 333f;
bdbb: 333f;
bdbc: 333f;
bdbd: 333f;
bdbe: 333f;
bdbf: 333f;
bdc0: 333f;
bdc1: 333f;
bdc2: 333f;
bdc3: 333f;
bdc4: 333f;
bdc5: 554f;
bdc6: 888f;
bdc7: bbaf;
bdc8: dccf;
bdc9: dccf;
bdca: dccf;
bdcb: dccf;
bdcc: dccf;
bdcd: dccf;
bdce: dccf;
bdcf: dccf;
bdd0: dccf;
bdd1: dccf;
bdd2: dccf;
bdd3: dccf;
bdd4: dccf;
bdd5: dccf;
bdd6: dccf;
bdd7: dccf;
bdd8: dcbf;
bdd9: cbbf;
bdda: baaf;
bddb: ba9f;
bddc: a98f;
bddd: a98f;
bdde: a99f;
bddf: a99f;
bde0: a99f;
bde1: a99f;
bde2: a99f;
bde3: a99f;
bde4: a99f;
bde5: a99f;
bde6: a99f;
bde7: 988f;
bde8: 554f;
bde9: 443f;
bdea: 443f;
bdeb: 544f;
bdec: 544f;
bded: 544f;
bdee: 544f;
bdef: 444f;
bdf0: 433f;
bdf1: 544f;
bdf2: 766f;
bdf3: 998f;
bdf4: bbbf;
bdf5: dccf;
bdf6: dccf;
bdf7: dccf;
bdf8: dccf;
bdf9: dccf;
bdfa: dccf;
bdfb: dccf;
bdfc: dccf;
bdfd: ddcf;
bdfe: cbbf;
bdff: 876f;
be00: 999f;
be01: 9aaf;
be02: 9aaf;
be03: abbf;
be04: abbf;
be05: bbbf;
be06: bccf;
be07: cccf;
be08: cdcf;
be09: cddf;
be0a: dddf;
be0b: dddf;
be0c: dddf;
be0d: dddf;
be0e: cddf;
be0f: cddf;
be10: dddf;
be11: cddf;
be12: cdcf;
be13: dddf;
be14: dddf;
be15: cddf;
be16: cdcf;
be17: cccf;
be18: cccf;
be19: cccf;
be1a: cdcf;
be1b: cdcf;
be1c: dddf;
be1d: dddf;
be1e: dddf;
be1f: dddf;
be20: dddf;
be21: dddf;
be22: dddf;
be23: dddf;
be24: dddf;
be25: dddf;
be26: dddf;
be27: dddf;
be28: dddf;
be29: dddf;
be2a: dddf;
be2b: dddf;
be2c: dddf;
be2d: dddf;
be2e: dddf;
be2f: dddf;
be30: dddf;
be31: dddf;
be32: dddf;
be33: dddf;
be34: dddf;
be35: dddf;
be36: dddf;
be37: dddf;
be38: dddf;
be39: dddf;
be3a: dddf;
be3b: cccf;
be3c: cccf;
be3d: bccf;
be3e: bccf;
be3f: bccf;
be40: cccf;
be41: cddf;
be42: cddf;
be43: cccf;
be44: bccf;
be45: bbbf;
be46: bbbf;
be47: abbf;
be48: bbbf;
be49: bcbf;
be4a: bccf;
be4b: cccf;
be4c: cddf;
be4d: cddf;
be4e: cddf;
be4f: cddf;
be50: cccf;
be51: cccf;
be52: aaaf;
be53: 788f;
be54: 444f;
be55: 444f;
be56: 444f;
be57: 444f;
be58: 444f;
be59: 544f;
be5a: 544f;
be5b: 544f;
be5c: 544f;
be5d: 544f;
be5e: 544f;
be5f: 544f;
be60: 544f;
be61: 544f;
be62: 544f;
be63: 544f;
be64: 544f;
be65: 544f;
be66: 544f;
be67: 544f;
be68: 544f;
be69: 544f;
be6a: 544f;
be6b: 544f;
be6c: 544f;
be6d: 544f;
be6e: 544f;
be6f: 544f;
be70: 544f;
be71: 544f;
be72: 544f;
be73: 544f;
be74: 544f;
be75: 544f;
be76: 544f;
be77: 544f;
be78: 544f;
be79: 544f;
be7a: 544f;
be7b: 544f;
be7c: 544f;
be7d: 544f;
be7e: 544f;
be7f: 544f;
be80: 444f;
be81: 433f;
be82: 333f;
be83: 333f;
be84: 333f;
be85: 333f;
be86: 333f;
be87: 333f;
be88: 433f;
be89: 444f;
be8a: 444f;
be8b: 444f;
be8c: 544f;
be8d: 544f;
be8e: 544f;
be8f: 544f;
be90: 544f;
be91: 544f;
be92: 544f;
be93: 444f;
be94: 443f;
be95: 433f;
be96: 333f;
be97: 333f;
be98: 333f;
be99: 333f;
be9a: 333f;
be9b: 333f;
be9c: 333f;
be9d: 333f;
be9e: 333f;
be9f: 333f;
bea0: 333f;
bea1: 333f;
bea2: 333f;
bea3: 333f;
bea4: 333f;
bea5: 444f;
bea6: 555f;
bea7: 877f;
bea8: 999f;
bea9: a99f;
beaa: a99f;
beab: a99f;
beac: a99f;
bead: a99f;
beae: a99f;
beaf: a99f;
beb0: aaaf;
beb1: a99f;
beb2: 877f;
beb3: 555f;
beb4: 333f;
beb5: 333f;
beb6: 333f;
beb7: 333f;
beb8: 333f;
beb9: 333f;
beba: 333f;
bebb: 333f;
bebc: 333f;
bebd: 333f;
bebe: 333f;
bebf: 333f;
bec0: 333f;
bec1: 333f;
bec2: 333f;
bec3: 333f;
bec4: 443f;
bec5: 555f;
bec6: 999f;
bec7: cbbf;
bec8: dccf;
bec9: dccf;
beca: dccf;
becb: dccf;
becc: dccf;
becd: dccf;
bece: dccf;
becf: dccf;
bed0: dccf;
bed1: dccf;
bed2: dccf;
bed3: dccf;
bed4: dccf;
bed5: dccf;
bed6: dccf;
bed7: dccf;
bed8: dccf;
bed9: cbbf;
beda: baaf;
bedb: a99f;
bedc: a98f;
bedd: a98f;
bede: a99f;
bedf: a99f;
bee0: a99f;
bee1: a99f;
bee2: a99f;
bee3: a99f;
bee4: a99f;
bee5: a99f;
bee6: a99f;
bee7: 988f;
bee8: 555f;
bee9: 444f;
beea: 443f;
beeb: 544f;
beec: 544f;
beed: 544f;
beee: 544f;
beef: 444f;
bef0: 433f;
bef1: 555f;
bef2: 777f;
bef3: aa9f;
bef4: ccbf;
bef5: dccf;
bef6: dccf;
bef7: dccf;
bef8: dccf;
bef9: dccf;
befa: dccf;
befb: dccf;
befc: ddcf;
befd: dccf;
befe: cbbf;
beff: 766f;
bf00: 9aaf;
bf01: 9aaf;
bf02: 9aaf;
bf03: 9aaf;
bf04: abbf;
bf05: abbf;
bf06: abbf;
bf07: bbcf;
bf08: bccf;
bf09: cdcf;
bf0a: cddf;
bf0b: dddf;
bf0c: dddf;
bf0d: dddf;
bf0e: dddf;
bf0f: cddf;
bf10: dddf;
bf11: dddf;
bf12: cddf;
bf13: dddf;
bf14: cddf;
bf15: cdcf;
bf16: cdcf;
bf17: cccf;
bf18: cccf;
bf19: cccf;
bf1a: cdcf;
bf1b: cdcf;
bf1c: dddf;
bf1d: dddf;
bf1e: dddf;
bf1f: dddf;
bf20: dddf;
bf21: dddf;
bf22: dddf;
bf23: dddf;
bf24: dddf;
bf25: dddf;
bf26: dddf;
bf27: dddf;
bf28: dddf;
bf29: dddf;
bf2a: dddf;
bf2b: dddf;
bf2c: dddf;
bf2d: dddf;
bf2e: dddf;
bf2f: dddf;
bf30: dddf;
bf31: dddf;
bf32: dddf;
bf33: dddf;
bf34: dddf;
bf35: dddf;
bf36: dddf;
bf37: dddf;
bf38: dddf;
bf39: dddf;
bf3a: dddf;
bf3b: cccf;
bf3c: bccf;
bf3d: bccf;
bf3e: bccf;
bf3f: bccf;
bf40: cccf;
bf41: cddf;
bf42: cddf;
bf43: cccf;
bf44: bccf;
bf45: bbbf;
bf46: abbf;
bf47: abbf;
bf48: bbbf;
bf49: bbbf;
bf4a: bccf;
bf4b: bccf;
bf4c: cccf;
bf4d: cddf;
bf4e: cddf;
bf4f: cddf;
bf50: cccf;
bf51: cccf;
bf52: aaaf;
bf53: 777f;
bf54: 444f;
bf55: 333f;
bf56: 343f;
bf57: 444f;
bf58: 444f;
bf59: 544f;
bf5a: 544f;
bf5b: 544f;
bf5c: 544f;
bf5d: 544f;
bf5e: 544f;
bf5f: 544f;
bf60: 544f;
bf61: 544f;
bf62: 544f;
bf63: 544f;
bf64: 544f;
bf65: 544f;
bf66: 544f;
bf67: 544f;
bf68: 544f;
bf69: 544f;
bf6a: 544f;
bf6b: 544f;
bf6c: 544f;
bf6d: 544f;
bf6e: 544f;
bf6f: 544f;
bf70: 544f;
bf71: 544f;
bf72: 544f;
bf73: 544f;
bf74: 544f;
bf75: 544f;
bf76: 544f;
bf77: 544f;
bf78: 544f;
bf79: 544f;
bf7a: 544f;
bf7b: 444f;
bf7c: 544f;
bf7d: 544f;
bf7e: 544f;
bf7f: 444f;
bf80: 443f;
bf81: 433f;
bf82: 333f;
bf83: 333f;
bf84: 333f;
bf85: 333f;
bf86: 333f;
bf87: 333f;
bf88: 433f;
bf89: 444f;
bf8a: 444f;
bf8b: 444f;
bf8c: 544f;
bf8d: 544f;
bf8e: 544f;
bf8f: 544f;
bf90: 544f;
bf91: 544f;
bf92: 544f;
bf93: 444f;
bf94: 443f;
bf95: 333f;
bf96: 333f;
bf97: 333f;
bf98: 333f;
bf99: 333f;
bf9a: 333f;
bf9b: 333f;
bf9c: 333f;
bf9d: 333f;
bf9e: 333f;
bf9f: 333f;
bfa0: 333f;
bfa1: 333f;
bfa2: 333f;
bfa3: 333f;
bfa4: 333f;
bfa5: 544f;
bfa6: 766f;
bfa7: 888f;
bfa8: 999f;
bfa9: a99f;
bfaa: a99f;
bfab: a99f;
bfac: a99f;
bfad: a99f;
bfae: a99f;
bfaf: a99f;
bfb0: aaaf;
bfb1: a99f;
bfb2: 877f;
bfb3: 555f;
bfb4: 333f;
bfb5: 333f;
bfb6: 333f;
bfb7: 333f;
bfb8: 333f;
bfb9: 333f;
bfba: 333f;
bfbb: 333f;
bfbc: 333f;
bfbd: 333f;
bfbe: 333f;
bfbf: 333f;
bfc0: 333f;
bfc1: 333f;
bfc2: 333f;
bfc3: 333f;
bfc4: 444f;
bfc5: 666f;
bfc6: baaf;
bfc7: cccf;
bfc8: ddcf;
bfc9: dccf;
bfca: dccf;
bfcb: dccf;
bfcc: dccf;
bfcd: dccf;
bfce: dccf;
bfcf: dccf;
bfd0: dccf;
bfd1: dccf;
bfd2: dccf;
bfd3: dccf;
bfd4: dccf;
bfd5: dccf;
bfd6: dccf;
bfd7: dccf;
bfd8: dccf;
bfd9: cbbf;
bfda: baaf;
bfdb: a99f;
bfdc: a98f;
bfdd: a99f;
bfde: a99f;
bfdf: a99f;
bfe0: a99f;
bfe1: a99f;
bfe2: a99f;
bfe3: a99f;
bfe4: a99f;
bfe5: a99f;
bfe6: a99f;
bfe7: 988f;
bfe8: 655f;
bfe9: 544f;
bfea: 443f;
bfeb: 544f;
bfec: 544f;
bfed: 544f;
bfee: 544f;
bfef: 444f;
bff0: 433f;
bff1: 555f;
bff2: 877f;
bff3: aa9f;
bff4: ccbf;
bff5: dccf;
bff6: dccf;
bff7: dccf;
bff8: dccf;
bff9: dccf;
bffa: dccf;
bffb: dccf;
bffc: edcf;
bffd: dccf;
bffe: cbaf;
bfff: 765f;
c000: aaaf;
c001: 9aaf;
c002: 9aaf;
c003: 9aaf;
c004: 9aaf;
c005: 9aaf;
c006: 9aaf;
c007: aaaf;
c008: bbbf;
c009: bccf;
c00a: bccf;
c00b: cccf;
c00c: dddf;
c00d: dddf;
c00e: dddf;
c00f: dddf;
c010: dddf;
c011: dddf;
c012: dddf;
c013: dddf;
c014: dddf;
c015: dddf;
c016: dddf;
c017: cddf;
c018: cdcf;
c019: cdcf;
c01a: cdcf;
c01b: dddf;
c01c: dddf;
c01d: dddf;
c01e: dddf;
c01f: dddf;
c020: dddf;
c021: dddf;
c022: dddf;
c023: dddf;
c024: dddf;
c025: dddf;
c026: dddf;
c027: dddf;
c028: dddf;
c029: dddf;
c02a: dddf;
c02b: dddf;
c02c: dddf;
c02d: dddf;
c02e: dddf;
c02f: dddf;
c030: dddf;
c031: dddf;
c032: dddf;
c033: dddf;
c034: dddf;
c035: dddf;
c036: dddf;
c037: dddf;
c038: dddf;
c039: dddf;
c03a: dddf;
c03b: cccf;
c03c: cccf;
c03d: bccf;
c03e: cccf;
c03f: cccf;
c040: cdcf;
c041: cddf;
c042: cddf;
c043: cdcf;
c044: cccf;
c045: bcbf;
c046: bbbf;
c047: bbbf;
c048: bbbf;
c049: bbbf;
c04a: bcbf;
c04b: bccf;
c04c: bccf;
c04d: cccf;
c04e: cdcf;
c04f: cdcf;
c050: cccf;
c051: bccf;
c052: 999f;
c053: 666f;
c054: 444f;
c055: 444f;
c056: 444f;
c057: 444f;
c058: 444f;
c059: 544f;
c05a: 544f;
c05b: 544f;
c05c: 544f;
c05d: 544f;
c05e: 544f;
c05f: 544f;
c060: 544f;
c061: 544f;
c062: 544f;
c063: 544f;
c064: 544f;
c065: 544f;
c066: 544f;
c067: 544f;
c068: 544f;
c069: 544f;
c06a: 544f;
c06b: 544f;
c06c: 544f;
c06d: 544f;
c06e: 544f;
c06f: 544f;
c070: 544f;
c071: 544f;
c072: 544f;
c073: 544f;
c074: 544f;
c075: 544f;
c076: 544f;
c077: 544f;
c078: 544f;
c079: 544f;
c07a: 544f;
c07b: 544f;
c07c: 544f;
c07d: 544f;
c07e: 544f;
c07f: 444f;
c080: 444f;
c081: 333f;
c082: 333f;
c083: 333f;
c084: 333f;
c085: 333f;
c086: 333f;
c087: 333f;
c088: 443f;
c089: 444f;
c08a: 444f;
c08b: 444f;
c08c: 544f;
c08d: 544f;
c08e: 544f;
c08f: 544f;
c090: 544f;
c091: 544f;
c092: 444f;
c093: 444f;
c094: 433f;
c095: 333f;
c096: 333f;
c097: 333f;
c098: 333f;
c099: 333f;
c09a: 333f;
c09b: 333f;
c09c: 333f;
c09d: 333f;
c09e: 333f;
c09f: 333f;
c0a0: 333f;
c0a1: 333f;
c0a2: 333f;
c0a3: 333f;
c0a4: 444f;
c0a5: 655f;
c0a6: 887f;
c0a7: 999f;
c0a8: a99f;
c0a9: a99f;
c0aa: a99f;
c0ab: a99f;
c0ac: a99f;
c0ad: a99f;
c0ae: a99f;
c0af: a99f;
c0b0: a99f;
c0b1: a99f;
c0b2: 877f;
c0b3: 555f;
c0b4: 333f;
c0b5: 333f;
c0b6: 333f;
c0b7: 333f;
c0b8: 333f;
c0b9: 333f;
c0ba: 333f;
c0bb: 333f;
c0bc: 333f;
c0bd: 333f;
c0be: 333f;
c0bf: 333f;
c0c0: 333f;
c0c1: 333f;
c0c2: 333f;
c0c3: 333f;
c0c4: 555f;
c0c5: 888f;
c0c6: cbbf;
c0c7: dccf;
c0c8: ddcf;
c0c9: dccf;
c0ca: dccf;
c0cb: dccf;
c0cc: dccf;
c0cd: dccf;
c0ce: dccf;
c0cf: dccf;
c0d0: dccf;
c0d1: dccf;
c0d2: dccf;
c0d3: dccf;
c0d4: dccf;
c0d5: dccf;
c0d6: dccf;
c0d7: dccf;
c0d8: dccf;
c0d9: cbbf;
c0da: cbbf;
c0db: baaf;
c0dc: a99f;
c0dd: a99f;
c0de: a99f;
c0df: a99f;
c0e0: a99f;
c0e1: a99f;
c0e2: a99f;
c0e3: a99f;
c0e4: a99f;
c0e5: aa9f;
c0e6: aa9f;
c0e7: 998f;
c0e8: 766f;
c0e9: 555f;
c0ea: 544f;
c0eb: 444f;
c0ec: 544f;
c0ed: 544f;
c0ee: 444f;
c0ef: 443f;
c0f0: 443f;
c0f1: 766f;
c0f2: 988f;
c0f3: bbaf;
c0f4: dccf;
c0f5: ddcf;
c0f6: dccf;
c0f7: dccf;
c0f8: dccf;
c0f9: dccf;
c0fa: dccf;
c0fb: dccf;
c0fc: ddcf;
c0fd: dcbf;
c0fe: baaf;
c0ff: 765f;
c100: abbf;
c101: 9aaf;
c102: 9aaf;
c103: 9aaf;
c104: 999f;
c105: 999f;
c106: 999f;
c107: 9aaf;
c108: aabf;
c109: abbf;
c10a: abbf;
c10b: bccf;
c10c: cddf;
c10d: dddf;
c10e: dddf;
c10f: dddf;
c110: dddf;
c111: dddf;
c112: dddf;
c113: dddf;
c114: dddf;
c115: dddf;
c116: dddf;
c117: cddf;
c118: cdcf;
c119: dddf;
c11a: dddf;
c11b: dddf;
c11c: dddf;
c11d: dddf;
c11e: dddf;
c11f: dddf;
c120: dddf;
c121: dddf;
c122: dddf;
c123: dddf;
c124: dddf;
c125: dddf;
c126: dddf;
c127: dddf;
c128: dddf;
c129: dddf;
c12a: dddf;
c12b: dddf;
c12c: dddf;
c12d: dddf;
c12e: dddf;
c12f: dddf;
c130: dddf;
c131: dddf;
c132: dddf;
c133: dddf;
c134: dddf;
c135: dddf;
c136: dddf;
c137: dddf;
c138: dddf;
c139: dddf;
c13a: dddf;
c13b: cccf;
c13c: cccf;
c13d: bccf;
c13e: cccf;
c13f: cccf;
c140: cdcf;
c141: cddf;
c142: cddf;
c143: cdcf;
c144: cccf;
c145: bccf;
c146: bbbf;
c147: bbbf;
c148: bbbf;
c149: abbf;
c14a: bbbf;
c14b: bcbf;
c14c: bccf;
c14d: bccf;
c14e: cccf;
c14f: cddf;
c150: cccf;
c151: bbbf;
c152: 888f;
c153: 566f;
c154: 444f;
c155: 444f;
c156: 444f;
c157: 544f;
c158: 544f;
c159: 544f;
c15a: 544f;
c15b: 544f;
c15c: 544f;
c15d: 544f;
c15e: 544f;
c15f: 544f;
c160: 544f;
c161: 544f;
c162: 544f;
c163: 544f;
c164: 544f;
c165: 544f;
c166: 544f;
c167: 544f;
c168: 544f;
c169: 544f;
c16a: 544f;
c16b: 544f;
c16c: 544f;
c16d: 544f;
c16e: 544f;
c16f: 544f;
c170: 544f;
c171: 544f;
c172: 544f;
c173: 544f;
c174: 544f;
c175: 544f;
c176: 544f;
c177: 544f;
c178: 544f;
c179: 544f;
c17a: 544f;
c17b: 544f;
c17c: 544f;
c17d: 544f;
c17e: 544f;
c17f: 444f;
c180: 444f;
c181: 333f;
c182: 333f;
c183: 333f;
c184: 333f;
c185: 333f;
c186: 333f;
c187: 333f;
c188: 443f;
c189: 444f;
c18a: 444f;
c18b: 444f;
c18c: 544f;
c18d: 544f;
c18e: 544f;
c18f: 544f;
c190: 544f;
c191: 544f;
c192: 444f;
c193: 443f;
c194: 333f;
c195: 333f;
c196: 333f;
c197: 333f;
c198: 333f;
c199: 333f;
c19a: 333f;
c19b: 333f;
c19c: 333f;
c19d: 333f;
c19e: 333f;
c19f: 333f;
c1a0: 333f;
c1a1: 333f;
c1a2: 333f;
c1a3: 333f;
c1a4: 555f;
c1a5: 776f;
c1a6: 988f;
c1a7: a99f;
c1a8: a99f;
c1a9: a99f;
c1aa: a99f;
c1ab: a99f;
c1ac: a99f;
c1ad: a99f;
c1ae: a99f;
c1af: a99f;
c1b0: aa9f;
c1b1: a99f;
c1b2: 877f;
c1b3: 555f;
c1b4: 333f;
c1b5: 333f;
c1b6: 333f;
c1b7: 333f;
c1b8: 333f;
c1b9: 333f;
c1ba: 333f;
c1bb: 333f;
c1bc: 333f;
c1bd: 333f;
c1be: 333f;
c1bf: 333f;
c1c0: 433f;
c1c1: 333f;
c1c2: 333f;
c1c3: 333f;
c1c4: 666f;
c1c5: a99f;
c1c6: dccf;
c1c7: dddf;
c1c8: dccf;
c1c9: dccf;
c1ca: dccf;
c1cb: dccf;
c1cc: dccf;
c1cd: dccf;
c1ce: dccf;
c1cf: dccf;
c1d0: dccf;
c1d1: dccf;
c1d2: dccf;
c1d3: dccf;
c1d4: dccf;
c1d5: dccf;
c1d6: dccf;
c1d7: dccf;
c1d8: dccf;
c1d9: dcbf;
c1da: cbbf;
c1db: baaf;
c1dc: a99f;
c1dd: a99f;
c1de: a99f;
c1df: a99f;
c1e0: a99f;
c1e1: a99f;
c1e2: a99f;
c1e3: a99f;
c1e4: a99f;
c1e5: a99f;
c1e6: aa9f;
c1e7: a98f;
c1e8: 766f;
c1e9: 655f;
c1ea: 544f;
c1eb: 544f;
c1ec: 544f;
c1ed: 544f;
c1ee: 444f;
c1ef: 443f;
c1f0: 443f;
c1f1: 776f;
c1f2: a99f;
c1f3: ccbf;
c1f4: dccf;
c1f5: dccf;
c1f6: dccf;
c1f7: dccf;
c1f8: dccf;
c1f9: dccf;
c1fa: dccf;
c1fb: dccf;
c1fc: dccf;
c1fd: cbbf;
c1fe: ba9f;
c1ff: 766f;
c200: abbf;
c201: abbf;
c202: aaaf;
c203: 9aaf;
c204: 9aaf;
c205: 999f;
c206: 999f;
c207: 999f;
c208: aaaf;
c209: abbf;
c20a: aaaf;
c20b: bbbf;
c20c: bccf;
c20d: cccf;
c20e: cddf;
c20f: dddf;
c210: dddf;
c211: dddf;
c212: dddf;
c213: dddf;
c214: dddf;
c215: dddf;
c216: cddf;
c217: cdcf;
c218: cccf;
c219: cdcf;
c21a: cdcf;
c21b: cdcf;
c21c: cdcf;
c21d: cdcf;
c21e: cdcf;
c21f: cdcf;
c220: dddf;
c221: dddf;
c222: dddf;
c223: dddf;
c224: dddf;
c225: dddf;
c226: dddf;
c227: dddf;
c228: dddf;
c229: dddf;
c22a: dddf;
c22b: dddf;
c22c: dddf;
c22d: dddf;
c22e: dddf;
c22f: dddf;
c230: dddf;
c231: dddf;
c232: dddf;
c233: dddf;
c234: dddf;
c235: dddf;
c236: dddf;
c237: dddf;
c238: dddf;
c239: dddf;
c23a: dddf;
c23b: cccf;
c23c: cccf;
c23d: bccf;
c23e: cccf;
c23f: cccf;
c240: cdcf;
c241: cddf;
c242: cddf;
c243: cdcf;
c244: cccf;
c245: cccf;
c246: bccf;
c247: bcbf;
c248: bbbf;
c249: bbbf;
c24a: bbbf;
c24b: bbbf;
c24c: bbbf;
c24d: bccf;
c24e: cccf;
c24f: cccf;
c250: cccf;
c251: bbbf;
c252: 888f;
c253: 555f;
c254: 444f;
c255: 444f;
c256: 544f;
c257: 544f;
c258: 544f;
c259: 544f;
c25a: 544f;
c25b: 544f;
c25c: 544f;
c25d: 544f;
c25e: 544f;
c25f: 544f;
c260: 544f;
c261: 544f;
c262: 544f;
c263: 544f;
c264: 544f;
c265: 544f;
c266: 544f;
c267: 544f;
c268: 544f;
c269: 544f;
c26a: 544f;
c26b: 544f;
c26c: 544f;
c26d: 544f;
c26e: 544f;
c26f: 544f;
c270: 544f;
c271: 544f;
c272: 544f;
c273: 544f;
c274: 544f;
c275: 544f;
c276: 544f;
c277: 544f;
c278: 544f;
c279: 544f;
c27a: 544f;
c27b: 544f;
c27c: 544f;
c27d: 544f;
c27e: 544f;
c27f: 444f;
c280: 444f;
c281: 333f;
c282: 333f;
c283: 333f;
c284: 333f;
c285: 333f;
c286: 333f;
c287: 333f;
c288: 443f;
c289: 444f;
c28a: 444f;
c28b: 444f;
c28c: 544f;
c28d: 544f;
c28e: 544f;
c28f: 544f;
c290: 544f;
c291: 544f;
c292: 444f;
c293: 433f;
c294: 333f;
c295: 333f;
c296: 333f;
c297: 333f;
c298: 333f;
c299: 333f;
c29a: 333f;
c29b: 333f;
c29c: 333f;
c29d: 333f;
c29e: 333f;
c29f: 333f;
c2a0: 333f;
c2a1: 333f;
c2a2: 333f;
c2a3: 444f;
c2a4: 665f;
c2a5: 877f;
c2a6: a99f;
c2a7: aa9f;
c2a8: a99f;
c2a9: a99f;
c2aa: a99f;
c2ab: a99f;
c2ac: a99f;
c2ad: a99f;
c2ae: a99f;
c2af: a99f;
c2b0: aa9f;
c2b1: a99f;
c2b2: 877f;
c2b3: 554f;
c2b4: 333f;
c2b5: 333f;
c2b6: 333f;
c2b7: 333f;
c2b8: 333f;
c2b9: 333f;
c2ba: 333f;
c2bb: 333f;
c2bc: 333f;
c2bd: 333f;
c2be: 333f;
c2bf: 333f;
c2c0: 333f;
c2c1: 333f;
c2c2: 333f;
c2c3: 443f;
c2c4: 777f;
c2c5: baaf;
c2c6: dccf;
c2c7: eddf;
c2c8: dccf;
c2c9: dccf;
c2ca: dccf;
c2cb: dccf;
c2cc: dccf;
c2cd: dccf;
c2ce: dccf;
c2cf: dccf;
c2d0: dccf;
c2d1: dccf;
c2d2: dccf;
c2d3: dccf;
c2d4: dccf;
c2d5: dccf;
c2d6: dccf;
c2d7: dccf;
c2d8: dccf;
c2d9: dcbf;
c2da: cbbf;
c2db: baaf;
c2dc: a99f;
c2dd: a99f;
c2de: a99f;
c2df: a99f;
c2e0: a99f;
c2e1: a99f;
c2e2: a99f;
c2e3: a99f;
c2e4: a99f;
c2e5: a99f;
c2e6: aa9f;
c2e7: a99f;
c2e8: 776f;
c2e9: 655f;
c2ea: 544f;
c2eb: 544f;
c2ec: 544f;
c2ed: 544f;
c2ee: 444f;
c2ef: 443f;
c2f0: 443f;
c2f1: 777f;
c2f2: aa9f;
c2f3: ccbf;
c2f4: dccf;
c2f5: dccf;
c2f6: ddcf;
c2f7: dccf;
c2f8: dccf;
c2f9: dccf;
c2fa: dccf;
c2fb: dccf;
c2fc: ddcf;
c2fd: cbbf;
c2fe: aa9f;
c2ff: 766f;
c300: bcbf;
c301: abbf;
c302: abbf;
c303: abbf;
c304: aabf;
c305: 9aaf;
c306: 9aaf;
c307: 9aaf;
c308: 9aaf;
c309: aaaf;
c30a: 9aaf;
c30b: abbf;
c30c: bbbf;
c30d: bbbf;
c30e: cccf;
c30f: cdcf;
c310: cddf;
c311: dddf;
c312: dddf;
c313: dddf;
c314: dddf;
c315: dddf;
c316: cddf;
c317: cdcf;
c318: cdcf;
c319: dddf;
c31a: dddf;
c31b: cdcf;
c31c: dddf;
c31d: cdcf;
c31e: cdcf;
c31f: cdcf;
c320: dddf;
c321: cdcf;
c322: cdcf;
c323: dddf;
c324: dddf;
c325: dddf;
c326: dddf;
c327: dddf;
c328: dddf;
c329: dddf;
c32a: dddf;
c32b: dddf;
c32c: dddf;
c32d: dddf;
c32e: dddf;
c32f: dddf;
c330: dddf;
c331: dddf;
c332: dddf;
c333: dddf;
c334: dddf;
c335: dddf;
c336: dddf;
c337: dddf;
c338: dddf;
c339: dddf;
c33a: dddf;
c33b: cccf;
c33c: cccf;
c33d: bccf;
c33e: cccf;
c33f: cccf;
c340: cdcf;
c341: cddf;
c342: cddf;
c343: cdcf;
c344: cdcf;
c345: cccf;
c346: bccf;
c347: bccf;
c348: bbbf;
c349: bbbf;
c34a: bbbf;
c34b: bbbf;
c34c: bbbf;
c34d: bbbf;
c34e: bccf;
c34f: cccf;
c350: cccf;
c351: aaaf;
c352: 777f;
c353: 555f;
c354: 444f;
c355: 444f;
c356: 444f;
c357: 444f;
c358: 544f;
c359: 544f;
c35a: 544f;
c35b: 544f;
c35c: 544f;
c35d: 544f;
c35e: 544f;
c35f: 544f;
c360: 544f;
c361: 544f;
c362: 544f;
c363: 544f;
c364: 544f;
c365: 544f;
c366: 544f;
c367: 544f;
c368: 544f;
c369: 544f;
c36a: 544f;
c36b: 544f;
c36c: 544f;
c36d: 544f;
c36e: 544f;
c36f: 544f;
c370: 544f;
c371: 544f;
c372: 544f;
c373: 544f;
c374: 544f;
c375: 544f;
c376: 544f;
c377: 544f;
c378: 544f;
c379: 544f;
c37a: 544f;
c37b: 544f;
c37c: 544f;
c37d: 544f;
c37e: 544f;
c37f: 444f;
c380: 444f;
c381: 333f;
c382: 333f;
c383: 333f;
c384: 333f;
c385: 333f;
c386: 333f;
c387: 333f;
c388: 443f;
c389: 444f;
c38a: 444f;
c38b: 444f;
c38c: 544f;
c38d: 544f;
c38e: 544f;
c38f: 544f;
c390: 544f;
c391: 444f;
c392: 444f;
c393: 333f;
c394: 333f;
c395: 333f;
c396: 333f;
c397: 333f;
c398: 333f;
c399: 333f;
c39a: 333f;
c39b: 333f;
c39c: 333f;
c39d: 333f;
c39e: 333f;
c39f: 333f;
c3a0: 333f;
c3a1: 333f;
c3a2: 444f;
c3a3: 555f;
c3a4: 666f;
c3a5: 888f;
c3a6: a99f;
c3a7: aa9f;
c3a8: a99f;
c3a9: a99f;
c3aa: a99f;
c3ab: a99f;
c3ac: a99f;
c3ad: a99f;
c3ae: a99f;
c3af: a99f;
c3b0: aa9f;
c3b1: a99f;
c3b2: 877f;
c3b3: 544f;
c3b4: 333f;
c3b5: 333f;
c3b6: 333f;
c3b7: 333f;
c3b8: 333f;
c3b9: 333f;
c3ba: 333f;
c3bb: 333f;
c3bc: 333f;
c3bd: 333f;
c3be: 333f;
c3bf: 333f;
c3c0: 333f;
c3c1: 333f;
c3c2: 443f;
c3c3: 555f;
c3c4: 988f;
c3c5: cbbf;
c3c6: dccf;
c3c7: dccf;
c3c8: ddcf;
c3c9: ddcf;
c3ca: dccf;
c3cb: dccf;
c3cc: dccf;
c3cd: dccf;
c3ce: dccf;
c3cf: dccf;
c3d0: dccf;
c3d1: dccf;
c3d2: dccf;
c3d3: dccf;
c3d4: dccf;
c3d5: dccf;
c3d6: dccf;
c3d7: dccf;
c3d8: dccf;
c3d9: dcbf;
c3da: cbbf;
c3db: baaf;
c3dc: a99f;
c3dd: a99f;
c3de: a99f;
c3df: a99f;
c3e0: a99f;
c3e1: a99f;
c3e2: a99f;
c3e3: a99f;
c3e4: a99f;
c3e5: a99f;
c3e6: aa9f;
c3e7: a99f;
c3e8: 877f;
c3e9: 655f;
c3ea: 544f;
c3eb: 443f;
c3ec: 544f;
c3ed: 544f;
c3ee: 443f;
c3ef: 433f;
c3f0: 544f;
c3f1: 887f;
c3f2: baaf;
c3f3: dccf;
c3f4: dccf;
c3f5: dccf;
c3f6: ddcf;
c3f7: dccf;
c3f8: dccf;
c3f9: dccf;
c3fa: dccf;
c3fb: dccf;
c3fc: dccf;
c3fd: cbbf;
c3fe: a99f;
c3ff: 776f;
c400: bccf;
c401: bccf;
c402: bccf;
c403: bbbf;
c404: bbbf;
c405: abbf;
c406: 9aaf;
c407: 9aaf;
c408: 9aaf;
c409: 9aaf;
c40a: 9aaf;
c40b: 9aaf;
c40c: aaaf;
c40d: abbf;
c40e: bbbf;
c40f: bccf;
c410: cccf;
c411: cddf;
c412: cddf;
c413: dddf;
c414: dddf;
c415: dddf;
c416: cddf;
c417: cddf;
c418: dddf;
c419: dddf;
c41a: dddf;
c41b: cdcf;
c41c: dddf;
c41d: cdcf;
c41e: cdcf;
c41f: cdcf;
c420: cdcf;
c421: cdcf;
c422: cdcf;
c423: dddf;
c424: dddf;
c425: dddf;
c426: dddf;
c427: dddf;
c428: dddf;
c429: dddf;
c42a: dddf;
c42b: dddf;
c42c: dddf;
c42d: dddf;
c42e: dddf;
c42f: dddf;
c430: dddf;
c431: dddf;
c432: dddf;
c433: dddf;
c434: dddf;
c435: dddf;
c436: dddf;
c437: dddf;
c438: dddf;
c439: dddf;
c43a: dddf;
c43b: cccf;
c43c: cccf;
c43d: cccf;
c43e: cccf;
c43f: cccf;
c440: cdcf;
c441: cddf;
c442: cddf;
c443: cdcf;
c444: cddf;
c445: cccf;
c446: cccf;
c447: cccf;
c448: bccf;
c449: bcbf;
c44a: bbbf;
c44b: bbbf;
c44c: bbbf;
c44d: bbbf;
c44e: bccf;
c44f: cccf;
c450: bbbf;
c451: 999f;
c452: 777f;
c453: 555f;
c454: 444f;
c455: 444f;
c456: 444f;
c457: 444f;
c458: 544f;
c459: 544f;
c45a: 544f;
c45b: 544f;
c45c: 544f;
c45d: 544f;
c45e: 544f;
c45f: 544f;
c460: 544f;
c461: 544f;
c462: 544f;
c463: 544f;
c464: 544f;
c465: 544f;
c466: 544f;
c467: 544f;
c468: 544f;
c469: 544f;
c46a: 544f;
c46b: 544f;
c46c: 544f;
c46d: 544f;
c46e: 544f;
c46f: 544f;
c470: 544f;
c471: 544f;
c472: 544f;
c473: 544f;
c474: 544f;
c475: 544f;
c476: 544f;
c477: 544f;
c478: 544f;
c479: 544f;
c47a: 544f;
c47b: 544f;
c47c: 444f;
c47d: 444f;
c47e: 444f;
c47f: 444f;
c480: 443f;
c481: 333f;
c482: 333f;
c483: 333f;
c484: 333f;
c485: 333f;
c486: 333f;
c487: 333f;
c488: 443f;
c489: 444f;
c48a: 444f;
c48b: 444f;
c48c: 544f;
c48d: 544f;
c48e: 544f;
c48f: 544f;
c490: 444f;
c491: 444f;
c492: 444f;
c493: 333f;
c494: 333f;
c495: 333f;
c496: 333f;
c497: 333f;
c498: 333f;
c499: 333f;
c49a: 333f;
c49b: 333f;
c49c: 333f;
c49d: 333f;
c49e: 333f;
c49f: 333f;
c4a0: 333f;
c4a1: 333f;
c4a2: 444f;
c4a3: 666f;
c4a4: 877f;
c4a5: 999f;
c4a6: a99f;
c4a7: a99f;
c4a8: a99f;
c4a9: a99f;
c4aa: a99f;
c4ab: a99f;
c4ac: a99f;
c4ad: a99f;
c4ae: a99f;
c4af: a99f;
c4b0: aa9f;
c4b1: a99f;
c4b2: 777f;
c4b3: 544f;
c4b4: 333f;
c4b5: 333f;
c4b6: 333f;
c4b7: 333f;
c4b8: 333f;
c4b9: 333f;
c4ba: 333f;
c4bb: 333f;
c4bc: 333f;
c4bd: 333f;
c4be: 333f;
c4bf: 333f;
c4c0: 333f;
c4c1: 333f;
c4c2: 444f;
c4c3: 766f;
c4c4: aa9f;
c4c5: dccf;
c4c6: dccf;
c4c7: dccf;
c4c8: dccf;
c4c9: dccf;
c4ca: dccf;
c4cb: dccf;
c4cc: dccf;
c4cd: dccf;
c4ce: dccf;
c4cf: dccf;
c4d0: dccf;
c4d1: dccf;
c4d2: dccf;
c4d3: dccf;
c4d4: dccf;
c4d5: dccf;
c4d6: dccf;
c4d7: dccf;
c4d8: dccf;
c4d9: dccf;
c4da: dcbf;
c4db: baaf;
c4dc: a99f;
c4dd: a99f;
c4de: a99f;
c4df: a99f;
c4e0: a99f;
c4e1: a99f;
c4e2: a99f;
c4e3: a99f;
c4e4: a99f;
c4e5: a99f;
c4e6: aa9f;
c4e7: a99f;
c4e8: 877f;
c4e9: 655f;
c4ea: 433f;
c4eb: 433f;
c4ec: 544f;
c4ed: 554f;
c4ee: 443f;
c4ef: 444f;
c4f0: 554f;
c4f1: 988f;
c4f2: bbaf;
c4f3: dccf;
c4f4: dccf;
c4f5: ddcf;
c4f6: dccf;
c4f7: dccf;
c4f8: dccf;
c4f9: dccf;
c4fa: dccf;
c4fb: dccf;
c4fc: dccf;
c4fd: cbaf;
c4fe: a98f;
c4ff: 876f;
c500: bccf;
c501: bccf;
c502: bccf;
c503: bccf;
c504: bccf;
c505: abbf;
c506: aabf;
c507: aaaf;
c508: 9aaf;
c509: 9aaf;
c50a: 9aaf;
c50b: 9a9f;
c50c: 9aaf;
c50d: aaaf;
c50e: abbf;
c50f: bbbf;
c510: bccf;
c511: cccf;
c512: cdcf;
c513: cddf;
c514: dddf;
c515: dddf;
c516: cddf;
c517: cddf;
c518: dddf;
c519: dddf;
c51a: cdcf;
c51b: cdcf;
c51c: cdcf;
c51d: cdcf;
c51e: cdcf;
c51f: cccf;
c520: cdcf;
c521: cdcf;
c522: cdcf;
c523: cdcf;
c524: dddf;
c525: dddf;
c526: dddf;
c527: dddf;
c528: dddf;
c529: dddf;
c52a: dddf;
c52b: dddf;
c52c: dddf;
c52d: dddf;
c52e: dddf;
c52f: dddf;
c530: dddf;
c531: dddf;
c532: dddf;
c533: dddf;
c534: dddf;
c535: dddf;
c536: dddf;
c537: dddf;
c538: dddf;
c539: dddf;
c53a: dddf;
c53b: cccf;
c53c: cccf;
c53d: cccf;
c53e: cccf;
c53f: cccf;
c540: cdcf;
c541: cddf;
c542: cddf;
c543: cdcf;
c544: cdcf;
c545: cddf;
c546: cccf;
c547: cccf;
c548: cccf;
c549: bccf;
c54a: bcbf;
c54b: bbbf;
c54c: bbbf;
c54d: bbbf;
c54e: bccf;
c54f: bbbf;
c550: aaaf;
c551: 898f;
c552: 666f;
c553: 454f;
c554: 444f;
c555: 444f;
c556: 444f;
c557: 444f;
c558: 544f;
c559: 544f;
c55a: 544f;
c55b: 544f;
c55c: 544f;
c55d: 544f;
c55e: 544f;
c55f: 544f;
c560: 544f;
c561: 544f;
c562: 544f;
c563: 544f;
c564: 544f;
c565: 544f;
c566: 544f;
c567: 544f;
c568: 544f;
c569: 544f;
c56a: 544f;
c56b: 544f;
c56c: 544f;
c56d: 544f;
c56e: 544f;
c56f: 544f;
c570: 544f;
c571: 544f;
c572: 544f;
c573: 544f;
c574: 544f;
c575: 544f;
c576: 544f;
c577: 544f;
c578: 544f;
c579: 544f;
c57a: 544f;
c57b: 544f;
c57c: 444f;
c57d: 444f;
c57e: 444f;
c57f: 444f;
c580: 443f;
c581: 333f;
c582: 333f;
c583: 333f;
c584: 333f;
c585: 333f;
c586: 333f;
c587: 333f;
c588: 443f;
c589: 444f;
c58a: 444f;
c58b: 444f;
c58c: 544f;
c58d: 544f;
c58e: 544f;
c58f: 544f;
c590: 444f;
c591: 444f;
c592: 444f;
c593: 333f;
c594: 333f;
c595: 333f;
c596: 333f;
c597: 333f;
c598: 333f;
c599: 333f;
c59a: 333f;
c59b: 333f;
c59c: 333f;
c59d: 333f;
c59e: 333f;
c59f: 333f;
c5a0: 333f;
c5a1: 333f;
c5a2: 555f;
c5a3: 777f;
c5a4: 888f;
c5a5: 999f;
c5a6: a99f;
c5a7: a99f;
c5a8: aa9f;
c5a9: a99f;
c5aa: a99f;
c5ab: a99f;
c5ac: a99f;
c5ad: a99f;
c5ae: a99f;
c5af: a99f;
c5b0: aa9f;
c5b1: a99f;
c5b2: 777f;
c5b3: 544f;
c5b4: 333f;
c5b5: 333f;
c5b6: 333f;
c5b7: 333f;
c5b8: 333f;
c5b9: 333f;
c5ba: 333f;
c5bb: 333f;
c5bc: 333f;
c5bd: 333f;
c5be: 333f;
c5bf: 333f;
c5c0: 333f;
c5c1: 333f;
c5c2: 554f;
c5c3: 888f;
c5c4: bbbf;
c5c5: dddf;
c5c6: dccf;
c5c7: dccf;
c5c8: dccf;
c5c9: dccf;
c5ca: dccf;
c5cb: dccf;
c5cc: dccf;
c5cd: dccf;
c5ce: dccf;
c5cf: dccf;
c5d0: dccf;
c5d1: dccf;
c5d2: dccf;
c5d3: dccf;
c5d4: dccf;
c5d5: dccf;
c5d6: dccf;
c5d7: dccf;
c5d8: dccf;
c5d9: dccf;
c5da: dccf;
c5db: bbaf;
c5dc: a99f;
c5dd: a99f;
c5de: a99f;
c5df: a99f;
c5e0: a99f;
c5e1: a99f;
c5e2: a99f;
c5e3: a99f;
c5e4: a99f;
c5e5: a99f;
c5e6: aa9f;
c5e7: a99f;
c5e8: 877f;
c5e9: 655f;
c5ea: 433f;
c5eb: 433f;
c5ec: 544f;
c5ed: 544f;
c5ee: 443f;
c5ef: 444f;
c5f0: 655f;
c5f1: 998f;
c5f2: cbbf;
c5f3: ddcf;
c5f4: dccf;
c5f5: dccf;
c5f6: dccf;
c5f7: dccf;
c5f8: dccf;
c5f9: dccf;
c5fa: dccf;
c5fb: dccf;
c5fc: dccf;
c5fd: cbaf;
c5fe: 998f;
c5ff: 877f;
c600: cddf;
c601: cddf;
c602: cccf;
c603: bccf;
c604: cccf;
c605: bccf;
c606: abbf;
c607: abbf;
c608: aaaf;
c609: aaaf;
c60a: 9aaf;
c60b: 9aaf;
c60c: 999f;
c60d: 9aaf;
c60e: 9aaf;
c60f: aaaf;
c610: abbf;
c611: bbbf;
c612: bccf;
c613: cdcf;
c614: cddf;
c615: dddf;
c616: dddf;
c617: dddf;
c618: dddf;
c619: dddf;
c61a: dddf;
c61b: dddf;
c61c: cdcf;
c61d: cdcf;
c61e: cdcf;
c61f: cdcf;
c620: cccf;
c621: cccf;
c622: cccf;
c623: cccf;
c624: dddf;
c625: dddf;
c626: dddf;
c627: dddf;
c628: dddf;
c629: dddf;
c62a: dddf;
c62b: dddf;
c62c: dddf;
c62d: dddf;
c62e: dddf;
c62f: dddf;
c630: dddf;
c631: dddf;
c632: dddf;
c633: dddf;
c634: dddf;
c635: dddf;
c636: dddf;
c637: dddf;
c638: dddf;
c639: dddf;
c63a: dddf;
c63b: cccf;
c63c: cccf;
c63d: cccf;
c63e: cccf;
c63f: cccf;
c640: cdcf;
c641: cddf;
c642: cddf;
c643: cdcf;
c644: cdcf;
c645: cddf;
c646: cddf;
c647: cdcf;
c648: cccf;
c649: cccf;
c64a: bccf;
c64b: bccf;
c64c: bcbf;
c64d: bccf;
c64e: bccf;
c64f: bbbf;
c650: aaaf;
c651: 888f;
c652: 666f;
c653: 444f;
c654: 444f;
c655: 444f;
c656: 444f;
c657: 444f;
c658: 544f;
c659: 544f;
c65a: 544f;
c65b: 544f;
c65c: 544f;
c65d: 544f;
c65e: 544f;
c65f: 544f;
c660: 544f;
c661: 544f;
c662: 544f;
c663: 544f;
c664: 544f;
c665: 544f;
c666: 544f;
c667: 544f;
c668: 544f;
c669: 544f;
c66a: 544f;
c66b: 544f;
c66c: 544f;
c66d: 544f;
c66e: 544f;
c66f: 544f;
c670: 544f;
c671: 544f;
c672: 544f;
c673: 544f;
c674: 544f;
c675: 544f;
c676: 544f;
c677: 544f;
c678: 544f;
c679: 544f;
c67a: 544f;
c67b: 544f;
c67c: 444f;
c67d: 444f;
c67e: 444f;
c67f: 444f;
c680: 443f;
c681: 333f;
c682: 333f;
c683: 333f;
c684: 333f;
c685: 333f;
c686: 333f;
c687: 333f;
c688: 443f;
c689: 444f;
c68a: 444f;
c68b: 444f;
c68c: 544f;
c68d: 544f;
c68e: 544f;
c68f: 544f;
c690: 444f;
c691: 444f;
c692: 443f;
c693: 333f;
c694: 333f;
c695: 333f;
c696: 333f;
c697: 333f;
c698: 333f;
c699: 333f;
c69a: 333f;
c69b: 333f;
c69c: 333f;
c69d: 333f;
c69e: 333f;
c69f: 333f;
c6a0: 333f;
c6a1: 444f;
c6a2: 665f;
c6a3: 887f;
c6a4: 999f;
c6a5: a99f;
c6a6: a99f;
c6a7: a99f;
c6a8: a99f;
c6a9: a99f;
c6aa: a99f;
c6ab: a99f;
c6ac: a99f;
c6ad: a99f;
c6ae: a99f;
c6af: a99f;
c6b0: aa9f;
c6b1: a99f;
c6b2: 777f;
c6b3: 544f;
c6b4: 333f;
c6b5: 333f;
c6b6: 333f;
c6b7: 333f;
c6b8: 333f;
c6b9: 333f;
c6ba: 333f;
c6bb: 333f;
c6bc: 333f;
c6bd: 333f;
c6be: 333f;
c6bf: 333f;
c6c0: 333f;
c6c1: 433f;
c6c2: 655f;
c6c3: a99f;
c6c4: cccf;
c6c5: eddf;
c6c6: dccf;
c6c7: dccf;
c6c8: dccf;
c6c9: dccf;
c6ca: dccf;
c6cb: dccf;
c6cc: dccf;
c6cd: dccf;
c6ce: dccf;
c6cf: dccf;
c6d0: dccf;
c6d1: dccf;
c6d2: dccf;
c6d3: dccf;
c6d4: dccf;
c6d5: dccf;
c6d6: dccf;
c6d7: dccf;
c6d8: dccf;
c6d9: dccf;
c6da: dccf;
c6db: cbbf;
c6dc: a99f;
c6dd: a99f;
c6de: a99f;
c6df: a99f;
c6e0: a99f;
c6e1: a99f;
c6e2: a99f;
c6e3: a99f;
c6e4: a99f;
c6e5: a99f;
c6e6: a99f;
c6e7: a99f;
c6e8: 888f;
c6e9: 655f;
c6ea: 443f;
c6eb: 433f;
c6ec: 444f;
c6ed: 544f;
c6ee: 443f;
c6ef: 544f;
c6f0: 766f;
c6f1: aa9f;
c6f2: dcbf;
c6f3: eddf;
c6f4: ddcf;
c6f5: dccf;
c6f6: dccf;
c6f7: dccf;
c6f8: dccf;
c6f9: dccf;
c6fa: dccf;
c6fb: dccf;
c6fc: dccf;
c6fd: baaf;
c6fe: 988f;
c6ff: 887f;
c700: cddf;
c701: cddf;
c702: cdcf;
c703: cccf;
c704: cccf;
c705: cccf;
c706: bccf;
c707: bbbf;
c708: abbf;
c709: abbf;
c70a: aaaf;
c70b: 9aaf;
c70c: 999f;
c70d: 999f;
c70e: 999f;
c70f: 999f;
c710: 9aaf;
c711: abaf;
c712: bbbf;
c713: bccf;
c714: cddf;
c715: dddf;
c716: dddf;
c717: dddf;
c718: dddf;
c719: dddf;
c71a: dddf;
c71b: dddf;
c71c: dddf;
c71d: dddf;
c71e: cdcf;
c71f: cdcf;
c720: cccf;
c721: cccf;
c722: cccf;
c723: cccf;
c724: cdcf;
c725: cddf;
c726: dddf;
c727: dddf;
c728: dddf;
c729: dddf;
c72a: dddf;
c72b: dddf;
c72c: dddf;
c72d: dddf;
c72e: dddf;
c72f: dddf;
c730: dddf;
c731: dddf;
c732: dddf;
c733: dddf;
c734: dddf;
c735: dddf;
c736: dddf;
c737: dddf;
c738: dddf;
c739: dddf;
c73a: dddf;
c73b: cccf;
c73c: cccf;
c73d: bccf;
c73e: cccf;
c73f: cccf;
c740: cdcf;
c741: cddf;
c742: cddf;
c743: cdcf;
c744: cdcf;
c745: cddf;
c746: dddf;
c747: cddf;
c748: cddf;
c749: cccf;
c74a: cccf;
c74b: bccf;
c74c: bccf;
c74d: cccf;
c74e: cccf;
c74f: bbbf;
c750: 9a9f;
c751: 777f;
c752: 555f;
c753: 444f;
c754: 444f;
c755: 444f;
c756: 444f;
c757: 444f;
c758: 544f;
c759: 544f;
c75a: 544f;
c75b: 544f;
c75c: 544f;
c75d: 544f;
c75e: 544f;
c75f: 544f;
c760: 544f;
c761: 544f;
c762: 544f;
c763: 544f;
c764: 544f;
c765: 544f;
c766: 544f;
c767: 544f;
c768: 544f;
c769: 544f;
c76a: 544f;
c76b: 544f;
c76c: 544f;
c76d: 544f;
c76e: 544f;
c76f: 544f;
c770: 544f;
c771: 544f;
c772: 544f;
c773: 544f;
c774: 544f;
c775: 544f;
c776: 544f;
c777: 544f;
c778: 544f;
c779: 544f;
c77a: 544f;
c77b: 544f;
c77c: 444f;
c77d: 444f;
c77e: 444f;
c77f: 444f;
c780: 443f;
c781: 333f;
c782: 333f;
c783: 333f;
c784: 333f;
c785: 333f;
c786: 333f;
c787: 333f;
c788: 443f;
c789: 444f;
c78a: 444f;
c78b: 444f;
c78c: 544f;
c78d: 544f;
c78e: 544f;
c78f: 544f;
c790: 444f;
c791: 443f;
c792: 333f;
c793: 333f;
c794: 333f;
c795: 333f;
c796: 333f;
c797: 333f;
c798: 333f;
c799: 333f;
c79a: 333f;
c79b: 333f;
c79c: 333f;
c79d: 333f;
c79e: 333f;
c79f: 333f;
c7a0: 333f;
c7a1: 555f;
c7a2: 776f;
c7a3: 888f;
c7a4: a99f;
c7a5: a99f;
c7a6: a99f;
c7a7: a99f;
c7a8: a99f;
c7a9: a99f;
c7aa: a99f;
c7ab: a99f;
c7ac: a99f;
c7ad: a99f;
c7ae: a99f;
c7af: a99f;
c7b0: aa9f;
c7b1: a99f;
c7b2: 777f;
c7b3: 544f;
c7b4: 433f;
c7b5: 333f;
c7b6: 333f;
c7b7: 333f;
c7b8: 333f;
c7b9: 333f;
c7ba: 333f;
c7bb: 333f;
c7bc: 333f;
c7bd: 333f;
c7be: 333f;
c7bf: 332f;
c7c0: 333f;
c7c1: 444f;
c7c2: 666f;
c7c3: baaf;
c7c4: dccf;
c7c5: eddf;
c7c6: ddcf;
c7c7: dccf;
c7c8: dccf;
c7c9: dccf;
c7ca: dccf;
c7cb: dccf;
c7cc: dccf;
c7cd: dccf;
c7ce: dccf;
c7cf: dccf;
c7d0: dccf;
c7d1: dccf;
c7d2: dccf;
c7d3: dccf;
c7d4: dccf;
c7d5: dccf;
c7d6: dccf;
c7d7: dccf;
c7d8: dccf;
c7d9: ddcf;
c7da: dccf;
c7db: cbbf;
c7dc: aa9f;
c7dd: a99f;
c7de: a99f;
c7df: 998f;
c7e0: a99f;
c7e1: a99f;
c7e2: a99f;
c7e3: a99f;
c7e4: a99f;
c7e5: a99f;
c7e6: a99f;
c7e7: a99f;
c7e8: 988f;
c7e9: 766f;
c7ea: 444f;
c7eb: 443f;
c7ec: 433f;
c7ed: 443f;
c7ee: 433f;
c7ef: 554f;
c7f0: 777f;
c7f1: baaf;
c7f2: dccf;
c7f3: eddf;
c7f4: dccf;
c7f5: dccf;
c7f6: dccf;
c7f7: dccf;
c7f8: dccf;
c7f9: dccf;
c7fa: dccf;
c7fb: dccf;
c7fc: dccf;
c7fd: ba9f;
c7fe: 987f;
c7ff: 987f;
c800: cddf;
c801: cddf;
c802: cddf;
c803: cddf;
c804: cddf;
c805: cccf;
c806: bccf;
c807: bccf;
c808: bbcf;
c809: bbbf;
c80a: abbf;
c80b: aaaf;
c80c: 9aaf;
c80d: 999f;
c80e: 899f;
c80f: 888f;
c810: 899f;
c811: 9aaf;
c812: abbf;
c813: bcbf;
c814: cdcf;
c815: dddf;
c816: dddf;
c817: dddf;
c818: dddf;
c819: dddf;
c81a: dddf;
c81b: dddf;
c81c: dddf;
c81d: dddf;
c81e: dddf;
c81f: cdcf;
c820: cdcf;
c821: cdcf;
c822: cdcf;
c823: cccf;
c824: cdcf;
c825: cdcf;
c826: dddf;
c827: dddf;
c828: dddf;
c829: dddf;
c82a: dddf;
c82b: dddf;
c82c: dddf;
c82d: dddf;
c82e: dddf;
c82f: dddf;
c830: dddf;
c831: dddf;
c832: dddf;
c833: dddf;
c834: dddf;
c835: dddf;
c836: dddf;
c837: dddf;
c838: dddf;
c839: dddf;
c83a: dddf;
c83b: cdcf;
c83c: cccf;
c83d: cccf;
c83e: cccf;
c83f: cccf;
c840: cddf;
c841: cddf;
c842: cddf;
c843: cddf;
c844: cddf;
c845: cddf;
c846: dddf;
c847: dddf;
c848: dddf;
c849: cddf;
c84a: cccf;
c84b: cccf;
c84c: cccf;
c84d: cccf;
c84e: cccf;
c84f: bbbf;
c850: 9a9f;
c851: 777f;
c852: 555f;
c853: 444f;
c854: 444f;
c855: 444f;
c856: 444f;
c857: 544f;
c858: 544f;
c859: 544f;
c85a: 544f;
c85b: 544f;
c85c: 544f;
c85d: 544f;
c85e: 544f;
c85f: 544f;
c860: 544f;
c861: 544f;
c862: 544f;
c863: 544f;
c864: 544f;
c865: 544f;
c866: 544f;
c867: 544f;
c868: 544f;
c869: 544f;
c86a: 544f;
c86b: 544f;
c86c: 544f;
c86d: 544f;
c86e: 544f;
c86f: 544f;
c870: 544f;
c871: 544f;
c872: 544f;
c873: 544f;
c874: 544f;
c875: 544f;
c876: 544f;
c877: 544f;
c878: 544f;
c879: 544f;
c87a: 544f;
c87b: 544f;
c87c: 544f;
c87d: 544f;
c87e: 444f;
c87f: 443f;
c880: 333f;
c881: 333f;
c882: 333f;
c883: 333f;
c884: 333f;
c885: 333f;
c886: 333f;
c887: 333f;
c888: 433f;
c889: 444f;
c88a: 444f;
c88b: 544f;
c88c: 544f;
c88d: 544f;
c88e: 444f;
c88f: 444f;
c890: 444f;
c891: 443f;
c892: 333f;
c893: 333f;
c894: 333f;
c895: 333f;
c896: 333f;
c897: 333f;
c898: 333f;
c899: 333f;
c89a: 333f;
c89b: 333f;
c89c: 333f;
c89d: 333f;
c89e: 332f;
c89f: 343f;
c8a0: 444f;
c8a1: 666f;
c8a2: 777f;
c8a3: 998f;
c8a4: a99f;
c8a5: a99f;
c8a6: a99f;
c8a7: a99f;
c8a8: a99f;
c8a9: a99f;
c8aa: a99f;
c8ab: a99f;
c8ac: a99f;
c8ad: a99f;
c8ae: a99f;
c8af: a99f;
c8b0: aa9f;
c8b1: a99f;
c8b2: 777f;
c8b3: 554f;
c8b4: 433f;
c8b5: 333f;
c8b6: 333f;
c8b7: 333f;
c8b8: 333f;
c8b9: 333f;
c8ba: 333f;
c8bb: 333f;
c8bc: 333f;
c8bd: 333f;
c8be: 323f;
c8bf: 333f;
c8c0: 333f;
c8c1: 554f;
c8c2: 777f;
c8c3: cbbf;
c8c4: dccf;
c8c5: eddf;
c8c6: dccf;
c8c7: dccf;
c8c8: dccf;
c8c9: dccf;
c8ca: dccf;
c8cb: dccf;
c8cc: dccf;
c8cd: dccf;
c8ce: dccf;
c8cf: dccf;
c8d0: dccf;
c8d1: dccf;
c8d2: dccf;
c8d3: dccf;
c8d4: dccf;
c8d5: dccf;
c8d6: dccf;
c8d7: dccf;
c8d8: dccf;
c8d9: dccf;
c8da: ddcf;
c8db: cbbf;
c8dc: baaf;
c8dd: aa9f;
c8de: a99f;
c8df: a99f;
c8e0: a99f;
c8e1: a99f;
c8e2: a99f;
c8e3: a99f;
c8e4: a99f;
c8e5: a99f;
c8e6: aa9f;
c8e7: aa9f;
c8e8: a99f;
c8e9: 776f;
c8ea: 544f;
c8eb: 443f;
c8ec: 433f;
c8ed: 433f;
c8ee: 444f;
c8ef: 655f;
c8f0: 988f;
c8f1: bbaf;
c8f2: dccf;
c8f3: ddcf;
c8f4: ddcf;
c8f5: dccf;
c8f6: dccf;
c8f7: dccf;
c8f8: dccf;
c8f9: dccf;
c8fa: dccf;
c8fb: dccf;
c8fc: dccf;
c8fd: ba9f;
c8fe: 877f;
c8ff: 988f;
c900: cddf;
c901: cddf;
c902: cddf;
c903: cddf;
c904: cddf;
c905: cccf;
c906: bccf;
c907: bccf;
c908: bccf;
c909: bbcf;
c90a: bbbf;
c90b: abbf;
c90c: aabf;
c90d: 9aaf;
c90e: 999f;
c90f: 898f;
c910: 899f;
c911: 9aaf;
c912: abaf;
c913: bcbf;
c914: cdcf;
c915: dddf;
c916: dddf;
c917: dddf;
c918: dddf;
c919: dddf;
c91a: dddf;
c91b: dddf;
c91c: dddf;
c91d: dddf;
c91e: dddf;
c91f: dddf;
c920: cdcf;
c921: cdcf;
c922: cdcf;
c923: cdcf;
c924: cdcf;
c925: cdcf;
c926: cdcf;
c927: dddf;
c928: dddf;
c929: dddf;
c92a: dddf;
c92b: dddf;
c92c: dddf;
c92d: dddf;
c92e: dddf;
c92f: dddf;
c930: dddf;
c931: dddf;
c932: dddf;
c933: dddf;
c934: dddf;
c935: dddf;
c936: dddf;
c937: dddf;
c938: dddf;
c939: dddf;
c93a: dddf;
c93b: cdcf;
c93c: cccf;
c93d: cccf;
c93e: cccf;
c93f: cccf;
c940: cddf;
c941: cddf;
c942: cddf;
c943: cddf;
c944: cddf;
c945: dddf;
c946: dddf;
c947: dddf;
c948: dddf;
c949: dddf;
c94a: cddf;
c94b: cccf;
c94c: cccf;
c94d: cccf;
c94e: cccf;
c94f: bbbf;
c950: 999f;
c951: 676f;
c952: 555f;
c953: 444f;
c954: 444f;
c955: 444f;
c956: 444f;
c957: 544f;
c958: 544f;
c959: 544f;
c95a: 544f;
c95b: 544f;
c95c: 544f;
c95d: 544f;
c95e: 544f;
c95f: 544f;
c960: 544f;
c961: 544f;
c962: 544f;
c963: 544f;
c964: 544f;
c965: 544f;
c966: 544f;
c967: 544f;
c968: 544f;
c969: 544f;
c96a: 544f;
c96b: 544f;
c96c: 544f;
c96d: 544f;
c96e: 544f;
c96f: 544f;
c970: 544f;
c971: 544f;
c972: 544f;
c973: 544f;
c974: 544f;
c975: 544f;
c976: 544f;
c977: 544f;
c978: 544f;
c979: 544f;
c97a: 544f;
c97b: 544f;
c97c: 544f;
c97d: 544f;
c97e: 444f;
c97f: 443f;
c980: 333f;
c981: 333f;
c982: 333f;
c983: 333f;
c984: 333f;
c985: 333f;
c986: 333f;
c987: 333f;
c988: 433f;
c989: 444f;
c98a: 444f;
c98b: 544f;
c98c: 544f;
c98d: 544f;
c98e: 444f;
c98f: 444f;
c990: 444f;
c991: 433f;
c992: 333f;
c993: 333f;
c994: 333f;
c995: 333f;
c996: 333f;
c997: 333f;
c998: 333f;
c999: 333f;
c99a: 333f;
c99b: 333f;
c99c: 333f;
c99d: 333f;
c99e: 333f;
c99f: 444f;
c9a0: 555f;
c9a1: 777f;
c9a2: 888f;
c9a3: 999f;
c9a4: a99f;
c9a5: a99f;
c9a6: a99f;
c9a7: a99f;
c9a8: a99f;
c9a9: a99f;
c9aa: a99f;
c9ab: a99f;
c9ac: a99f;
c9ad: a99f;
c9ae: a99f;
c9af: a99f;
c9b0: aaaf;
c9b1: a99f;
c9b2: 777f;
c9b3: 554f;
c9b4: 333f;
c9b5: 333f;
c9b6: 333f;
c9b7: 333f;
c9b8: 333f;
c9b9: 333f;
c9ba: 333f;
c9bb: 333f;
c9bc: 333f;
c9bd: 333f;
c9be: 333f;
c9bf: 333f;
c9c0: 433f;
c9c1: 666f;
c9c2: 988f;
c9c3: ccbf;
c9c4: ddcf;
c9c5: ddcf;
c9c6: dccf;
c9c7: dccf;
c9c8: dccf;
c9c9: dccf;
c9ca: dccf;
c9cb: dccf;
c9cc: dccf;
c9cd: dccf;
c9ce: dccf;
c9cf: dccf;
c9d0: dccf;
c9d1: dccf;
c9d2: dccf;
c9d3: dccf;
c9d4: dccf;
c9d5: dccf;
c9d6: dccf;
c9d7: dccf;
c9d8: dccf;
c9d9: dccf;
c9da: dccf;
c9db: ccbf;
c9dc: baaf;
c9dd: aa9f;
c9de: a99f;
c9df: 999f;
c9e0: a99f;
c9e1: a99f;
c9e2: a99f;
c9e3: a99f;
c9e4: a99f;
c9e5: a99f;
c9e6: aa9f;
c9e7: baaf;
c9e8: baaf;
c9e9: 877f;
c9ea: 554f;
c9eb: 443f;
c9ec: 433f;
c9ed: 433f;
c9ee: 544f;
c9ef: 766f;
c9f0: a99f;
c9f1: cbbf;
c9f2: ddcf;
c9f3: ddcf;
c9f4: ddcf;
c9f5: dccf;
c9f6: dccf;
c9f7: dccf;
c9f8: dccf;
c9f9: dccf;
c9fa: dccf;
c9fb: dccf;
c9fc: dccf;
c9fd: ba9f;
c9fe: 877f;
c9ff: 998f;
ca00: cddf;
ca01: cddf;
ca02: cddf;
ca03: cddf;
ca04: cddf;
ca05: cddf;
ca06: cdcf;
ca07: cddf;
ca08: ccdf;
ca09: bccf;
ca0a: bccf;
ca0b: bbbf;
ca0c: abbf;
ca0d: abbf;
ca0e: 9aaf;
ca0f: 899f;
ca10: 999f;
ca11: 9aaf;
ca12: abaf;
ca13: bbbf;
ca14: cccf;
ca15: cddf;
ca16: dddf;
ca17: dddf;
ca18: dddf;
ca19: dddf;
ca1a: dddf;
ca1b: dddf;
ca1c: dddf;
ca1d: dddf;
ca1e: dddf;
ca1f: dddf;
ca20: dddf;
ca21: dddf;
ca22: dddf;
ca23: cdcf;
ca24: cdcf;
ca25: cdcf;
ca26: cdcf;
ca27: cdcf;
ca28: dddf;
ca29: dddf;
ca2a: dddf;
ca2b: dddf;
ca2c: dddf;
ca2d: dddf;
ca2e: dddf;
ca2f: dddf;
ca30: dddf;
ca31: dddf;
ca32: dddf;
ca33: dddf;
ca34: dddf;
ca35: dddf;
ca36: dddf;
ca37: dddf;
ca38: dddf;
ca39: dddf;
ca3a: dddf;
ca3b: cddf;
ca3c: cccf;
ca3d: cccf;
ca3e: cccf;
ca3f: cccf;
ca40: cdcf;
ca41: cddf;
ca42: cddf;
ca43: cdcf;
ca44: cddf;
ca45: dddf;
ca46: dddf;
ca47: dddf;
ca48: dddf;
ca49: dddf;
ca4a: dddf;
ca4b: cddf;
ca4c: cdcf;
ca4d: cdcf;
ca4e: cccf;
ca4f: bbbf;
ca50: 999f;
ca51: 666f;
ca52: 554f;
ca53: 444f;
ca54: 444f;
ca55: 544f;
ca56: 544f;
ca57: 544f;
ca58: 544f;
ca59: 544f;
ca5a: 544f;
ca5b: 544f;
ca5c: 544f;
ca5d: 544f;
ca5e: 544f;
ca5f: 544f;
ca60: 544f;
ca61: 544f;
ca62: 544f;
ca63: 544f;
ca64: 544f;
ca65: 544f;
ca66: 544f;
ca67: 544f;
ca68: 544f;
ca69: 544f;
ca6a: 544f;
ca6b: 544f;
ca6c: 544f;
ca6d: 544f;
ca6e: 544f;
ca6f: 544f;
ca70: 544f;
ca71: 544f;
ca72: 544f;
ca73: 544f;
ca74: 544f;
ca75: 544f;
ca76: 544f;
ca77: 544f;
ca78: 544f;
ca79: 544f;
ca7a: 544f;
ca7b: 544f;
ca7c: 544f;
ca7d: 544f;
ca7e: 444f;
ca7f: 443f;
ca80: 333f;
ca81: 333f;
ca82: 333f;
ca83: 333f;
ca84: 333f;
ca85: 333f;
ca86: 333f;
ca87: 333f;
ca88: 433f;
ca89: 444f;
ca8a: 444f;
ca8b: 544f;
ca8c: 544f;
ca8d: 544f;
ca8e: 444f;
ca8f: 444f;
ca90: 444f;
ca91: 433f;
ca92: 333f;
ca93: 333f;
ca94: 333f;
ca95: 333f;
ca96: 333f;
ca97: 333f;
ca98: 333f;
ca99: 333f;
ca9a: 333f;
ca9b: 333f;
ca9c: 333f;
ca9d: 333f;
ca9e: 333f;
ca9f: 444f;
caa0: 665f;
caa1: 887f;
caa2: 999f;
caa3: aa9f;
caa4: a99f;
caa5: a99f;
caa6: a99f;
caa7: a99f;
caa8: a99f;
caa9: a99f;
caaa: a99f;
caab: a99f;
caac: a99f;
caad: a99f;
caae: a99f;
caaf: a99f;
cab0: aaaf;
cab1: a99f;
cab2: 777f;
cab3: 554f;
cab4: 333f;
cab5: 333f;
cab6: 333f;
cab7: 333f;
cab8: 333f;
cab9: 333f;
caba: 333f;
cabb: 333f;
cabc: 333f;
cabd: 333f;
cabe: 333f;
cabf: 333f;
cac0: 444f;
cac1: 777f;
cac2: aaaf;
cac3: dccf;
cac4: dddf;
cac5: dccf;
cac6: dccf;
cac7: dccf;
cac8: dccf;
cac9: dccf;
caca: dccf;
cacb: dccf;
cacc: dccf;
cacd: dccf;
cace: dccf;
cacf: dccf;
cad0: dccf;
cad1: dccf;
cad2: dccf;
cad3: dccf;
cad4: dccf;
cad5: dccf;
cad6: dccf;
cad7: dccf;
cad8: dccf;
cad9: dccf;
cada: dccf;
cadb: ccbf;
cadc: baaf;
cadd: aa9f;
cade: a99f;
cadf: 998f;
cae0: a99f;
cae1: a99f;
cae2: a99f;
cae3: a99f;
cae4: a99f;
cae5: a99f;
cae6: aaaf;
cae7: baaf;
cae8: bbbf;
cae9: 988f;
caea: 655f;
caeb: 444f;
caec: 433f;
caed: 433f;
caee: 555f;
caef: 877f;
caf0: baaf;
caf1: cccf;
caf2: ddcf;
caf3: ddcf;
caf4: ddcf;
caf5: dccf;
caf6: dccf;
caf7: dccf;
caf8: dccf;
caf9: dccf;
cafa: dccf;
cafb: dccf;
cafc: dccf;
cafd: aa9f;
cafe: 877f;
caff: a98f;
cb00: cddf;
cb01: cddf;
cb02: cddf;
cb03: cddf;
cb04: cddf;
cb05: cddf;
cb06: cddf;
cb07: cddf;
cb08: cddf;
cb09: ccdf;
cb0a: cccf;
cb0b: bccf;
cb0c: bccf;
cb0d: abbf;
cb0e: aaaf;
cb0f: 999f;
cb10: 999f;
cb11: 9aaf;
cb12: abaf;
cb13: bcbf;
cb14: cccf;
cb15: cdcf;
cb16: cdcf;
cb17: cdcf;
cb18: dddf;
cb19: dddf;
cb1a: dddf;
cb1b: dddf;
cb1c: dddf;
cb1d: dddf;
cb1e: dddf;
cb1f: dddf;
cb20: dddf;
cb21: dddf;
cb22: dddf;
cb23: dddf;
cb24: cdcf;
cb25: cdcf;
cb26: cdcf;
cb27: cdcf;
cb28: cdcf;
cb29: dddf;
cb2a: dddf;
cb2b: dddf;
cb2c: dddf;
cb2d: dddf;
cb2e: dddf;
cb2f: dddf;
cb30: dddf;
cb31: dddf;
cb32: dddf;
cb33: dddf;
cb34: dddf;
cb35: dddf;
cb36: dddf;
cb37: dddf;
cb38: dddf;
cb39: dddf;
cb3a: dddf;
cb3b: cddf;
cb3c: cccf;
cb3d: cccf;
cb3e: cccf;
cb3f: cccf;
cb40: cdcf;
cb41: cddf;
cb42: cddf;
cb43: cdcf;
cb44: dddf;
cb45: dddf;
cb46: dddf;
cb47: dddf;
cb48: dddf;
cb49: dddf;
cb4a: dddf;
cb4b: dddf;
cb4c: cddf;
cb4d: dddf;
cb4e: cddf;
cb4f: bbbf;
cb50: 999f;
cb51: 666f;
cb52: 444f;
cb53: 443f;
cb54: 544f;
cb55: 544f;
cb56: 544f;
cb57: 444f;
cb58: 544f;
cb59: 544f;
cb5a: 544f;
cb5b: 544f;
cb5c: 544f;
cb5d: 544f;
cb5e: 544f;
cb5f: 544f;
cb60: 544f;
cb61: 544f;
cb62: 544f;
cb63: 544f;
cb64: 544f;
cb65: 544f;
cb66: 544f;
cb67: 544f;
cb68: 544f;
cb69: 544f;
cb6a: 544f;
cb6b: 544f;
cb6c: 544f;
cb6d: 544f;
cb6e: 544f;
cb6f: 544f;
cb70: 544f;
cb71: 544f;
cb72: 544f;
cb73: 544f;
cb74: 544f;
cb75: 544f;
cb76: 544f;
cb77: 544f;
cb78: 544f;
cb79: 544f;
cb7a: 544f;
cb7b: 544f;
cb7c: 544f;
cb7d: 544f;
cb7e: 444f;
cb7f: 443f;
cb80: 333f;
cb81: 333f;
cb82: 333f;
cb83: 333f;
cb84: 333f;
cb85: 333f;
cb86: 333f;
cb87: 333f;
cb88: 433f;
cb89: 444f;
cb8a: 444f;
cb8b: 544f;
cb8c: 544f;
cb8d: 444f;
cb8e: 444f;
cb8f: 444f;
cb90: 444f;
cb91: 333f;
cb92: 333f;
cb93: 333f;
cb94: 333f;
cb95: 333f;
cb96: 333f;
cb97: 333f;
cb98: 333f;
cb99: 333f;
cb9a: 333f;
cb9b: 333f;
cb9c: 333f;
cb9d: 333f;
cb9e: 333f;
cb9f: 554f;
cba0: 776f;
cba1: 988f;
cba2: a99f;
cba3: aaaf;
cba4: a99f;
cba5: a99f;
cba6: a99f;
cba7: a99f;
cba8: a99f;
cba9: a99f;
cbaa: a99f;
cbab: a99f;
cbac: a99f;
cbad: a99f;
cbae: a99f;
cbaf: a99f;
cbb0: aaaf;
cbb1: a99f;
cbb2: 777f;
cbb3: 554f;
cbb4: 333f;
cbb5: 333f;
cbb6: 333f;
cbb7: 333f;
cbb8: 333f;
cbb9: 333f;
cbba: 333f;
cbbb: 333f;
cbbc: 333f;
cbbd: 333f;
cbbe: 333f;
cbbf: 444f;
cbc0: 544f;
cbc1: 888f;
cbc2: bbaf;
cbc3: ddcf;
cbc4: dccf;
cbc5: dccf;
cbc6: dccf;
cbc7: dccf;
cbc8: dccf;
cbc9: dccf;
cbca: dccf;
cbcb: dccf;
cbcc: dccf;
cbcd: dccf;
cbce: dccf;
cbcf: dccf;
cbd0: dccf;
cbd1: dccf;
cbd2: dccf;
cbd3: dccf;
cbd4: dccf;
cbd5: dccf;
cbd6: dccf;
cbd7: dccf;
cbd8: ccbf;
cbd9: cccf;
cbda: dccf;
cbdb: cbbf;
cbdc: baaf;
cbdd: aa9f;
cbde: 999f;
cbdf: 988f;
cbe0: 999f;
cbe1: 999f;
cbe2: 999f;
cbe3: a99f;
cbe4: 999f;
cbe5: 999f;
cbe6: aa9f;
cbe7: baaf;
cbe8: cbbf;
cbe9: 998f;
cbea: 655f;
cbeb: 444f;
cbec: 433f;
cbed: 433f;
cbee: 555f;
cbef: 888f;
cbf0: bbbf;
cbf1: cccf;
cbf2: dccf;
cbf3: dddf;
cbf4: ddcf;
cbf5: ddcf;
cbf6: dccf;
cbf7: dccf;
cbf8: dccf;
cbf9: dccf;
cbfa: dccf;
cbfb: dccf;
cbfc: dccf;
cbfd: a99f;
cbfe: 877f;
cbff: a99f;
cc00: cddf;
cc01: cddf;
cc02: cddf;
cc03: cddf;
cc04: cddf;
cc05: cddf;
cc06: cddf;
cc07: cddf;
cc08: cddf;
cc09: cddf;
cc0a: cddf;
cc0b: cccf;
cc0c: cccf;
cc0d: bccf;
cc0e: abbf;
cc0f: 9aaf;
cc10: 9aaf;
cc11: aaaf;
cc12: abbf;
cc13: bcbf;
cc14: cccf;
cc15: cddf;
cc16: cddf;
cc17: cddf;
cc18: dddf;
cc19: dddf;
cc1a: dddf;
cc1b: dddf;
cc1c: dddf;
cc1d: dddf;
cc1e: dddf;
cc1f: dddf;
cc20: dddf;
cc21: dddf;
cc22: dddf;
cc23: dddf;
cc24: dddf;
cc25: cdcf;
cc26: cdcf;
cc27: cdcf;
cc28: dddf;
cc29: cdcf;
cc2a: cdcf;
cc2b: dddf;
cc2c: cdcf;
cc2d: dddf;
cc2e: dddf;
cc2f: dddf;
cc30: dddf;
cc31: dddf;
cc32: dddf;
cc33: dddf;
cc34: dddf;
cc35: dddf;
cc36: dddf;
cc37: dddf;
cc38: dddf;
cc39: dddf;
cc3a: dddf;
cc3b: cddf;
cc3c: cccf;
cc3d: cccf;
cc3e: cccf;
cc3f: cccf;
cc40: cdcf;
cc41: dddf;
cc42: dddf;
cc43: cddf;
cc44: dddf;
cc45: dddf;
cc46: dddf;
cc47: dddf;
cc48: dddf;
cc49: dddf;
cc4a: dddf;
cc4b: dddf;
cc4c: dddf;
cc4d: dddf;
cc4e: dddf;
cc4f: bbbf;
cc50: 999f;
cc51: 555f;
cc52: 444f;
cc53: 444f;
cc54: 544f;
cc55: 444f;
cc56: 444f;
cc57: 444f;
cc58: 544f;
cc59: 544f;
cc5a: 544f;
cc5b: 544f;
cc5c: 544f;
cc5d: 544f;
cc5e: 544f;
cc5f: 544f;
cc60: 544f;
cc61: 544f;
cc62: 544f;
cc63: 544f;
cc64: 544f;
cc65: 544f;
cc66: 544f;
cc67: 544f;
cc68: 544f;
cc69: 544f;
cc6a: 544f;
cc6b: 544f;
cc6c: 544f;
cc6d: 544f;
cc6e: 544f;
cc6f: 544f;
cc70: 544f;
cc71: 544f;
cc72: 544f;
cc73: 544f;
cc74: 544f;
cc75: 544f;
cc76: 544f;
cc77: 544f;
cc78: 544f;
cc79: 544f;
cc7a: 544f;
cc7b: 544f;
cc7c: 544f;
cc7d: 544f;
cc7e: 444f;
cc7f: 443f;
cc80: 333f;
cc81: 333f;
cc82: 333f;
cc83: 333f;
cc84: 333f;
cc85: 333f;
cc86: 333f;
cc87: 333f;
cc88: 433f;
cc89: 444f;
cc8a: 444f;
cc8b: 444f;
cc8c: 444f;
cc8d: 444f;
cc8e: 444f;
cc8f: 444f;
cc90: 444f;
cc91: 333f;
cc92: 333f;
cc93: 333f;
cc94: 333f;
cc95: 333f;
cc96: 333f;
cc97: 333f;
cc98: 333f;
cc99: 333f;
cc9a: 333f;
cc9b: 333f;
cc9c: 333f;
cc9d: 333f;
cc9e: 444f;
cc9f: 665f;
cca0: 887f;
cca1: 999f;
cca2: aa9f;
cca3: aa9f;
cca4: a99f;
cca5: a99f;
cca6: a99f;
cca7: a99f;
cca8: a99f;
cca9: a99f;
ccaa: a99f;
ccab: a99f;
ccac: a99f;
ccad: a99f;
ccae: a99f;
ccaf: a99f;
ccb0: aaaf;
ccb1: a99f;
ccb2: 877f;
ccb3: 555f;
ccb4: 333f;
ccb5: 333f;
ccb6: 333f;
ccb7: 333f;
ccb8: 333f;
ccb9: 333f;
ccba: 333f;
ccbb: 333f;
ccbc: 333f;
ccbd: 333f;
ccbe: 333f;
ccbf: 444f;
ccc0: 666f;
ccc1: 999f;
ccc2: ccbf;
ccc3: ddcf;
ccc4: dccf;
ccc5: dccf;
ccc6: dccf;
ccc7: dccf;
ccc8: dccf;
ccc9: dccf;
ccca: dccf;
cccb: dccf;
cccc: dccf;
cccd: dccf;
ccce: ccbf;
cccf: ccbf;
ccd0: cbbf;
ccd1: cbbf;
ccd2: cbbf;
ccd3: cbbf;
ccd4: cbbf;
ccd5: bbaf;
ccd6: bbaf;
ccd7: bbaf;
ccd8: bbaf;
ccd9: baaf;
ccda: baaf;
ccdb: aaaf;
ccdc: a99f;
ccdd: 988f;
ccde: 887f;
ccdf: 877f;
cce0: 888f;
cce1: 888f;
cce2: 988f;
cce3: 988f;
cce4: 988f;
cce5: 988f;
cce6: a99f;
cce7: baaf;
cce8: bbbf;
cce9: 999f;
ccea: 766f;
cceb: 544f;
ccec: 443f;
cced: 433f;
ccee: 666f;
ccef: 999f;
ccf0: cbbf;
ccf1: dccf;
ccf2: dccf;
ccf3: dccf;
ccf4: dccf;
ccf5: ddcf;
ccf6: ddcf;
ccf7: ddcf;
ccf8: dccf;
ccf9: dccf;
ccfa: dccf;
ccfb: dccf;
ccfc: dcbf;
ccfd: ba9f;
ccfe: 988f;
ccff: ba9f;
cd00: cddf;
cd01: cddf;
cd02: cddf;
cd03: cddf;
cd04: cddf;
cd05: cddf;
cd06: cddf;
cd07: cddf;
cd08: cddf;
cd09: cddf;
cd0a: cddf;
cd0b: cddf;
cd0c: cddf;
cd0d: cccf;
cd0e: abbf;
cd0f: 9aaf;
cd10: aaaf;
cd11: abaf;
cd12: bbbf;
cd13: bccf;
cd14: cdcf;
cd15: dddf;
cd16: dddf;
cd17: dddf;
cd18: dddf;
cd19: cdcf;
cd1a: cdcf;
cd1b: cdcf;
cd1c: dddf;
cd1d: dddf;
cd1e: dddf;
cd1f: dddf;
cd20: dddf;
cd21: dddf;
cd22: dddf;
cd23: dddf;
cd24: dddf;
cd25: dddf;
cd26: cdcf;
cd27: cdcf;
cd28: cdcf;
cd29: cdcf;
cd2a: cdcf;
cd2b: cdcf;
cd2c: cdcf;
cd2d: cdcf;
cd2e: dddf;
cd2f: dddf;
cd30: dddf;
cd31: dddf;
cd32: dddf;
cd33: dddf;
cd34: dddf;
cd35: dddf;
cd36: dddf;
cd37: dddf;
cd38: dddf;
cd39: dddf;
cd3a: dddf;
cd3b: cddf;
cd3c: cccf;
cd3d: cccf;
cd3e: cccf;
cd3f: cccf;
cd40: cdcf;
cd41: dddf;
cd42: dddf;
cd43: cddf;
cd44: dddf;
cd45: dddf;
cd46: dddf;
cd47: dddf;
cd48: dddf;
cd49: dddf;
cd4a: dddf;
cd4b: dddf;
cd4c: dddf;
cd4d: dddf;
cd4e: dddf;
cd4f: bbbf;
cd50: 898f;
cd51: 555f;
cd52: 444f;
cd53: 444f;
cd54: 444f;
cd55: 444f;
cd56: 444f;
cd57: 444f;
cd58: 544f;
cd59: 544f;
cd5a: 544f;
cd5b: 544f;
cd5c: 544f;
cd5d: 544f;
cd5e: 544f;
cd5f: 544f;
cd60: 544f;
cd61: 544f;
cd62: 544f;
cd63: 544f;
cd64: 544f;
cd65: 544f;
cd66: 544f;
cd67: 544f;
cd68: 544f;
cd69: 544f;
cd6a: 544f;
cd6b: 544f;
cd6c: 544f;
cd6d: 544f;
cd6e: 544f;
cd6f: 544f;
cd70: 544f;
cd71: 544f;
cd72: 544f;
cd73: 544f;
cd74: 544f;
cd75: 544f;
cd76: 544f;
cd77: 544f;
cd78: 544f;
cd79: 544f;
cd7a: 544f;
cd7b: 544f;
cd7c: 544f;
cd7d: 544f;
cd7e: 444f;
cd7f: 443f;
cd80: 333f;
cd81: 333f;
cd82: 333f;
cd83: 333f;
cd84: 333f;
cd85: 333f;
cd86: 333f;
cd87: 333f;
cd88: 433f;
cd89: 444f;
cd8a: 444f;
cd8b: 444f;
cd8c: 444f;
cd8d: 444f;
cd8e: 444f;
cd8f: 444f;
cd90: 433f;
cd91: 333f;
cd92: 333f;
cd93: 333f;
cd94: 333f;
cd95: 333f;
cd96: 333f;
cd97: 333f;
cd98: 333f;
cd99: 333f;
cd9a: 333f;
cd9b: 333f;
cd9c: 333f;
cd9d: 433f;
cd9e: 555f;
cd9f: 777f;
cda0: 999f;
cda1: aa9f;
cda2: aa9f;
cda3: a99f;
cda4: a99f;
cda5: a99f;
cda6: a99f;
cda7: a99f;
cda8: a99f;
cda9: a99f;
cdaa: a99f;
cdab: a99f;
cdac: a99f;
cdad: a99f;
cdae: a99f;
cdaf: a99f;
cdb0: a99f;
cdb1: a99f;
cdb2: 877f;
cdb3: 655f;
cdb4: 333f;
cdb5: 333f;
cdb6: 333f;
cdb7: 333f;
cdb8: 333f;
cdb9: 333f;
cdba: 333f;
cdbb: 333f;
cdbc: 333f;
cdbd: 333f;
cdbe: 333f;
cdbf: 444f;
cdc0: 888f;
cdc1: baaf;
cdc2: dccf;
cdc3: dccf;
cdc4: ddcf;
cdc5: ddcf;
cdc6: dccf;
cdc7: dccf;
cdc8: dccf;
cdc9: dccf;
cdca: cccf;
cdcb: ccbf;
cdcc: ccbf;
cdcd: cbbf;
cdce: bbaf;
cdcf: bbaf;
cdd0: baaf;
cdd1: baaf;
cdd2: aaaf;
cdd3: aa9f;
cdd4: a99f;
cdd5: 998f;
cdd6: 988f;
cdd7: 988f;
cdd8: 988f;
cdd9: 988f;
cdda: 988f;
cddb: 888f;
cddc: 877f;
cddd: 776f;
cdde: 666f;
cddf: 666f;
cde0: 766f;
cde1: 776f;
cde2: 776f;
cde3: 777f;
cde4: 777f;
cde5: 877f;
cde6: 988f;
cde7: a99f;
cde8: aaaf;
cde9: 999f;
cdea: 777f;
cdeb: 555f;
cdec: 444f;
cded: 444f;
cdee: 777f;
cdef: aa9f;
cdf0: cccf;
cdf1: dccf;
cdf2: dddf;
cdf3: dccf;
cdf4: dccf;
cdf5: dccf;
cdf6: ddcf;
cdf7: dccf;
cdf8: dccf;
cdf9: dccf;
cdfa: dccf;
cdfb: dccf;
cdfc: cbbf;
cdfd: baaf;
cdfe: a99f;
cdff: cbaf;
ce00: cddf;
ce01: cddf;
ce02: cddf;
ce03: cddf;
ce04: cddf;
ce05: cddf;
ce06: cddf;
ce07: cddf;
ce08: cddf;
ce09: cddf;
ce0a: cddf;
ce0b: cddf;
ce0c: cddf;
ce0d: bccf;
ce0e: abbf;
ce0f: 9aaf;
ce10: aaaf;
ce11: abaf;
ce12: bbbf;
ce13: bccf;
ce14: cdcf;
ce15: dddf;
ce16: dddf;
ce17: dddf;
ce18: dddf;
ce19: cdcf;
ce1a: cdcf;
ce1b: cdcf;
ce1c: dddf;
ce1d: dddf;
ce1e: dddf;
ce1f: dddf;
ce20: dddf;
ce21: dddf;
ce22: dddf;
ce23: dddf;
ce24: dddf;
ce25: dddf;
ce26: dddf;
ce27: dddf;
ce28: cdcf;
ce29: cdcf;
ce2a: cdcf;
ce2b: cccf;
ce2c: cdcf;
ce2d: cdcf;
ce2e: cdcf;
ce2f: dddf;
ce30: dddf;
ce31: dddf;
ce32: dddf;
ce33: dddf;
ce34: dddf;
ce35: dddf;
ce36: dddf;
ce37: dddf;
ce38: dddf;
ce39: dddf;
ce3a: dddf;
ce3b: cddf;
ce3c: cccf;
ce3d: cccf;
ce3e: cccf;
ce3f: cccf;
ce40: cdcf;
ce41: cddf;
ce42: dddf;
ce43: dddf;
ce44: dddf;
ce45: dddf;
ce46: dddf;
ce47: dddf;
ce48: dddf;
ce49: dddf;
ce4a: dddf;
ce4b: dddf;
ce4c: dddf;
ce4d: dddf;
ce4e: dddf;
ce4f: bbbf;
ce50: 888f;
ce51: 555f;
ce52: 444f;
ce53: 444f;
ce54: 444f;
ce55: 444f;
ce56: 444f;
ce57: 444f;
ce58: 544f;
ce59: 544f;
ce5a: 544f;
ce5b: 544f;
ce5c: 544f;
ce5d: 544f;
ce5e: 544f;
ce5f: 544f;
ce60: 544f;
ce61: 544f;
ce62: 544f;
ce63: 544f;
ce64: 544f;
ce65: 544f;
ce66: 544f;
ce67: 544f;
ce68: 544f;
ce69: 544f;
ce6a: 544f;
ce6b: 544f;
ce6c: 544f;
ce6d: 544f;
ce6e: 544f;
ce6f: 544f;
ce70: 544f;
ce71: 544f;
ce72: 544f;
ce73: 544f;
ce74: 544f;
ce75: 544f;
ce76: 544f;
ce77: 544f;
ce78: 544f;
ce79: 544f;
ce7a: 544f;
ce7b: 544f;
ce7c: 544f;
ce7d: 544f;
ce7e: 444f;
ce7f: 443f;
ce80: 333f;
ce81: 333f;
ce82: 333f;
ce83: 333f;
ce84: 333f;
ce85: 333f;
ce86: 333f;
ce87: 333f;
ce88: 433f;
ce89: 444f;
ce8a: 444f;
ce8b: 444f;
ce8c: 444f;
ce8d: 444f;
ce8e: 444f;
ce8f: 443f;
ce90: 333f;
ce91: 333f;
ce92: 333f;
ce93: 333f;
ce94: 333f;
ce95: 333f;
ce96: 333f;
ce97: 333f;
ce98: 333f;
ce99: 333f;
ce9a: 333f;
ce9b: 333f;
ce9c: 333f;
ce9d: 443f;
ce9e: 555f;
ce9f: 777f;
cea0: 999f;
cea1: a99f;
cea2: a99f;
cea3: a99f;
cea4: a99f;
cea5: a99f;
cea6: a99f;
cea7: a99f;
cea8: a99f;
cea9: a99f;
ceaa: a99f;
ceab: a99f;
ceac: a99f;
cead: a99f;
ceae: a99f;
ceaf: a99f;
ceb0: a99f;
ceb1: a99f;
ceb2: 877f;
ceb3: 655f;
ceb4: 333f;
ceb5: 333f;
ceb6: 333f;
ceb7: 333f;
ceb8: 333f;
ceb9: 333f;
ceba: 333f;
cebb: 333f;
cebc: 333f;
cebd: 332f;
cebe: 333f;
cebf: 555f;
cec0: 988f;
cec1: bbbf;
cec2: ddcf;
cec3: ddcf;
cec4: dddf;
cec5: dccf;
cec6: dccf;
cec7: dccf;
cec8: cccf;
cec9: cbbf;
ceca: bbaf;
cecb: baaf;
cecc: aaaf;
cecd: a99f;
cece: 988f;
cecf: 988f;
ced0: 988f;
ced1: 877f;
ced2: 777f;
ced3: 776f;
ced4: 776f;
ced5: 766f;
ced6: 665f;
ced7: 665f;
ced8: 666f;
ced9: 666f;
ceda: 666f;
cedb: 655f;
cedc: 555f;
cedd: 555f;
cede: 554f;
cedf: 544f;
cee0: 555f;
cee1: 555f;
cee2: 555f;
cee3: 655f;
cee4: 655f;
cee5: 655f;
cee6: 776f;
cee7: 877f;
cee8: 888f;
cee9: 877f;
ceea: 766f;
ceeb: 544f;
ceec: 444f;
ceed: 544f;
ceee: 777f;
ceef: a99f;
cef0: cbbf;
cef1: dccf;
cef2: dddf;
cef3: dccf;
cef4: dccf;
cef5: dccf;
cef6: dccf;
cef7: dccf;
cef8: dccf;
cef9: dccf;
cefa: dccf;
cefb: dccf;
cefc: ccbf;
cefd: cbaf;
cefe: ba9f;
ceff: cbaf;
cf00: cddf;
cf01: cddf;
cf02: cddf;
cf03: cddf;
cf04: cddf;
cf05: cddf;
cf06: cddf;
cf07: cddf;
cf08: cddf;
cf09: cddf;
cf0a: cddf;
cf0b: cddf;
cf0c: cddf;
cf0d: bccf;
cf0e: abbf;
cf0f: 9aaf;
cf10: 9aaf;
cf11: abaf;
cf12: bbbf;
cf13: bccf;
cf14: cdcf;
cf15: dddf;
cf16: dddf;
cf17: dddf;
cf18: dddf;
cf19: cdcf;
cf1a: cdcf;
cf1b: cdcf;
cf1c: dddf;
cf1d: dddf;
cf1e: dddf;
cf1f: dddf;
cf20: dddf;
cf21: dddf;
cf22: dddf;
cf23: dddf;
cf24: dddf;
cf25: dddf;
cf26: dddf;
cf27: dddf;
cf28: cdcf;
cf29: cdcf;
cf2a: cdcf;
cf2b: cdcf;
cf2c: cdcf;
cf2d: cdcf;
cf2e: cdcf;
cf2f: cdcf;
cf30: dddf;
cf31: dddf;
cf32: dddf;
cf33: dddf;
cf34: dddf;
cf35: dddf;
cf36: dddf;
cf37: dddf;
cf38: dddf;
cf39: dddf;
cf3a: dddf;
cf3b: cddf;
cf3c: cdcf;
cf3d: cccf;
cf3e: cccf;
cf3f: cccf;
cf40: cdcf;
cf41: cddf;
cf42: dddf;
cf43: dddf;
cf44: dddf;
cf45: dddf;
cf46: dddf;
cf47: dddf;
cf48: dddf;
cf49: dddf;
cf4a: dddf;
cf4b: dddf;
cf4c: dddf;
cf4d: dddf;
cf4e: dddf;
cf4f: bbbf;
cf50: 888f;
cf51: 554f;
cf52: 444f;
cf53: 444f;
cf54: 444f;
cf55: 444f;
cf56: 444f;
cf57: 444f;
cf58: 544f;
cf59: 544f;
cf5a: 544f;
cf5b: 544f;
cf5c: 544f;
cf5d: 544f;
cf5e: 544f;
cf5f: 544f;
cf60: 544f;
cf61: 544f;
cf62: 544f;
cf63: 544f;
cf64: 544f;
cf65: 544f;
cf66: 544f;
cf67: 544f;
cf68: 544f;
cf69: 544f;
cf6a: 544f;
cf6b: 544f;
cf6c: 544f;
cf6d: 544f;
cf6e: 544f;
cf6f: 544f;
cf70: 544f;
cf71: 544f;
cf72: 544f;
cf73: 544f;
cf74: 544f;
cf75: 544f;
cf76: 544f;
cf77: 544f;
cf78: 544f;
cf79: 544f;
cf7a: 544f;
cf7b: 544f;
cf7c: 544f;
cf7d: 544f;
cf7e: 444f;
cf7f: 443f;
cf80: 333f;
cf81: 333f;
cf82: 333f;
cf83: 333f;
cf84: 333f;
cf85: 333f;
cf86: 333f;
cf87: 333f;
cf88: 433f;
cf89: 444f;
cf8a: 444f;
cf8b: 444f;
cf8c: 444f;
cf8d: 444f;
cf8e: 444f;
cf8f: 433f;
cf90: 333f;
cf91: 333f;
cf92: 333f;
cf93: 333f;
cf94: 333f;
cf95: 333f;
cf96: 333f;
cf97: 333f;
cf98: 333f;
cf99: 333f;
cf9a: 333f;
cf9b: 332f;
cf9c: 433f;
cf9d: 544f;
cf9e: 665f;
cf9f: 887f;
cfa0: a99f;
cfa1: a99f;
cfa2: a99f;
cfa3: a99f;
cfa4: a99f;
cfa5: a99f;
cfa6: a99f;
cfa7: a99f;
cfa8: a99f;
cfa9: a99f;
cfaa: a99f;
cfab: a99f;
cfac: a99f;
cfad: a99f;
cfae: a99f;
cfaf: a99f;
cfb0: a99f;
cfb1: a99f;
cfb2: 877f;
cfb3: 655f;
cfb4: 333f;
cfb5: 333f;
cfb6: 333f;
cfb7: 333f;
cfb8: 333f;
cfb9: 333f;
cfba: 333f;
cfbb: 333f;
cfbc: 333f;
cfbd: 333f;
cfbe: 444f;
cfbf: 666f;
cfc0: 999f;
cfc1: bbbf;
cfc2: ddcf;
cfc3: dddf;
cfc4: dccf;
cfc5: ccbf;
cfc6: cbbf;
cfc7: bbaf;
cfc8: baaf;
cfc9: aa9f;
cfca: 999f;
cfcb: 888f;
cfcc: 877f;
cfcd: 777f;
cfce: 766f;
cfcf: 766f;
cfd0: 665f;
cfd1: 555f;
cfd2: 554f;
cfd3: 554f;
cfd4: 544f;
cfd5: 444f;
cfd6: 444f;
cfd7: 444f;
cfd8: 444f;
cfd9: 444f;
cfda: 444f;
cfdb: 443f;
cfdc: 433f;
cfdd: 333f;
cfde: 333f;
cfdf: 333f;
cfe0: 443f;
cfe1: 444f;
cfe2: 444f;
cfe3: 444f;
cfe4: 444f;
cfe5: 444f;
cfe6: 555f;
cfe7: 665f;
cfe8: 666f;
cfe9: 666f;
cfea: 655f;
cfeb: 444f;
cfec: 444f;
cfed: 544f;
cfee: 777f;
cfef: 988f;
cff0: baaf;
cff1: cbbf;
cff2: cccf;
cff3: cccf;
cff4: dccf;
cff5: dccf;
cff6: dccf;
cff7: dccf;
cff8: dccf;
cff9: dccf;
cffa: dccf;
cffb: dccf;
cffc: dccf;
cffd: cbbf;
cffe: cbaf;
cfff: dbbf;
d000: cddf;
d001: cddf;
d002: cddf;
d003: cddf;
d004: cddf;
d005: cddf;
d006: cddf;
d007: cddf;
d008: cddf;
d009: cddf;
d00a: cddf;
d00b: cddf;
d00c: cddf;
d00d: bccf;
d00e: abbf;
d00f: 9aaf;
d010: 9aaf;
d011: abaf;
d012: bbbf;
d013: bccf;
d014: cdcf;
d015: dddf;
d016: dddf;
d017: dddf;
d018: dddf;
d019: dddf;
d01a: cdcf;
d01b: cdcf;
d01c: cdcf;
d01d: cdcf;
d01e: dddf;
d01f: dddf;
d020: dddf;
d021: dddf;
d022: dddf;
d023: dddf;
d024: dddf;
d025: dddf;
d026: dddf;
d027: dddf;
d028: dddf;
d029: ddcf;
d02a: ddcf;
d02b: cdcf;
d02c: cdcf;
d02d: cdcf;
d02e: cdcf;
d02f: cdcf;
d030: cddf;
d031: dddf;
d032: dddf;
d033: dddf;
d034: dddf;
d035: dddf;
d036: dddf;
d037: dddf;
d038: dddf;
d039: dddf;
d03a: dddf;
d03b: cddf;
d03c: cdcf;
d03d: cccf;
d03e: cccf;
d03f: cccf;
d040: cdcf;
d041: dddf;
d042: dddf;
d043: dddf;
d044: dddf;
d045: dddf;
d046: dddf;
d047: dddf;
d048: dddf;
d049: dddf;
d04a: dddf;
d04b: dddf;
d04c: dddf;
d04d: dddf;
d04e: dddf;
d04f: aaaf;
d050: 787f;
d051: 444f;
d052: 444f;
d053: 444f;
d054: 444f;
d055: 444f;
d056: 544f;
d057: 544f;
d058: 544f;
d059: 544f;
d05a: 544f;
d05b: 544f;
d05c: 544f;
d05d: 544f;
d05e: 544f;
d05f: 544f;
d060: 544f;
d061: 544f;
d062: 544f;
d063: 544f;
d064: 544f;
d065: 544f;
d066: 544f;
d067: 544f;
d068: 544f;
d069: 544f;
d06a: 544f;
d06b: 544f;
d06c: 544f;
d06d: 544f;
d06e: 544f;
d06f: 544f;
d070: 544f;
d071: 544f;
d072: 544f;
d073: 544f;
d074: 544f;
d075: 544f;
d076: 544f;
d077: 544f;
d078: 544f;
d079: 544f;
d07a: 544f;
d07b: 544f;
d07c: 544f;
d07d: 544f;
d07e: 444f;
d07f: 443f;
d080: 333f;
d081: 333f;
d082: 333f;
d083: 333f;
d084: 333f;
d085: 333f;
d086: 333f;
d087: 333f;
d088: 444f;
d089: 444f;
d08a: 444f;
d08b: 444f;
d08c: 444f;
d08d: 444f;
d08e: 444f;
d08f: 333f;
d090: 333f;
d091: 333f;
d092: 333f;
d093: 333f;
d094: 333f;
d095: 333f;
d096: 333f;
d097: 333f;
d098: 333f;
d099: 333f;
d09a: 333f;
d09b: 333f;
d09c: 443f;
d09d: 655f;
d09e: 777f;
d09f: 998f;
d0a0: a99f;
d0a1: a99f;
d0a2: a99f;
d0a3: a99f;
d0a4: a99f;
d0a5: a99f;
d0a6: a99f;
d0a7: a99f;
d0a8: a99f;
d0a9: a99f;
d0aa: a99f;
d0ab: a99f;
d0ac: a99f;
d0ad: a99f;
d0ae: a99f;
d0af: a99f;
d0b0: a99f;
d0b1: a99f;
d0b2: 877f;
d0b3: 655f;
d0b4: 333f;
d0b5: 333f;
d0b6: 333f;
d0b7: 333f;
d0b8: 333f;
d0b9: 333f;
d0ba: 333f;
d0bb: 333f;
d0bc: 333f;
d0bd: 333f;
d0be: 555f;
d0bf: 777f;
d0c0: aaaf;
d0c1: cccf;
d0c2: ddcf;
d0c3: dccf;
d0c4: cccf;
d0c5: baaf;
d0c6: a99f;
d0c7: 998f;
d0c8: 888f;
d0c9: 877f;
d0ca: 766f;
d0cb: 655f;
d0cc: 655f;
d0cd: 544f;
d0ce: 444f;
d0cf: 444f;
d0d0: 433f;
d0d1: 333f;
d0d2: 333f;
d0d3: 333f;
d0d4: 333f;
d0d5: 332f;
d0d6: 332f;
d0d7: 333f;
d0d8: 333f;
d0d9: 333f;
d0da: 333f;
d0db: 333f;
d0dc: 332f;
d0dd: 222f;
d0de: 222f;
d0df: 222f;
d0e0: 333f;
d0e1: 333f;
d0e2: 333f;
d0e3: 333f;
d0e4: 333f;
d0e5: 332f;
d0e6: 333f;
d0e7: 433f;
d0e8: 444f;
d0e9: 544f;
d0ea: 444f;
d0eb: 433f;
d0ec: 434f;
d0ed: 444f;
d0ee: 666f;
d0ef: 877f;
d0f0: 999f;
d0f1: a9af;
d0f2: bbbf;
d0f3: bbbf;
d0f4: cccf;
d0f5: dccf;
d0f6: dccf;
d0f7: dccf;
d0f8: dccf;
d0f9: dccf;
d0fa: dccf;
d0fb: dccf;
d0fc: dccf;
d0fd: dcbf;
d0fe: cbbf;
d0ff: dcbf;
d100: cddf;
d101: cddf;
d102: cddf;
d103: cddf;
d104: cddf;
d105: cddf;
d106: cddf;
d107: cddf;
d108: cddf;
d109: cddf;
d10a: cddf;
d10b: cddf;
d10c: cddf;
d10d: bccf;
d10e: abbf;
d10f: 9aaf;
d110: 9aaf;
d111: abaf;
d112: bbbf;
d113: bccf;
d114: cdcf;
d115: dddf;
d116: dddf;
d117: dddf;
d118: dddf;
d119: dddf;
d11a: dddf;
d11b: cdcf;
d11c: cdcf;
d11d: cdcf;
d11e: cdcf;
d11f: dddf;
d120: dddf;
d121: dddf;
d122: dddf;
d123: dddf;
d124: dddf;
d125: dddf;
d126: dddf;
d127: dddf;
d128: dddf;
d129: dddf;
d12a: ddcf;
d12b: ddcf;
d12c: ddcf;
d12d: ddcf;
d12e: cdcf;
d12f: cdcf;
d130: cdcf;
d131: cddf;
d132: dddf;
d133: dddf;
d134: dddf;
d135: dddf;
d136: dddf;
d137: dddf;
d138: dddf;
d139: dddf;
d13a: dddf;
d13b: cddf;
d13c: cccf;
d13d: cccf;
d13e: cccf;
d13f: cdcf;
d140: dddf;
d141: dddf;
d142: dddf;
d143: dddf;
d144: dddf;
d145: dddf;
d146: dddf;
d147: dddf;
d148: dddf;
d149: dddf;
d14a: dddf;
d14b: dddf;
d14c: dddf;
d14d: dddf;
d14e: dddf;
d14f: aaaf;
d150: 777f;
d151: 444f;
d152: 444f;
d153: 444f;
d154: 444f;
d155: 444f;
d156: 544f;
d157: 544f;
d158: 544f;
d159: 544f;
d15a: 544f;
d15b: 544f;
d15c: 544f;
d15d: 544f;
d15e: 544f;
d15f: 544f;
d160: 544f;
d161: 544f;
d162: 544f;
d163: 544f;
d164: 544f;
d165: 544f;
d166: 544f;
d167: 544f;
d168: 544f;
d169: 544f;
d16a: 544f;
d16b: 544f;
d16c: 544f;
d16d: 544f;
d16e: 544f;
d16f: 544f;
d170: 544f;
d171: 544f;
d172: 544f;
d173: 544f;
d174: 544f;
d175: 544f;
d176: 544f;
d177: 544f;
d178: 544f;
d179: 544f;
d17a: 544f;
d17b: 544f;
d17c: 544f;
d17d: 444f;
d17e: 444f;
d17f: 433f;
d180: 333f;
d181: 333f;
d182: 333f;
d183: 333f;
d184: 333f;
d185: 333f;
d186: 333f;
d187: 333f;
d188: 443f;
d189: 444f;
d18a: 444f;
d18b: 444f;
d18c: 444f;
d18d: 444f;
d18e: 443f;
d18f: 333f;
d190: 333f;
d191: 333f;
d192: 333f;
d193: 333f;
d194: 333f;
d195: 333f;
d196: 333f;
d197: 333f;
d198: 333f;
d199: 333f;
d19a: 333f;
d19b: 333f;
d19c: 544f;
d19d: 766f;
d19e: 888f;
d19f: a99f;
d1a0: a99f;
d1a1: a99f;
d1a2: a99f;
d1a3: a99f;
d1a4: a99f;
d1a5: a99f;
d1a6: a99f;
d1a7: a99f;
d1a8: a99f;
d1a9: a99f;
d1aa: a99f;
d1ab: a99f;
d1ac: a99f;
d1ad: a99f;
d1ae: a99f;
d1af: a99f;
d1b0: a99f;
d1b1: a99f;
d1b2: 887f;
d1b3: 655f;
d1b4: 333f;
d1b5: 333f;
d1b6: 333f;
d1b7: 333f;
d1b8: 333f;
d1b9: 333f;
d1ba: 333f;
d1bb: 333f;
d1bc: 333f;
d1bd: 333f;
d1be: 555f;
d1bf: 888f;
d1c0: bbaf;
d1c1: ccbf;
d1c2: ccbf;
d1c3: bbbf;
d1c4: aaaf;
d1c5: 988f;
d1c6: 777f;
d1c7: 766f;
d1c8: 666f;
d1c9: 655f;
d1ca: 555f;
d1cb: 444f;
d1cc: 444f;
d1cd: 433f;
d1ce: 333f;
d1cf: 333f;
d1d0: 332f;
d1d1: 333f;
d1d2: 333f;
d1d3: 333f;
d1d4: 333f;
d1d5: 333f;
d1d6: 333f;
d1d7: 333f;
d1d8: 333f;
d1d9: 333f;
d1da: 333f;
d1db: 333f;
d1dc: 333f;
d1dd: 333f;
d1de: 333f;
d1df: 333f;
d1e0: 433f;
d1e1: 433f;
d1e2: 333f;
d1e3: 333f;
d1e4: 333f;
d1e5: 333f;
d1e6: 332f;
d1e7: 333f;
d1e8: 333f;
d1e9: 433f;
d1ea: 333f;
d1eb: 333f;
d1ec: 333f;
d1ed: 433f;
d1ee: 544f;
d1ef: 656f;
d1f0: 766f;
d1f1: 877f;
d1f2: 888f;
d1f3: 999f;
d1f4: aaaf;
d1f5: bbbf;
d1f6: cccf;
d1f7: dccf;
d1f8: dccf;
d1f9: dccf;
d1fa: dccf;
d1fb: dccf;
d1fc: dccf;
d1fd: dccf;
d1fe: dcbf;
d1ff: dcbf;
d200: cddf;
d201: cddf;
d202: cddf;
d203: cddf;
d204: cddf;
d205: cddf;
d206: cddf;
d207: cddf;
d208: cddf;
d209: cddf;
d20a: cddf;
d20b: cddf;
d20c: cddf;
d20d: cccf;
d20e: abbf;
d20f: 9aaf;
d210: aaaf;
d211: abaf;
d212: bbbf;
d213: bccf;
d214: cdcf;
d215: dddf;
d216: dddf;
d217: dddf;
d218: dddf;
d219: dddf;
d21a: cdcf;
d21b: cdcf;
d21c: cdcf;
d21d: cccf;
d21e: cccf;
d21f: cccf;
d220: cdcf;
d221: cddf;
d222: dddf;
d223: dddf;
d224: dddf;
d225: dddf;
d226: dddf;
d227: ddcf;
d228: dddf;
d229: dddf;
d22a: dddf;
d22b: ddcf;
d22c: dddf;
d22d: ddcf;
d22e: ddcf;
d22f: ddcf;
d230: cdcf;
d231: cdcf;
d232: cddf;
d233: dddf;
d234: dddf;
d235: dddf;
d236: dddf;
d237: dddf;
d238: dddf;
d239: dddf;
d23a: dddf;
d23b: cddf;
d23c: cccf;
d23d: cccf;
d23e: cccf;
d23f: cdcf;
d240: dddf;
d241: dddf;
d242: dddf;
d243: dddf;
d244: dddf;
d245: dddf;
d246: dddf;
d247: dddf;
d248: dddf;
d249: dddf;
d24a: dddf;
d24b: dddf;
d24c: dddf;
d24d: dddf;
d24e: dddf;
d24f: aaaf;
d250: 777f;
d251: 444f;
d252: 444f;
d253: 444f;
d254: 444f;
d255: 444f;
d256: 544f;
d257: 544f;
d258: 544f;
d259: 544f;
d25a: 544f;
d25b: 544f;
d25c: 544f;
d25d: 544f;
d25e: 544f;
d25f: 544f;
d260: 544f;
d261: 544f;
d262: 544f;
d263: 544f;
d264: 544f;
d265: 544f;
d266: 544f;
d267: 544f;
d268: 544f;
d269: 544f;
d26a: 544f;
d26b: 544f;
d26c: 544f;
d26d: 544f;
d26e: 544f;
d26f: 544f;
d270: 544f;
d271: 544f;
d272: 544f;
d273: 544f;
d274: 544f;
d275: 544f;
d276: 544f;
d277: 544f;
d278: 544f;
d279: 544f;
d27a: 544f;
d27b: 544f;
d27c: 544f;
d27d: 444f;
d27e: 444f;
d27f: 433f;
d280: 333f;
d281: 333f;
d282: 333f;
d283: 333f;
d284: 333f;
d285: 333f;
d286: 333f;
d287: 333f;
d288: 443f;
d289: 444f;
d28a: 444f;
d28b: 444f;
d28c: 444f;
d28d: 444f;
d28e: 343f;
d28f: 333f;
d290: 333f;
d291: 333f;
d292: 333f;
d293: 333f;
d294: 333f;
d295: 333f;
d296: 333f;
d297: 333f;
d298: 333f;
d299: 332f;
d29a: 333f;
d29b: 443f;
d29c: 655f;
d29d: 877f;
d29e: 998f;
d29f: a99f;
d2a0: aa9f;
d2a1: aa9f;
d2a2: a99f;
d2a3: a99f;
d2a4: a99f;
d2a5: a99f;
d2a6: a99f;
d2a7: a99f;
d2a8: a99f;
d2a9: a99f;
d2aa: a99f;
d2ab: a99f;
d2ac: a99f;
d2ad: a99f;
d2ae: a99f;
d2af: a99f;
d2b0: aa9f;
d2b1: a99f;
d2b2: 887f;
d2b3: 655f;
d2b4: 433f;
d2b5: 333f;
d2b6: 333f;
d2b7: 333f;
d2b8: 333f;
d2b9: 333f;
d2ba: 333f;
d2bb: 322f;
d2bc: 333f;
d2bd: 444f;
d2be: 666f;
d2bf: 888f;
d2c0: aaaf;
d2c1: bbaf;
d2c2: aaaf;
d2c3: 999f;
d2c4: 887f;
d2c5: 666f;
d2c6: 555f;
d2c7: 544f;
d2c8: 444f;
d2c9: 444f;
d2ca: 333f;
d2cb: 333f;
d2cc: 333f;
d2cd: 333f;
d2ce: 333f;
d2cf: 333f;
d2d0: 333f;
d2d1: 333f;
d2d2: 333f;
d2d3: 433f;
d2d4: 433f;
d2d5: 433f;
d2d6: 444f;
d2d7: 444f;
d2d8: 444f;
d2d9: 444f;
d2da: 444f;
d2db: 444f;
d2dc: 444f;
d2dd: 444f;
d2de: 444f;
d2df: 444f;
d2e0: 444f;
d2e1: 444f;
d2e2: 444f;
d2e3: 444f;
d2e4: 433f;
d2e5: 333f;
d2e6: 333f;
d2e7: 333f;
d2e8: 333f;
d2e9: 333f;
d2ea: 333f;
d2eb: 333f;
d2ec: 333f;
d2ed: 333f;
d2ee: 333f;
d2ef: 434f;
d2f0: 545f;
d2f1: 555f;
d2f2: 666f;
d2f3: 777f;
d2f4: 888f;
d2f5: a99f;
d2f6: bbbf;
d2f7: ccbf;
d2f8: cccf;
d2f9: ddcf;
d2fa: dccf;
d2fb: dccf;
d2fc: dccf;
d2fd: dccf;
d2fe: dccf;
d2ff: dcbf;
d300: cddf;
d301: cddf;
d302: cddf;
d303: cddf;
d304: cddf;
d305: cddf;
d306: cddf;
d307: cddf;
d308: cddf;
d309: cddf;
d30a: cddf;
d30b: cddf;
d30c: cddf;
d30d: cccf;
d30e: abbf;
d30f: 9aaf;
d310: 9aaf;
d311: abaf;
d312: bbbf;
d313: bccf;
d314: cdcf;
d315: dddf;
d316: dddf;
d317: dddf;
d318: dddf;
d319: dddf;
d31a: cdcf;
d31b: cccf;
d31c: cccf;
d31d: cccf;
d31e: cccf;
d31f: cccf;
d320: cccf;
d321: cdcf;
d322: cdcf;
d323: cdcf;
d324: dddf;
d325: dddf;
d326: ddcf;
d327: cdcf;
d328: dddf;
d329: dddf;
d32a: dddf;
d32b: dddf;
d32c: dddf;
d32d: dddf;
d32e: dddf;
d32f: ddcf;
d330: cdcf;
d331: cdcf;
d332: cdcf;
d333: cddf;
d334: dddf;
d335: dddf;
d336: dddf;
d337: dddf;
d338: dddf;
d339: dddf;
d33a: dddf;
d33b: cddf;
d33c: cccf;
d33d: cccf;
d33e: cccf;
d33f: cdcf;
d340: dddf;
d341: dddf;
d342: dddf;
d343: dddf;
d344: dddf;
d345: dddf;
d346: dddf;
d347: dddf;
d348: dddf;
d349: dddf;
d34a: dddf;
d34b: cccf;
d34c: dddf;
d34d: dddf;
d34e: cddf;
d34f: 9aaf;
d350: 776f;
d351: 444f;
d352: 444f;
d353: 444f;
d354: 444f;
d355: 444f;
d356: 544f;
d357: 544f;
d358: 544f;
d359: 544f;
d35a: 544f;
d35b: 544f;
d35c: 544f;
d35d: 544f;
d35e: 544f;
d35f: 544f;
d360: 544f;
d361: 544f;
d362: 544f;
d363: 544f;
d364: 544f;
d365: 544f;
d366: 544f;
d367: 544f;
d368: 544f;
d369: 544f;
d36a: 544f;
d36b: 544f;
d36c: 544f;
d36d: 544f;
d36e: 544f;
d36f: 544f;
d370: 544f;
d371: 544f;
d372: 544f;
d373: 544f;
d374: 544f;
d375: 544f;
d376: 544f;
d377: 544f;
d378: 544f;
d379: 544f;
d37a: 544f;
d37b: 544f;
d37c: 544f;
d37d: 444f;
d37e: 444f;
d37f: 433f;
d380: 333f;
d381: 333f;
d382: 333f;
d383: 333f;
d384: 333f;
d385: 333f;
d386: 333f;
d387: 333f;
d388: 433f;
d389: 444f;
d38a: 444f;
d38b: 444f;
d38c: 444f;
d38d: 444f;
d38e: 333f;
d38f: 333f;
d390: 333f;
d391: 333f;
d392: 333f;
d393: 333f;
d394: 333f;
d395: 333f;
d396: 333f;
d397: 333f;
d398: 333f;
d399: 333f;
d39a: 433f;
d39b: 544f;
d39c: 766f;
d39d: 888f;
d39e: 999f;
d39f: a99f;
d3a0: a99f;
d3a1: aa9f;
d3a2: a99f;
d3a3: a99f;
d3a4: a99f;
d3a5: a99f;
d3a6: a99f;
d3a7: a99f;
d3a8: a99f;
d3a9: a99f;
d3aa: a99f;
d3ab: a99f;
d3ac: a99f;
d3ad: a99f;
d3ae: a99f;
d3af: a99f;
d3b0: aa9f;
d3b1: a99f;
d3b2: 887f;
d3b3: 655f;
d3b4: 433f;
d3b5: 333f;
d3b6: 333f;
d3b7: 333f;
d3b8: 333f;
d3b9: 333f;
d3ba: 333f;
d3bb: 323f;
d3bc: 333f;
d3bd: 444f;
d3be: 777f;
d3bf: 888f;
d3c0: 999f;
d3c1: 999f;
d3c2: 888f;
d3c3: 766f;
d3c4: 555f;
d3c5: 444f;
d3c6: 433f;
d3c7: 333f;
d3c8: 333f;
d3c9: 333f;
d3ca: 322f;
d3cb: 222f;
d3cc: 323f;
d3cd: 333f;
d3ce: 433f;
d3cf: 433f;
d3d0: 444f;
d3d1: 444f;
d3d2: 444f;
d3d3: 544f;
d3d4: 555f;
d3d5: 555f;
d3d6: 555f;
d3d7: 655f;
d3d8: 655f;
d3d9: 656f;
d3da: 655f;
d3db: 655f;
d3dc: 555f;
d3dd: 555f;
d3de: 655f;
d3df: 666f;
d3e0: 655f;
d3e1: 555f;
d3e2: 555f;
d3e3: 555f;
d3e4: 555f;
d3e5: 555f;
d3e6: 444f;
d3e7: 444f;
d3e8: 444f;
d3e9: 444f;
d3ea: 434f;
d3eb: 333f;
d3ec: 333f;
d3ed: 323f;
d3ee: 223f;
d3ef: 223f;
d3f0: 333f;
d3f1: 334f;
d3f2: 444f;
d3f3: 555f;
d3f4: 666f;
d3f5: 777f;
d3f6: 999f;
d3f7: aaaf;
d3f8: ccbf;
d3f9: dccf;
d3fa: ddcf;
d3fb: dccf;
d3fc: dccf;
d3fd: dccf;
d3fe: dccf;
d3ff: dccf;
d400: cddf;
d401: cddf;
d402: cddf;
d403: cddf;
d404: cddf;
d405: cddf;
d406: cddf;
d407: cddf;
d408: cddf;
d409: cddf;
d40a: cddf;
d40b: cddf;
d40c: cddf;
d40d: cccf;
d40e: bbbf;
d40f: aaaf;
d410: aaaf;
d411: abbf;
d412: bbbf;
d413: bccf;
d414: cdcf;
d415: dddf;
d416: dddf;
d417: dddf;
d418: dddf;
d419: dddf;
d41a: cdcf;
d41b: cccf;
d41c: cccf;
d41d: cccf;
d41e: cccf;
d41f: cccf;
d420: cccf;
d421: cccf;
d422: cccf;
d423: cccf;
d424: cdcf;
d425: dddf;
d426: ddcf;
d427: cdcf;
d428: dddf;
d429: dddf;
d42a: dddf;
d42b: dddf;
d42c: dddf;
d42d: dddf;
d42e: dddf;
d42f: dddf;
d430: dddf;
d431: cdcf;
d432: cdcf;
d433: cdcf;
d434: cddf;
d435: cddf;
d436: dddf;
d437: dddf;
d438: dddf;
d439: dddf;
d43a: dddf;
d43b: cdcf;
d43c: cccf;
d43d: cccf;
d43e: cccf;
d43f: cdcf;
d440: dddf;
d441: dddf;
d442: dddf;
d443: dddf;
d444: dddf;
d445: dddf;
d446: dddf;
d447: dddf;
d448: dddf;
d449: dddf;
d44a: dddf;
d44b: dddf;
d44c: dddf;
d44d: dddf;
d44e: cccf;
d44f: 999f;
d450: 666f;
d451: 444f;
d452: 444f;
d453: 444f;
d454: 444f;
d455: 444f;
d456: 544f;
d457: 544f;
d458: 544f;
d459: 544f;
d45a: 544f;
d45b: 544f;
d45c: 544f;
d45d: 544f;
d45e: 544f;
d45f: 544f;
d460: 544f;
d461: 544f;
d462: 544f;
d463: 544f;
d464: 544f;
d465: 544f;
d466: 544f;
d467: 544f;
d468: 544f;
d469: 544f;
d46a: 544f;
d46b: 544f;
d46c: 544f;
d46d: 544f;
d46e: 544f;
d46f: 544f;
d470: 544f;
d471: 544f;
d472: 544f;
d473: 544f;
d474: 544f;
d475: 544f;
d476: 544f;
d477: 544f;
d478: 544f;
d479: 544f;
d47a: 544f;
d47b: 544f;
d47c: 544f;
d47d: 444f;
d47e: 444f;
d47f: 433f;
d480: 333f;
d481: 333f;
d482: 333f;
d483: 333f;
d484: 333f;
d485: 333f;
d486: 333f;
d487: 333f;
d488: 433f;
d489: 444f;
d48a: 444f;
d48b: 444f;
d48c: 444f;
d48d: 343f;
d48e: 333f;
d48f: 333f;
d490: 333f;
d491: 333f;
d492: 333f;
d493: 333f;
d494: 333f;
d495: 333f;
d496: 333f;
d497: 333f;
d498: 333f;
d499: 333f;
d49a: 444f;
d49b: 555f;
d49c: 776f;
d49d: 988f;
d49e: a99f;
d49f: a99f;
d4a0: a99f;
d4a1: a99f;
d4a2: a99f;
d4a3: a99f;
d4a4: a99f;
d4a5: a99f;
d4a6: a99f;
d4a7: a99f;
d4a8: a99f;
d4a9: a99f;
d4aa: a99f;
d4ab: a99f;
d4ac: a99f;
d4ad: a99f;
d4ae: a99f;
d4af: a99f;
d4b0: aa9f;
d4b1: a99f;
d4b2: 887f;
d4b3: 655f;
d4b4: 444f;
d4b5: 433f;
d4b6: 333f;
d4b7: 333f;
d4b8: 333f;
d4b9: 333f;
d4ba: 333f;
d4bb: 333f;
d4bc: 444f;
d4bd: 555f;
d4be: 666f;
d4bf: 777f;
d4c0: 888f;
d4c1: 777f;
d4c2: 666f;
d4c3: 544f;
d4c4: 433f;
d4c5: 333f;
d4c6: 333f;
d4c7: 333f;
d4c8: 333f;
d4c9: 333f;
d4ca: 333f;
d4cb: 333f;
d4cc: 434f;
d4cd: 444f;
d4ce: 555f;
d4cf: 555f;
d4d0: 656f;
d4d1: 666f;
d4d2: 666f;
d4d3: 767f;
d4d4: 777f;
d4d5: 777f;
d4d6: 878f;
d4d7: 888f;
d4d8: 888f;
d4d9: 888f;
d4da: 888f;
d4db: 888f;
d4dc: 878f;
d4dd: 778f;
d4de: 888f;
d4df: 888f;
d4e0: 888f;
d4e1: 778f;
d4e2: 777f;
d4e3: 777f;
d4e4: 777f;
d4e5: 777f;
d4e6: 666f;
d4e7: 666f;
d4e8: 666f;
d4e9: 556f;
d4ea: 555f;
d4eb: 444f;
d4ec: 444f;
d4ed: 334f;
d4ee: 333f;
d4ef: 333f;
d4f0: 323f;
d4f1: 333f;
d4f2: 333f;
d4f3: 444f;
d4f4: 444f;
d4f5: 555f;
d4f6: 766f;
d4f7: 988f;
d4f8: aaaf;
d4f9: cccf;
d4fa: ddcf;
d4fb: ddcf;
d4fc: dccf;
d4fd: dccf;
d4fe: dccf;
d4ff: dccf;
d500: cddf;
d501: cddf;
d502: cddf;
d503: cddf;
d504: cddf;
d505: cddf;
d506: cddf;
d507: cddf;
d508: cddf;
d509: cddf;
d50a: cddf;
d50b: cddf;
d50c: cddf;
d50d: cccf;
d50e: bbbf;
d50f: aaaf;
d510: aaaf;
d511: abbf;
d512: bbbf;
d513: bccf;
d514: cdcf;
d515: dddf;
d516: dddf;
d517: dddf;
d518: dddf;
d519: dddf;
d51a: dddf;
d51b: cdcf;
d51c: cccf;
d51d: cccf;
d51e: bcbf;
d51f: ccbf;
d520: bcbf;
d521: cccf;
d522: cccf;
d523: cccf;
d524: cccf;
d525: cdcf;
d526: cdcf;
d527: cdcf;
d528: dddf;
d529: dddf;
d52a: dddf;
d52b: dddf;
d52c: dddf;
d52d: dddf;
d52e: dddf;
d52f: dddf;
d530: dddf;
d531: dddf;
d532: cdcf;
d533: cdcf;
d534: cdcf;
d535: cdcf;
d536: cddf;
d537: cddf;
d538: dddf;
d539: dddf;
d53a: cddf;
d53b: cdcf;
d53c: cccf;
d53d: cccf;
d53e: cccf;
d53f: cdcf;
d540: dddf;
d541: dddf;
d542: dddf;
d543: dddf;
d544: dddf;
d545: dddf;
d546: dddf;
d547: dddf;
d548: dddf;
d549: dddf;
d54a: dddf;
d54b: dddf;
d54c: dddf;
d54d: dddf;
d54e: cccf;
d54f: 999f;
d550: 666f;
d551: 443f;
d552: 443f;
d553: 444f;
d554: 444f;
d555: 444f;
d556: 544f;
d557: 544f;
d558: 544f;
d559: 544f;
d55a: 544f;
d55b: 544f;
d55c: 544f;
d55d: 544f;
d55e: 544f;
d55f: 544f;
d560: 544f;
d561: 544f;
d562: 544f;
d563: 544f;
d564: 544f;
d565: 544f;
d566: 544f;
d567: 544f;
d568: 544f;
d569: 544f;
d56a: 544f;
d56b: 544f;
d56c: 544f;
d56d: 544f;
d56e: 544f;
d56f: 544f;
d570: 544f;
d571: 544f;
d572: 544f;
d573: 544f;
d574: 544f;
d575: 544f;
d576: 544f;
d577: 544f;
d578: 544f;
d579: 544f;
d57a: 544f;
d57b: 544f;
d57c: 544f;
d57d: 444f;
d57e: 444f;
d57f: 433f;
d580: 333f;
d581: 333f;
d582: 333f;
d583: 333f;
d584: 333f;
d585: 333f;
d586: 333f;
d587: 333f;
d588: 433f;
d589: 444f;
d58a: 444f;
d58b: 444f;
d58c: 444f;
d58d: 333f;
d58e: 333f;
d58f: 333f;
d590: 333f;
d591: 333f;
d592: 333f;
d593: 333f;
d594: 333f;
d595: 333f;
d596: 333f;
d597: 333f;
d598: 333f;
d599: 444f;
d59a: 554f;
d59b: 666f;
d59c: 887f;
d59d: 999f;
d59e: aa9f;
d59f: a99f;
d5a0: a99f;
d5a1: a99f;
d5a2: a99f;
d5a3: a99f;
d5a4: a99f;
d5a5: a99f;
d5a6: a99f;
d5a7: a99f;
d5a8: a99f;
d5a9: a99f;
d5aa: a99f;
d5ab: a99f;
d5ac: a99f;
d5ad: a99f;
d5ae: a99f;
d5af: a99f;
d5b0: aa9f;
d5b1: a99f;
d5b2: 887f;
d5b3: 655f;
d5b4: 444f;
d5b5: 433f;
d5b6: 333f;
d5b7: 333f;
d5b8: 333f;
d5b9: 333f;
d5ba: 333f;
d5bb: 333f;
d5bc: 444f;
d5bd: 555f;
d5be: 666f;
d5bf: 666f;
d5c0: 666f;
d5c1: 555f;
d5c2: 444f;
d5c3: 333f;
d5c4: 333f;
d5c5: 333f;
d5c6: 333f;
d5c7: 333f;
d5c8: 333f;
d5c9: 434f;
d5ca: 444f;
d5cb: 445f;
d5cc: 555f;
d5cd: 666f;
d5ce: 667f;
d5cf: 777f;
d5d0: 878f;
d5d1: 888f;
d5d2: 888f;
d5d3: 999f;
d5d4: 999f;
d5d5: 99af;
d5d6: aaaf;
d5d7: aaaf;
d5d8: aaaf;
d5d9: aaaf;
d5da: aaaf;
d5db: aaaf;
d5dc: a9af;
d5dd: 99af;
d5de: aaaf;
d5df: aaaf;
d5e0: aaaf;
d5e1: a9af;
d5e2: 999f;
d5e3: 999f;
d5e4: 999f;
d5e5: 999f;
d5e6: 899f;
d5e7: 888f;
d5e8: 888f;
d5e9: 777f;
d5ea: 667f;
d5eb: 666f;
d5ec: 555f;
d5ed: 545f;
d5ee: 445f;
d5ef: 444f;
d5f0: 334f;
d5f1: 333f;
d5f2: 333f;
d5f3: 333f;
d5f4: 333f;
d5f5: 434f;
d5f6: 444f;
d5f7: 767f;
d5f8: 999f;
d5f9: bbbf;
d5fa: dccf;
d5fb: ddcf;
d5fc: dccf;
d5fd: dccf;
d5fe: dccf;
d5ff: dccf;
d600: cddf;
d601: cddf;
d602: cddf;
d603: cddf;
d604: cddf;
d605: cddf;
d606: cddf;
d607: cddf;
d608: cddf;
d609: cddf;
d60a: cddf;
d60b: cddf;
d60c: cddf;
d60d: cccf;
d60e: bbbf;
d60f: aaaf;
d610: aaaf;
d611: abbf;
d612: bcbf;
d613: bccf;
d614: cccf;
d615: dddf;
d616: dddf;
d617: dddf;
d618: dddf;
d619: dddf;
d61a: dddf;
d61b: cdcf;
d61c: cccf;
d61d: cccf;
d61e: bcbf;
d61f: ccbf;
d620: bcbf;
d621: bcbf;
d622: bcbf;
d623: bcbf;
d624: cccf;
d625: cccf;
d626: cdcf;
d627: cdcf;
d628: dddf;
d629: dddf;
d62a: dddf;
d62b: dddf;
d62c: dddf;
d62d: dddf;
d62e: dddf;
d62f: dddf;
d630: dddf;
d631: dddf;
d632: dddf;
d633: cdcf;
d634: cdcf;
d635: cdcf;
d636: cdcf;
d637: cdcf;
d638: cddf;
d639: cdcf;
d63a: cdcf;
d63b: cccf;
d63c: cccf;
d63d: cccf;
d63e: cccf;
d63f: cdcf;
d640: dddf;
d641: dddf;
d642: dddf;
d643: dddf;
d644: dddf;
d645: dddf;
d646: dddf;
d647: dddf;
d648: dddf;
d649: dddf;
d64a: dddf;
d64b: dddf;
d64c: dddf;
d64d: dddf;
d64e: cccf;
d64f: 888f;
d650: 565f;
d651: 333f;
d652: 433f;
d653: 444f;
d654: 444f;
d655: 444f;
d656: 544f;
d657: 544f;
d658: 544f;
d659: 544f;
d65a: 544f;
d65b: 544f;
d65c: 544f;
d65d: 544f;
d65e: 544f;
d65f: 544f;
d660: 544f;
d661: 544f;
d662: 544f;
d663: 544f;
d664: 544f;
d665: 544f;
d666: 544f;
d667: 544f;
d668: 544f;
d669: 544f;
d66a: 544f;
d66b: 544f;
d66c: 544f;
d66d: 544f;
d66e: 544f;
d66f: 544f;
d670: 544f;
d671: 544f;
d672: 544f;
d673: 544f;
d674: 544f;
d675: 544f;
d676: 544f;
d677: 544f;
d678: 544f;
d679: 544f;
d67a: 544f;
d67b: 544f;
d67c: 544f;
d67d: 444f;
d67e: 444f;
d67f: 433f;
d680: 333f;
d681: 333f;
d682: 333f;
d683: 333f;
d684: 333f;
d685: 333f;
d686: 333f;
d687: 333f;
d688: 433f;
d689: 444f;
d68a: 444f;
d68b: 444f;
d68c: 444f;
d68d: 333f;
d68e: 333f;
d68f: 333f;
d690: 333f;
d691: 333f;
d692: 333f;
d693: 333f;
d694: 333f;
d695: 333f;
d696: 333f;
d697: 333f;
d698: 333f;
d699: 444f;
d69a: 655f;
d69b: 877f;
d69c: 998f;
d69d: a99f;
d69e: aa9f;
d69f: a99f;
d6a0: a99f;
d6a1: a99f;
d6a2: a99f;
d6a3: a99f;
d6a4: a99f;
d6a5: a99f;
d6a6: a99f;
d6a7: a99f;
d6a8: a99f;
d6a9: a99f;
d6aa: a99f;
d6ab: a99f;
d6ac: a99f;
d6ad: a99f;
d6ae: a99f;
d6af: a99f;
d6b0: aa9f;
d6b1: a99f;
d6b2: 887f;
d6b3: 655f;
d6b4: 444f;
d6b5: 433f;
d6b6: 333f;
d6b7: 333f;
d6b8: 333f;
d6b9: 333f;
d6ba: 333f;
d6bb: 333f;
d6bc: 444f;
d6bd: 444f;
d6be: 555f;
d6bf: 555f;
d6c0: 444f;
d6c1: 333f;
d6c2: 333f;
d6c3: 333f;
d6c4: 333f;
d6c5: 333f;
d6c6: 334f;
d6c7: 444f;
d6c8: 444f;
d6c9: 555f;
d6ca: 666f;
d6cb: 666f;
d6cc: 777f;
d6cd: 778f;
d6ce: 888f;
d6cf: 999f;
d6d0: 999f;
d6d1: aaaf;
d6d2: aaaf;
d6d3: aaaf;
d6d4: bbbf;
d6d5: bbbf;
d6d6: bbbf;
d6d7: bbbf;
d6d8: bbbf;
d6d9: bbbf;
d6da: bbbf;
d6db: bbbf;
d6dc: bbbf;
d6dd: bbbf;
d6de: bbbf;
d6df: bbbf;
d6e0: bbbf;
d6e1: bbbf;
d6e2: bbbf;
d6e3: bbbf;
d6e4: aaaf;
d6e5: aabf;
d6e6: aaaf;
d6e7: aaaf;
d6e8: a9af;
d6e9: 999f;
d6ea: 888f;
d6eb: 888f;
d6ec: 777f;
d6ed: 667f;
d6ee: 666f;
d6ef: 656f;
d6f0: 555f;
d6f1: 444f;
d6f2: 444f;
d6f3: 334f;
d6f4: 333f;
d6f5: 333f;
d6f6: 333f;
d6f7: 555f;
d6f8: 887f;
d6f9: baaf;
d6fa: cccf;
d6fb: dccf;
d6fc: dccf;
d6fd: dccf;
d6fe: dccf;
d6ff: dccf;
d700: cddf;
d701: cddf;
d702: cddf;
d703: cddf;
d704: cddf;
d705: cddf;
d706: cddf;
d707: cddf;
d708: cddf;
d709: cddf;
d70a: cddf;
d70b: cddf;
d70c: cddf;
d70d: cccf;
d70e: bbbf;
d70f: aaaf;
d710: aaaf;
d711: abbf;
d712: bcbf;
d713: bccf;
d714: cccf;
d715: dddf;
d716: dddf;
d717: dddf;
d718: dddf;
d719: dddf;
d71a: cdcf;
d71b: cdcf;
d71c: cccf;
d71d: cccf;
d71e: cccf;
d71f: cccf;
d720: cccf;
d721: bcbf;
d722: bcbf;
d723: bcbf;
d724: bcbf;
d725: ccbf;
d726: cccf;
d727: cccf;
d728: dddf;
d729: dddf;
d72a: dddf;
d72b: dddf;
d72c: dddf;
d72d: dddf;
d72e: dddf;
d72f: dddf;
d730: dddf;
d731: dddf;
d732: dddf;
d733: dddf;
d734: cddf;
d735: cddf;
d736: cdcf;
d737: cdcf;
d738: cdcf;
d739: cdcf;
d73a: cdcf;
d73b: cccf;
d73c: cccf;
d73d: cccf;
d73e: cccf;
d73f: cccf;
d740: dddf;
d741: dddf;
d742: dddf;
d743: dddf;
d744: dddf;
d745: dddf;
d746: dddf;
d747: dddf;
d748: dddf;
d749: dddf;
d74a: dddf;
d74b: dddf;
d74c: dedf;
d74d: dddf;
d74e: cccf;
d74f: 888f;
d750: 555f;
d751: 333f;
d752: 333f;
d753: 444f;
d754: 444f;
d755: 444f;
d756: 544f;
d757: 544f;
d758: 544f;
d759: 544f;
d75a: 544f;
d75b: 544f;
d75c: 544f;
d75d: 544f;
d75e: 544f;
d75f: 544f;
d760: 544f;
d761: 544f;
d762: 544f;
d763: 544f;
d764: 544f;
d765: 544f;
d766: 544f;
d767: 544f;
d768: 544f;
d769: 544f;
d76a: 544f;
d76b: 544f;
d76c: 544f;
d76d: 544f;
d76e: 544f;
d76f: 544f;
d770: 544f;
d771: 544f;
d772: 544f;
d773: 544f;
d774: 544f;
d775: 544f;
d776: 544f;
d777: 544f;
d778: 544f;
d779: 544f;
d77a: 544f;
d77b: 544f;
d77c: 544f;
d77d: 444f;
d77e: 444f;
d77f: 433f;
d780: 333f;
d781: 333f;
d782: 333f;
d783: 333f;
d784: 333f;
d785: 333f;
d786: 333f;
d787: 333f;
d788: 433f;
d789: 444f;
d78a: 444f;
d78b: 444f;
d78c: 444f;
d78d: 333f;
d78e: 333f;
d78f: 333f;
d790: 333f;
d791: 333f;
d792: 333f;
d793: 333f;
d794: 333f;
d795: 333f;
d796: 333f;
d797: 333f;
d798: 333f;
d799: 554f;
d79a: 666f;
d79b: 888f;
d79c: 998f;
d79d: a99f;
d79e: a99f;
d79f: a99f;
d7a0: a99f;
d7a1: a99f;
d7a2: a99f;
d7a3: a99f;
d7a4: a99f;
d7a5: a99f;
d7a6: a99f;
d7a7: a99f;
d7a8: a99f;
d7a9: a99f;
d7aa: a99f;
d7ab: a99f;
d7ac: a99f;
d7ad: a99f;
d7ae: a99f;
d7af: a99f;
d7b0: aa9f;
d7b1: a99f;
d7b2: 887f;
d7b3: 655f;
d7b4: 434f;
d7b5: 433f;
d7b6: 333f;
d7b7: 333f;
d7b8: 333f;
d7b9: 333f;
d7ba: 333f;
d7bb: 333f;
d7bc: 433f;
d7bd: 444f;
d7be: 444f;
d7bf: 444f;
d7c0: 333f;
d7c1: 333f;
d7c2: 333f;
d7c3: 333f;
d7c4: 334f;
d7c5: 444f;
d7c6: 555f;
d7c7: 666f;
d7c8: 666f;
d7c9: 777f;
d7ca: 888f;
d7cb: 888f;
d7cc: 999f;
d7cd: 999f;
d7ce: aaaf;
d7cf: aaaf;
d7d0: bbbf;
d7d1: bbbf;
d7d2: bbbf;
d7d3: bbbf;
d7d4: bbbf;
d7d5: bbbf;
d7d6: bbbf;
d7d7: bbbf;
d7d8: bbbf;
d7d9: cbcf;
d7da: bbcf;
d7db: bbbf;
d7dc: bbbf;
d7dd: bbbf;
d7de: bbbf;
d7df: bbbf;
d7e0: bbbf;
d7e1: bbbf;
d7e2: bbbf;
d7e3: bbbf;
d7e4: bbbf;
d7e5: bbbf;
d7e6: bbbf;
d7e7: bbbf;
d7e8: bbbf;
d7e9: aabf;
d7ea: aaaf;
d7eb: 999f;
d7ec: 999f;
d7ed: 889f;
d7ee: 888f;
d7ef: 777f;
d7f0: 667f;
d7f1: 666f;
d7f2: 555f;
d7f3: 455f;
d7f4: 444f;
d7f5: 333f;
d7f6: 222f;
d7f7: 545f;
d7f8: 777f;
d7f9: aaaf;
d7fa: cccf;
d7fb: ddcf;
d7fc: dccf;
d7fd: dccf;
d7fe: dccf;
d7ff: dccf;
d800: cddf;
d801: cddf;
d802: cddf;
d803: cddf;
d804: cddf;
d805: cddf;
d806: cddf;
d807: cddf;
d808: cddf;
d809: cddf;
d80a: cddf;
d80b: cddf;
d80c: cddf;
d80d: cccf;
d80e: bbbf;
d80f: abaf;
d810: abaf;
d811: bbbf;
d812: bccf;
d813: bccf;
d814: cccf;
d815: dddf;
d816: dddf;
d817: dddf;
d818: dddf;
d819: dddf;
d81a: ddcf;
d81b: cdcf;
d81c: cccf;
d81d: cccf;
d81e: cccf;
d81f: cccf;
d820: cccf;
d821: bccf;
d822: bcbf;
d823: bbbf;
d824: bbbf;
d825: bbbf;
d826: cccf;
d827: cccf;
d828: cdcf;
d829: dddf;
d82a: dddf;
d82b: dddf;
d82c: dddf;
d82d: dddf;
d82e: dddf;
d82f: dddf;
d830: dddf;
d831: dddf;
d832: dddf;
d833: dddf;
d834: dddf;
d835: cddf;
d836: cdcf;
d837: cdcf;
d838: cddf;
d839: cdcf;
d83a: cccf;
d83b: cccf;
d83c: cccf;
d83d: bcbf;
d83e: cccf;
d83f: cdcf;
d840: dddf;
d841: dddf;
d842: dddf;
d843: dddf;
d844: dddf;
d845: dddf;
d846: dddf;
d847: dddf;
d848: dddf;
d849: dddf;
d84a: dddf;
d84b: dddf;
d84c: dddf;
d84d: dddf;
d84e: bcbf;
d84f: 888f;
d850: 555f;
d851: 333f;
d852: 333f;
d853: 443f;
d854: 444f;
d855: 444f;
d856: 444f;
d857: 444f;
d858: 544f;
d859: 544f;
d85a: 544f;
d85b: 544f;
d85c: 544f;
d85d: 544f;
d85e: 544f;
d85f: 544f;
d860: 544f;
d861: 544f;
d862: 544f;
d863: 544f;
d864: 544f;
d865: 544f;
d866: 544f;
d867: 544f;
d868: 544f;
d869: 544f;
d86a: 544f;
d86b: 544f;
d86c: 544f;
d86d: 544f;
d86e: 544f;
d86f: 544f;
d870: 544f;
d871: 544f;
d872: 544f;
d873: 544f;
d874: 544f;
d875: 544f;
d876: 544f;
d877: 544f;
d878: 544f;
d879: 544f;
d87a: 544f;
d87b: 544f;
d87c: 544f;
d87d: 444f;
d87e: 444f;
d87f: 333f;
d880: 333f;
d881: 333f;
d882: 333f;
d883: 333f;
d884: 333f;
d885: 333f;
d886: 333f;
d887: 333f;
d888: 443f;
d889: 444f;
d88a: 444f;
d88b: 444f;
d88c: 443f;
d88d: 333f;
d88e: 333f;
d88f: 333f;
d890: 333f;
d891: 333f;
d892: 333f;
d893: 333f;
d894: 333f;
d895: 333f;
d896: 333f;
d897: 333f;
d898: 433f;
d899: 555f;
d89a: 777f;
d89b: 988f;
d89c: a99f;
d89d: a99f;
d89e: a99f;
d89f: a99f;
d8a0: a99f;
d8a1: a99f;
d8a2: a99f;
d8a3: a99f;
d8a4: a99f;
d8a5: a99f;
d8a6: a99f;
d8a7: a99f;
d8a8: a99f;
d8a9: a99f;
d8aa: a99f;
d8ab: a99f;
d8ac: a99f;
d8ad: a99f;
d8ae: a99f;
d8af: a99f;
d8b0: baaf;
d8b1: a99f;
d8b2: 888f;
d8b3: 666f;
d8b4: 444f;
d8b5: 333f;
d8b6: 333f;
d8b7: 333f;
d8b8: 333f;
d8b9: 333f;
d8ba: 333f;
d8bb: 333f;
d8bc: 333f;
d8bd: 333f;
d8be: 333f;
d8bf: 333f;
d8c0: 233f;
d8c1: 233f;
d8c2: 333f;
d8c3: 444f;
d8c4: 555f;
d8c5: 555f;
d8c6: 777f;
d8c7: 777f;
d8c8: 888f;
d8c9: 999f;
d8ca: aaaf;
d8cb: aaaf;
d8cc: aaaf;
d8cd: bbbf;
d8ce: bbbf;
d8cf: bbbf;
d8d0: bbbf;
d8d1: bbbf;
d8d2: bbbf;
d8d3: bbbf;
d8d4: cccf;
d8d5: bccf;
d8d6: bbbf;
d8d7: bbbf;
d8d8: bbbf;
d8d9: bbbf;
d8da: bbbf;
d8db: bbbf;
d8dc: aaaf;
d8dd: aaaf;
d8de: aaaf;
d8df: aaaf;
d8e0: aaaf;
d8e1: aaaf;
d8e2: aaaf;
d8e3: bbbf;
d8e4: bbbf;
d8e5: bbbf;
d8e6: bbbf;
d8e7: cccf;
d8e8: bbcf;
d8e9: bbbf;
d8ea: bbbf;
d8eb: bbbf;
d8ec: aabf;
d8ed: aaaf;
d8ee: aaaf;
d8ef: 999f;
d8f0: 888f;
d8f1: 888f;
d8f2: 777f;
d8f3: 666f;
d8f4: 555f;
d8f5: 444f;
d8f6: 222f;
d8f7: 444f;
d8f8: 776f;
d8f9: aa9f;
d8fa: ccbf;
d8fb: dddf;
d8fc: dccf;
d8fd: dccf;
d8fe: dccf;
d8ff: dccf;
d900: cddf;
d901: cddf;
d902: cddf;
d903: cddf;
d904: cddf;
d905: cddf;
d906: cddf;
d907: cddf;
d908: cddf;
d909: cddf;
d90a: cddf;
d90b: cddf;
d90c: cddf;
d90d: cdcf;
d90e: bcbf;
d90f: abbf;
d910: abaf;
d911: bbbf;
d912: bcbf;
d913: bccf;
d914: cccf;
d915: dddf;
d916: dddf;
d917: dddf;
d918: dddf;
d919: dddf;
d91a: ddcf;
d91b: cdcf;
d91c: cccf;
d91d: cccf;
d91e: cccf;
d91f: cccf;
d920: cccf;
d921: cccf;
d922: cccf;
d923: bccf;
d924: bbbf;
d925: bbbf;
d926: bccf;
d927: cccf;
d928: cccf;
d929: cccf;
d92a: cdcf;
d92b: cdcf;
d92c: cddf;
d92d: dddf;
d92e: dddf;
d92f: dddf;
d930: dddf;
d931: dddf;
d932: dddf;
d933: dddf;
d934: dddf;
d935: dddf;
d936: dddf;
d937: cddf;
d938: cdcf;
d939: cdcf;
d93a: cccf;
d93b: cccf;
d93c: bcbf;
d93d: bbbf;
d93e: cccf;
d93f: cccf;
d940: dddf;
d941: dddf;
d942: dddf;
d943: dddf;
d944: dddf;
d945: dddf;
d946: dddf;
d947: dddf;
d948: dddf;
d949: dddf;
d94a: dddf;
d94b: dddf;
d94c: dddf;
d94d: cccf;
d94e: bbbf;
d94f: 777f;
d950: 444f;
d951: 332f;
d952: 333f;
d953: 333f;
d954: 444f;
d955: 444f;
d956: 444f;
d957: 444f;
d958: 544f;
d959: 544f;
d95a: 544f;
d95b: 544f;
d95c: 544f;
d95d: 544f;
d95e: 544f;
d95f: 544f;
d960: 544f;
d961: 544f;
d962: 544f;
d963: 544f;
d964: 544f;
d965: 544f;
d966: 544f;
d967: 544f;
d968: 544f;
d969: 544f;
d96a: 544f;
d96b: 544f;
d96c: 544f;
d96d: 544f;
d96e: 544f;
d96f: 544f;
d970: 544f;
d971: 544f;
d972: 544f;
d973: 544f;
d974: 544f;
d975: 544f;
d976: 544f;
d977: 544f;
d978: 544f;
d979: 544f;
d97a: 544f;
d97b: 544f;
d97c: 544f;
d97d: 444f;
d97e: 444f;
d97f: 333f;
d980: 333f;
d981: 333f;
d982: 333f;
d983: 333f;
d984: 333f;
d985: 333f;
d986: 333f;
d987: 333f;
d988: 443f;
d989: 444f;
d98a: 444f;
d98b: 444f;
d98c: 333f;
d98d: 333f;
d98e: 333f;
d98f: 333f;
d990: 333f;
d991: 333f;
d992: 333f;
d993: 333f;
d994: 333f;
d995: 333f;
d996: 333f;
d997: 333f;
d998: 544f;
d999: 766f;
d99a: 988f;
d99b: a99f;
d99c: a99f;
d99d: a99f;
d99e: a99f;
d99f: a99f;
d9a0: a99f;
d9a1: a99f;
d9a2: a99f;
d9a3: a99f;
d9a4: a99f;
d9a5: a99f;
d9a6: a99f;
d9a7: a99f;
d9a8: a99f;
d9a9: a99f;
d9aa: a99f;
d9ab: a99f;
d9ac: a99f;
d9ad: a99f;
d9ae: a99f;
d9af: a99f;
d9b0: aa9f;
d9b1: a99f;
d9b2: 988f;
d9b3: 666f;
d9b4: 444f;
d9b5: 433f;
d9b6: 333f;
d9b7: 333f;
d9b8: 333f;
d9b9: 333f;
d9ba: 333f;
d9bb: 333f;
d9bc: 333f;
d9bd: 333f;
d9be: 333f;
d9bf: 333f;
d9c0: 333f;
d9c1: 333f;
d9c2: 445f;
d9c3: 566f;
d9c4: 777f;
d9c5: 888f;
d9c6: 999f;
d9c7: aaaf;
d9c8: aaaf;
d9c9: aaaf;
d9ca: bbbf;
d9cb: bbbf;
d9cc: bbbf;
d9cd: bbbf;
d9ce: bbcf;
d9cf: bbcf;
d9d0: bbbf;
d9d1: bbbf;
d9d2: bbcf;
d9d3: bbbf;
d9d4: cccf;
d9d5: bbcf;
d9d6: bbbf;
d9d7: bbbf;
d9d8: aaaf;
d9d9: aaaf;
d9da: 999f;
d9db: 999f;
d9dc: 888f;
d9dd: 888f;
d9de: 888f;
d9df: 888f;
d9e0: 888f;
d9e1: 888f;
d9e2: 889f;
d9e3: 999f;
d9e4: aaaf;
d9e5: aaaf;
d9e6: bbbf;
d9e7: bbbf;
d9e8: bbbf;
d9e9: bbbf;
d9ea: bbcf;
d9eb: bbbf;
d9ec: bbbf;
d9ed: bbbf;
d9ee: bbbf;
d9ef: aabf;
d9f0: aaaf;
d9f1: 9aaf;
d9f2: 999f;
d9f3: 889f;
d9f4: 777f;
d9f5: 666f;
d9f6: 555f;
d9f7: 555f;
d9f8: 665f;
d9f9: 988f;
d9fa: bbaf;
d9fb: dccf;
d9fc: dccf;
d9fd: dccf;
d9fe: dccf;
d9ff: dccf;
da00: cddf;
da01: cddf;
da02: cddf;
da03: cddf;
da04: cddf;
da05: cddf;
da06: cddf;
da07: cddf;
da08: cddf;
da09: cddf;
da0a: cddf;
da0b: cddf;
da0c: cddf;
da0d: cccf;
da0e: bcbf;
da0f: abbf;
da10: abaf;
da11: bbbf;
da12: bcbf;
da13: bccf;
da14: cccf;
da15: dddf;
da16: dddf;
da17: dddf;
da18: dddf;
da19: dddf;
da1a: ddcf;
da1b: cdcf;
da1c: cccf;
da1d: cccf;
da1e: cccf;
da1f: cdcf;
da20: cdcf;
da21: cdcf;
da22: cccf;
da23: cccf;
da24: cccf;
da25: bcbf;
da26: bccf;
da27: cccf;
da28: cccf;
da29: cccf;
da2a: cccf;
da2b: cccf;
da2c: cdcf;
da2d: dddf;
da2e: dddf;
da2f: cddf;
da30: dddf;
da31: dddf;
da32: dddf;
da33: dddf;
da34: dddf;
da35: dddf;
da36: dddf;
da37: dddf;
da38: cdcf;
da39: cdcf;
da3a: cccf;
da3b: cccf;
da3c: bccf;
da3d: bcbf;
da3e: cccf;
da3f: cccf;
da40: cdcf;
da41: dddf;
da42: dddf;
da43: dddf;
da44: dddf;
da45: dddf;
da46: dddf;
da47: dddf;
da48: dddf;
da49: dddf;
da4a: dddf;
da4b: dddf;
da4c: dddf;
da4d: cccf;
da4e: abaf;
da4f: 777f;
da50: 444f;
da51: 222f;
da52: 333f;
da53: 333f;
da54: 443f;
da55: 444f;
da56: 444f;
da57: 444f;
da58: 544f;
da59: 544f;
da5a: 544f;
da5b: 544f;
da5c: 544f;
da5d: 544f;
da5e: 544f;
da5f: 544f;
da60: 544f;
da61: 544f;
da62: 544f;
da63: 544f;
da64: 544f;
da65: 544f;
da66: 544f;
da67: 544f;
da68: 544f;
da69: 544f;
da6a: 544f;
da6b: 544f;
da6c: 544f;
da6d: 544f;
da6e: 544f;
da6f: 544f;
da70: 544f;
da71: 544f;
da72: 544f;
da73: 544f;
da74: 544f;
da75: 544f;
da76: 544f;
da77: 544f;
da78: 544f;
da79: 544f;
da7a: 544f;
da7b: 544f;
da7c: 544f;
da7d: 444f;
da7e: 444f;
da7f: 333f;
da80: 333f;
da81: 333f;
da82: 333f;
da83: 333f;
da84: 333f;
da85: 333f;
da86: 333f;
da87: 333f;
da88: 443f;
da89: 444f;
da8a: 444f;
da8b: 444f;
da8c: 333f;
da8d: 333f;
da8e: 333f;
da8f: 333f;
da90: 333f;
da91: 333f;
da92: 333f;
da93: 333f;
da94: 333f;
da95: 333f;
da96: 333f;
da97: 444f;
da98: 655f;
da99: 877f;
da9a: 998f;
da9b: a99f;
da9c: a99f;
da9d: a99f;
da9e: a99f;
da9f: a99f;
daa0: a99f;
daa1: a99f;
daa2: a99f;
daa3: a99f;
daa4: a99f;
daa5: a99f;
daa6: a99f;
daa7: a99f;
daa8: a99f;
daa9: a99f;
daaa: a99f;
daab: a99f;
daac: a99f;
daad: a99f;
daae: a99f;
daaf: a99f;
dab0: a99f;
dab1: a99f;
dab2: 988f;
dab3: 766f;
dab4: 444f;
dab5: 333f;
dab6: 333f;
dab7: 333f;
dab8: 333f;
dab9: 333f;
daba: 333f;
dabb: 333f;
dabc: 333f;
dabd: 322f;
dabe: 333f;
dabf: 333f;
dac0: 444f;
dac1: 555f;
dac2: 666f;
dac3: 777f;
dac4: 899f;
dac5: 9aaf;
dac6: aaaf;
dac7: abbf;
dac8: bbbf;
dac9: bbbf;
daca: bbbf;
dacb: bbbf;
dacc: bbbf;
dacd: bbbf;
dace: cbcf;
dacf: cccf;
dad0: cccf;
dad1: bbcf;
dad2: bbbf;
dad3: bbbf;
dad4: bbbf;
dad5: aabf;
dad6: aaaf;
dad7: 999f;
dad8: 999f;
dad9: 888f;
dada: 777f;
dadb: 777f;
dadc: 666f;
dadd: 666f;
dade: 666f;
dadf: 666f;
dae0: 666f;
dae1: 666f;
dae2: 667f;
dae3: 777f;
dae4: 888f;
dae5: 888f;
dae6: 999f;
dae7: a9af;
dae8: aaaf;
dae9: bbbf;
daea: bbcf;
daeb: bbbf;
daec: bbbf;
daed: cbcf;
daee: bbcf;
daef: bbbf;
daf0: bbbf;
daf1: aabf;
daf2: aabf;
daf3: aaaf;
daf4: 999f;
daf5: 888f;
daf6: 666f;
daf7: 656f;
daf8: 666f;
daf9: 888f;
dafa: baaf;
dafb: cccf;
dafc: dccf;
dafd: dccf;
dafe: dccf;
daff: dccf;
db00: cddf;
db01: cddf;
db02: cddf;
db03: cddf;
db04: cddf;
db05: cddf;
db06: cddf;
db07: cddf;
db08: cddf;
db09: cddf;
db0a: cddf;
db0b: cddf;
db0c: cdcf;
db0d: cccf;
db0e: bcbf;
db0f: abbf;
db10: abaf;
db11: bbbf;
db12: bcbf;
db13: bccf;
db14: cccf;
db15: dddf;
db16: dddf;
db17: dddf;
db18: dddf;
db19: dddf;
db1a: ddcf;
db1b: cdcf;
db1c: cccf;
db1d: cccf;
db1e: cccf;
db1f: cdcf;
db20: dddf;
db21: cdcf;
db22: cccf;
db23: cccf;
db24: cccf;
db25: cccf;
db26: cccf;
db27: cccf;
db28: cccf;
db29: cccf;
db2a: cccf;
db2b: cccf;
db2c: cccf;
db2d: cdcf;
db2e: cdcf;
db2f: cdcf;
db30: cdcf;
db31: dddf;
db32: dddf;
db33: dddf;
db34: dddf;
db35: dddf;
db36: dddf;
db37: dddf;
db38: cddf;
db39: cdcf;
db3a: cccf;
db3b: cccf;
db3c: cccf;
db3d: cccf;
db3e: cccf;
db3f: cccf;
db40: cdcf;
db41: dddf;
db42: dddf;
db43: dddf;
db44: dddf;
db45: dddf;
db46: dddf;
db47: dddf;
db48: dddf;
db49: dddf;
db4a: dddf;
db4b: eeef;
db4c: dddf;
db4d: cccf;
db4e: aaaf;
db4f: 777f;
db50: 444f;
db51: 222f;
db52: 333f;
db53: 333f;
db54: 443f;
db55: 444f;
db56: 444f;
db57: 544f;
db58: 544f;
db59: 544f;
db5a: 544f;
db5b: 544f;
db5c: 544f;
db5d: 544f;
db5e: 544f;
db5f: 544f;
db60: 544f;
db61: 544f;
db62: 544f;
db63: 544f;
db64: 544f;
db65: 544f;
db66: 544f;
db67: 544f;
db68: 544f;
db69: 544f;
db6a: 544f;
db6b: 544f;
db6c: 544f;
db6d: 544f;
db6e: 544f;
db6f: 544f;
db70: 544f;
db71: 544f;
db72: 544f;
db73: 544f;
db74: 544f;
db75: 544f;
db76: 544f;
db77: 544f;
db78: 544f;
db79: 544f;
db7a: 544f;
db7b: 544f;
db7c: 544f;
db7d: 444f;
db7e: 444f;
db7f: 333f;
db80: 333f;
db81: 333f;
db82: 333f;
db83: 333f;
db84: 333f;
db85: 333f;
db86: 333f;
db87: 333f;
db88: 343f;
db89: 444f;
db8a: 443f;
db8b: 333f;
db8c: 343f;
db8d: 333f;
db8e: 333f;
db8f: 333f;
db90: 333f;
db91: 333f;
db92: 333f;
db93: 333f;
db94: 333f;
db95: 333f;
db96: 433f;
db97: 544f;
db98: 766f;
db99: 988f;
db9a: a99f;
db9b: a99f;
db9c: a99f;
db9d: a99f;
db9e: a99f;
db9f: a99f;
dba0: a99f;
dba1: a99f;
dba2: a99f;
dba3: a99f;
dba4: a99f;
dba5: a99f;
dba6: a99f;
dba7: a99f;
dba8: a99f;
dba9: a99f;
dbaa: a99f;
dbab: a99f;
dbac: a99f;
dbad: a99f;
dbae: a99f;
dbaf: a99f;
dbb0: a99f;
dbb1: a99f;
dbb2: 989f;
dbb3: 766f;
dbb4: 444f;
dbb5: 333f;
dbb6: 323f;
dbb7: 323f;
dbb8: 333f;
dbb9: 333f;
dbba: 333f;
dbbb: 333f;
dbbc: 333f;
dbbd: 323f;
dbbe: 333f;
dbbf: 444f;
dbc0: 555f;
dbc1: 666f;
dbc2: 888f;
dbc3: 999f;
dbc4: aaaf;
dbc5: aaaf;
dbc6: abbf;
dbc7: bbbf;
dbc8: bbcf;
dbc9: bbbf;
dbca: bbbf;
dbcb: bbbf;
dbcc: bbbf;
dbcd: bbcf;
dbce: cccf;
dbcf: cccf;
dbd0: cccf;
dbd1: bbbf;
dbd2: abbf;
dbd3: aaaf;
dbd4: 99af;
dbd5: 999f;
dbd6: 888f;
dbd7: 788f;
dbd8: 777f;
dbd9: 666f;
dbda: 666f;
dbdb: 555f;
dbdc: 555f;
dbdd: 445f;
dbde: 445f;
dbdf: 445f;
dbe0: 555f;
dbe1: 555f;
dbe2: 555f;
dbe3: 555f;
dbe4: 556f;
dbe5: 666f;
dbe6: 777f;
dbe7: 888f;
dbe8: 889f;
dbe9: aaaf;
dbea: bbbf;
dbeb: bbbf;
dbec: bbbf;
dbed: cccf;
dbee: cccf;
dbef: cccf;
dbf0: bbbf;
dbf1: bbbf;
dbf2: bbbf;
dbf3: bbbf;
dbf4: aabf;
dbf5: aaaf;
dbf6: 888f;
dbf7: 777f;
dbf8: 776f;
dbf9: 888f;
dbfa: aaaf;
dbfb: ccbf;
dbfc: dccf;
dbfd: dccf;
dbfe: dccf;
dbff: dccf;
dc00: cddf;
dc01: cddf;
dc02: cddf;
dc03: cddf;
dc04: cddf;
dc05: cddf;
dc06: cddf;
dc07: cddf;
dc08: cddf;
dc09: cddf;
dc0a: cddf;
dc0b: cddf;
dc0c: cdcf;
dc0d: cccf;
dc0e: bbbf;
dc0f: abbf;
dc10: aaaf;
dc11: abbf;
dc12: bcbf;
dc13: bcbf;
dc14: cccf;
dc15: dddf;
dc16: dddf;
dc17: dddf;
dc18: dddf;
dc19: dddf;
dc1a: ddcf;
dc1b: cccf;
dc1c: cccf;
dc1d: cccf;
dc1e: cccf;
dc1f: cdcf;
dc20: dddf;
dc21: dddf;
dc22: cddf;
dc23: cdcf;
dc24: cccf;
dc25: cccf;
dc26: cccf;
dc27: cccf;
dc28: cccf;
dc29: cccf;
dc2a: cccf;
dc2b: cccf;
dc2c: cccf;
dc2d: cccf;
dc2e: cccf;
dc2f: cdcf;
dc30: cdcf;
dc31: cddf;
dc32: dddf;
dc33: dddf;
dc34: dddf;
dc35: dddf;
dc36: dddf;
dc37: dddf;
dc38: dddf;
dc39: dddf;
dc3a: cddf;
dc3b: cdcf;
dc3c: cccf;
dc3d: cccf;
dc3e: cccf;
dc3f: cccf;
dc40: cccf;
dc41: cdcf;
dc42: dddf;
dc43: dddf;
dc44: dddf;
dc45: dddf;
dc46: dddf;
dc47: dddf;
dc48: dddf;
dc49: dddf;
dc4a: dedf;
dc4b: eeef;
dc4c: dddf;
dc4d: cccf;
dc4e: aaaf;
dc4f: 666f;
dc50: 444f;
dc51: 232f;
dc52: 333f;
dc53: 333f;
dc54: 443f;
dc55: 444f;
dc56: 444f;
dc57: 444f;
dc58: 544f;
dc59: 544f;
dc5a: 544f;
dc5b: 544f;
dc5c: 544f;
dc5d: 544f;
dc5e: 544f;
dc5f: 544f;
dc60: 544f;
dc61: 544f;
dc62: 544f;
dc63: 544f;
dc64: 544f;
dc65: 544f;
dc66: 544f;
dc67: 544f;
dc68: 544f;
dc69: 544f;
dc6a: 544f;
dc6b: 544f;
dc6c: 544f;
dc6d: 544f;
dc6e: 544f;
dc6f: 544f;
dc70: 544f;
dc71: 544f;
dc72: 544f;
dc73: 544f;
dc74: 544f;
dc75: 544f;
dc76: 544f;
dc77: 544f;
dc78: 544f;
dc79: 544f;
dc7a: 544f;
dc7b: 444f;
dc7c: 544f;
dc7d: 444f;
dc7e: 444f;
dc7f: 333f;
dc80: 333f;
dc81: 333f;
dc82: 333f;
dc83: 333f;
dc84: 333f;
dc85: 333f;
dc86: 333f;
dc87: 333f;
dc88: 343f;
dc89: 444f;
dc8a: 443f;
dc8b: 333f;
dc8c: 333f;
dc8d: 333f;
dc8e: 333f;
dc8f: 333f;
dc90: 333f;
dc91: 333f;
dc92: 343f;
dc93: 333f;
dc94: 333f;
dc95: 332f;
dc96: 443f;
dc97: 555f;
dc98: 877f;
dc99: 999f;
dc9a: a99f;
dc9b: a99f;
dc9c: a99f;
dc9d: a99f;
dc9e: a99f;
dc9f: a99f;
dca0: a99f;
dca1: a99f;
dca2: a99f;
dca3: a99f;
dca4: a99f;
dca5: a99f;
dca6: a99f;
dca7: a99f;
dca8: a99f;
dca9: a99f;
dcaa: a99f;
dcab: a99f;
dcac: a99f;
dcad: a99f;
dcae: a99f;
dcaf: a99f;
dcb0: a99f;
dcb1: a99f;
dcb2: 989f;
dcb3: 766f;
dcb4: 444f;
dcb5: 333f;
dcb6: 333f;
dcb7: 333f;
dcb8: 333f;
dcb9: 333f;
dcba: 333f;
dcbb: 333f;
dcbc: 333f;
dcbd: 333f;
dcbe: 545f;
dcbf: 666f;
dcc0: 777f;
dcc1: 889f;
dcc2: 9aaf;
dcc3: aaaf;
dcc4: bbbf;
dcc5: bbbf;
dcc6: bbbf;
dcc7: bbbf;
dcc8: cccf;
dcc9: bbcf;
dcca: bbbf;
dccb: bbbf;
dccc: bbbf;
dccd: bbbf;
dcce: bbcf;
dccf: bbcf;
dcd0: bbbf;
dcd1: aaaf;
dcd2: 99af;
dcd3: 899f;
dcd4: 778f;
dcd5: 777f;
dcd6: 666f;
dcd7: 555f;
dcd8: 555f;
dcd9: 444f;
dcda: 444f;
dcdb: 333f;
dcdc: 333f;
dcdd: 333f;
dcde: 333f;
dcdf: 333f;
dce0: 334f;
dce1: 334f;
dce2: 334f;
dce3: 334f;
dce4: 444f;
dce5: 444f;
dce6: 555f;
dce7: 555f;
dce8: 666f;
dce9: 778f;
dcea: 999f;
dceb: 99af;
dcec: aabf;
dced: bbbf;
dcee: cccf;
dcef: bccf;
dcf0: bccf;
dcf1: bbcf;
dcf2: bbcf;
dcf3: bccf;
dcf4: cccf;
dcf5: bbbf;
dcf6: aaaf;
dcf7: 999f;
dcf8: 888f;
dcf9: 999f;
dcfa: aaaf;
dcfb: cbbf;
dcfc: dccf;
dcfd: dccf;
dcfe: dccf;
dcff: dccf;
dd00: cddf;
dd01: cddf;
dd02: cddf;
dd03: cddf;
dd04: cddf;
dd05: cddf;
dd06: cddf;
dd07: cddf;
dd08: cddf;
dd09: cddf;
dd0a: cddf;
dd0b: cddf;
dd0c: cdcf;
dd0d: bccf;
dd0e: bbbf;
dd0f: abbf;
dd10: abaf;
dd11: abbf;
dd12: bcbf;
dd13: bcbf;
dd14: cccf;
dd15: dddf;
dd16: dddf;
dd17: dddf;
dd18: dddf;
dd19: dddf;
dd1a: ddcf;
dd1b: cccf;
dd1c: cccf;
dd1d: cccf;
dd1e: cccf;
dd1f: cdcf;
dd20: dddf;
dd21: dddf;
dd22: dddf;
dd23: cddf;
dd24: cdcf;
dd25: cccf;
dd26: cccf;
dd27: cccf;
dd28: cccf;
dd29: cccf;
dd2a: cccf;
dd2b: cccf;
dd2c: bcbf;
dd2d: cccf;
dd2e: cccf;
dd2f: cdcf;
dd30: cdcf;
dd31: cddf;
dd32: dddf;
dd33: dddf;
dd34: dddf;
dd35: dddf;
dd36: dddf;
dd37: dddf;
dd38: dddf;
dd39: dddf;
dd3a: dddf;
dd3b: dddf;
dd3c: cdcf;
dd3d: cccf;
dd3e: cccf;
dd3f: cccf;
dd40: cccf;
dd41: cdcf;
dd42: dddf;
dd43: dddf;
dd44: dddf;
dd45: dddf;
dd46: dddf;
dd47: dddf;
dd48: dddf;
dd49: dddf;
dd4a: dddf;
dd4b: dedf;
dd4c: dddf;
dd4d: cccf;
dd4e: 9a9f;
dd4f: 666f;
dd50: 444f;
dd51: 232f;
dd52: 333f;
dd53: 333f;
dd54: 443f;
dd55: 444f;
dd56: 444f;
dd57: 444f;
dd58: 544f;
dd59: 544f;
dd5a: 544f;
dd5b: 544f;
dd5c: 544f;
dd5d: 544f;
dd5e: 544f;
dd5f: 544f;
dd60: 544f;
dd61: 544f;
dd62: 544f;
dd63: 544f;
dd64: 544f;
dd65: 544f;
dd66: 544f;
dd67: 544f;
dd68: 544f;
dd69: 544f;
dd6a: 544f;
dd6b: 544f;
dd6c: 544f;
dd6d: 544f;
dd6e: 544f;
dd6f: 544f;
dd70: 544f;
dd71: 544f;
dd72: 544f;
dd73: 544f;
dd74: 544f;
dd75: 544f;
dd76: 544f;
dd77: 544f;
dd78: 544f;
dd79: 544f;
dd7a: 544f;
dd7b: 444f;
dd7c: 444f;
dd7d: 444f;
dd7e: 444f;
dd7f: 333f;
dd80: 333f;
dd81: 333f;
dd82: 333f;
dd83: 333f;
dd84: 333f;
dd85: 333f;
dd86: 333f;
dd87: 333f;
dd88: 333f;
dd89: 343f;
dd8a: 333f;
dd8b: 333f;
dd8c: 333f;
dd8d: 333f;
dd8e: 333f;
dd8f: 333f;
dd90: 333f;
dd91: 333f;
dd92: 333f;
dd93: 333f;
dd94: 333f;
dd95: 333f;
dd96: 444f;
dd97: 666f;
dd98: 888f;
dd99: a99f;
dd9a: a99f;
dd9b: a99f;
dd9c: a99f;
dd9d: a99f;
dd9e: a99f;
dd9f: a99f;
dda0: a99f;
dda1: a99f;
dda2: a99f;
dda3: a99f;
dda4: a99f;
dda5: a99f;
dda6: a99f;
dda7: a99f;
dda8: a99f;
dda9: a99f;
ddaa: a99f;
ddab: a99f;
ddac: a99f;
ddad: a99f;
ddae: a99f;
ddaf: a99f;
ddb0: a99f;
ddb1: a99f;
ddb2: 988f;
ddb3: 666f;
ddb4: 434f;
ddb5: 333f;
ddb6: 323f;
ddb7: 323f;
ddb8: 333f;
ddb9: 333f;
ddba: 333f;
ddbb: 333f;
ddbc: 444f;
ddbd: 555f;
ddbe: 666f;
ddbf: 888f;
ddc0: 999f;
ddc1: aaaf;
ddc2: abbf;
ddc3: bbbf;
ddc4: bbbf;
ddc5: bbbf;
ddc6: bbbf;
ddc7: bbbf;
ddc8: bbcf;
ddc9: bbcf;
ddca: bbcf;
ddcb: bbcf;
ddcc: bbbf;
ddcd: bbbf;
ddce: bbbf;
ddcf: bbbf;
ddd0: 9aaf;
ddd1: 888f;
ddd2: 777f;
ddd3: 777f;
ddd4: 666f;
ddd5: 555f;
ddd6: 444f;
ddd7: 444f;
ddd8: 444f;
ddd9: 333f;
ddda: 333f;
dddb: 333f;
dddc: 333f;
dddd: 333f;
ddde: 333f;
dddf: 333f;
dde0: 333f;
dde1: 333f;
dde2: 333f;
dde3: 333f;
dde4: 333f;
dde5: 333f;
dde6: 444f;
dde7: 444f;
dde8: 555f;
dde9: 666f;
ddea: 777f;
ddeb: 888f;
ddec: 999f;
dded: aaaf;
ddee: bbbf;
ddef: bbbf;
ddf0: bbcf;
ddf1: bbcf;
ddf2: cccf;
ddf3: cccf;
ddf4: cccf;
ddf5: bbcf;
ddf6: bbbf;
ddf7: aaaf;
ddf8: 999f;
ddf9: aa9f;
ddfa: bbaf;
ddfb: cccf;
ddfc: dccf;
ddfd: dccf;
ddfe: dccf;
ddff: dccf;
de00: cddf;
de01: cddf;
de02: cddf;
de03: cddf;
de04: cddf;
de05: cddf;
de06: cddf;
de07: cddf;
de08: cddf;
de09: cddf;
de0a: cddf;
de0b: cddf;
de0c: cdcf;
de0d: bccf;
de0e: bbbf;
de0f: abbf;
de10: aaaf;
de11: abbf;
de12: bcbf;
de13: bcbf;
de14: cccf;
de15: dddf;
de16: dddf;
de17: dddf;
de18: dddf;
de19: dddf;
de1a: ddcf;
de1b: cccf;
de1c: cccf;
de1d: cccf;
de1e: cccf;
de1f: cdcf;
de20: dddf;
de21: dddf;
de22: dddf;
de23: dddf;
de24: cddf;
de25: cdcf;
de26: cdcf;
de27: cccf;
de28: cccf;
de29: cccf;
de2a: cccf;
de2b: cccf;
de2c: bcbf;
de2d: cccf;
de2e: cccf;
de2f: cccf;
de30: cdcf;
de31: cdcf;
de32: cddf;
de33: dddf;
de34: cddf;
de35: cddf;
de36: cddf;
de37: cddf;
de38: dddf;
de39: dddf;
de3a: dddf;
de3b: dddf;
de3c: dddf;
de3d: cdcf;
de3e: cccf;
de3f: cccf;
de40: cccf;
de41: cdcf;
de42: cddf;
de43: cddf;
de44: dddf;
de45: dddf;
de46: dddf;
de47: dddf;
de48: dddf;
de49: dddf;
de4a: dddf;
de4b: dddf;
de4c: dddf;
de4d: bcbf;
de4e: 999f;
de4f: 666f;
de50: 333f;
de51: 222f;
de52: 333f;
de53: 333f;
de54: 343f;
de55: 444f;
de56: 444f;
de57: 544f;
de58: 544f;
de59: 544f;
de5a: 544f;
de5b: 544f;
de5c: 544f;
de5d: 544f;
de5e: 544f;
de5f: 544f;
de60: 544f;
de61: 544f;
de62: 544f;
de63: 544f;
de64: 544f;
de65: 544f;
de66: 544f;
de67: 544f;
de68: 544f;
de69: 544f;
de6a: 544f;
de6b: 544f;
de6c: 544f;
de6d: 544f;
de6e: 544f;
de6f: 544f;
de70: 544f;
de71: 544f;
de72: 544f;
de73: 544f;
de74: 544f;
de75: 544f;
de76: 544f;
de77: 544f;
de78: 544f;
de79: 544f;
de7a: 544f;
de7b: 444f;
de7c: 444f;
de7d: 444f;
de7e: 444f;
de7f: 433f;
de80: 333f;
de81: 333f;
de82: 333f;
de83: 333f;
de84: 333f;
de85: 333f;
de86: 333f;
de87: 333f;
de88: 333f;
de89: 343f;
de8a: 333f;
de8b: 333f;
de8c: 333f;
de8d: 333f;
de8e: 333f;
de8f: 333f;
de90: 333f;
de91: 333f;
de92: 333f;
de93: 333f;
de94: 333f;
de95: 333f;
de96: 444f;
de97: 666f;
de98: 988f;
de99: a99f;
de9a: a99f;
de9b: a99f;
de9c: a99f;
de9d: a99f;
de9e: a99f;
de9f: a99f;
dea0: a99f;
dea1: a99f;
dea2: a99f;
dea3: a99f;
dea4: a99f;
dea5: a99f;
dea6: a99f;
dea7: a99f;
dea8: a99f;
dea9: a99f;
deaa: a99f;
deab: a99f;
deac: a99f;
dead: a99f;
deae: a99f;
deaf: a99f;
deb0: a99f;
deb1: 999f;
deb2: 877f;
deb3: 655f;
deb4: 433f;
deb5: 333f;
deb6: 323f;
deb7: 222f;
deb8: 333f;
deb9: 333f;
deba: 333f;
debb: 444f;
debc: 555f;
debd: 666f;
debe: 888f;
debf: aaaf;
dec0: aaaf;
dec1: bbbf;
dec2: bbbf;
dec3: bbbf;
dec4: bbbf;
dec5: bbbf;
dec6: bbbf;
dec7: bbbf;
dec8: bbcf;
dec9: bbcf;
deca: bbcf;
decb: bbcf;
decc: bbcf;
decd: bbbf;
dece: aaaf;
decf: 99af;
ded0: 788f;
ded1: 556f;
ded2: 555f;
ded3: 555f;
ded4: 444f;
ded5: 333f;
ded6: 233f;
ded7: 333f;
ded8: 333f;
ded9: 333f;
deda: 333f;
dedb: 333f;
dedc: 333f;
dedd: 333f;
dede: 223f;
dedf: 333f;
dee0: 333f;
dee1: 333f;
dee2: 333f;
dee3: 333f;
dee4: 333f;
dee5: 333f;
dee6: 333f;
dee7: 333f;
dee8: 333f;
dee9: 444f;
deea: 555f;
deeb: 666f;
deec: 888f;
deed: 999f;
deee: aaaf;
deef: bbbf;
def0: bbbf;
def1: bbcf;
def2: bccf;
def3: bccf;
def4: bbbf;
def5: bbbf;
def6: cbcf;
def7: bbbf;
def8: baaf;
def9: baaf;
defa: bbbf;
defb: cccf;
defc: dccf;
defd: dccf;
defe: dccf;
deff: dccf;
df00: cddf;
df01: cddf;
df02: cddf;
df03: cddf;
df04: cddf;
df05: cddf;
df06: cddf;
df07: cddf;
df08: cddf;
df09: cddf;
df0a: cddf;
df0b: cddf;
df0c: cdcf;
df0d: bccf;
df0e: bbbf;
df0f: abbf;
df10: aaaf;
df11: abbf;
df12: bbbf;
df13: bcbf;
df14: cccf;
df15: dddf;
df16: dddf;
df17: dddf;
df18: dddf;
df19: dddf;
df1a: ddcf;
df1b: cccf;
df1c: cccf;
df1d: cccf;
df1e: cccf;
df1f: cdcf;
df20: dddf;
df21: dddf;
df22: dddf;
df23: dddf;
df24: dddf;
df25: cddf;
df26: cdcf;
df27: cccf;
df28: cccf;
df29: cccf;
df2a: cccf;
df2b: cccf;
df2c: cccf;
df2d: cccf;
df2e: cccf;
df2f: cccf;
df30: cccf;
df31: cccf;
df32: cccf;
df33: cdcf;
df34: cdcf;
df35: cdcf;
df36: cdcf;
df37: cdcf;
df38: dddf;
df39: dddf;
df3a: dddf;
df3b: dddf;
df3c: dddf;
df3d: cdcf;
df3e: cccf;
df3f: cccf;
df40: cccf;
df41: cdcf;
df42: cdcf;
df43: cdcf;
df44: dddf;
df45: dddf;
df46: dddf;
df47: dddf;
df48: dddf;
df49: dddf;
df4a: dddf;
df4b: dddf;
df4c: dddf;
df4d: bbbf;
df4e: 888f;
df4f: 555f;
df50: 333f;
df51: 222f;
df52: 333f;
df53: 333f;
df54: 333f;
df55: 443f;
df56: 444f;
df57: 444f;
df58: 544f;
df59: 544f;
df5a: 544f;
df5b: 544f;
df5c: 544f;
df5d: 544f;
df5e: 544f;
df5f: 544f;
df60: 544f;
df61: 544f;
df62: 544f;
df63: 544f;
df64: 544f;
df65: 544f;
df66: 544f;
df67: 544f;
df68: 544f;
df69: 544f;
df6a: 544f;
df6b: 544f;
df6c: 544f;
df6d: 544f;
df6e: 544f;
df6f: 544f;
df70: 544f;
df71: 544f;
df72: 544f;
df73: 544f;
df74: 544f;
df75: 544f;
df76: 544f;
df77: 544f;
df78: 544f;
df79: 544f;
df7a: 544f;
df7b: 444f;
df7c: 444f;
df7d: 444f;
df7e: 444f;
df7f: 433f;
df80: 333f;
df81: 333f;
df82: 333f;
df83: 333f;
df84: 333f;
df85: 333f;
df86: 333f;
df87: 333f;
df88: 343f;
df89: 444f;
df8a: 443f;
df8b: 333f;
df8c: 333f;
df8d: 333f;
df8e: 333f;
df8f: 333f;
df90: 333f;
df91: 333f;
df92: 333f;
df93: 332f;
df94: 332f;
df95: 333f;
df96: 544f;
df97: 766f;
df98: 999f;
df99: a99f;
df9a: a99f;
df9b: a99f;
df9c: a99f;
df9d: a99f;
df9e: a99f;
df9f: a99f;
dfa0: a99f;
dfa1: a99f;
dfa2: a99f;
dfa3: a99f;
dfa4: a99f;
dfa5: a99f;
dfa6: a99f;
dfa7: a99f;
dfa8: a99f;
dfa9: a99f;
dfaa: a99f;
dfab: a99f;
dfac: a99f;
dfad: a99f;
dfae: a99f;
dfaf: a99f;
dfb0: 999f;
dfb1: 887f;
dfb2: 766f;
dfb3: 555f;
dfb4: 433f;
dfb5: 333f;
dfb6: 323f;
dfb7: 222f;
dfb8: 333f;
dfb9: 333f;
dfba: 444f;
dfbb: 666f;
dfbc: 777f;
dfbd: 888f;
dfbe: aaaf;
dfbf: bbbf;
dfc0: bbbf;
dfc1: bccf;
dfc2: bbbf;
dfc3: bbbf;
dfc4: bbbf;
dfc5: bbbf;
dfc6: bbbf;
dfc7: bbbf;
dfc8: bbcf;
dfc9: bbbf;
dfca: bbbf;
dfcb: bbbf;
dfcc: bbbf;
dfcd: a9af;
dfce: 888f;
dfcf: 777f;
dfd0: 666f;
dfd1: 344f;
dfd2: 344f;
dfd3: 334f;
dfd4: 333f;
dfd5: 233f;
dfd6: 222f;
dfd7: 333f;
dfd8: 333f;
dfd9: 333f;
dfda: 333f;
dfdb: 333f;
dfdc: 333f;
dfdd: 333f;
dfde: 333f;
dfdf: 333f;
dfe0: 333f;
dfe1: 333f;
dfe2: 333f;
dfe3: 333f;
dfe4: 333f;
dfe5: 333f;
dfe6: 333f;
dfe7: 333f;
dfe8: 333f;
dfe9: 333f;
dfea: 444f;
dfeb: 545f;
dfec: 666f;
dfed: 777f;
dfee: 889f;
dfef: aaaf;
dff0: abbf;
dff1: bbbf;
dff2: bccf;
dff3: bccf;
dff4: bbbf;
dff5: bbbf;
dff6: bbbf;
dff7: cbcf;
dff8: bbbf;
dff9: bbbf;
dffa: cccf;
dffb: dccf;
dffc: dccf;
dffd: dccf;
dffe: dccf;
dfff: dccf;
e000: cddf;
e001: cddf;
e002: cddf;
e003: cddf;
e004: cddf;
e005: cddf;
e006: cddf;
e007: cddf;
e008: cddf;
e009: cddf;
e00a: cddf;
e00b: cddf;
e00c: cddf;
e00d: bccf;
e00e: bbbf;
e00f: abbf;
e010: aaaf;
e011: abaf;
e012: bbbf;
e013: bcbf;
e014: cccf;
e015: dddf;
e016: dddf;
e017: dddf;
e018: cddf;
e019: dddf;
e01a: dddf;
e01b: cdcf;
e01c: cccf;
e01d: cccf;
e01e: cdcf;
e01f: dddf;
e020: dddf;
e021: dddf;
e022: dddf;
e023: dddf;
e024: dddf;
e025: dddf;
e026: dddf;
e027: cdcf;
e028: cdcf;
e029: cdcf;
e02a: cdcf;
e02b: cccf;
e02c: cccf;
e02d: cccf;
e02e: cccf;
e02f: cccf;
e030: cccf;
e031: cccf;
e032: cccf;
e033: cccf;
e034: cdcf;
e035: cdcf;
e036: cdcf;
e037: cdcf;
e038: dddf;
e039: dddf;
e03a: dddf;
e03b: dddf;
e03c: dddf;
e03d: cdcf;
e03e: cdcf;
e03f: cdcf;
e040: cdcf;
e041: cdcf;
e042: cddf;
e043: cddf;
e044: dddf;
e045: dddf;
e046: dddf;
e047: dddf;
e048: dddf;
e049: dddf;
e04a: dddf;
e04b: dddf;
e04c: dddf;
e04d: bbbf;
e04e: 887f;
e04f: 555f;
e050: 333f;
e051: 333f;
e052: 333f;
e053: 333f;
e054: 333f;
e055: 343f;
e056: 444f;
e057: 444f;
e058: 544f;
e059: 444f;
e05a: 544f;
e05b: 544f;
e05c: 544f;
e05d: 544f;
e05e: 544f;
e05f: 544f;
e060: 544f;
e061: 544f;
e062: 544f;
e063: 544f;
e064: 544f;
e065: 544f;
e066: 544f;
e067: 544f;
e068: 544f;
e069: 544f;
e06a: 544f;
e06b: 544f;
e06c: 544f;
e06d: 544f;
e06e: 544f;
e06f: 544f;
e070: 544f;
e071: 544f;
e072: 544f;
e073: 544f;
e074: 544f;
e075: 544f;
e076: 544f;
e077: 544f;
e078: 544f;
e079: 544f;
e07a: 544f;
e07b: 544f;
e07c: 444f;
e07d: 444f;
e07e: 444f;
e07f: 433f;
e080: 333f;
e081: 333f;
e082: 333f;
e083: 333f;
e084: 333f;
e085: 333f;
e086: 333f;
e087: 333f;
e088: 333f;
e089: 333f;
e08a: 444f;
e08b: 333f;
e08c: 333f;
e08d: 333f;
e08e: 333f;
e08f: 333f;
e090: 333f;
e091: 333f;
e092: 333f;
e093: 333f;
e094: 323f;
e095: 333f;
e096: 555f;
e097: 777f;
e098: a99f;
e099: a99f;
e09a: a99f;
e09b: a99f;
e09c: a99f;
e09d: a99f;
e09e: a99f;
e09f: a99f;
e0a0: a99f;
e0a1: a99f;
e0a2: a99f;
e0a3: a99f;
e0a4: a99f;
e0a5: a99f;
e0a6: a99f;
e0a7: a99f;
e0a8: a99f;
e0a9: a99f;
e0aa: a99f;
e0ab: a99f;
e0ac: a99f;
e0ad: a99f;
e0ae: a99f;
e0af: a99f;
e0b0: 888f;
e0b1: 776f;
e0b2: 555f;
e0b3: 444f;
e0b4: 333f;
e0b5: 333f;
e0b6: 333f;
e0b7: 222f;
e0b8: 333f;
e0b9: 444f;
e0ba: 666f;
e0bb: 888f;
e0bc: 999f;
e0bd: aaaf;
e0be: bbbf;
e0bf: cccf;
e0c0: cccf;
e0c1: cccf;
e0c2: bccf;
e0c3: bbbf;
e0c4: bbcf;
e0c5: bccf;
e0c6: bccf;
e0c7: bbcf;
e0c8: bbcf;
e0c9: bbcf;
e0ca: bbbf;
e0cb: aaaf;
e0cc: 99af;
e0cd: 888f;
e0ce: 667f;
e0cf: 555f;
e0d0: 444f;
e0d1: 333f;
e0d2: 333f;
e0d3: 333f;
e0d4: 333f;
e0d5: 223f;
e0d6: 223f;
e0d7: 333f;
e0d8: 333f;
e0d9: 333f;
e0da: 333f;
e0db: 333f;
e0dc: 333f;
e0dd: 333f;
e0de: 333f;
e0df: 333f;
e0e0: 333f;
e0e1: 333f;
e0e2: 333f;
e0e3: 333f;
e0e4: 333f;
e0e5: 333f;
e0e6: 333f;
e0e7: 333f;
e0e8: 333f;
e0e9: 333f;
e0ea: 333f;
e0eb: 334f;
e0ec: 444f;
e0ed: 555f;
e0ee: 777f;
e0ef: 888f;
e0f0: 99af;
e0f1: bbbf;
e0f2: bbcf;
e0f3: cccf;
e0f4: bbbf;
e0f5: bbbf;
e0f6: bbbf;
e0f7: cbcf;
e0f8: cbcf;
e0f9: bbbf;
e0fa: cccf;
e0fb: dccf;
e0fc: dccf;
e0fd: dccf;
e0fe: dccf;
e0ff: dccf;
e100: cddf;
e101: cddf;
e102: cddf;
e103: cddf;
e104: cddf;
e105: cddf;
e106: cddf;
e107: cddf;
e108: cddf;
e109: cddf;
e10a: cddf;
e10b: cddf;
e10c: cddf;
e10d: bccf;
e10e: bbbf;
e10f: abbf;
e110: aaaf;
e111: abbf;
e112: bbbf;
e113: bcbf;
e114: cccf;
e115: dddf;
e116: dddf;
e117: dddf;
e118: dddf;
e119: dddf;
e11a: dddf;
e11b: cccf;
e11c: cccf;
e11d: cccf;
e11e: cdcf;
e11f: dddf;
e120: dddf;
e121: dddf;
e122: dddf;
e123: dddf;
e124: dddf;
e125: dddf;
e126: dddf;
e127: dddf;
e128: dddf;
e129: dddf;
e12a: cdcf;
e12b: cdcf;
e12c: cccf;
e12d: cccf;
e12e: cccf;
e12f: cccf;
e130: cccf;
e131: cccf;
e132: cccf;
e133: cccf;
e134: cccf;
e135: cdcf;
e136: cdcf;
e137: cdcf;
e138: dddf;
e139: dddf;
e13a: dddf;
e13b: dddf;
e13c: dddf;
e13d: cddf;
e13e: cdcf;
e13f: cddf;
e140: cddf;
e141: cddf;
e142: cddf;
e143: cddf;
e144: cddf;
e145: cddf;
e146: dddf;
e147: cddf;
e148: dddf;
e149: dddf;
e14a: dddf;
e14b: dddf;
e14c: dddf;
e14d: bbbf;
e14e: 777f;
e14f: 454f;
e150: 333f;
e151: 333f;
e152: 333f;
e153: 333f;
e154: 333f;
e155: 333f;
e156: 444f;
e157: 444f;
e158: 544f;
e159: 444f;
e15a: 544f;
e15b: 544f;
e15c: 544f;
e15d: 544f;
e15e: 544f;
e15f: 544f;
e160: 544f;
e161: 544f;
e162: 544f;
e163: 544f;
e164: 544f;
e165: 544f;
e166: 544f;
e167: 544f;
e168: 544f;
e169: 544f;
e16a: 544f;
e16b: 544f;
e16c: 544f;
e16d: 544f;
e16e: 544f;
e16f: 544f;
e170: 544f;
e171: 544f;
e172: 544f;
e173: 544f;
e174: 544f;
e175: 544f;
e176: 544f;
e177: 544f;
e178: 544f;
e179: 544f;
e17a: 544f;
e17b: 544f;
e17c: 444f;
e17d: 444f;
e17e: 444f;
e17f: 433f;
e180: 333f;
e181: 333f;
e182: 333f;
e183: 333f;
e184: 333f;
e185: 333f;
e186: 333f;
e187: 333f;
e188: 333f;
e189: 333f;
e18a: 333f;
e18b: 333f;
e18c: 333f;
e18d: 333f;
e18e: 333f;
e18f: 333f;
e190: 333f;
e191: 333f;
e192: 333f;
e193: 333f;
e194: 333f;
e195: 333f;
e196: 555f;
e197: 877f;
e198: a99f;
e199: a99f;
e19a: a99f;
e19b: a99f;
e19c: a99f;
e19d: a99f;
e19e: a99f;
e19f: a99f;
e1a0: a99f;
e1a1: a99f;
e1a2: a99f;
e1a3: a99f;
e1a4: a99f;
e1a5: a99f;
e1a6: a99f;
e1a7: a99f;
e1a8: a99f;
e1a9: a99f;
e1aa: a99f;
e1ab: a99f;
e1ac: a99f;
e1ad: a99f;
e1ae: 999f;
e1af: 988f;
e1b0: 777f;
e1b1: 655f;
e1b2: 444f;
e1b3: 333f;
e1b4: 333f;
e1b5: 333f;
e1b6: 333f;
e1b7: 222f;
e1b8: 333f;
e1b9: 555f;
e1ba: 777f;
e1bb: 999f;
e1bc: aaaf;
e1bd: bbbf;
e1be: cccf;
e1bf: cccf;
e1c0: bccf;
e1c1: cccf;
e1c2: bccf;
e1c3: bbbf;
e1c4: bbbf;
e1c5: bbcf;
e1c6: cccf;
e1c7: cccf;
e1c8: cccf;
e1c9: bbcf;
e1ca: bbbf;
e1cb: aaaf;
e1cc: 888f;
e1cd: 666f;
e1ce: 445f;
e1cf: 334f;
e1d0: 333f;
e1d1: 333f;
e1d2: 333f;
e1d3: 333f;
e1d4: 333f;
e1d5: 333f;
e1d6: 333f;
e1d7: 333f;
e1d8: 333f;
e1d9: 333f;
e1da: 333f;
e1db: 333f;
e1dc: 333f;
e1dd: 333f;
e1de: 333f;
e1df: 333f;
e1e0: 433f;
e1e1: 333f;
e1e2: 333f;
e1e3: 333f;
e1e4: 333f;
e1e5: 333f;
e1e6: 333f;
e1e7: 333f;
e1e8: 223f;
e1e9: 223f;
e1ea: 223f;
e1eb: 323f;
e1ec: 333f;
e1ed: 444f;
e1ee: 555f;
e1ef: 667f;
e1f0: 888f;
e1f1: 99af;
e1f2: bbbf;
e1f3: cccf;
e1f4: cccf;
e1f5: bbcf;
e1f6: cbcf;
e1f7: cccf;
e1f8: cbbf;
e1f9: bbbf;
e1fa: cccf;
e1fb: cccf;
e1fc: dccf;
e1fd: dccf;
e1fe: dccf;
e1ff: dccf;
e200: cddf;
e201: cddf;
e202: cddf;
e203: cddf;
e204: cddf;
e205: cddf;
e206: cddf;
e207: cddf;
e208: cddf;
e209: cddf;
e20a: cddf;
e20b: cddf;
e20c: cddf;
e20d: bccf;
e20e: bbbf;
e20f: abbf;
e210: aaaf;
e211: abbf;
e212: bbbf;
e213: bcbf;
e214: cccf;
e215: dddf;
e216: dddf;
e217: dddf;
e218: dddf;
e219: dddf;
e21a: ddcf;
e21b: cccf;
e21c: cccf;
e21d: cccf;
e21e: cdcf;
e21f: dddf;
e220: dddf;
e221: dddf;
e222: dddf;
e223: dddf;
e224: dddf;
e225: dddf;
e226: dddf;
e227: dddf;
e228: dddf;
e229: dddf;
e22a: dddf;
e22b: cddf;
e22c: cdcf;
e22d: cdcf;
e22e: cccf;
e22f: cccf;
e230: cccf;
e231: cccf;
e232: cccf;
e233: cccf;
e234: cccf;
e235: cccf;
e236: cccf;
e237: cccf;
e238: cdcf;
e239: dddf;
e23a: dddf;
e23b: dddf;
e23c: dddf;
e23d: cddf;
e23e: dddf;
e23f: dddf;
e240: dddf;
e241: dddf;
e242: dddf;
e243: dddf;
e244: cdcf;
e245: cdcf;
e246: cddf;
e247: cdcf;
e248: dddf;
e249: dddf;
e24a: dddf;
e24b: dedf;
e24c: dddf;
e24d: abaf;
e24e: 777f;
e24f: 444f;
e250: 333f;
e251: 333f;
e252: 333f;
e253: 333f;
e254: 333f;
e255: 343f;
e256: 444f;
e257: 444f;
e258: 544f;
e259: 444f;
e25a: 544f;
e25b: 544f;
e25c: 544f;
e25d: 544f;
e25e: 544f;
e25f: 544f;
e260: 544f;
e261: 544f;
e262: 544f;
e263: 544f;
e264: 544f;
e265: 544f;
e266: 544f;
e267: 544f;
e268: 544f;
e269: 544f;
e26a: 544f;
e26b: 544f;
e26c: 544f;
e26d: 544f;
e26e: 544f;
e26f: 544f;
e270: 544f;
e271: 544f;
e272: 544f;
e273: 544f;
e274: 544f;
e275: 544f;
e276: 544f;
e277: 544f;
e278: 544f;
e279: 544f;
e27a: 544f;
e27b: 544f;
e27c: 444f;
e27d: 444f;
e27e: 444f;
e27f: 433f;
e280: 333f;
e281: 333f;
e282: 333f;
e283: 333f;
e284: 333f;
e285: 333f;
e286: 333f;
e287: 333f;
e288: 333f;
e289: 333f;
e28a: 333f;
e28b: 333f;
e28c: 333f;
e28d: 333f;
e28e: 333f;
e28f: 333f;
e290: 333f;
e291: 333f;
e292: 333f;
e293: 333f;
e294: 333f;
e295: 333f;
e296: 655f;
e297: 877f;
e298: a99f;
e299: a99f;
e29a: a99f;
e29b: a99f;
e29c: a99f;
e29d: a99f;
e29e: a99f;
e29f: a99f;
e2a0: a99f;
e2a1: a99f;
e2a2: a99f;
e2a3: a99f;
e2a4: a99f;
e2a5: a99f;
e2a6: a99f;
e2a7: a99f;
e2a8: a99f;
e2a9: a99f;
e2aa: a99f;
e2ab: a99f;
e2ac: a99f;
e2ad: 998f;
e2ae: 888f;
e2af: 877f;
e2b0: 666f;
e2b1: 444f;
e2b2: 333f;
e2b3: 333f;
e2b4: 333f;
e2b5: 333f;
e2b6: 333f;
e2b7: 223f;
e2b8: 333f;
e2b9: 656f;
e2ba: 999f;
e2bb: aabf;
e2bc: bbbf;
e2bd: cccf;
e2be: cccf;
e2bf: cccf;
e2c0: bbcf;
e2c1: bccf;
e2c2: bccf;
e2c3: bbcf;
e2c4: bbcf;
e2c5: bccf;
e2c6: cccf;
e2c7: bccf;
e2c8: bbbf;
e2c9: aaaf;
e2ca: 999f;
e2cb: 778f;
e2cc: 666f;
e2cd: 555f;
e2ce: 444f;
e2cf: 333f;
e2d0: 323f;
e2d1: 333f;
e2d2: 333f;
e2d3: 333f;
e2d4: 333f;
e2d5: 333f;
e2d6: 333f;
e2d7: 333f;
e2d8: 333f;
e2d9: 333f;
e2da: 333f;
e2db: 333f;
e2dc: 333f;
e2dd: 333f;
e2de: 433f;
e2df: 433f;
e2e0: 444f;
e2e1: 433f;
e2e2: 333f;
e2e3: 333f;
e2e4: 333f;
e2e5: 433f;
e2e6: 333f;
e2e7: 333f;
e2e8: 333f;
e2e9: 333f;
e2ea: 223f;
e2eb: 222f;
e2ec: 333f;
e2ed: 333f;
e2ee: 444f;
e2ef: 555f;
e2f0: 666f;
e2f1: 888f;
e2f2: aaaf;
e2f3: cccf;
e2f4: cccf;
e2f5: cccf;
e2f6: cccf;
e2f7: cccf;
e2f8: cccf;
e2f9: bbbf;
e2fa: cccf;
e2fb: cccf;
e2fc: dccf;
e2fd: dccf;
e2fe: dccf;
e2ff: dccf;
e300: cddf;
e301: cddf;
e302: cddf;
e303: cddf;
e304: cddf;
e305: cddf;
e306: cddf;
e307: cddf;
e308: cddf;
e309: cddf;
e30a: cddf;
e30b: cddf;
e30c: cddf;
e30d: bccf;
e30e: bbbf;
e30f: abbf;
e310: aaaf;
e311: abbf;
e312: bbbf;
e313: bcbf;
e314: cccf;
e315: dddf;
e316: dddf;
e317: dddf;
e318: dddf;
e319: dddf;
e31a: ddcf;
e31b: cccf;
e31c: cccf;
e31d: cccf;
e31e: cdcf;
e31f: dddf;
e320: dddf;
e321: dddf;
e322: dddf;
e323: dddf;
e324: dddf;
e325: dddf;
e326: dddf;
e327: dddf;
e328: dddf;
e329: dddf;
e32a: dddf;
e32b: dddf;
e32c: cddf;
e32d: cdcf;
e32e: cdcf;
e32f: cccf;
e330: cccf;
e331: cccf;
e332: cccf;
e333: cccf;
e334: cccf;
e335: cccf;
e336: cccf;
e337: cccf;
e338: cccf;
e339: cdcf;
e33a: cddf;
e33b: cddf;
e33c: cdcf;
e33d: cddf;
e33e: dddf;
e33f: cddf;
e340: dddf;
e341: dddf;
e342: dddf;
e343: dddf;
e344: cdcf;
e345: cdcf;
e346: cdcf;
e347: cdcf;
e348: dddf;
e349: dddf;
e34a: dddf;
e34b: dddf;
e34c: dddf;
e34d: aaaf;
e34e: 676f;
e34f: 444f;
e350: 333f;
e351: 333f;
e352: 333f;
e353: 333f;
e354: 333f;
e355: 343f;
e356: 444f;
e357: 444f;
e358: 544f;
e359: 444f;
e35a: 544f;
e35b: 544f;
e35c: 544f;
e35d: 544f;
e35e: 544f;
e35f: 544f;
e360: 544f;
e361: 544f;
e362: 544f;
e363: 544f;
e364: 544f;
e365: 544f;
e366: 544f;
e367: 544f;
e368: 544f;
e369: 544f;
e36a: 544f;
e36b: 544f;
e36c: 544f;
e36d: 544f;
e36e: 544f;
e36f: 544f;
e370: 544f;
e371: 544f;
e372: 544f;
e373: 544f;
e374: 544f;
e375: 544f;
e376: 544f;
e377: 544f;
e378: 544f;
e379: 544f;
e37a: 544f;
e37b: 544f;
e37c: 444f;
e37d: 444f;
e37e: 444f;
e37f: 433f;
e380: 333f;
e381: 333f;
e382: 333f;
e383: 333f;
e384: 333f;
e385: 333f;
e386: 333f;
e387: 333f;
e388: 333f;
e389: 333f;
e38a: 333f;
e38b: 333f;
e38c: 333f;
e38d: 333f;
e38e: 333f;
e38f: 333f;
e390: 333f;
e391: 333f;
e392: 333f;
e393: 333f;
e394: 333f;
e395: 333f;
e396: 655f;
e397: 887f;
e398: a99f;
e399: a99f;
e39a: a99f;
e39b: a99f;
e39c: a99f;
e39d: a99f;
e39e: a99f;
e39f: a99f;
e3a0: a99f;
e3a1: a99f;
e3a2: a99f;
e3a3: a99f;
e3a4: a99f;
e3a5: a99f;
e3a6: a99f;
e3a7: a99f;
e3a8: a99f;
e3a9: a99f;
e3aa: a99f;
e3ab: aa9f;
e3ac: 999f;
e3ad: 988f;
e3ae: 877f;
e3af: 666f;
e3b0: 544f;
e3b1: 333f;
e3b2: 322f;
e3b3: 333f;
e3b4: 333f;
e3b5: 333f;
e3b6: 333f;
e3b7: 222f;
e3b8: 444f;
e3b9: 777f;
e3ba: aaaf;
e3bb: bbbf;
e3bc: cccf;
e3bd: cccf;
e3be: cbcf;
e3bf: cccf;
e3c0: bbcf;
e3c1: bccf;
e3c2: bccf;
e3c3: bbcf;
e3c4: bbcf;
e3c5: cccf;
e3c6: cccf;
e3c7: bbbf;
e3c8: aaaf;
e3c9: 999f;
e3ca: 777f;
e3cb: 556f;
e3cc: 444f;
e3cd: 333f;
e3ce: 333f;
e3cf: 223f;
e3d0: 223f;
e3d1: 333f;
e3d2: 333f;
e3d3: 333f;
e3d4: 333f;
e3d5: 333f;
e3d6: 333f;
e3d7: 333f;
e3d8: 433f;
e3d9: 433f;
e3da: 433f;
e3db: 433f;
e3dc: 433f;
e3dd: 433f;
e3de: 444f;
e3df: 444f;
e3e0: 444f;
e3e1: 444f;
e3e2: 433f;
e3e3: 333f;
e3e4: 333f;
e3e5: 433f;
e3e6: 444f;
e3e7: 333f;
e3e8: 333f;
e3e9: 333f;
e3ea: 333f;
e3eb: 333f;
e3ec: 223f;
e3ed: 333f;
e3ee: 333f;
e3ef: 333f;
e3f0: 444f;
e3f1: 666f;
e3f2: 999f;
e3f3: cccf;
e3f4: dddf;
e3f5: dddf;
e3f6: ccdf;
e3f7: ccdf;
e3f8: cccf;
e3f9: cccf;
e3fa: cccf;
e3fb: dccf;
e3fc: dccf;
e3fd: dccf;
e3fe: dccf;
e3ff: dccf;
e400: cddf;
e401: cddf;
e402: cddf;
e403: cddf;
e404: cddf;
e405: cddf;
e406: cddf;
e407: cddf;
e408: cddf;
e409: cddf;
e40a: cddf;
e40b: cddf;
e40c: cddf;
e40d: bccf;
e40e: bbbf;
e40f: abbf;
e410: aaaf;
e411: abbf;
e412: bbbf;
e413: bccf;
e414: cccf;
e415: dddf;
e416: dddf;
e417: dddf;
e418: dddf;
e419: dddf;
e41a: cdcf;
e41b: cccf;
e41c: cccf;
e41d: cdcf;
e41e: ddcf;
e41f: dddf;
e420: dddf;
e421: dddf;
e422: dddf;
e423: dddf;
e424: dddf;
e425: dddf;
e426: dddf;
e427: dddf;
e428: dddf;
e429: dddf;
e42a: dddf;
e42b: dddf;
e42c: dddf;
e42d: dddf;
e42e: cddf;
e42f: cdcf;
e430: cccf;
e431: cccf;
e432: cccf;
e433: cccf;
e434: cccf;
e435: cccf;
e436: cccf;
e437: cccf;
e438: cccf;
e439: cdcf;
e43a: cdcf;
e43b: cdcf;
e43c: cccf;
e43d: cdcf;
e43e: cdcf;
e43f: dddf;
e440: dddf;
e441: dddf;
e442: dddf;
e443: cddf;
e444: dddf;
e445: cddf;
e446: dddf;
e447: cdcf;
e448: ddcf;
e449: cdcf;
e44a: ddcf;
e44b: dddf;
e44c: ddcf;
e44d: aaaf;
e44e: 666f;
e44f: 444f;
e450: 333f;
e451: 333f;
e452: 333f;
e453: 333f;
e454: 333f;
e455: 333f;
e456: 444f;
e457: 444f;
e458: 544f;
e459: 444f;
e45a: 544f;
e45b: 544f;
e45c: 544f;
e45d: 544f;
e45e: 544f;
e45f: 544f;
e460: 544f;
e461: 544f;
e462: 544f;
e463: 544f;
e464: 544f;
e465: 544f;
e466: 544f;
e467: 544f;
e468: 544f;
e469: 544f;
e46a: 544f;
e46b: 544f;
e46c: 544f;
e46d: 544f;
e46e: 544f;
e46f: 544f;
e470: 544f;
e471: 544f;
e472: 544f;
e473: 544f;
e474: 544f;
e475: 544f;
e476: 544f;
e477: 544f;
e478: 544f;
e479: 544f;
e47a: 544f;
e47b: 544f;
e47c: 544f;
e47d: 444f;
e47e: 443f;
e47f: 333f;
e480: 333f;
e481: 333f;
e482: 333f;
e483: 333f;
e484: 333f;
e485: 333f;
e486: 333f;
e487: 333f;
e488: 333f;
e489: 333f;
e48a: 333f;
e48b: 333f;
e48c: 333f;
e48d: 333f;
e48e: 333f;
e48f: 333f;
e490: 333f;
e491: 333f;
e492: 333f;
e493: 333f;
e494: 333f;
e495: 333f;
e496: 555f;
e497: 877f;
e498: a99f;
e499: a99f;
e49a: a99f;
e49b: a99f;
e49c: a99f;
e49d: a99f;
e49e: a99f;
e49f: a99f;
e4a0: a99f;
e4a1: a99f;
e4a2: a99f;
e4a3: a99f;
e4a4: a99f;
e4a5: a99f;
e4a6: a99f;
e4a7: a99f;
e4a8: a99f;
e4a9: a99f;
e4aa: aa9f;
e4ab: aa9f;
e4ac: a99f;
e4ad: 988f;
e4ae: 777f;
e4af: 655f;
e4b0: 444f;
e4b1: 333f;
e4b2: 222f;
e4b3: 333f;
e4b4: 333f;
e4b5: 333f;
e4b6: 222f;
e4b7: 222f;
e4b8: 444f;
e4b9: 777f;
e4ba: bbbf;
e4bb: cccf;
e4bc: cccf;
e4bd: cbcf;
e4be: cccf;
e4bf: cccf;
e4c0: bbcf;
e4c1: bccf;
e4c2: bccf;
e4c3: bccf;
e4c4: bbcf;
e4c5: bbcf;
e4c6: bccf;
e4c7: bbbf;
e4c8: aaaf;
e4c9: 888f;
e4ca: 666f;
e4cb: 444f;
e4cc: 333f;
e4cd: 333f;
e4ce: 323f;
e4cf: 333f;
e4d0: 333f;
e4d1: 333f;
e4d2: 333f;
e4d3: 333f;
e4d4: 333f;
e4d5: 333f;
e4d6: 333f;
e4d7: 343f;
e4d8: 444f;
e4d9: 444f;
e4da: 444f;
e4db: 444f;
e4dc: 444f;
e4dd: 444f;
e4de: 444f;
e4df: 444f;
e4e0: 444f;
e4e1: 444f;
e4e2: 444f;
e4e3: 433f;
e4e4: 433f;
e4e5: 444f;
e4e6: 444f;
e4e7: 444f;
e4e8: 444f;
e4e9: 333f;
e4ea: 333f;
e4eb: 333f;
e4ec: 333f;
e4ed: 333f;
e4ee: 333f;
e4ef: 333f;
e4f0: 333f;
e4f1: 555f;
e4f2: 888f;
e4f3: bbbf;
e4f4: dddf;
e4f5: dddf;
e4f6: dddf;
e4f7: dddf;
e4f8: dcdf;
e4f9: cccf;
e4fa: cccf;
e4fb: dccf;
e4fc: dccf;
e4fd: dccf;
e4fe: dccf;
e4ff: dccf;
e500: cddf;
e501: cddf;
e502: cddf;
e503: cddf;
e504: cddf;
e505: cddf;
e506: cddf;
e507: cddf;
e508: cddf;
e509: cddf;
e50a: cddf;
e50b: cddf;
e50c: cddf;
e50d: bccf;
e50e: bbbf;
e50f: abbf;
e510: aaaf;
e511: abbf;
e512: bbbf;
e513: bccf;
e514: cccf;
e515: dddf;
e516: dddf;
e517: dddf;
e518: dddf;
e519: dddf;
e51a: cdcf;
e51b: cccf;
e51c: cccf;
e51d: cdcf;
e51e: ddcf;
e51f: dddf;
e520: dddf;
e521: dddf;
e522: dddf;
e523: dddf;
e524: dddf;
e525: dddf;
e526: dddf;
e527: dddf;
e528: dddf;
e529: dddf;
e52a: dddf;
e52b: dddf;
e52c: dddf;
e52d: dddf;
e52e: dddf;
e52f: dddf;
e530: cddf;
e531: cdcf;
e532: cdcf;
e533: cdcf;
e534: cccf;
e535: cccf;
e536: cccf;
e537: cccf;
e538: cccf;
e539: cccf;
e53a: cccf;
e53b: cccf;
e53c: cccf;
e53d: cdcf;
e53e: cdcf;
e53f: cddf;
e540: dddf;
e541: dddf;
e542: dddf;
e543: dddf;
e544: dddf;
e545: dddf;
e546: dddf;
e547: dddf;
e548: ddcf;
e549: ddcf;
e54a: dddf;
e54b: dddf;
e54c: cccf;
e54d: 999f;
e54e: 555f;
e54f: 343f;
e550: 333f;
e551: 333f;
e552: 333f;
e553: 333f;
e554: 333f;
e555: 333f;
e556: 444f;
e557: 444f;
e558: 544f;
e559: 444f;
e55a: 544f;
e55b: 544f;
e55c: 544f;
e55d: 544f;
e55e: 544f;
e55f: 544f;
e560: 544f;
e561: 544f;
e562: 544f;
e563: 544f;
e564: 544f;
e565: 544f;
e566: 544f;
e567: 544f;
e568: 544f;
e569: 544f;
e56a: 544f;
e56b: 544f;
e56c: 544f;
e56d: 544f;
e56e: 544f;
e56f: 544f;
e570: 544f;
e571: 544f;
e572: 544f;
e573: 544f;
e574: 544f;
e575: 544f;
e576: 544f;
e577: 544f;
e578: 544f;
e579: 544f;
e57a: 544f;
e57b: 544f;
e57c: 544f;
e57d: 444f;
e57e: 443f;
e57f: 333f;
e580: 333f;
e581: 333f;
e582: 333f;
e583: 333f;
e584: 333f;
e585: 333f;
e586: 333f;
e587: 333f;
e588: 333f;
e589: 333f;
e58a: 333f;
e58b: 333f;
e58c: 333f;
e58d: 333f;
e58e: 333f;
e58f: 333f;
e590: 333f;
e591: 333f;
e592: 333f;
e593: 333f;
e594: 333f;
e595: 333f;
e596: 655f;
e597: 887f;
e598: a99f;
e599: a99f;
e59a: a99f;
e59b: a99f;
e59c: a99f;
e59d: a99f;
e59e: a99f;
e59f: a99f;
e5a0: a99f;
e5a1: a99f;
e5a2: a99f;
e5a3: a99f;
e5a4: a99f;
e5a5: a99f;
e5a6: a99f;
e5a7: a99f;
e5a8: a99f;
e5a9: a99f;
e5aa: aa9f;
e5ab: a99f;
e5ac: 988f;
e5ad: 776f;
e5ae: 555f;
e5af: 444f;
e5b0: 333f;
e5b1: 222f;
e5b2: 222f;
e5b3: 333f;
e5b4: 333f;
e5b5: 333f;
e5b6: 333f;
e5b7: 333f;
e5b8: 555f;
e5b9: 888f;
e5ba: cccf;
e5bb: cccf;
e5bc: cccf;
e5bd: bbcf;
e5be: cbcf;
e5bf: cbcf;
e5c0: bbcf;
e5c1: bccf;
e5c2: bccf;
e5c3: bbcf;
e5c4: cccf;
e5c5: bccf;
e5c6: aaaf;
e5c7: 999f;
e5c8: 777f;
e5c9: 556f;
e5ca: 444f;
e5cb: 333f;
e5cc: 333f;
e5cd: 333f;
e5ce: 323f;
e5cf: 333f;
e5d0: 333f;
e5d1: 333f;
e5d2: 333f;
e5d3: 333f;
e5d4: 333f;
e5d5: 333f;
e5d6: 444f;
e5d7: 444f;
e5d8: 444f;
e5d9: 444f;
e5da: 444f;
e5db: 444f;
e5dc: 444f;
e5dd: 444f;
e5de: 444f;
e5df: 444f;
e5e0: 444f;
e5e1: 444f;
e5e2: 444f;
e5e3: 444f;
e5e4: 444f;
e5e5: 444f;
e5e6: 444f;
e5e7: 444f;
e5e8: 444f;
e5e9: 334f;
e5ea: 333f;
e5eb: 333f;
e5ec: 333f;
e5ed: 333f;
e5ee: 333f;
e5ef: 333f;
e5f0: 333f;
e5f1: 444f;
e5f2: 666f;
e5f3: 99af;
e5f4: cccf;
e5f5: eeef;
e5f6: eeef;
e5f7: dddf;
e5f8: dddf;
e5f9: cccf;
e5fa: dccf;
e5fb: ddcf;
e5fc: dccf;
e5fd: dccf;
e5fe: dccf;
e5ff: dccf;
e600: cddf;
e601: cddf;
e602: cddf;
e603: cddf;
e604: cddf;
e605: cddf;
e606: cddf;
e607: cddf;
e608: cddf;
e609: cddf;
e60a: cddf;
e60b: cddf;
e60c: cddf;
e60d: bccf;
e60e: bbbf;
e60f: abbf;
e610: aaaf;
e611: abbf;
e612: bbbf;
e613: bccf;
e614: cccf;
e615: dddf;
e616: dddf;
e617: dddf;
e618: dddf;
e619: dddf;
e61a: cdcf;
e61b: cccf;
e61c: cccf;
e61d: cdcf;
e61e: cdcf;
e61f: ddcf;
e620: dddf;
e621: dddf;
e622: dddf;
e623: dddf;
e624: dddf;
e625: dddf;
e626: dddf;
e627: dddf;
e628: dddf;
e629: dddf;
e62a: dddf;
e62b: dddf;
e62c: dddf;
e62d: dddf;
e62e: dddf;
e62f: dddf;
e630: dddf;
e631: cddf;
e632: cdcf;
e633: cdcf;
e634: cdcf;
e635: cdcf;
e636: cccf;
e637: cccf;
e638: cccf;
e639: cccf;
e63a: cccf;
e63b: cccf;
e63c: cccf;
e63d: cccf;
e63e: cdcf;
e63f: cdcf;
e640: cddf;
e641: dddf;
e642: dddf;
e643: dddf;
e644: dddf;
e645: dddf;
e646: dddf;
e647: dddf;
e648: ddcf;
e649: dddf;
e64a: dddf;
e64b: dddf;
e64c: bcbf;
e64d: 888f;
e64e: 454f;
e64f: 333f;
e650: 333f;
e651: 333f;
e652: 333f;
e653: 333f;
e654: 333f;
e655: 333f;
e656: 443f;
e657: 444f;
e658: 544f;
e659: 444f;
e65a: 544f;
e65b: 544f;
e65c: 544f;
e65d: 544f;
e65e: 544f;
e65f: 544f;
e660: 544f;
e661: 544f;
e662: 544f;
e663: 544f;
e664: 544f;
e665: 544f;
e666: 544f;
e667: 544f;
e668: 544f;
e669: 544f;
e66a: 544f;
e66b: 544f;
e66c: 544f;
e66d: 544f;
e66e: 544f;
e66f: 544f;
e670: 544f;
e671: 544f;
e672: 544f;
e673: 544f;
e674: 544f;
e675: 544f;
e676: 544f;
e677: 544f;
e678: 544f;
e679: 544f;
e67a: 544f;
e67b: 544f;
e67c: 544f;
e67d: 444f;
e67e: 443f;
e67f: 333f;
e680: 333f;
e681: 333f;
e682: 333f;
e683: 333f;
e684: 333f;
e685: 333f;
e686: 333f;
e687: 333f;
e688: 333f;
e689: 333f;
e68a: 333f;
e68b: 333f;
e68c: 333f;
e68d: 333f;
e68e: 333f;
e68f: 333f;
e690: 333f;
e691: 333f;
e692: 343f;
e693: 444f;
e694: 444f;
e695: 443f;
e696: 666f;
e697: 888f;
e698: aa9f;
e699: a99f;
e69a: a99f;
e69b: a99f;
e69c: a99f;
e69d: a99f;
e69e: a99f;
e69f: a99f;
e6a0: a99f;
e6a1: a99f;
e6a2: a99f;
e6a3: a99f;
e6a4: a99f;
e6a5: a99f;
e6a6: a99f;
e6a7: a99f;
e6a8: a99f;
e6a9: aa9f;
e6aa: a99f;
e6ab: 998f;
e6ac: 877f;
e6ad: 655f;
e6ae: 444f;
e6af: 333f;
e6b0: 222f;
e6b1: 222f;
e6b2: 333f;
e6b3: 333f;
e6b4: 333f;
e6b5: 333f;
e6b6: 333f;
e6b7: 333f;
e6b8: 556f;
e6b9: 999f;
e6ba: cccf;
e6bb: cccf;
e6bc: cccf;
e6bd: bbbf;
e6be: bbcf;
e6bf: bbcf;
e6c0: bbbf;
e6c1: bbcf;
e6c2: bbcf;
e6c3: bbcf;
e6c4: cccf;
e6c5: bbbf;
e6c6: 889f;
e6c7: 777f;
e6c8: 555f;
e6c9: 444f;
e6ca: 333f;
e6cb: 333f;
e6cc: 333f;
e6cd: 333f;
e6ce: 333f;
e6cf: 333f;
e6d0: 333f;
e6d1: 444f;
e6d2: 444f;
e6d3: 444f;
e6d4: 444f;
e6d5: 444f;
e6d6: 444f;
e6d7: 444f;
e6d8: 444f;
e6d9: 444f;
e6da: 444f;
e6db: 444f;
e6dc: 444f;
e6dd: 444f;
e6de: 444f;
e6df: 444f;
e6e0: 444f;
e6e1: 444f;
e6e2: 444f;
e6e3: 444f;
e6e4: 444f;
e6e5: 444f;
e6e6: 444f;
e6e7: 444f;
e6e8: 444f;
e6e9: 444f;
e6ea: 333f;
e6eb: 333f;
e6ec: 333f;
e6ed: 333f;
e6ee: 333f;
e6ef: 333f;
e6f0: 333f;
e6f1: 333f;
e6f2: 444f;
e6f3: 778f;
e6f4: bbbf;
e6f5: eeef;
e6f6: eeef;
e6f7: eeef;
e6f8: dddf;
e6f9: dddf;
e6fa: dddf;
e6fb: dddf;
e6fc: dccf;
e6fd: dccf;
e6fe: dccf;
e6ff: dccf;
e700: cddf;
e701: cddf;
e702: cddf;
e703: cddf;
e704: cddf;
e705: cddf;
e706: cddf;
e707: cddf;
e708: cddf;
e709: cddf;
e70a: cddf;
e70b: cddf;
e70c: cddf;
e70d: bccf;
e70e: bbbf;
e70f: abbf;
e710: aaaf;
e711: abbf;
e712: bbbf;
e713: bccf;
e714: cccf;
e715: dddf;
e716: dddf;
e717: dddf;
e718: dddf;
e719: dddf;
e71a: cdcf;
e71b: cccf;
e71c: cccf;
e71d: cdcf;
e71e: cdcf;
e71f: cdcf;
e720: dddf;
e721: dddf;
e722: dddf;
e723: dddf;
e724: dddf;
e725: dddf;
e726: dddf;
e727: dddf;
e728: dddf;
e729: dddf;
e72a: dddf;
e72b: dddf;
e72c: dddf;
e72d: dddf;
e72e: dddf;
e72f: dddf;
e730: dddf;
e731: dddf;
e732: cddf;
e733: cddf;
e734: cdcf;
e735: cdcf;
e736: cdcf;
e737: cccf;
e738: cccf;
e739: cccf;
e73a: cccf;
e73b: cccf;
e73c: cccf;
e73d: cccf;
e73e: cdcf;
e73f: cdcf;
e740: cddf;
e741: dddf;
e742: dddf;
e743: dddf;
e744: dddf;
e745: dddf;
e746: dddf;
e747: dddf;
e748: ddcf;
e749: dddf;
e74a: dddf;
e74b: dddf;
e74c: bbbf;
e74d: 888f;
e74e: 454f;
e74f: 333f;
e750: 333f;
e751: 333f;
e752: 333f;
e753: 333f;
e754: 333f;
e755: 333f;
e756: 343f;
e757: 444f;
e758: 544f;
e759: 444f;
e75a: 544f;
e75b: 544f;
e75c: 544f;
e75d: 544f;
e75e: 544f;
e75f: 544f;
e760: 544f;
e761: 544f;
e762: 544f;
e763: 544f;
e764: 544f;
e765: 554f;
e766: 554f;
e767: 544f;
e768: 544f;
e769: 544f;
e76a: 544f;
e76b: 544f;
e76c: 544f;
e76d: 544f;
e76e: 544f;
e76f: 544f;
e770: 544f;
e771: 544f;
e772: 544f;
e773: 544f;
e774: 544f;
e775: 544f;
e776: 544f;
e777: 544f;
e778: 544f;
e779: 544f;
e77a: 544f;
e77b: 544f;
e77c: 544f;
e77d: 444f;
e77e: 443f;
e77f: 333f;
e780: 333f;
e781: 333f;
e782: 333f;
e783: 333f;
e784: 333f;
e785: 333f;
e786: 333f;
e787: 333f;
e788: 333f;
e789: 333f;
e78a: 333f;
e78b: 333f;
e78c: 333f;
e78d: 333f;
e78e: 333f;
e78f: 333f;
e790: 333f;
e791: 333f;
e792: 444f;
e793: 444f;
e794: 444f;
e795: 444f;
e796: 666f;
e797: 888f;
e798: aaaf;
e799: a99f;
e79a: a99f;
e79b: a99f;
e79c: a99f;
e79d: a99f;
e79e: a99f;
e79f: a99f;
e7a0: a99f;
e7a1: a99f;
e7a2: a99f;
e7a3: a99f;
e7a4: a99f;
e7a5: a99f;
e7a6: a98f;
e7a7: a99f;
e7a8: a99f;
e7a9: a99f;
e7aa: a99f;
e7ab: 988f;
e7ac: 766f;
e7ad: 554f;
e7ae: 333f;
e7af: 322f;
e7b0: 222f;
e7b1: 332f;
e7b2: 433f;
e7b3: 444f;
e7b4: 444f;
e7b5: 334f;
e7b6: 333f;
e7b7: 333f;
e7b8: 666f;
e7b9: 999f;
e7ba: cccf;
e7bb: cccf;
e7bc: bbcf;
e7bd: bbbf;
e7be: bbcf;
e7bf: bbbf;
e7c0: bbcf;
e7c1: bccf;
e7c2: bccf;
e7c3: bbcf;
e7c4: bbbf;
e7c5: 9aaf;
e7c6: 777f;
e7c7: 555f;
e7c8: 444f;
e7c9: 333f;
e7ca: 333f;
e7cb: 223f;
e7cc: 333f;
e7cd: 333f;
e7ce: 333f;
e7cf: 333f;
e7d0: 333f;
e7d1: 444f;
e7d2: 444f;
e7d3: 444f;
e7d4: 444f;
e7d5: 444f;
e7d6: 444f;
e7d7: 444f;
e7d8: 444f;
e7d9: 444f;
e7da: 444f;
e7db: 444f;
e7dc: 444f;
e7dd: 444f;
e7de: 444f;
e7df: 444f;
e7e0: 444f;
e7e1: 444f;
e7e2: 444f;
e7e3: 444f;
e7e4: 444f;
e7e5: 444f;
e7e6: 444f;
e7e7: 444f;
e7e8: 444f;
e7e9: 444f;
e7ea: 333f;
e7eb: 333f;
e7ec: 333f;
e7ed: 333f;
e7ee: 333f;
e7ef: 333f;
e7f0: 333f;
e7f1: 333f;
e7f2: 444f;
e7f3: 666f;
e7f4: 99af;
e7f5: dddf;
e7f6: eeef;
e7f7: eeef;
e7f8: dddf;
e7f9: dddf;
e7fa: dddf;
e7fb: dddf;
e7fc: dccf;
e7fd: dccf;
e7fe: dccf;
e7ff: dccf;
e800: cddf;
e801: cddf;
e802: cddf;
e803: cddf;
e804: cddf;
e805: cddf;
e806: cddf;
e807: cddf;
e808: cddf;
e809: cddf;
e80a: cddf;
e80b: cddf;
e80c: cddf;
e80d: cccf;
e80e: bbbf;
e80f: abbf;
e810: aaaf;
e811: abbf;
e812: bbbf;
e813: bccf;
e814: cdcf;
e815: dddf;
e816: dddf;
e817: dddf;
e818: dddf;
e819: dddf;
e81a: cdcf;
e81b: cdcf;
e81c: cdcf;
e81d: cdcf;
e81e: cdcf;
e81f: cdcf;
e820: dddf;
e821: dddf;
e822: dddf;
e823: dddf;
e824: dddf;
e825: dddf;
e826: dddf;
e827: dddf;
e828: dddf;
e829: dddf;
e82a: dddf;
e82b: dddf;
e82c: dddf;
e82d: dddf;
e82e: dddf;
e82f: dddf;
e830: dddf;
e831: dddf;
e832: dddf;
e833: cddf;
e834: cddf;
e835: cddf;
e836: cddf;
e837: cddf;
e838: cccf;
e839: cccf;
e83a: cccf;
e83b: cccf;
e83c: cccf;
e83d: cccf;
e83e: cdcf;
e83f: cdcf;
e840: cddf;
e841: dddf;
e842: dddf;
e843: dddf;
e844: dddf;
e845: dddf;
e846: dddf;
e847: dddf;
e848: dddf;
e849: dddf;
e84a: dddf;
e84b: dddf;
e84c: bbbf;
e84d: 888f;
e84e: 444f;
e84f: 333f;
e850: 333f;
e851: 333f;
e852: 333f;
e853: 333f;
e854: 333f;
e855: 333f;
e856: 343f;
e857: 444f;
e858: 444f;
e859: 444f;
e85a: 544f;
e85b: 544f;
e85c: 544f;
e85d: 544f;
e85e: 544f;
e85f: 544f;
e860: 444f;
e861: 544f;
e862: 544f;
e863: 554f;
e864: 554f;
e865: 554f;
e866: 554f;
e867: 544f;
e868: 544f;
e869: 544f;
e86a: 544f;
e86b: 544f;
e86c: 544f;
e86d: 544f;
e86e: 544f;
e86f: 544f;
e870: 544f;
e871: 544f;
e872: 544f;
e873: 544f;
e874: 544f;
e875: 544f;
e876: 544f;
e877: 544f;
e878: 544f;
e879: 544f;
e87a: 544f;
e87b: 544f;
e87c: 544f;
e87d: 444f;
e87e: 443f;
e87f: 333f;
e880: 333f;
e881: 333f;
e882: 333f;
e883: 333f;
e884: 333f;
e885: 333f;
e886: 333f;
e887: 333f;
e888: 333f;
e889: 333f;
e88a: 333f;
e88b: 333f;
e88c: 333f;
e88d: 333f;
e88e: 333f;
e88f: 333f;
e890: 333f;
e891: 333f;
e892: 433f;
e893: 444f;
e894: 443f;
e895: 433f;
e896: 665f;
e897: 887f;
e898: a99f;
e899: a99f;
e89a: a99f;
e89b: a99f;
e89c: a99f;
e89d: a99f;
e89e: a99f;
e89f: a99f;
e8a0: a99f;
e8a1: a99f;
e8a2: a99f;
e8a3: a99f;
e8a4: a99f;
e8a5: a99f;
e8a6: a99f;
e8a7: a99f;
e8a8: a99f;
e8a9: 999f;
e8aa: 988f;
e8ab: 777f;
e8ac: 555f;
e8ad: 444f;
e8ae: 333f;
e8af: 332f;
e8b0: 332f;
e8b1: 333f;
e8b2: 555f;
e8b3: 555f;
e8b4: 556f;
e8b5: 444f;
e8b6: 333f;
e8b7: 333f;
e8b8: 777f;
e8b9: aaaf;
e8ba: cccf;
e8bb: cccf;
e8bc: cccf;
e8bd: bbcf;
e8be: bbbf;
e8bf: bbbf;
e8c0: bbbf;
e8c1: cccf;
e8c2: cccf;
e8c3: bbbf;
e8c4: 99af;
e8c5: 778f;
e8c6: 556f;
e8c7: 444f;
e8c8: 333f;
e8c9: 333f;
e8ca: 333f;
e8cb: 333f;
e8cc: 333f;
e8cd: 333f;
e8ce: 333f;
e8cf: 333f;
e8d0: 333f;
e8d1: 444f;
e8d2: 444f;
e8d3: 444f;
e8d4: 444f;
e8d5: 444f;
e8d6: 444f;
e8d7: 444f;
e8d8: 444f;
e8d9: 443f;
e8da: 444f;
e8db: 444f;
e8dc: 444f;
e8dd: 444f;
e8de: 444f;
e8df: 444f;
e8e0: 444f;
e8e1: 444f;
e8e2: 444f;
e8e3: 444f;
e8e4: 444f;
e8e5: 444f;
e8e6: 444f;
e8e7: 444f;
e8e8: 444f;
e8e9: 444f;
e8ea: 444f;
e8eb: 433f;
e8ec: 333f;
e8ed: 333f;
e8ee: 333f;
e8ef: 333f;
e8f0: 333f;
e8f1: 322f;
e8f2: 333f;
e8f3: 444f;
e8f4: 878f;
e8f5: bbbf;
e8f6: eeef;
e8f7: eeef;
e8f8: eeef;
e8f9: eddf;
e8fa: eddf;
e8fb: eddf;
e8fc: dddf;
e8fd: dccf;
e8fe: dccf;
e8ff: dccf;
e900: cddf;
e901: cddf;
e902: cddf;
e903: cddf;
e904: cddf;
e905: cddf;
e906: cddf;
e907: cddf;
e908: cddf;
e909: cddf;
e90a: cddf;
e90b: cddf;
e90c: cddf;
e90d: cccf;
e90e: bbbf;
e90f: abbf;
e910: aaaf;
e911: abbf;
e912: bbbf;
e913: bccf;
e914: cddf;
e915: dddf;
e916: dddf;
e917: dddf;
e918: dddf;
e919: cddf;
e91a: cdcf;
e91b: cdcf;
e91c: cdcf;
e91d: cdcf;
e91e: cdcf;
e91f: cdcf;
e920: dddf;
e921: dddf;
e922: dddf;
e923: dddf;
e924: dddf;
e925: dddf;
e926: dddf;
e927: dddf;
e928: dddf;
e929: dddf;
e92a: dddf;
e92b: dddf;
e92c: dddf;
e92d: dddf;
e92e: dddf;
e92f: dddf;
e930: dddf;
e931: dddf;
e932: dddf;
e933: dddf;
e934: dddf;
e935: dddf;
e936: cddf;
e937: cddf;
e938: cccf;
e939: cccf;
e93a: cccf;
e93b: cccf;
e93c: cccf;
e93d: cccf;
e93e: cdcf;
e93f: cdcf;
e940: cddf;
e941: dddf;
e942: dddf;
e943: dddf;
e944: dddf;
e945: dddf;
e946: dddf;
e947: dddf;
e948: dddf;
e949: dddf;
e94a: dddf;
e94b: dddf;
e94c: aaaf;
e94d: 787f;
e94e: 444f;
e94f: 333f;
e950: 333f;
e951: 333f;
e952: 333f;
e953: 333f;
e954: 333f;
e955: 333f;
e956: 333f;
e957: 444f;
e958: 444f;
e959: 444f;
e95a: 544f;
e95b: 544f;
e95c: 544f;
e95d: 544f;
e95e: 544f;
e95f: 544f;
e960: 544f;
e961: 544f;
e962: 544f;
e963: 544f;
e964: 544f;
e965: 544f;
e966: 544f;
e967: 544f;
e968: 544f;
e969: 544f;
e96a: 544f;
e96b: 544f;
e96c: 544f;
e96d: 544f;
e96e: 544f;
e96f: 544f;
e970: 544f;
e971: 544f;
e972: 544f;
e973: 544f;
e974: 544f;
e975: 544f;
e976: 544f;
e977: 544f;
e978: 544f;
e979: 544f;
e97a: 544f;
e97b: 544f;
e97c: 544f;
e97d: 444f;
e97e: 443f;
e97f: 333f;
e980: 333f;
e981: 333f;
e982: 333f;
e983: 333f;
e984: 333f;
e985: 333f;
e986: 333f;
e987: 333f;
e988: 333f;
e989: 333f;
e98a: 333f;
e98b: 333f;
e98c: 333f;
e98d: 333f;
e98e: 333f;
e98f: 333f;
e990: 333f;
e991: 333f;
e992: 433f;
e993: 443f;
e994: 433f;
e995: 433f;
e996: 665f;
e997: 887f;
e998: a99f;
e999: a99f;
e99a: a99f;
e99b: a99f;
e99c: a99f;
e99d: a99f;
e99e: a99f;
e99f: a99f;
e9a0: a99f;
e9a1: a99f;
e9a2: a99f;
e9a3: a99f;
e9a4: a99f;
e9a5: a99f;
e9a6: a99f;
e9a7: a99f;
e9a8: 999f;
e9a9: 998f;
e9aa: 887f;
e9ab: 666f;
e9ac: 443f;
e9ad: 333f;
e9ae: 332f;
e9af: 333f;
e9b0: 333f;
e9b1: 444f;
e9b2: 666f;
e9b3: 777f;
e9b4: 778f;
e9b5: 555f;
e9b6: 344f;
e9b7: 344f;
e9b8: 878f;
e9b9: aaaf;
e9ba: cccf;
e9bb: cccf;
e9bc: cccf;
e9bd: cccf;
e9be: bbcf;
e9bf: bbcf;
e9c0: cbcf;
e9c1: bbcf;
e9c2: bbbf;
e9c3: aaaf;
e9c4: 888f;
e9c5: 556f;
e9c6: 444f;
e9c7: 333f;
e9c8: 333f;
e9c9: 333f;
e9ca: 333f;
e9cb: 333f;
e9cc: 333f;
e9cd: 333f;
e9ce: 333f;
e9cf: 333f;
e9d0: 444f;
e9d1: 444f;
e9d2: 444f;
e9d3: 444f;
e9d4: 444f;
e9d5: 444f;
e9d6: 444f;
e9d7: 444f;
e9d8: 444f;
e9d9: 443f;
e9da: 444f;
e9db: 444f;
e9dc: 444f;
e9dd: 444f;
e9de: 444f;
e9df: 444f;
e9e0: 444f;
e9e1: 444f;
e9e2: 444f;
e9e3: 444f;
e9e4: 444f;
e9e5: 444f;
e9e6: 444f;
e9e7: 444f;
e9e8: 444f;
e9e9: 444f;
e9ea: 444f;
e9eb: 444f;
e9ec: 333f;
e9ed: 333f;
e9ee: 333f;
e9ef: 333f;
e9f0: 333f;
e9f1: 222f;
e9f2: 222f;
e9f3: 222f;
e9f4: 666f;
e9f5: 999f;
e9f6: eddf;
e9f7: eeef;
e9f8: eeef;
e9f9: eeef;
e9fa: eddf;
e9fb: eddf;
e9fc: dddf;
e9fd: ddcf;
e9fe: dccf;
e9ff: dccf;
ea00: cddf;
ea01: cddf;
ea02: cddf;
ea03: cddf;
ea04: cddf;
ea05: cddf;
ea06: cddf;
ea07: cddf;
ea08: cddf;
ea09: cddf;
ea0a: cddf;
ea0b: cddf;
ea0c: cddf;
ea0d: cccf;
ea0e: bbbf;
ea0f: abbf;
ea10: aaaf;
ea11: abbf;
ea12: bbbf;
ea13: bccf;
ea14: cddf;
ea15: dddf;
ea16: dddf;
ea17: dddf;
ea18: dddf;
ea19: cddf;
ea1a: cdcf;
ea1b: cdcf;
ea1c: cdcf;
ea1d: cdcf;
ea1e: cdcf;
ea1f: cdcf;
ea20: dddf;
ea21: dddf;
ea22: dddf;
ea23: dddf;
ea24: dddf;
ea25: dddf;
ea26: dddf;
ea27: dddf;
ea28: dddf;
ea29: dddf;
ea2a: dddf;
ea2b: dddf;
ea2c: dddf;
ea2d: dddf;
ea2e: dddf;
ea2f: dddf;
ea30: dddf;
ea31: dddf;
ea32: dddf;
ea33: dddf;
ea34: dddf;
ea35: dddf;
ea36: dddf;
ea37: dddf;
ea38: cddf;
ea39: cddf;
ea3a: cccf;
ea3b: cccf;
ea3c: cccf;
ea3d: cccf;
ea3e: cdcf;
ea3f: cdcf;
ea40: cddf;
ea41: dddf;
ea42: dddf;
ea43: dddf;
ea44: cddf;
ea45: cddf;
ea46: dddf;
ea47: dddf;
ea48: dddf;
ea49: dddf;
ea4a: dddf;
ea4b: cdcf;
ea4c: aaaf;
ea4d: 777f;
ea4e: 444f;
ea4f: 333f;
ea50: 333f;
ea51: 333f;
ea52: 333f;
ea53: 333f;
ea54: 333f;
ea55: 333f;
ea56: 333f;
ea57: 444f;
ea58: 444f;
ea59: 444f;
ea5a: 544f;
ea5b: 544f;
ea5c: 544f;
ea5d: 544f;
ea5e: 544f;
ea5f: 544f;
ea60: 544f;
ea61: 544f;
ea62: 544f;
ea63: 544f;
ea64: 544f;
ea65: 444f;
ea66: 544f;
ea67: 544f;
ea68: 444f;
ea69: 544f;
ea6a: 544f;
ea6b: 544f;
ea6c: 544f;
ea6d: 544f;
ea6e: 544f;
ea6f: 544f;
ea70: 544f;
ea71: 544f;
ea72: 544f;
ea73: 544f;
ea74: 544f;
ea75: 544f;
ea76: 544f;
ea77: 544f;
ea78: 544f;
ea79: 544f;
ea7a: 544f;
ea7b: 544f;
ea7c: 544f;
ea7d: 444f;
ea7e: 443f;
ea7f: 333f;
ea80: 333f;
ea81: 333f;
ea82: 333f;
ea83: 333f;
ea84: 333f;
ea85: 333f;
ea86: 333f;
ea87: 333f;
ea88: 333f;
ea89: 333f;
ea8a: 333f;
ea8b: 333f;
ea8c: 333f;
ea8d: 333f;
ea8e: 333f;
ea8f: 333f;
ea90: 333f;
ea91: 333f;
ea92: 433f;
ea93: 444f;
ea94: 443f;
ea95: 443f;
ea96: 666f;
ea97: 888f;
ea98: a99f;
ea99: a99f;
ea9a: a99f;
ea9b: a99f;
ea9c: a99f;
ea9d: a99f;
ea9e: a99f;
ea9f: a99f;
eaa0: a99f;
eaa1: a99f;
eaa2: a99f;
eaa3: a99f;
eaa4: a99f;
eaa5: a99f;
eaa6: a99f;
eaa7: a99f;
eaa8: 999f;
eaa9: 888f;
eaaa: 766f;
eaab: 554f;
eaac: 333f;
eaad: 222f;
eaae: 222f;
eaaf: 333f;
eab0: 444f;
eab1: 555f;
eab2: 888f;
eab3: 999f;
eab4: 999f;
eab5: 667f;
eab6: 455f;
eab7: 445f;
eab8: 889f;
eab9: bbbf;
eaba: cccf;
eabb: cccf;
eabc: cccf;
eabd: cbcf;
eabe: cbcf;
eabf: bbcf;
eac0: cccf;
eac1: bbbf;
eac2: aaaf;
eac3: 888f;
eac4: 666f;
eac5: 444f;
eac6: 333f;
eac7: 223f;
eac8: 333f;
eac9: 333f;
eaca: 333f;
eacb: 333f;
eacc: 333f;
eacd: 333f;
eace: 333f;
eacf: 343f;
ead0: 444f;
ead1: 444f;
ead2: 444f;
ead3: 444f;
ead4: 444f;
ead5: 444f;
ead6: 444f;
ead7: 444f;
ead8: 444f;
ead9: 443f;
eada: 444f;
eadb: 444f;
eadc: 444f;
eadd: 444f;
eade: 444f;
eadf: 444f;
eae0: 444f;
eae1: 444f;
eae2: 444f;
eae3: 444f;
eae4: 444f;
eae5: 444f;
eae6: 444f;
eae7: 444f;
eae8: 444f;
eae9: 444f;
eaea: 444f;
eaeb: 444f;
eaec: 444f;
eaed: 433f;
eaee: 333f;
eaef: 333f;
eaf0: 333f;
eaf1: 333f;
eaf2: 322f;
eaf3: 222f;
eaf4: 444f;
eaf5: 777f;
eaf6: dccf;
eaf7: eeef;
eaf8: eeef;
eaf9: eeef;
eafa: eddf;
eafb: eddf;
eafc: eddf;
eafd: ddcf;
eafe: dccf;
eaff: dccf;
eb00: cddf;
eb01: cddf;
eb02: cddf;
eb03: cddf;
eb04: cddf;
eb05: cddf;
eb06: cddf;
eb07: cddf;
eb08: cddf;
eb09: cddf;
eb0a: cddf;
eb0b: cddf;
eb0c: cddf;
eb0d: cccf;
eb0e: bbbf;
eb0f: abbf;
eb10: aaaf;
eb11: abbf;
eb12: bbbf;
eb13: bccf;
eb14: cddf;
eb15: dddf;
eb16: dddf;
eb17: dddf;
eb18: dddf;
eb19: cddf;
eb1a: cdcf;
eb1b: cdcf;
eb1c: cdcf;
eb1d: cdcf;
eb1e: cdcf;
eb1f: cdcf;
eb20: dddf;
eb21: dddf;
eb22: dddf;
eb23: dddf;
eb24: dddf;
eb25: dddf;
eb26: dddf;
eb27: dddf;
eb28: dddf;
eb29: dddf;
eb2a: dddf;
eb2b: dddf;
eb2c: dddf;
eb2d: dddf;
eb2e: dddf;
eb2f: dddf;
eb30: dddf;
eb31: dddf;
eb32: dddf;
eb33: dddf;
eb34: dddf;
eb35: dddf;
eb36: dddf;
eb37: dddf;
eb38: cddf;
eb39: cddf;
eb3a: cdcf;
eb3b: cdcf;
eb3c: cccf;
eb3d: cccf;
eb3e: cdcf;
eb3f: cdcf;
eb40: cddf;
eb41: dddf;
eb42: dddf;
eb43: dddf;
eb44: cdcf;
eb45: cdcf;
eb46: cddf;
eb47: cddf;
eb48: dddf;
eb49: dddf;
eb4a: dddf;
eb4b: cccf;
eb4c: aaaf;
eb4d: 777f;
eb4e: 343f;
eb4f: 333f;
eb50: 333f;
eb51: 333f;
eb52: 333f;
eb53: 333f;
eb54: 333f;
eb55: 333f;
eb56: 333f;
eb57: 444f;
eb58: 444f;
eb59: 444f;
eb5a: 544f;
eb5b: 544f;
eb5c: 544f;
eb5d: 544f;
eb5e: 544f;
eb5f: 544f;
eb60: 544f;
eb61: 544f;
eb62: 544f;
eb63: 544f;
eb64: 544f;
eb65: 544f;
eb66: 544f;
eb67: 544f;
eb68: 444f;
eb69: 544f;
eb6a: 544f;
eb6b: 544f;
eb6c: 544f;
eb6d: 544f;
eb6e: 544f;
eb6f: 544f;
eb70: 544f;
eb71: 544f;
eb72: 544f;
eb73: 544f;
eb74: 544f;
eb75: 544f;
eb76: 544f;
eb77: 544f;
eb78: 544f;
eb79: 544f;
eb7a: 544f;
eb7b: 544f;
eb7c: 544f;
eb7d: 444f;
eb7e: 443f;
eb7f: 333f;
eb80: 333f;
eb81: 333f;
eb82: 333f;
eb83: 333f;
eb84: 333f;
eb85: 333f;
eb86: 333f;
eb87: 333f;
eb88: 333f;
eb89: 333f;
eb8a: 333f;
eb8b: 333f;
eb8c: 333f;
eb8d: 333f;
eb8e: 333f;
eb8f: 333f;
eb90: 333f;
eb91: 333f;
eb92: 443f;
eb93: 444f;
eb94: 444f;
eb95: 444f;
eb96: 766f;
eb97: 888f;
eb98: a99f;
eb99: a99f;
eb9a: a99f;
eb9b: a99f;
eb9c: a99f;
eb9d: a99f;
eb9e: a99f;
eb9f: a99f;
eba0: a99f;
eba1: a99f;
eba2: a99f;
eba3: a99f;
eba4: a99f;
eba5: a99f;
eba6: a99f;
eba7: a99f;
eba8: 988f;
eba9: 777f;
ebaa: 555f;
ebab: 433f;
ebac: 222f;
ebad: 222f;
ebae: 332f;
ebaf: 333f;
ebb0: 555f;
ebb1: 777f;
ebb2: 999f;
ebb3: aaaf;
ebb4: aaaf;
ebb5: 888f;
ebb6: 666f;
ebb7: 666f;
ebb8: 999f;
ebb9: bbbf;
ebba: cccf;
ebbb: cccf;
ebbc: bbcf;
ebbd: bbcf;
ebbe: bbcf;
ebbf: bbcf;
ebc0: cccf;
ebc1: bbbf;
ebc2: 999f;
ebc3: 777f;
ebc4: 555f;
ebc5: 333f;
ebc6: 223f;
ebc7: 323f;
ebc8: 333f;
ebc9: 333f;
ebca: 333f;
ebcb: 333f;
ebcc: 333f;
ebcd: 333f;
ebce: 333f;
ebcf: 333f;
ebd0: 444f;
ebd1: 444f;
ebd2: 444f;
ebd3: 444f;
ebd4: 444f;
ebd5: 444f;
ebd6: 444f;
ebd7: 444f;
ebd8: 444f;
ebd9: 443f;
ebda: 444f;
ebdb: 444f;
ebdc: 444f;
ebdd: 444f;
ebde: 444f;
ebdf: 444f;
ebe0: 444f;
ebe1: 444f;
ebe2: 444f;
ebe3: 444f;
ebe4: 444f;
ebe5: 444f;
ebe6: 444f;
ebe7: 444f;
ebe8: 444f;
ebe9: 444f;
ebea: 444f;
ebeb: 444f;
ebec: 444f;
ebed: 444f;
ebee: 433f;
ebef: 333f;
ebf0: 433f;
ebf1: 333f;
ebf2: 333f;
ebf3: 222f;
ebf4: 333f;
ebf5: 666f;
ebf6: bbbf;
ebf7: dddf;
ebf8: eeef;
ebf9: eeef;
ebfa: eeef;
ebfb: eddf;
ebfc: eddf;
ebfd: dddf;
ebfe: ddcf;
ebff: dccf;
ec00: cddf;
ec01: cddf;
ec02: cddf;
ec03: cddf;
ec04: cddf;
ec05: cddf;
ec06: cddf;
ec07: cddf;
ec08: cddf;
ec09: cddf;
ec0a: cddf;
ec0b: cddf;
ec0c: cddf;
ec0d: cccf;
ec0e: bbcf;
ec0f: abbf;
ec10: aaaf;
ec11: abbf;
ec12: bbbf;
ec13: bccf;
ec14: cddf;
ec15: dddf;
ec16: dddf;
ec17: dddf;
ec18: dddf;
ec19: cddf;
ec1a: cdcf;
ec1b: cdcf;
ec1c: cdcf;
ec1d: cdcf;
ec1e: cdcf;
ec1f: ddcf;
ec20: dddf;
ec21: dddf;
ec22: dddf;
ec23: dddf;
ec24: dddf;
ec25: dddf;
ec26: dddf;
ec27: dddf;
ec28: dddf;
ec29: dddf;
ec2a: dddf;
ec2b: dddf;
ec2c: dddf;
ec2d: dddf;
ec2e: dddf;
ec2f: dddf;
ec30: dddf;
ec31: dddf;
ec32: dddf;
ec33: dddf;
ec34: dddf;
ec35: dddf;
ec36: dddf;
ec37: dddf;
ec38: dddf;
ec39: dddf;
ec3a: dddf;
ec3b: cddf;
ec3c: cccf;
ec3d: cccf;
ec3e: cccf;
ec3f: cdcf;
ec40: dddf;
ec41: dddf;
ec42: dddf;
ec43: dddf;
ec44: cdcf;
ec45: cdcf;
ec46: cdcf;
ec47: cddf;
ec48: dddf;
ec49: dddf;
ec4a: dddf;
ec4b: cccf;
ec4c: 999f;
ec4d: 666f;
ec4e: 333f;
ec4f: 333f;
ec50: 333f;
ec51: 333f;
ec52: 333f;
ec53: 333f;
ec54: 333f;
ec55: 333f;
ec56: 333f;
ec57: 444f;
ec58: 444f;
ec59: 554f;
ec5a: 554f;
ec5b: 554f;
ec5c: 544f;
ec5d: 544f;
ec5e: 544f;
ec5f: 544f;
ec60: 544f;
ec61: 544f;
ec62: 544f;
ec63: 544f;
ec64: 544f;
ec65: 544f;
ec66: 544f;
ec67: 544f;
ec68: 544f;
ec69: 544f;
ec6a: 544f;
ec6b: 544f;
ec6c: 544f;
ec6d: 544f;
ec6e: 544f;
ec6f: 544f;
ec70: 544f;
ec71: 544f;
ec72: 544f;
ec73: 544f;
ec74: 544f;
ec75: 544f;
ec76: 544f;
ec77: 544f;
ec78: 544f;
ec79: 544f;
ec7a: 544f;
ec7b: 544f;
ec7c: 544f;
ec7d: 444f;
ec7e: 443f;
ec7f: 333f;
ec80: 333f;
ec81: 333f;
ec82: 333f;
ec83: 333f;
ec84: 333f;
ec85: 333f;
ec86: 333f;
ec87: 333f;
ec88: 333f;
ec89: 333f;
ec8a: 333f;
ec8b: 333f;
ec8c: 333f;
ec8d: 333f;
ec8e: 333f;
ec8f: 333f;
ec90: 333f;
ec91: 444f;
ec92: 444f;
ec93: 444f;
ec94: 443f;
ec95: 444f;
ec96: 776f;
ec97: 988f;
ec98: a99f;
ec99: a99f;
ec9a: a99f;
ec9b: a99f;
ec9c: a99f;
ec9d: a99f;
ec9e: a99f;
ec9f: a99f;
eca0: a99f;
eca1: a99f;
eca2: a99f;
eca3: a99f;
eca4: a99f;
eca5: a99f;
eca6: a99f;
eca7: 988f;
eca8: 777f;
eca9: 665f;
ecaa: 444f;
ecab: 333f;
ecac: 222f;
ecad: 222f;
ecae: 333f;
ecaf: 444f;
ecb0: 666f;
ecb1: 999f;
ecb2: bbbf;
ecb3: bbbf;
ecb4: bbbf;
ecb5: 999f;
ecb6: 888f;
ecb7: 778f;
ecb8: aaaf;
ecb9: bbbf;
ecba: cccf;
ecbb: cccf;
ecbc: cccf;
ecbd: bbcf;
ecbe: bbcf;
ecbf: bbcf;
ecc0: cccf;
ecc1: aaaf;
ecc2: 888f;
ecc3: 556f;
ecc4: 444f;
ecc5: 333f;
ecc6: 333f;
ecc7: 333f;
ecc8: 333f;
ecc9: 333f;
ecca: 333f;
eccb: 333f;
eccc: 333f;
eccd: 333f;
ecce: 343f;
eccf: 333f;
ecd0: 433f;
ecd1: 433f;
ecd2: 444f;
ecd3: 444f;
ecd4: 444f;
ecd5: 444f;
ecd6: 444f;
ecd7: 444f;
ecd8: 444f;
ecd9: 443f;
ecda: 444f;
ecdb: 443f;
ecdc: 444f;
ecdd: 444f;
ecde: 444f;
ecdf: 444f;
ece0: 444f;
ece1: 444f;
ece2: 444f;
ece3: 444f;
ece4: 444f;
ece5: 444f;
ece6: 444f;
ece7: 444f;
ece8: 444f;
ece9: 444f;
ecea: 444f;
eceb: 444f;
ecec: 444f;
eced: 444f;
ecee: 444f;
ecef: 444f;
ecf0: 433f;
ecf1: 333f;
ecf2: 333f;
ecf3: 222f;
ecf4: 222f;
ecf5: 444f;
ecf6: 999f;
ecf7: cccf;
ecf8: eeef;
ecf9: eeef;
ecfa: eeef;
ecfb: eddf;
ecfc: eddf;
ecfd: eddf;
ecfe: ddcf;
ecff: dccf;
ed00: cccf;
ed01: cddf;
ed02: cddf;
ed03: cddf;
ed04: cddf;
ed05: cddf;
ed06: cddf;
ed07: cddf;
ed08: cddf;
ed09: cddf;
ed0a: cddf;
ed0b: cddf;
ed0c: cddf;
ed0d: cccf;
ed0e: bbcf;
ed0f: abbf;
ed10: aaaf;
ed11: abbf;
ed12: bbbf;
ed13: bccf;
ed14: cddf;
ed15: dddf;
ed16: dddf;
ed17: dddf;
ed18: dddf;
ed19: cddf;
ed1a: cdcf;
ed1b: cdcf;
ed1c: cdcf;
ed1d: cdcf;
ed1e: cdcf;
ed1f: ddcf;
ed20: dddf;
ed21: dddf;
ed22: dddf;
ed23: dddf;
ed24: dddf;
ed25: dddf;
ed26: dddf;
ed27: dddf;
ed28: dddf;
ed29: dddf;
ed2a: dddf;
ed2b: dddf;
ed2c: dddf;
ed2d: dddf;
ed2e: dddf;
ed2f: dddf;
ed30: dddf;
ed31: dddf;
ed32: dddf;
ed33: dddf;
ed34: dddf;
ed35: dddf;
ed36: dddf;
ed37: dddf;
ed38: dddf;
ed39: dddf;
ed3a: dddf;
ed3b: cddf;
ed3c: cccf;
ed3d: cccf;
ed3e: cccf;
ed3f: cdcf;
ed40: dddf;
ed41: dddf;
ed42: dddf;
ed43: dddf;
ed44: cdcf;
ed45: cccf;
ed46: cccf;
ed47: cdcf;
ed48: dddf;
ed49: dddf;
ed4a: dddf;
ed4b: cccf;
ed4c: 999f;
ed4d: 666f;
ed4e: 333f;
ed4f: 333f;
ed50: 333f;
ed51: 333f;
ed52: 333f;
ed53: 333f;
ed54: 333f;
ed55: 333f;
ed56: 333f;
ed57: 444f;
ed58: 444f;
ed59: 544f;
ed5a: 554f;
ed5b: 544f;
ed5c: 544f;
ed5d: 544f;
ed5e: 544f;
ed5f: 544f;
ed60: 544f;
ed61: 544f;
ed62: 544f;
ed63: 544f;
ed64: 544f;
ed65: 544f;
ed66: 544f;
ed67: 544f;
ed68: 544f;
ed69: 544f;
ed6a: 544f;
ed6b: 544f;
ed6c: 544f;
ed6d: 544f;
ed6e: 544f;
ed6f: 544f;
ed70: 544f;
ed71: 544f;
ed72: 544f;
ed73: 544f;
ed74: 544f;
ed75: 544f;
ed76: 544f;
ed77: 544f;
ed78: 544f;
ed79: 544f;
ed7a: 544f;
ed7b: 544f;
ed7c: 544f;
ed7d: 444f;
ed7e: 443f;
ed7f: 333f;
ed80: 333f;
ed81: 333f;
ed82: 333f;
ed83: 333f;
ed84: 333f;
ed85: 333f;
ed86: 333f;
ed87: 333f;
ed88: 333f;
ed89: 333f;
ed8a: 333f;
ed8b: 333f;
ed8c: 333f;
ed8d: 333f;
ed8e: 333f;
ed8f: 333f;
ed90: 333f;
ed91: 444f;
ed92: 544f;
ed93: 444f;
ed94: 443f;
ed95: 444f;
ed96: 776f;
ed97: 988f;
ed98: aa9f;
ed99: aa9f;
ed9a: a99f;
ed9b: a99f;
ed9c: a99f;
ed9d: a99f;
ed9e: a99f;
ed9f: a99f;
eda0: a99f;
eda1: a99f;
eda2: a99f;
eda3: a99f;
eda4: a99f;
eda5: a99f;
eda6: 999f;
eda7: 888f;
eda8: 766f;
eda9: 554f;
edaa: 333f;
edab: 222f;
edac: 222f;
edad: 333f;
edae: 444f;
edaf: 665f;
edb0: 888f;
edb1: aaaf;
edb2: bbbf;
edb3: bbcf;
edb4: bbbf;
edb5: aaaf;
edb6: aaaf;
edb7: 999f;
edb8: aaaf;
edb9: bbbf;
edba: cccf;
edbb: cccf;
edbc: cbcf;
edbd: bbcf;
edbe: bbcf;
edbf: bbcf;
edc0: bbbf;
edc1: 889f;
edc2: 666f;
edc3: 444f;
edc4: 333f;
edc5: 333f;
edc6: 333f;
edc7: 333f;
edc8: 333f;
edc9: 333f;
edca: 333f;
edcb: 333f;
edcc: 444f;
edcd: 444f;
edce: 444f;
edcf: 443f;
edd0: 444f;
edd1: 444f;
edd2: 444f;
edd3: 444f;
edd4: 444f;
edd5: 444f;
edd6: 444f;
edd7: 444f;
edd8: 444f;
edd9: 443f;
edda: 443f;
eddb: 443f;
eddc: 444f;
eddd: 444f;
edde: 444f;
eddf: 444f;
ede0: 444f;
ede1: 444f;
ede2: 444f;
ede3: 444f;
ede4: 444f;
ede5: 444f;
ede6: 444f;
ede7: 444f;
ede8: 444f;
ede9: 444f;
edea: 444f;
edeb: 444f;
edec: 444f;
eded: 444f;
edee: 444f;
edef: 444f;
edf0: 433f;
edf1: 333f;
edf2: 333f;
edf3: 222f;
edf4: 222f;
edf5: 333f;
edf6: 777f;
edf7: bbbf;
edf8: eeef;
edf9: eeef;
edfa: eeef;
edfb: eddf;
edfc: eddf;
edfd: eddf;
edfe: ddcf;
edff: dccf;
ee00: bccf;
ee01: cccf;
ee02: cdcf;
ee03: cccf;
ee04: bccf;
ee05: cccf;
ee06: cdcf;
ee07: cddf;
ee08: cddf;
ee09: cddf;
ee0a: cddf;
ee0b: cddf;
ee0c: cddf;
ee0d: cccf;
ee0e: bbcf;
ee0f: abbf;
ee10: aaaf;
ee11: abbf;
ee12: bbbf;
ee13: bccf;
ee14: cddf;
ee15: dddf;
ee16: dddf;
ee17: dddf;
ee18: dddf;
ee19: cddf;
ee1a: cdcf;
ee1b: cdcf;
ee1c: cdcf;
ee1d: cdcf;
ee1e: cdcf;
ee1f: ddcf;
ee20: dddf;
ee21: dddf;
ee22: dddf;
ee23: dddf;
ee24: dddf;
ee25: dddf;
ee26: dddf;
ee27: dddf;
ee28: dddf;
ee29: dddf;
ee2a: dddf;
ee2b: dddf;
ee2c: dddf;
ee2d: dddf;
ee2e: dddf;
ee2f: dddf;
ee30: dddf;
ee31: dddf;
ee32: dddf;
ee33: dddf;
ee34: dddf;
ee35: dddf;
ee36: dddf;
ee37: dddf;
ee38: dddf;
ee39: dddf;
ee3a: dddf;
ee3b: cddf;
ee3c: cccf;
ee3d: cccf;
ee3e: cccf;
ee3f: cccf;
ee40: cddf;
ee41: dddf;
ee42: dddf;
ee43: cddf;
ee44: cdcf;
ee45: cccf;
ee46: cccf;
ee47: cccf;
ee48: cdcf;
ee49: dddf;
ee4a: dddf;
ee4b: cccf;
ee4c: 999f;
ee4d: 666f;
ee4e: 333f;
ee4f: 333f;
ee50: 333f;
ee51: 333f;
ee52: 333f;
ee53: 333f;
ee54: 333f;
ee55: 333f;
ee56: 333f;
ee57: 443f;
ee58: 444f;
ee59: 444f;
ee5a: 544f;
ee5b: 544f;
ee5c: 544f;
ee5d: 544f;
ee5e: 544f;
ee5f: 544f;
ee60: 544f;
ee61: 544f;
ee62: 544f;
ee63: 544f;
ee64: 554f;
ee65: 554f;
ee66: 544f;
ee67: 544f;
ee68: 544f;
ee69: 544f;
ee6a: 544f;
ee6b: 544f;
ee6c: 544f;
ee6d: 544f;
ee6e: 544f;
ee6f: 544f;
ee70: 544f;
ee71: 544f;
ee72: 544f;
ee73: 544f;
ee74: 544f;
ee75: 544f;
ee76: 544f;
ee77: 544f;
ee78: 544f;
ee79: 544f;
ee7a: 544f;
ee7b: 544f;
ee7c: 544f;
ee7d: 444f;
ee7e: 443f;
ee7f: 333f;
ee80: 333f;
ee81: 333f;
ee82: 333f;
ee83: 333f;
ee84: 333f;
ee85: 333f;
ee86: 333f;
ee87: 333f;
ee88: 333f;
ee89: 333f;
ee8a: 333f;
ee8b: 333f;
ee8c: 333f;
ee8d: 333f;
ee8e: 333f;
ee8f: 333f;
ee90: 444f;
ee91: 444f;
ee92: 544f;
ee93: 444f;
ee94: 443f;
ee95: 444f;
ee96: 776f;
ee97: 988f;
ee98: aa9f;
ee99: aa9f;
ee9a: a99f;
ee9b: a99f;
ee9c: a99f;
ee9d: a99f;
ee9e: a99f;
ee9f: a99f;
eea0: a99f;
eea1: a99f;
eea2: a99f;
eea3: a99f;
eea4: a99f;
eea5: a99f;
eea6: 988f;
eea7: 777f;
eea8: 555f;
eea9: 444f;
eeaa: 333f;
eeab: 322f;
eeac: 322f;
eead: 444f;
eeae: 555f;
eeaf: 777f;
eeb0: 999f;
eeb1: bbbf;
eeb2: bbcf;
eeb3: cbcf;
eeb4: bbcf;
eeb5: bbbf;
eeb6: bbbf;
eeb7: bbbf;
eeb8: bbbf;
eeb9: bbcf;
eeba: cbcf;
eebb: cccf;
eebc: cbcf;
eebd: cccf;
eebe: bbcf;
eebf: bbbf;
eec0: 99af;
eec1: 777f;
eec2: 444f;
eec3: 333f;
eec4: 323f;
eec5: 333f;
eec6: 333f;
eec7: 333f;
eec8: 333f;
eec9: 333f;
eeca: 333f;
eecb: 444f;
eecc: 444f;
eecd: 444f;
eece: 444f;
eecf: 444f;
eed0: 444f;
eed1: 444f;
eed2: 444f;
eed3: 444f;
eed4: 444f;
eed5: 444f;
eed6: 444f;
eed7: 444f;
eed8: 444f;
eed9: 443f;
eeda: 443f;
eedb: 443f;
eedc: 444f;
eedd: 444f;
eede: 444f;
eedf: 444f;
eee0: 444f;
eee1: 444f;
eee2: 444f;
eee3: 444f;
eee4: 444f;
eee5: 444f;
eee6: 444f;
eee7: 444f;
eee8: 444f;
eee9: 444f;
eeea: 444f;
eeeb: 444f;
eeec: 444f;
eeed: 444f;
eeee: 444f;
eeef: 444f;
eef0: 433f;
eef1: 333f;
eef2: 333f;
eef3: 222f;
eef4: 222f;
eef5: 333f;
eef6: 555f;
eef7: aaaf;
eef8: dddf;
eef9: eeef;
eefa: feef;
eefb: eeef;
eefc: eddf;
eefd: eddf;
eefe: dddf;
eeff: ddcf;
ef00: bccf;
ef01: bccf;
ef02: bccf;
ef03: bccf;
ef04: bccf;
ef05: bccf;
ef06: bccf;
ef07: cccf;
ef08: cddf;
ef09: cddf;
ef0a: cddf;
ef0b: cddf;
ef0c: cddf;
ef0d: cccf;
ef0e: bbcf;
ef0f: abbf;
ef10: aaaf;
ef11: abbf;
ef12: bbbf;
ef13: bccf;
ef14: cddf;
ef15: dddf;
ef16: dddf;
ef17: dddf;
ef18: dddf;
ef19: cddf;
ef1a: cdcf;
ef1b: cdcf;
ef1c: cdcf;
ef1d: cdcf;
ef1e: cdcf;
ef1f: ddcf;
ef20: dddf;
ef21: dddf;
ef22: dddf;
ef23: dddf;
ef24: dddf;
ef25: dddf;
ef26: dddf;
ef27: dddf;
ef28: dddf;
ef29: dddf;
ef2a: dddf;
ef2b: dddf;
ef2c: dddf;
ef2d: dddf;
ef2e: dddf;
ef2f: dddf;
ef30: dddf;
ef31: dddf;
ef32: dddf;
ef33: dddf;
ef34: dddf;
ef35: dddf;
ef36: dddf;
ef37: dddf;
ef38: dddf;
ef39: dddf;
ef3a: dddf;
ef3b: cddf;
ef3c: cccf;
ef3d: cccf;
ef3e: cccf;
ef3f: cccf;
ef40: cddf;
ef41: dddf;
ef42: dddf;
ef43: cddf;
ef44: cdcf;
ef45: cccf;
ef46: cccf;
ef47: cccf;
ef48: cccf;
ef49: dddf;
ef4a: dddf;
ef4b: cccf;
ef4c: 898f;
ef4d: 666f;
ef4e: 333f;
ef4f: 333f;
ef50: 333f;
ef51: 333f;
ef52: 333f;
ef53: 333f;
ef54: 333f;
ef55: 333f;
ef56: 333f;
ef57: 443f;
ef58: 444f;
ef59: 444f;
ef5a: 544f;
ef5b: 544f;
ef5c: 544f;
ef5d: 544f;
ef5e: 544f;
ef5f: 544f;
ef60: 544f;
ef61: 544f;
ef62: 544f;
ef63: 544f;
ef64: 555f;
ef65: 554f;
ef66: 554f;
ef67: 544f;
ef68: 544f;
ef69: 544f;
ef6a: 544f;
ef6b: 544f;
ef6c: 544f;
ef6d: 544f;
ef6e: 544f;
ef6f: 544f;
ef70: 544f;
ef71: 544f;
ef72: 544f;
ef73: 544f;
ef74: 544f;
ef75: 544f;
ef76: 544f;
ef77: 544f;
ef78: 544f;
ef79: 544f;
ef7a: 544f;
ef7b: 544f;
ef7c: 544f;
ef7d: 444f;
ef7e: 443f;
ef7f: 333f;
ef80: 333f;
ef81: 333f;
ef82: 333f;
ef83: 333f;
ef84: 333f;
ef85: 333f;
ef86: 333f;
ef87: 333f;
ef88: 333f;
ef89: 333f;
ef8a: 333f;
ef8b: 333f;
ef8c: 333f;
ef8d: 333f;
ef8e: 333f;
ef8f: 333f;
ef90: 444f;
ef91: 444f;
ef92: 544f;
ef93: 444f;
ef94: 444f;
ef95: 444f;
ef96: 776f;
ef97: 988f;
ef98: aa9f;
ef99: aa9f;
ef9a: a99f;
ef9b: a99f;
ef9c: a99f;
ef9d: a99f;
ef9e: a99f;
ef9f: a99f;
efa0: a99f;
efa1: a99f;
efa2: a99f;
efa3: a99f;
efa4: a99f;
efa5: 998f;
efa6: 888f;
efa7: 666f;
efa8: 444f;
efa9: 333f;
efaa: 322f;
efab: 322f;
efac: 333f;
efad: 545f;
efae: 766f;
efaf: 888f;
efb0: aaaf;
efb1: cccf;
efb2: cccf;
efb3: cccf;
efb4: cccf;
efb5: bbcf;
efb6: bccf;
efb7: cccf;
efb8: bbcf;
efb9: bbbf;
efba: bbcf;
efbb: bbcf;
efbc: cccf;
efbd: cccf;
efbe: bbbf;
efbf: aaaf;
efc0: 888f;
efc1: 556f;
efc2: 333f;
efc3: 222f;
efc4: 223f;
efc5: 333f;
efc6: 333f;
efc7: 333f;
efc8: 333f;
efc9: 333f;
efca: 444f;
efcb: 444f;
efcc: 444f;
efcd: 444f;
efce: 444f;
efcf: 444f;
efd0: 444f;
efd1: 444f;
efd2: 444f;
efd3: 444f;
efd4: 444f;
efd5: 444f;
efd6: 444f;
efd7: 444f;
efd8: 443f;
efd9: 443f;
efda: 443f;
efdb: 443f;
efdc: 444f;
efdd: 444f;
efde: 444f;
efdf: 444f;
efe0: 444f;
efe1: 444f;
efe2: 444f;
efe3: 444f;
efe4: 444f;
efe5: 444f;
efe6: 444f;
efe7: 444f;
efe8: 444f;
efe9: 444f;
efea: 444f;
efeb: 444f;
efec: 444f;
efed: 444f;
efee: 444f;
efef: 444f;
eff0: 433f;
eff1: 333f;
eff2: 333f;
eff3: 222f;
eff4: 222f;
eff5: 222f;
eff6: 444f;
eff7: 888f;
eff8: cccf;
eff9: eeef;
effa: feef;
effb: eeef;
effc: eddf;
effd: eddf;
effe: dddf;
efff: ddcf;
f000: bccf;
f001: bccf;
f002: cccf;
f003: bccf;
f004: bccf;
f005: bccf;
f006: bccf;
f007: cccf;
f008: cccf;
f009: cddf;
f00a: cddf;
f00b: cddf;
f00c: cddf;
f00d: bccf;
f00e: bbbf;
f00f: abbf;
f010: aaaf;
f011: abbf;
f012: abbf;
f013: bccf;
f014: cddf;
f015: dddf;
f016: dddf;
f017: dddf;
f018: dddf;
f019: dddf;
f01a: cdcf;
f01b: cdcf;
f01c: cdcf;
f01d: cdcf;
f01e: ddcf;
f01f: dddf;
f020: dddf;
f021: dddf;
f022: dddf;
f023: dddf;
f024: dddf;
f025: dddf;
f026: dddf;
f027: dddf;
f028: dddf;
f029: dddf;
f02a: dddf;
f02b: dddf;
f02c: dddf;
f02d: dddf;
f02e: dddf;
f02f: dddf;
f030: dddf;
f031: dddf;
f032: dddf;
f033: dddf;
f034: dddf;
f035: dddf;
f036: dddf;
f037: dddf;
f038: dddf;
f039: dddf;
f03a: dddf;
f03b: cddf;
f03c: cccf;
f03d: cccf;
f03e: cccf;
f03f: cccf;
f040: dddf;
f041: dddf;
f042: dddf;
f043: dddf;
f044: cdcf;
f045: cccf;
f046: cccf;
f047: cccf;
f048: cccf;
f049: dddf;
f04a: cccf;
f04b: bbbf;
f04c: 888f;
f04d: 555f;
f04e: 333f;
f04f: 333f;
f050: 333f;
f051: 333f;
f052: 333f;
f053: 333f;
f054: 333f;
f055: 333f;
f056: 333f;
f057: 343f;
f058: 444f;
f059: 444f;
f05a: 444f;
f05b: 544f;
f05c: 544f;
f05d: 544f;
f05e: 544f;
f05f: 544f;
f060: 544f;
f061: 544f;
f062: 544f;
f063: 544f;
f064: 554f;
f065: 544f;
f066: 544f;
f067: 544f;
f068: 544f;
f069: 544f;
f06a: 544f;
f06b: 544f;
f06c: 544f;
f06d: 544f;
f06e: 544f;
f06f: 544f;
f070: 544f;
f071: 544f;
f072: 544f;
f073: 544f;
f074: 544f;
f075: 544f;
f076: 544f;
f077: 544f;
f078: 544f;
f079: 544f;
f07a: 544f;
f07b: 544f;
f07c: 544f;
f07d: 444f;
f07e: 443f;
f07f: 333f;
f080: 333f;
f081: 333f;
f082: 333f;
f083: 333f;
f084: 333f;
f085: 333f;
f086: 333f;
f087: 333f;
f088: 333f;
f089: 333f;
f08a: 333f;
f08b: 333f;
f08c: 333f;
f08d: 333f;
f08e: 333f;
f08f: 433f;
f090: 444f;
f091: 444f;
f092: 554f;
f093: 444f;
f094: 444f;
f095: 444f;
f096: 776f;
f097: 988f;
f098: aa9f;
f099: a99f;
f09a: a99f;
f09b: a99f;
f09c: a99f;
f09d: a99f;
f09e: a99f;
f09f: a99f;
f0a0: a99f;
f0a1: a99f;
f0a2: a99f;
f0a3: a99f;
f0a4: a99f;
f0a5: 988f;
f0a6: 777f;
f0a7: 544f;
f0a8: 333f;
f0a9: 322f;
f0aa: 332f;
f0ab: 333f;
f0ac: 444f;
f0ad: 666f;
f0ae: 888f;
f0af: a9af;
f0b0: bbbf;
f0b1: cccf;
f0b2: cccf;
f0b3: cccf;
f0b4: cccf;
f0b5: cccf;
f0b6: cccf;
f0b7: cbcf;
f0b8: bbcf;
f0b9: bbcf;
f0ba: bbcf;
f0bb: bbcf;
f0bc: cccf;
f0bd: cccf;
f0be: bbbf;
f0bf: 99af;
f0c0: 767f;
f0c1: 444f;
f0c2: 223f;
f0c3: 222f;
f0c4: 323f;
f0c5: 333f;
f0c6: 333f;
f0c7: 333f;
f0c8: 433f;
f0c9: 444f;
f0ca: 444f;
f0cb: 333f;
f0cc: 444f;
f0cd: 444f;
f0ce: 444f;
f0cf: 444f;
f0d0: 444f;
f0d1: 444f;
f0d2: 444f;
f0d3: 444f;
f0d4: 444f;
f0d5: 444f;
f0d6: 444f;
f0d7: 444f;
f0d8: 444f;
f0d9: 444f;
f0da: 444f;
f0db: 444f;
f0dc: 444f;
f0dd: 444f;
f0de: 444f;
f0df: 444f;
f0e0: 444f;
f0e1: 444f;
f0e2: 444f;
f0e3: 444f;
f0e4: 444f;
f0e5: 444f;
f0e6: 444f;
f0e7: 444f;
f0e8: 444f;
f0e9: 444f;
f0ea: 444f;
f0eb: 444f;
f0ec: 444f;
f0ed: 444f;
f0ee: 444f;
f0ef: 444f;
f0f0: 444f;
f0f1: 444f;
f0f2: 333f;
f0f3: 333f;
f0f4: 222f;
f0f5: 222f;
f0f6: 333f;
f0f7: 777f;
f0f8: aaaf;
f0f9: edef;
f0fa: eeef;
f0fb: eeef;
f0fc: eddf;
f0fd: dddf;
f0fe: dddf;
f0ff: ddcf;
f100: bbbf;
f101: bbbf;
f102: bccf;
f103: bccf;
f104: bccf;
f105: bccf;
f106: bccf;
f107: bccf;
f108: bccf;
f109: cccf;
f10a: cddf;
f10b: cddf;
f10c: cddf;
f10d: bccf;
f10e: bbbf;
f10f: abbf;
f110: abaf;
f111: abbf;
f112: abbf;
f113: bccf;
f114: cddf;
f115: dddf;
f116: dddf;
f117: dddf;
f118: dddf;
f119: dddf;
f11a: cdcf;
f11b: cdcf;
f11c: cdcf;
f11d: cdcf;
f11e: ddcf;
f11f: dddf;
f120: dddf;
f121: dddf;
f122: dddf;
f123: dddf;
f124: dddf;
f125: dddf;
f126: dddf;
f127: dddf;
f128: dddf;
f129: dddf;
f12a: dddf;
f12b: dddf;
f12c: dddf;
f12d: dddf;
f12e: dddf;
f12f: dddf;
f130: dddf;
f131: dddf;
f132: dddf;
f133: dddf;
f134: dddf;
f135: dddf;
f136: dddf;
f137: dddf;
f138: dddf;
f139: dddf;
f13a: dddf;
f13b: cddf;
f13c: cccf;
f13d: cccf;
f13e: cccf;
f13f: cdcf;
f140: dddf;
f141: dddf;
f142: dddf;
f143: dddf;
f144: cddf;
f145: cccf;
f146: cccf;
f147: cccf;
f148: cccf;
f149: dddf;
f14a: cccf;
f14b: bbbf;
f14c: 888f;
f14d: 555f;
f14e: 333f;
f14f: 333f;
f150: 333f;
f151: 333f;
f152: 333f;
f153: 333f;
f154: 333f;
f155: 333f;
f156: 333f;
f157: 333f;
f158: 444f;
f159: 444f;
f15a: 544f;
f15b: 544f;
f15c: 544f;
f15d: 544f;
f15e: 544f;
f15f: 544f;
f160: 544f;
f161: 544f;
f162: 544f;
f163: 544f;
f164: 544f;
f165: 544f;
f166: 544f;
f167: 544f;
f168: 544f;
f169: 544f;
f16a: 544f;
f16b: 544f;
f16c: 544f;
f16d: 544f;
f16e: 544f;
f16f: 544f;
f170: 544f;
f171: 544f;
f172: 544f;
f173: 544f;
f174: 544f;
f175: 544f;
f176: 544f;
f177: 544f;
f178: 544f;
f179: 544f;
f17a: 544f;
f17b: 544f;
f17c: 544f;
f17d: 444f;
f17e: 443f;
f17f: 333f;
f180: 333f;
f181: 333f;
f182: 333f;
f183: 333f;
f184: 333f;
f185: 333f;
f186: 333f;
f187: 333f;
f188: 333f;
f189: 333f;
f18a: 333f;
f18b: 333f;
f18c: 333f;
f18d: 333f;
f18e: 333f;
f18f: 444f;
f190: 444f;
f191: 444f;
f192: 554f;
f193: 444f;
f194: 444f;
f195: 444f;
f196: 776f;
f197: 998f;
f198: aa9f;
f199: a99f;
f19a: a99f;
f19b: a99f;
f19c: a99f;
f19d: a99f;
f19e: a99f;
f19f: a99f;
f1a0: a99f;
f1a1: a99f;
f1a2: a99f;
f1a3: a99f;
f1a4: 999f;
f1a5: 888f;
f1a6: 666f;
f1a7: 444f;
f1a8: 322f;
f1a9: 222f;
f1aa: 322f;
f1ab: 333f;
f1ac: 555f;
f1ad: 777f;
f1ae: 999f;
f1af: bbbf;
f1b0: bbcf;
f1b1: cccf;
f1b2: cccf;
f1b3: cccf;
f1b4: cccf;
f1b5: cccf;
f1b6: cbcf;
f1b7: bbcf;
f1b8: bbcf;
f1b9: cbcf;
f1ba: cccf;
f1bb: cccf;
f1bc: cccf;
f1bd: cccf;
f1be: aaaf;
f1bf: 888f;
f1c0: 555f;
f1c1: 333f;
f1c2: 222f;
f1c3: 222f;
f1c4: 333f;
f1c5: 333f;
f1c6: 333f;
f1c7: 333f;
f1c8: 433f;
f1c9: 444f;
f1ca: 444f;
f1cb: 444f;
f1cc: 444f;
f1cd: 444f;
f1ce: 444f;
f1cf: 444f;
f1d0: 444f;
f1d1: 444f;
f1d2: 444f;
f1d3: 444f;
f1d4: 444f;
f1d5: 444f;
f1d6: 433f;
f1d7: 433f;
f1d8: 333f;
f1d9: 333f;
f1da: 333f;
f1db: 333f;
f1dc: 433f;
f1dd: 333f;
f1de: 333f;
f1df: 333f;
f1e0: 433f;
f1e1: 444f;
f1e2: 444f;
f1e3: 444f;
f1e4: 444f;
f1e5: 444f;
f1e6: 444f;
f1e7: 444f;
f1e8: 444f;
f1e9: 444f;
f1ea: 444f;
f1eb: 444f;
f1ec: 444f;
f1ed: 444f;
f1ee: 444f;
f1ef: 444f;
f1f0: 444f;
f1f1: 444f;
f1f2: 333f;
f1f3: 333f;
f1f4: 322f;
f1f5: 322f;
f1f6: 333f;
f1f7: 555f;
f1f8: 888f;
f1f9: ccdf;
f1fa: eeef;
f1fb: eeef;
f1fc: eeef;
f1fd: eddf;
f1fe: dddf;
f1ff: dddf;
f200: aabf;
f201: abbf;
f202: abbf;
f203: bbbf;
f204: bbcf;
f205: bccf;
f206: bccf;
f207: bccf;
f208: bccf;
f209: cccf;
f20a: cddf;
f20b: cddf;
f20c: cddf;
f20d: bccf;
f20e: bbbf;
f20f: abbf;
f210: abbf;
f211: abbf;
f212: abbf;
f213: bccf;
f214: cddf;
f215: dddf;
f216: dddf;
f217: dddf;
f218: dddf;
f219: dddf;
f21a: cdcf;
f21b: cdcf;
f21c: cdcf;
f21d: cdcf;
f21e: ddcf;
f21f: dddf;
f220: dddf;
f221: dddf;
f222: dddf;
f223: dddf;
f224: dddf;
f225: dddf;
f226: dddf;
f227: dddf;
f228: dddf;
f229: dddf;
f22a: dddf;
f22b: dddf;
f22c: dddf;
f22d: dddf;
f22e: dddf;
f22f: dddf;
f230: dddf;
f231: dddf;
f232: dddf;
f233: dddf;
f234: dddf;
f235: dddf;
f236: dddf;
f237: dddf;
f238: dddf;
f239: dddf;
f23a: dddf;
f23b: cddf;
f23c: cccf;
f23d: cccf;
f23e: cccf;
f23f: cddf;
f240: dddf;
f241: dddf;
f242: dddf;
f243: dddf;
f244: dddf;
f245: cccf;
f246: cccf;
f247: cccf;
f248: cccf;
f249: dddf;
f24a: cccf;
f24b: bbbf;
f24c: 777f;
f24d: 455f;
f24e: 222f;
f24f: 333f;
f250: 333f;
f251: 333f;
f252: 333f;
f253: 333f;
f254: 333f;
f255: 333f;
f256: 333f;
f257: 333f;
f258: 444f;
f259: 444f;
f25a: 544f;
f25b: 544f;
f25c: 544f;
f25d: 544f;
f25e: 544f;
f25f: 544f;
f260: 544f;
f261: 544f;
f262: 544f;
f263: 544f;
f264: 544f;
f265: 544f;
f266: 544f;
f267: 544f;
f268: 544f;
f269: 544f;
f26a: 544f;
f26b: 544f;
f26c: 544f;
f26d: 544f;
f26e: 544f;
f26f: 544f;
f270: 544f;
f271: 544f;
f272: 544f;
f273: 544f;
f274: 544f;
f275: 544f;
f276: 544f;
f277: 544f;
f278: 544f;
f279: 544f;
f27a: 544f;
f27b: 544f;
f27c: 544f;
f27d: 444f;
f27e: 443f;
f27f: 333f;
f280: 333f;
f281: 333f;
f282: 333f;
f283: 333f;
f284: 333f;
f285: 333f;
f286: 333f;
f287: 333f;
f288: 333f;
f289: 333f;
f28a: 333f;
f28b: 333f;
f28c: 333f;
f28d: 333f;
f28e: 433f;
f28f: 444f;
f290: 444f;
f291: 444f;
f292: 544f;
f293: 444f;
f294: 433f;
f295: 444f;
f296: 777f;
f297: 999f;
f298: aa9f;
f299: a99f;
f29a: a99f;
f29b: a99f;
f29c: a99f;
f29d: a99f;
f29e: a99f;
f29f: a99f;
f2a0: a99f;
f2a1: a99f;
f2a2: a99f;
f2a3: a99f;
f2a4: 988f;
f2a5: 766f;
f2a6: 444f;
f2a7: 433f;
f2a8: 322f;
f2a9: 222f;
f2aa: 222f;
f2ab: 433f;
f2ac: 666f;
f2ad: 999f;
f2ae: babf;
f2af: cccf;
f2b0: cbcf;
f2b1: bbbf;
f2b2: bbcf;
f2b3: cccf;
f2b4: cccf;
f2b5: cbcf;
f2b6: bbbf;
f2b7: bbbf;
f2b8: cccf;
f2b9: cccf;
f2ba: cccf;
f2bb: cccf;
f2bc: cccf;
f2bd: bbcf;
f2be: 999f;
f2bf: 666f;
f2c0: 333f;
f2c1: 323f;
f2c2: 322f;
f2c3: 333f;
f2c4: 333f;
f2c5: 333f;
f2c6: 333f;
f2c7: 433f;
f2c8: 444f;
f2c9: 444f;
f2ca: 444f;
f2cb: 444f;
f2cc: 444f;
f2cd: 444f;
f2ce: 444f;
f2cf: 444f;
f2d0: 444f;
f2d1: 444f;
f2d2: 444f;
f2d3: 444f;
f2d4: 444f;
f2d5: 433f;
f2d6: 333f;
f2d7: 333f;
f2d8: 333f;
f2d9: 333f;
f2da: 333f;
f2db: 333f;
f2dc: 333f;
f2dd: 333f;
f2de: 333f;
f2df: 333f;
f2e0: 333f;
f2e1: 433f;
f2e2: 444f;
f2e3: 444f;
f2e4: 444f;
f2e5: 444f;
f2e6: 444f;
f2e7: 444f;
f2e8: 444f;
f2e9: 444f;
f2ea: 444f;
f2eb: 444f;
f2ec: 444f;
f2ed: 444f;
f2ee: 444f;
f2ef: 444f;
f2f0: 444f;
f2f1: 444f;
f2f2: 433f;
f2f3: 333f;
f2f4: 333f;
f2f5: 333f;
f2f6: 222f;
f2f7: 444f;
f2f8: 777f;
f2f9: bbbf;
f2fa: dddf;
f2fb: eeef;
f2fc: eeef;
f2fd: eddf;
f2fe: dddf;
f2ff: dddf;
f300: aaaf;
f301: aaaf;
f302: abbf;
f303: abbf;
f304: bbbf;
f305: bbbf;
f306: bbbf;
f307: bbbf;
f308: bccf;
f309: bccf;
f30a: cddf;
f30b: cddf;
f30c: cddf;
f30d: bccf;
f30e: bbbf;
f30f: abbf;
f310: abbf;
f311: abbf;
f312: abbf;
f313: bccf;
f314: cccf;
f315: dddf;
f316: dddf;
f317: dddf;
f318: dddf;
f319: dddf;
f31a: cdcf;
f31b: cdcf;
f31c: cdcf;
f31d: cdcf;
f31e: ddcf;
f31f: dddf;
f320: dddf;
f321: dddf;
f322: dddf;
f323: dddf;
f324: dddf;
f325: dddf;
f326: dddf;
f327: dddf;
f328: dddf;
f329: dddf;
f32a: dddf;
f32b: dddf;
f32c: dddf;
f32d: dddf;
f32e: dddf;
f32f: dddf;
f330: dddf;
f331: dddf;
f332: dddf;
f333: dddf;
f334: dddf;
f335: dddf;
f336: dddf;
f337: dddf;
f338: dddf;
f339: dddf;
f33a: dddf;
f33b: cddf;
f33c: cccf;
f33d: cccf;
f33e: cccf;
f33f: cddf;
f340: dddf;
f341: dddf;
f342: dddf;
f343: dddf;
f344: dddf;
f345: cccf;
f346: cccf;
f347: cccf;
f348: cccf;
f349: dddf;
f34a: cccf;
f34b: abaf;
f34c: 777f;
f34d: 444f;
f34e: 222f;
f34f: 333f;
f350: 333f;
f351: 333f;
f352: 333f;
f353: 333f;
f354: 333f;
f355: 333f;
f356: 333f;
f357: 333f;
f358: 443f;
f359: 444f;
f35a: 544f;
f35b: 544f;
f35c: 544f;
f35d: 544f;
f35e: 544f;
f35f: 544f;
f360: 544f;
f361: 544f;
f362: 544f;
f363: 544f;
f364: 544f;
f365: 544f;
f366: 544f;
f367: 544f;
f368: 544f;
f369: 544f;
f36a: 544f;
f36b: 544f;
f36c: 544f;
f36d: 544f;
f36e: 544f;
f36f: 544f;
f370: 544f;
f371: 544f;
f372: 544f;
f373: 544f;
f374: 544f;
f375: 544f;
f376: 544f;
f377: 544f;
f378: 544f;
f379: 544f;
f37a: 544f;
f37b: 544f;
f37c: 544f;
f37d: 444f;
f37e: 443f;
f37f: 333f;
f380: 333f;
f381: 333f;
f382: 333f;
f383: 333f;
f384: 333f;
f385: 333f;
f386: 333f;
f387: 333f;
f388: 333f;
f389: 333f;
f38a: 333f;
f38b: 333f;
f38c: 333f;
f38d: 333f;
f38e: 444f;
f38f: 444f;
f390: 444f;
f391: 544f;
f392: 544f;
f393: 444f;
f394: 433f;
f395: 444f;
f396: 777f;
f397: 999f;
f398: aa9f;
f399: a99f;
f39a: a99f;
f39b: a99f;
f39c: a99f;
f39d: a99f;
f39e: a99f;
f39f: a99f;
f3a0: a99f;
f3a1: a99f;
f3a2: a99f;
f3a3: a99f;
f3a4: 888f;
f3a5: 666f;
f3a6: 444f;
f3a7: 333f;
f3a8: 322f;
f3a9: 222f;
f3aa: 322f;
f3ab: 544f;
f3ac: 777f;
f3ad: 999f;
f3ae: babf;
f3af: cccf;
f3b0: cccf;
f3b1: bbbf;
f3b2: bbbf;
f3b3: cccf;
f3b4: cbcf;
f3b5: bbcf;
f3b6: bbbf;
f3b7: bbcf;
f3b8: cccf;
f3b9: cccf;
f3ba: cccf;
f3bb: cccf;
f3bc: cccf;
f3bd: aabf;
f3be: 888f;
f3bf: 555f;
f3c0: 333f;
f3c1: 222f;
f3c2: 322f;
f3c3: 333f;
f3c4: 333f;
f3c5: 333f;
f3c6: 333f;
f3c7: 444f;
f3c8: 444f;
f3c9: 433f;
f3ca: 444f;
f3cb: 444f;
f3cc: 444f;
f3cd: 444f;
f3ce: 444f;
f3cf: 444f;
f3d0: 433f;
f3d1: 433f;
f3d2: 433f;
f3d3: 433f;
f3d4: 433f;
f3d5: 333f;
f3d6: 333f;
f3d7: 333f;
f3d8: 333f;
f3d9: 333f;
f3da: 333f;
f3db: 333f;
f3dc: 333f;
f3dd: 333f;
f3de: 333f;
f3df: 333f;
f3e0: 333f;
f3e1: 333f;
f3e2: 433f;
f3e3: 444f;
f3e4: 444f;
f3e5: 444f;
f3e6: 444f;
f3e7: 444f;
f3e8: 444f;
f3e9: 444f;
f3ea: 444f;
f3eb: 444f;
f3ec: 444f;
f3ed: 444f;
f3ee: 444f;
f3ef: 444f;
f3f0: 433f;
f3f1: 444f;
f3f2: 433f;
f3f3: 333f;
f3f4: 333f;
f3f5: 322f;
f3f6: 222f;
f3f7: 333f;
f3f8: 666f;
f3f9: babf;
f3fa: dddf;
f3fb: eeef;
f3fc: eeef;
f3fd: eeef;
f3fe: eddf;
f3ff: dddf;
f400: aaaf;
f401: aaaf;
f402: abbf;
f403: abbf;
f404: abbf;
f405: abbf;
f406: bbbf;
f407: bbbf;
f408: bccf;
f409: cccf;
f40a: cddf;
f40b: cddf;
f40c: cddf;
f40d: bccf;
f40e: bbbf;
f40f: abbf;
f410: abbf;
f411: abbf;
f412: abbf;
f413: bccf;
f414: cddf;
f415: dddf;
f416: dddf;
f417: dddf;
f418: dddf;
f419: dddf;
f41a: dddf;
f41b: cdcf;
f41c: cdcf;
f41d: dddf;
f41e: dddf;
f41f: dddf;
f420: dddf;
f421: dddf;
f422: dddf;
f423: dddf;
f424: dddf;
f425: dddf;
f426: dddf;
f427: dddf;
f428: dddf;
f429: dddf;
f42a: dddf;
f42b: dddf;
f42c: dddf;
f42d: dddf;
f42e: dddf;
f42f: dddf;
f430: dddf;
f431: dddf;
f432: dddf;
f433: dddf;
f434: dddf;
f435: dddf;
f436: dddf;
f437: dddf;
f438: dddf;
f439: dddf;
f43a: dddf;
f43b: cddf;
f43c: cccf;
f43d: cccf;
f43e: cccf;
f43f: cddf;
f440: dddf;
f441: dddf;
f442: dddf;
f443: dddf;
f444: dddf;
f445: dddf;
f446: cdcf;
f447: cccf;
f448: cccf;
f449: cddf;
f44a: cccf;
f44b: aaaf;
f44c: 677f;
f44d: 444f;
f44e: 222f;
f44f: 333f;
f450: 333f;
f451: 333f;
f452: 333f;
f453: 333f;
f454: 333f;
f455: 333f;
f456: 333f;
f457: 333f;
f458: 443f;
f459: 444f;
f45a: 544f;
f45b: 544f;
f45c: 544f;
f45d: 544f;
f45e: 544f;
f45f: 544f;
f460: 544f;
f461: 544f;
f462: 544f;
f463: 544f;
f464: 544f;
f465: 544f;
f466: 544f;
f467: 544f;
f468: 544f;
f469: 544f;
f46a: 544f;
f46b: 544f;
f46c: 544f;
f46d: 544f;
f46e: 544f;
f46f: 544f;
f470: 544f;
f471: 544f;
f472: 544f;
f473: 544f;
f474: 544f;
f475: 544f;
f476: 544f;
f477: 544f;
f478: 544f;
f479: 544f;
f47a: 544f;
f47b: 544f;
f47c: 544f;
f47d: 444f;
f47e: 443f;
f47f: 333f;
f480: 333f;
f481: 333f;
f482: 333f;
f483: 333f;
f484: 333f;
f485: 333f;
f486: 333f;
f487: 333f;
f488: 333f;
f489: 333f;
f48a: 333f;
f48b: 333f;
f48c: 333f;
f48d: 443f;
f48e: 444f;
f48f: 444f;
f490: 544f;
f491: 544f;
f492: 544f;
f493: 443f;
f494: 444f;
f495: 444f;
f496: 777f;
f497: 999f;
f498: aa9f;
f499: a99f;
f49a: a99f;
f49b: a99f;
f49c: a99f;
f49d: a99f;
f49e: a99f;
f49f: a99f;
f4a0: a99f;
f4a1: a99f;
f4a2: a99f;
f4a3: 988f;
f4a4: 777f;
f4a5: 555f;
f4a6: 433f;
f4a7: 322f;
f4a8: 222f;
f4a9: 222f;
f4aa: 433f;
f4ab: 665f;
f4ac: 999f;
f4ad: aaaf;
f4ae: bbbf;
f4af: cccf;
f4b0: cccf;
f4b1: bbbf;
f4b2: bbbf;
f4b3: bbcf;
f4b4: cccf;
f4b5: bbbf;
f4b6: bbcf;
f4b7: cccf;
f4b8: cccf;
f4b9: cccf;
f4ba: dcdf;
f4bb: dcdf;
f4bc: bbcf;
f4bd: 99af;
f4be: 667f;
f4bf: 444f;
f4c0: 222f;
f4c1: 222f;
f4c2: 222f;
f4c3: 333f;
f4c4: 333f;
f4c5: 433f;
f4c6: 444f;
f4c7: 444f;
f4c8: 433f;
f4c9: 444f;
f4ca: 444f;
f4cb: 444f;
f4cc: 444f;
f4cd: 444f;
f4ce: 444f;
f4cf: 444f;
f4d0: 444f;
f4d1: 444f;
f4d2: 433f;
f4d3: 333f;
f4d4: 333f;
f4d5: 333f;
f4d6: 333f;
f4d7: 333f;
f4d8: 333f;
f4d9: 333f;
f4da: 333f;
f4db: 333f;
f4dc: 333f;
f4dd: 333f;
f4de: 333f;
f4df: 333f;
f4e0: 333f;
f4e1: 333f;
f4e2: 433f;
f4e3: 433f;
f4e4: 444f;
f4e5: 444f;
f4e6: 444f;
f4e7: 444f;
f4e8: 444f;
f4e9: 444f;
f4ea: 444f;
f4eb: 444f;
f4ec: 444f;
f4ed: 444f;
f4ee: 444f;
f4ef: 444f;
f4f0: 433f;
f4f1: 433f;
f4f2: 444f;
f4f3: 444f;
f4f4: 333f;
f4f5: 333f;
f4f6: 212f;
f4f7: 333f;
f4f8: 555f;
f4f9: 999f;
f4fa: cccf;
f4fb: eeef;
f4fc: eeef;
f4fd: eeef;
f4fe: eddf;
f4ff: dddf;
f500: 9aaf;
f501: 9aaf;
f502: aaaf;
f503: aaaf;
f504: abbf;
f505: abbf;
f506: bbbf;
f507: bbcf;
f508: bccf;
f509: cddf;
f50a: cddf;
f50b: cddf;
f50c: cddf;
f50d: bccf;
f50e: bbbf;
f50f: abbf;
f510: abbf;
f511: abbf;
f512: abbf;
f513: bccf;
f514: cddf;
f515: dddf;
f516: dddf;
f517: dddf;
f518: dddf;
f519: dddf;
f51a: dddf;
f51b: cdcf;
f51c: cdcf;
f51d: dddf;
f51e: dddf;
f51f: dddf;
f520: dddf;
f521: dddf;
f522: dddf;
f523: dddf;
f524: dddf;
f525: dddf;
f526: dddf;
f527: dddf;
f528: dddf;
f529: dddf;
f52a: dddf;
f52b: dddf;
f52c: dddf;
f52d: dddf;
f52e: dddf;
f52f: dddf;
f530: dddf;
f531: dddf;
f532: dddf;
f533: dddf;
f534: dddf;
f535: dddf;
f536: dddf;
f537: dddf;
f538: dddf;
f539: dddf;
f53a: dddf;
f53b: cddf;
f53c: cccf;
f53d: cccf;
f53e: cccf;
f53f: cddf;
f540: dddf;
f541: dddf;
f542: dddf;
f543: dddf;
f544: dddf;
f545: dddf;
f546: dddf;
f547: cddf;
f548: cddf;
f549: dddf;
f54a: cccf;
f54b: aaaf;
f54c: 666f;
f54d: 444f;
f54e: 232f;
f54f: 333f;
f550: 333f;
f551: 333f;
f552: 333f;
f553: 333f;
f554: 333f;
f555: 333f;
f556: 333f;
f557: 333f;
f558: 443f;
f559: 444f;
f55a: 544f;
f55b: 544f;
f55c: 544f;
f55d: 544f;
f55e: 544f;
f55f: 544f;
f560: 544f;
f561: 544f;
f562: 544f;
f563: 544f;
f564: 544f;
f565: 544f;
f566: 544f;
f567: 544f;
f568: 544f;
f569: 544f;
f56a: 544f;
f56b: 544f;
f56c: 544f;
f56d: 544f;
f56e: 544f;
f56f: 544f;
f570: 544f;
f571: 544f;
f572: 544f;
f573: 544f;
f574: 544f;
f575: 544f;
f576: 544f;
f577: 544f;
f578: 544f;
f579: 544f;
f57a: 544f;
f57b: 544f;
f57c: 544f;
f57d: 444f;
f57e: 443f;
f57f: 333f;
f580: 333f;
f581: 333f;
f582: 333f;
f583: 333f;
f584: 333f;
f585: 333f;
f586: 333f;
f587: 333f;
f588: 333f;
f589: 333f;
f58a: 333f;
f58b: 333f;
f58c: 433f;
f58d: 443f;
f58e: 444f;
f58f: 444f;
f590: 544f;
f591: 544f;
f592: 544f;
f593: 443f;
f594: 444f;
f595: 444f;
f596: 877f;
f597: 999f;
f598: a99f;
f599: a99f;
f59a: a99f;
f59b: a99f;
f59c: a99f;
f59d: a99f;
f59e: a99f;
f59f: a99f;
f5a0: a99f;
f5a1: a99f;
f5a2: a99f;
f5a3: 988f;
f5a4: 666f;
f5a5: 444f;
f5a6: 333f;
f5a7: 222f;
f5a8: 222f;
f5a9: 322f;
f5aa: 554f;
f5ab: 777f;
f5ac: baaf;
f5ad: cbcf;
f5ae: cccf;
f5af: cccf;
f5b0: cccf;
f5b1: bbbf;
f5b2: bbbf;
f5b3: bbbf;
f5b4: bbcf;
f5b5: bbbf;
f5b6: cccf;
f5b7: cccf;
f5b8: cccf;
f5b9: dddf;
f5ba: dddf;
f5bb: dddf;
f5bc: bbbf;
f5bd: 888f;
f5be: 555f;
f5bf: 333f;
f5c0: 223f;
f5c1: 222f;
f5c2: 323f;
f5c3: 333f;
f5c4: 333f;
f5c5: 444f;
f5c6: 433f;
f5c7: 433f;
f5c8: 433f;
f5c9: 444f;
f5ca: 444f;
f5cb: 444f;
f5cc: 444f;
f5cd: 444f;
f5ce: 444f;
f5cf: 444f;
f5d0: 444f;
f5d1: 444f;
f5d2: 433f;
f5d3: 333f;
f5d4: 333f;
f5d5: 333f;
f5d6: 333f;
f5d7: 333f;
f5d8: 333f;
f5d9: 333f;
f5da: 333f;
f5db: 333f;
f5dc: 333f;
f5dd: 333f;
f5de: 333f;
f5df: 333f;
f5e0: 333f;
f5e1: 333f;
f5e2: 333f;
f5e3: 333f;
f5e4: 433f;
f5e5: 444f;
f5e6: 444f;
f5e7: 444f;
f5e8: 444f;
f5e9: 444f;
f5ea: 444f;
f5eb: 444f;
f5ec: 444f;
f5ed: 444f;
f5ee: 444f;
f5ef: 444f;
f5f0: 444f;
f5f1: 433f;
f5f2: 444f;
f5f3: 444f;
f5f4: 333f;
f5f5: 333f;
f5f6: 222f;
f5f7: 222f;
f5f8: 444f;
f5f9: 888f;
f5fa: bbbf;
f5fb: eeef;
f5fc: eeef;
f5fd: eeef;
f5fe: eddf;
f5ff: dddf;
f600: aaaf;
f601: aaaf;
f602: 9aaf;
f603: 9aaf;
f604: aaaf;
f605: abbf;
f606: abbf;
f607: bccf;
f608: bccf;
f609: cddf;
f60a: cddf;
f60b: cddf;
f60c: cddf;
f60d: bccf;
f60e: bbbf;
f60f: abbf;
f610: abbf;
f611: abbf;
f612: abbf;
f613: bccf;
f614: cddf;
f615: dddf;
f616: dddf;
f617: dddf;
f618: dddf;
f619: dddf;
f61a: dddf;
f61b: cdcf;
f61c: cdcf;
f61d: dddf;
f61e: dddf;
f61f: dddf;
f620: dddf;
f621: dddf;
f622: dddf;
f623: dddf;
f624: dddf;
f625: dddf;
f626: dddf;
f627: dddf;
f628: dddf;
f629: dddf;
f62a: dddf;
f62b: dddf;
f62c: dddf;
f62d: dddf;
f62e: dddf;
f62f: dddf;
f630: dddf;
f631: dddf;
f632: dddf;
f633: dddf;
f634: dddf;
f635: dddf;
f636: dddf;
f637: dddf;
f638: dddf;
f639: dddf;
f63a: dddf;
f63b: cddf;
f63c: cccf;
f63d: cccf;
f63e: cccf;
f63f: cddf;
f640: dddf;
f641: dddf;
f642: dddf;
f643: dddf;
f644: dddf;
f645: dddf;
f646: dddf;
f647: dddf;
f648: dddf;
f649: dddf;
f64a: cccf;
f64b: 999f;
f64c: 666f;
f64d: 444f;
f64e: 233f;
f64f: 333f;
f650: 333f;
f651: 333f;
f652: 333f;
f653: 333f;
f654: 333f;
f655: 333f;
f656: 333f;
f657: 333f;
f658: 443f;
f659: 444f;
f65a: 544f;
f65b: 544f;
f65c: 544f;
f65d: 544f;
f65e: 544f;
f65f: 544f;
f660: 544f;
f661: 544f;
f662: 544f;
f663: 544f;
f664: 544f;
f665: 544f;
f666: 544f;
f667: 544f;
f668: 544f;
f669: 544f;
f66a: 544f;
f66b: 544f;
f66c: 544f;
f66d: 544f;
f66e: 544f;
f66f: 544f;
f670: 544f;
f671: 544f;
f672: 544f;
f673: 544f;
f674: 544f;
f675: 544f;
f676: 544f;
f677: 544f;
f678: 544f;
f679: 544f;
f67a: 544f;
f67b: 544f;
f67c: 544f;
f67d: 444f;
f67e: 443f;
f67f: 333f;
f680: 333f;
f681: 333f;
f682: 333f;
f683: 333f;
f684: 333f;
f685: 333f;
f686: 333f;
f687: 333f;
f688: 333f;
f689: 333f;
f68a: 333f;
f68b: 333f;
f68c: 443f;
f68d: 444f;
f68e: 444f;
f68f: 444f;
f690: 544f;
f691: 544f;
f692: 544f;
f693: 443f;
f694: 444f;
f695: 544f;
f696: 877f;
f697: 999f;
f698: a99f;
f699: a99f;
f69a: a99f;
f69b: a99f;
f69c: a99f;
f69d: a99f;
f69e: a99f;
f69f: a99f;
f6a0: aa9f;
f6a1: aa9f;
f6a2: 988f;
f6a3: 877f;
f6a4: 555f;
f6a5: 433f;
f6a6: 322f;
f6a7: 222f;
f6a8: 222f;
f6a9: 333f;
f6aa: 555f;
f6ab: 888f;
f6ac: bbbf;
f6ad: cbcf;
f6ae: cccf;
f6af: cbcf;
f6b0: bbbf;
f6b1: bbbf;
f6b2: bbbf;
f6b3: bbbf;
f6b4: bbbf;
f6b5: bbbf;
f6b6: cccf;
f6b7: cccf;
f6b8: dcdf;
f6b9: dddf;
f6ba: eeef;
f6bb: dddf;
f6bc: aabf;
f6bd: 666f;
f6be: 444f;
f6bf: 223f;
f6c0: 333f;
f6c1: 333f;
f6c2: 333f;
f6c3: 333f;
f6c4: 333f;
f6c5: 444f;
f6c6: 444f;
f6c7: 333f;
f6c8: 433f;
f6c9: 444f;
f6ca: 444f;
f6cb: 444f;
f6cc: 444f;
f6cd: 444f;
f6ce: 444f;
f6cf: 444f;
f6d0: 444f;
f6d1: 433f;
f6d2: 333f;
f6d3: 333f;
f6d4: 333f;
f6d5: 333f;
f6d6: 333f;
f6d7: 333f;
f6d8: 333f;
f6d9: 333f;
f6da: 333f;
f6db: 333f;
f6dc: 333f;
f6dd: 333f;
f6de: 333f;
f6df: 333f;
f6e0: 333f;
f6e1: 333f;
f6e2: 333f;
f6e3: 333f;
f6e4: 333f;
f6e5: 433f;
f6e6: 444f;
f6e7: 444f;
f6e8: 433f;
f6e9: 433f;
f6ea: 444f;
f6eb: 444f;
f6ec: 444f;
f6ed: 444f;
f6ee: 444f;
f6ef: 444f;
f6f0: 444f;
f6f1: 433f;
f6f2: 444f;
f6f3: 444f;
f6f4: 433f;
f6f5: 333f;
f6f6: 222f;
f6f7: 222f;
f6f8: 444f;
f6f9: 777f;
f6fa: bbbf;
f6fb: eddf;
f6fc: eeef;
f6fd: eeef;
f6fe: eddf;
f6ff: eddf;
f700: abbf;
f701: abbf;
f702: aaaf;
f703: aaaf;
f704: aaaf;
f705: aaaf;
f706: abbf;
f707: bbbf;
f708: bccf;
f709: cccf;
f70a: cddf;
f70b: cddf;
f70c: cddf;
f70d: bccf;
f70e: bbbf;
f70f: abbf;
f710: abbf;
f711: abbf;
f712: abbf;
f713: bccf;
f714: cddf;
f715: dddf;
f716: dddf;
f717: dddf;
f718: dddf;
f719: dddf;
f71a: dddf;
f71b: cdcf;
f71c: cdcf;
f71d: dddf;
f71e: dddf;
f71f: dddf;
f720: dddf;
f721: dddf;
f722: dddf;
f723: dddf;
f724: dddf;
f725: dddf;
f726: dddf;
f727: dddf;
f728: dddf;
f729: dddf;
f72a: dddf;
f72b: dddf;
f72c: dddf;
f72d: dddf;
f72e: dddf;
f72f: dddf;
f730: dddf;
f731: dddf;
f732: dddf;
f733: dddf;
f734: dddf;
f735: dddf;
f736: dddf;
f737: dddf;
f738: dddf;
f739: dddf;
f73a: dddf;
f73b: cddf;
f73c: cccf;
f73d: cccf;
f73e: cccf;
f73f: cddf;
f740: dddf;
f741: dddf;
f742: dddf;
f743: dddf;
f744: dddf;
f745: dddf;
f746: dddf;
f747: dddf;
f748: dddf;
f749: dddf;
f74a: cccf;
f74b: 999f;
f74c: 666f;
f74d: 444f;
f74e: 333f;
f74f: 333f;
f750: 333f;
f751: 333f;
f752: 333f;
f753: 333f;
f754: 333f;
f755: 333f;
f756: 333f;
f757: 333f;
f758: 443f;
f759: 444f;
f75a: 544f;
f75b: 544f;
f75c: 544f;
f75d: 544f;
f75e: 544f;
f75f: 544f;
f760: 544f;
f761: 544f;
f762: 544f;
f763: 544f;
f764: 544f;
f765: 544f;
f766: 544f;
f767: 544f;
f768: 544f;
f769: 544f;
f76a: 544f;
f76b: 544f;
f76c: 544f;
f76d: 544f;
f76e: 544f;
f76f: 544f;
f770: 544f;
f771: 544f;
f772: 544f;
f773: 544f;
f774: 544f;
f775: 544f;
f776: 544f;
f777: 544f;
f778: 544f;
f779: 544f;
f77a: 544f;
f77b: 544f;
f77c: 544f;
f77d: 444f;
f77e: 443f;
f77f: 333f;
f780: 333f;
f781: 333f;
f782: 333f;
f783: 333f;
f784: 333f;
f785: 333f;
f786: 333f;
f787: 333f;
f788: 333f;
f789: 333f;
f78a: 333f;
f78b: 333f;
f78c: 443f;
f78d: 444f;
f78e: 444f;
f78f: 544f;
f790: 544f;
f791: 544f;
f792: 544f;
f793: 443f;
f794: 444f;
f795: 544f;
f796: 877f;
f797: 999f;
f798: a99f;
f799: a99f;
f79a: a99f;
f79b: a99f;
f79c: a99f;
f79d: a99f;
f79e: a99f;
f79f: a99f;
f7a0: a99f;
f7a1: a99f;
f7a2: 988f;
f7a3: 766f;
f7a4: 544f;
f7a5: 333f;
f7a6: 222f;
f7a7: 222f;
f7a8: 322f;
f7a9: 444f;
f7aa: 666f;
f7ab: 999f;
f7ac: bbbf;
f7ad: cccf;
f7ae: cccf;
f7af: bbbf;
f7b0: bbbf;
f7b1: bbbf;
f7b2: bbbf;
f7b3: bbbf;
f7b4: bbbf;
f7b5: cbcf;
f7b6: cccf;
f7b7: ccdf;
f7b8: dddf;
f7b9: eeef;
f7ba: eeef;
f7bb: ccdf;
f7bc: 99af;
f7bd: 555f;
f7be: 333f;
f7bf: 222f;
f7c0: 333f;
f7c1: 333f;
f7c2: 333f;
f7c3: 333f;
f7c4: 444f;
f7c5: 444f;
f7c6: 433f;
f7c7: 333f;
f7c8: 433f;
f7c9: 444f;
f7ca: 444f;
f7cb: 444f;
f7cc: 444f;
f7cd: 444f;
f7ce: 444f;
f7cf: 444f;
f7d0: 433f;
f7d1: 433f;
f7d2: 333f;
f7d3: 333f;
f7d4: 333f;
f7d5: 333f;
f7d6: 333f;
f7d7: 322f;
f7d8: 333f;
f7d9: 333f;
f7da: 333f;
f7db: 333f;
f7dc: 333f;
f7dd: 333f;
f7de: 333f;
f7df: 333f;
f7e0: 323f;
f7e1: 333f;
f7e2: 333f;
f7e3: 333f;
f7e4: 333f;
f7e5: 433f;
f7e6: 444f;
f7e7: 444f;
f7e8: 333f;
f7e9: 433f;
f7ea: 444f;
f7eb: 444f;
f7ec: 444f;
f7ed: 444f;
f7ee: 444f;
f7ef: 444f;
f7f0: 444f;
f7f1: 444f;
f7f2: 444f;
f7f3: 444f;
f7f4: 444f;
f7f5: 333f;
f7f6: 222f;
f7f7: 222f;
f7f8: 333f;
f7f9: 666f;
f7fa: aaaf;
f7fb: dddf;
f7fc: eeef;
f7fd: eeef;
f7fe: eedf;
f7ff: eddf;
f800: bccf;
f801: bbbf;
f802: abbf;
f803: abbf;
f804: aaaf;
f805: abbf;
f806: abbf;
f807: abbf;
f808: bccf;
f809: cddf;
f80a: cddf;
f80b: cddf;
f80c: cddf;
f80d: bccf;
f80e: bbbf;
f80f: abbf;
f810: abbf;
f811: abbf;
f812: abbf;
f813: bccf;
f814: cddf;
f815: dddf;
f816: dddf;
f817: dddf;
f818: dddf;
f819: dddf;
f81a: cddf;
f81b: cdcf;
f81c: dddf;
f81d: ddcf;
f81e: dddf;
f81f: dddf;
f820: dddf;
f821: dddf;
f822: dddf;
f823: dddf;
f824: dddf;
f825: dddf;
f826: dddf;
f827: dddf;
f828: dddf;
f829: dddf;
f82a: dddf;
f82b: dddf;
f82c: dddf;
f82d: dddf;
f82e: dddf;
f82f: dddf;
f830: dddf;
f831: dddf;
f832: dddf;
f833: dddf;
f834: dddf;
f835: dddf;
f836: dddf;
f837: dddf;
f838: dddf;
f839: dddf;
f83a: dddf;
f83b: cddf;
f83c: cccf;
f83d: cccf;
f83e: cccf;
f83f: cddf;
f840: dddf;
f841: dddf;
f842: dddf;
f843: dddf;
f844: dddf;
f845: dddf;
f846: dddf;
f847: dddf;
f848: deef;
f849: dddf;
f84a: bccf;
f84b: 888f;
f84c: 565f;
f84d: 344f;
f84e: 333f;
f84f: 333f;
f850: 333f;
f851: 333f;
f852: 333f;
f853: 333f;
f854: 333f;
f855: 333f;
f856: 333f;
f857: 333f;
f858: 444f;
f859: 444f;
f85a: 544f;
f85b: 544f;
f85c: 544f;
f85d: 544f;
f85e: 544f;
f85f: 544f;
f860: 544f;
f861: 544f;
f862: 544f;
f863: 544f;
f864: 544f;
f865: 544f;
f866: 544f;
f867: 544f;
f868: 544f;
f869: 544f;
f86a: 544f;
f86b: 544f;
f86c: 544f;
f86d: 544f;
f86e: 544f;
f86f: 544f;
f870: 544f;
f871: 544f;
f872: 544f;
f873: 544f;
f874: 544f;
f875: 544f;
f876: 544f;
f877: 544f;
f878: 544f;
f879: 544f;
f87a: 544f;
f87b: 544f;
f87c: 544f;
f87d: 444f;
f87e: 443f;
f87f: 333f;
f880: 333f;
f881: 333f;
f882: 333f;
f883: 333f;
f884: 333f;
f885: 333f;
f886: 333f;
f887: 333f;
f888: 333f;
f889: 333f;
f88a: 333f;
f88b: 333f;
f88c: 444f;
f88d: 444f;
f88e: 544f;
f88f: 544f;
f890: 444f;
f891: 544f;
f892: 544f;
f893: 443f;
f894: 444f;
f895: 544f;
f896: 877f;
f897: 999f;
f898: aa9f;
f899: a99f;
f89a: a99f;
f89b: a99f;
f89c: a99f;
f89d: a99f;
f89e: a99f;
f89f: a99f;
f8a0: aaaf;
f8a1: a99f;
f8a2: 877f;
f8a3: 655f;
f8a4: 433f;
f8a5: 322f;
f8a6: 222f;
f8a7: 222f;
f8a8: 333f;
f8a9: 555f;
f8aa: 877f;
f8ab: aaaf;
f8ac: cccf;
f8ad: cccf;
f8ae: cbcf;
f8af: bbbf;
f8b0: bbcf;
f8b1: cbcf;
f8b2: bbcf;
f8b3: bbbf;
f8b4: bbbf;
f8b5: cccf;
f8b6: dddf;
f8b7: dddf;
f8b8: eeef;
f8b9: eeef;
f8ba: eeef;
f8bb: bbcf;
f8bc: 888f;
f8bd: 444f;
f8be: 223f;
f8bf: 222f;
f8c0: 333f;
f8c1: 333f;
f8c2: 333f;
f8c3: 333f;
f8c4: 433f;
f8c5: 444f;
f8c6: 433f;
f8c7: 433f;
f8c8: 433f;
f8c9: 444f;
f8ca: 444f;
f8cb: 444f;
f8cc: 444f;
f8cd: 444f;
f8ce: 444f;
f8cf: 444f;
f8d0: 444f;
f8d1: 433f;
f8d2: 333f;
f8d3: 333f;
f8d4: 333f;
f8d5: 333f;
f8d6: 333f;
f8d7: 333f;
f8d8: 333f;
f8d9: 333f;
f8da: 333f;
f8db: 333f;
f8dc: 333f;
f8dd: 333f;
f8de: 333f;
f8df: 333f;
f8e0: 333f;
f8e1: 333f;
f8e2: 333f;
f8e3: 333f;
f8e4: 333f;
f8e5: 433f;
f8e6: 444f;
f8e7: 444f;
f8e8: 444f;
f8e9: 444f;
f8ea: 444f;
f8eb: 444f;
f8ec: 444f;
f8ed: 444f;
f8ee: 444f;
f8ef: 444f;
f8f0: 444f;
f8f1: 444f;
f8f2: 444f;
f8f3: 444f;
f8f4: 444f;
f8f5: 333f;
f8f6: 223f;
f8f7: 222f;
f8f8: 333f;
f8f9: 555f;
f8fa: 999f;
f8fb: dccf;
f8fc: eeef;
f8fd: eeef;
f8fe: eddf;
f8ff: dddf;
f900: bccf;
f901: bbcf;
f902: abbf;
f903: abbf;
f904: aaaf;
f905: aaaf;
f906: aabf;
f907: abbf;
f908: bccf;
f909: cccf;
f90a: cddf;
f90b: cddf;
f90c: cddf;
f90d: bccf;
f90e: bbbf;
f90f: abbf;
f910: abbf;
f911: abbf;
f912: abbf;
f913: bccf;
f914: cccf;
f915: dddf;
f916: dddf;
f917: dddf;
f918: dddf;
f919: dddf;
f91a: cddf;
f91b: cdcf;
f91c: dddf;
f91d: ddcf;
f91e: dddf;
f91f: dddf;
f920: dddf;
f921: dddf;
f922: dddf;
f923: dddf;
f924: dddf;
f925: dddf;
f926: dddf;
f927: dddf;
f928: dddf;
f929: dddf;
f92a: dddf;
f92b: dddf;
f92c: dddf;
f92d: dddf;
f92e: dddf;
f92f: dddf;
f930: dddf;
f931: dddf;
f932: dddf;
f933: dddf;
f934: dddf;
f935: dddf;
f936: dddf;
f937: dddf;
f938: dddf;
f939: dddf;
f93a: dddf;
f93b: cddf;
f93c: cccf;
f93d: cccf;
f93e: cccf;
f93f: cddf;
f940: dddf;
f941: dddf;
f942: dddf;
f943: dddf;
f944: dddf;
f945: dddf;
f946: dddf;
f947: dddf;
f948: dedf;
f949: dddf;
f94a: bbbf;
f94b: 888f;
f94c: 555f;
f94d: 333f;
f94e: 333f;
f94f: 333f;
f950: 333f;
f951: 333f;
f952: 333f;
f953: 333f;
f954: 333f;
f955: 333f;
f956: 333f;
f957: 333f;
f958: 444f;
f959: 444f;
f95a: 544f;
f95b: 544f;
f95c: 544f;
f95d: 544f;
f95e: 544f;
f95f: 544f;
f960: 544f;
f961: 544f;
f962: 544f;
f963: 544f;
f964: 544f;
f965: 544f;
f966: 544f;
f967: 544f;
f968: 544f;
f969: 544f;
f96a: 544f;
f96b: 544f;
f96c: 544f;
f96d: 544f;
f96e: 544f;
f96f: 544f;
f970: 544f;
f971: 544f;
f972: 544f;
f973: 544f;
f974: 544f;
f975: 544f;
f976: 544f;
f977: 544f;
f978: 544f;
f979: 544f;
f97a: 544f;
f97b: 544f;
f97c: 544f;
f97d: 444f;
f97e: 443f;
f97f: 333f;
f980: 333f;
f981: 333f;
f982: 333f;
f983: 333f;
f984: 333f;
f985: 333f;
f986: 333f;
f987: 333f;
f988: 333f;
f989: 333f;
f98a: 333f;
f98b: 333f;
f98c: 444f;
f98d: 444f;
f98e: 544f;
f98f: 544f;
f990: 444f;
f991: 544f;
f992: 544f;
f993: 433f;
f994: 444f;
f995: 544f;
f996: 887f;
f997: a99f;
f998: aa9f;
f999: a99f;
f99a: a99f;
f99b: a99f;
f99c: a99f;
f99d: a99f;
f99e: a99f;
f99f: a99f;
f9a0: a99f;
f9a1: 999f;
f9a2: 766f;
f9a3: 544f;
f9a4: 333f;
f9a5: 322f;
f9a6: 222f;
f9a7: 322f;
f9a8: 444f;
f9a9: 666f;
f9aa: 988f;
f9ab: baaf;
f9ac: cccf;
f9ad: cccf;
f9ae: cbcf;
f9af: bbbf;
f9b0: bbbf;
f9b1: bbbf;
f9b2: bbbf;
f9b3: bbbf;
f9b4: bbbf;
f9b5: cccf;
f9b6: dddf;
f9b7: dddf;
f9b8: ddef;
f9b9: eeef;
f9ba: dddf;
f9bb: aaaf;
f9bc: 777f;
f9bd: 333f;
f9be: 222f;
f9bf: 222f;
f9c0: 333f;
f9c1: 333f;
f9c2: 333f;
f9c3: 333f;
f9c4: 433f;
f9c5: 444f;
f9c6: 433f;
f9c7: 433f;
f9c8: 433f;
f9c9: 444f;
f9ca: 444f;
f9cb: 444f;
f9cc: 444f;
f9cd: 444f;
f9ce: 444f;
f9cf: 444f;
f9d0: 433f;
f9d1: 333f;
f9d2: 333f;
f9d3: 333f;
f9d4: 333f;
f9d5: 333f;
f9d6: 333f;
f9d7: 333f;
f9d8: 333f;
f9d9: 333f;
f9da: 333f;
f9db: 333f;
f9dc: 333f;
f9dd: 333f;
f9de: 323f;
f9df: 333f;
f9e0: 322f;
f9e1: 323f;
f9e2: 333f;
f9e3: 333f;
f9e4: 333f;
f9e5: 333f;
f9e6: 444f;
f9e7: 444f;
f9e8: 444f;
f9e9: 444f;
f9ea: 444f;
f9eb: 444f;
f9ec: 444f;
f9ed: 444f;
f9ee: 444f;
f9ef: 444f;
f9f0: 444f;
f9f1: 444f;
f9f2: 444f;
f9f3: 444f;
f9f4: 444f;
f9f5: 333f;
f9f6: 333f;
f9f7: 222f;
f9f8: 323f;
f9f9: 444f;
f9fa: 888f;
f9fb: cccf;
f9fc: eeef;
f9fd: eeef;
f9fe: eedf;
f9ff: dddf;
fa00: cccf;
fa01: bccf;
fa02: bbbf;
fa03: abbf;
fa04: abaf;
fa05: aaaf;
fa06: aaaf;
fa07: abbf;
fa08: bccf;
fa09: cccf;
fa0a: cddf;
fa0b: cddf;
fa0c: cddf;
fa0d: bccf;
fa0e: bbbf;
fa0f: abbf;
fa10: abbf;
fa11: abbf;
fa12: abbf;
fa13: bccf;
fa14: cddf;
fa15: dddf;
fa16: dddf;
fa17: dddf;
fa18: dddf;
fa19: dddf;
fa1a: cddf;
fa1b: cdcf;
fa1c: dddf;
fa1d: ddcf;
fa1e: dddf;
fa1f: dddf;
fa20: dddf;
fa21: dddf;
fa22: dddf;
fa23: dddf;
fa24: dddf;
fa25: dddf;
fa26: dddf;
fa27: dddf;
fa28: dddf;
fa29: dddf;
fa2a: dddf;
fa2b: dddf;
fa2c: dddf;
fa2d: dddf;
fa2e: dddf;
fa2f: dddf;
fa30: dddf;
fa31: dddf;
fa32: dddf;
fa33: dddf;
fa34: dddf;
fa35: dddf;
fa36: dddf;
fa37: dddf;
fa38: dddf;
fa39: dddf;
fa3a: dddf;
fa3b: cddf;
fa3c: cccf;
fa3d: cccf;
fa3e: cccf;
fa3f: cddf;
fa40: dddf;
fa41: dddf;
fa42: dddf;
fa43: dddf;
fa44: dddf;
fa45: dddf;
fa46: dddf;
fa47: dddf;
fa48: dddf;
fa49: dddf;
fa4a: bbbf;
fa4b: 787f;
fa4c: 455f;
fa4d: 333f;
fa4e: 333f;
fa4f: 333f;
fa50: 333f;
fa51: 333f;
fa52: 333f;
fa53: 333f;
fa54: 333f;
fa55: 333f;
fa56: 333f;
fa57: 333f;
fa58: 444f;
fa59: 444f;
fa5a: 544f;
fa5b: 544f;
fa5c: 544f;
fa5d: 544f;
fa5e: 544f;
fa5f: 544f;
fa60: 544f;
fa61: 544f;
fa62: 544f;
fa63: 544f;
fa64: 544f;
fa65: 544f;
fa66: 544f;
fa67: 544f;
fa68: 544f;
fa69: 544f;
fa6a: 544f;
fa6b: 544f;
fa6c: 544f;
fa6d: 544f;
fa6e: 544f;
fa6f: 544f;
fa70: 544f;
fa71: 544f;
fa72: 544f;
fa73: 544f;
fa74: 544f;
fa75: 544f;
fa76: 544f;
fa77: 544f;
fa78: 544f;
fa79: 544f;
fa7a: 544f;
fa7b: 544f;
fa7c: 544f;
fa7d: 444f;
fa7e: 443f;
fa7f: 333f;
fa80: 333f;
fa81: 333f;
fa82: 333f;
fa83: 333f;
fa84: 333f;
fa85: 333f;
fa86: 333f;
fa87: 333f;
fa88: 333f;
fa89: 333f;
fa8a: 333f;
fa8b: 433f;
fa8c: 444f;
fa8d: 444f;
fa8e: 544f;
fa8f: 544f;
fa90: 544f;
fa91: 544f;
fa92: 544f;
fa93: 433f;
fa94: 444f;
fa95: 544f;
fa96: 887f;
fa97: a99f;
fa98: aa9f;
fa99: a99f;
fa9a: a99f;
fa9b: a99f;
fa9c: a99f;
fa9d: a99f;
fa9e: a99f;
fa9f: a99f;
faa0: a99f;
faa1: 988f;
faa2: 666f;
faa3: 433f;
faa4: 322f;
faa5: 222f;
faa6: 222f;
faa7: 332f;
faa8: 544f;
faa9: 777f;
faaa: aaaf;
faab: bbbf;
faac: cccf;
faad: cccf;
faae: cbcf;
faaf: bbbf;
fab0: bbbf;
fab1: bbcf;
fab2: cbcf;
fab3: cccf;
fab4: cccf;
fab5: dddf;
fab6: dddf;
fab7: dddf;
fab8: eeef;
fab9: ddef;
faba: dddf;
fabb: 999f;
fabc: 555f;
fabd: 333f;
fabe: 222f;
fabf: 222f;
fac0: 333f;
fac1: 333f;
fac2: 333f;
fac3: 433f;
fac4: 433f;
fac5: 444f;
fac6: 433f;
fac7: 433f;
fac8: 433f;
fac9: 444f;
faca: 444f;
facb: 444f;
facc: 444f;
facd: 444f;
face: 444f;
facf: 444f;
fad0: 433f;
fad1: 333f;
fad2: 333f;
fad3: 333f;
fad4: 333f;
fad5: 333f;
fad6: 323f;
fad7: 323f;
fad8: 333f;
fad9: 333f;
fada: 333f;
fadb: 333f;
fadc: 333f;
fadd: 323f;
fade: 322f;
fadf: 333f;
fae0: 222f;
fae1: 322f;
fae2: 323f;
fae3: 333f;
fae4: 333f;
fae5: 333f;
fae6: 433f;
fae7: 444f;
fae8: 444f;
fae9: 444f;
faea: 444f;
faeb: 444f;
faec: 444f;
faed: 444f;
faee: 444f;
faef: 444f;
faf0: 444f;
faf1: 444f;
faf2: 444f;
faf3: 444f;
faf4: 444f;
faf5: 333f;
faf6: 333f;
faf7: 222f;
faf8: 322f;
faf9: 433f;
fafa: 777f;
fafb: bbbf;
fafc: eddf;
fafd: eeef;
fafe: eeef;
faff: eddf;
fb00: cdcf;
fb01: bccf;
fb02: bbbf;
fb03: abbf;
fb04: abbf;
fb05: 9aaf;
fb06: 9aaf;
fb07: abaf;
fb08: bbbf;
fb09: cccf;
fb0a: cddf;
fb0b: cddf;
fb0c: cddf;
fb0d: bccf;
fb0e: bbbf;
fb0f: abbf;
fb10: abbf;
fb11: abbf;
fb12: abbf;
fb13: bccf;
fb14: cddf;
fb15: dddf;
fb16: dddf;
fb17: dddf;
fb18: dddf;
fb19: dddf;
fb1a: cddf;
fb1b: cdcf;
fb1c: dddf;
fb1d: ddcf;
fb1e: dddf;
fb1f: dddf;
fb20: dddf;
fb21: dddf;
fb22: dddf;
fb23: dddf;
fb24: dddf;
fb25: dddf;
fb26: dddf;
fb27: dddf;
fb28: dddf;
fb29: dddf;
fb2a: dddf;
fb2b: dddf;
fb2c: dddf;
fb2d: dddf;
fb2e: dddf;
fb2f: dddf;
fb30: dddf;
fb31: dddf;
fb32: dddf;
fb33: dddf;
fb34: dddf;
fb35: dddf;
fb36: dddf;
fb37: dddf;
fb38: dddf;
fb39: dddf;
fb3a: dddf;
fb3b: cddf;
fb3c: cccf;
fb3d: cccf;
fb3e: cccf;
fb3f: cddf;
fb40: dddf;
fb41: dddf;
fb42: dddf;
fb43: dddf;
fb44: dddf;
fb45: dddf;
fb46: dddf;
fb47: dddf;
fb48: dddf;
fb49: dddf;
fb4a: bbbf;
fb4b: 777f;
fb4c: 444f;
fb4d: 333f;
fb4e: 333f;
fb4f: 333f;
fb50: 333f;
fb51: 333f;
fb52: 333f;
fb53: 333f;
fb54: 333f;
fb55: 333f;
fb56: 333f;
fb57: 333f;
fb58: 444f;
fb59: 444f;
fb5a: 544f;
fb5b: 544f;
fb5c: 544f;
fb5d: 544f;
fb5e: 544f;
fb5f: 544f;
fb60: 544f;
fb61: 544f;
fb62: 544f;
fb63: 544f;
fb64: 544f;
fb65: 544f;
fb66: 544f;
fb67: 544f;
fb68: 544f;
fb69: 544f;
fb6a: 544f;
fb6b: 544f;
fb6c: 544f;
fb6d: 544f;
fb6e: 544f;
fb6f: 544f;
fb70: 544f;
fb71: 544f;
fb72: 544f;
fb73: 544f;
fb74: 544f;
fb75: 544f;
fb76: 544f;
fb77: 544f;
fb78: 544f;
fb79: 544f;
fb7a: 544f;
fb7b: 544f;
fb7c: 544f;
fb7d: 444f;
fb7e: 443f;
fb7f: 333f;
fb80: 333f;
fb81: 333f;
fb82: 333f;
fb83: 333f;
fb84: 333f;
fb85: 333f;
fb86: 333f;
fb87: 333f;
fb88: 333f;
fb89: 333f;
fb8a: 333f;
fb8b: 444f;
fb8c: 444f;
fb8d: 444f;
fb8e: 544f;
fb8f: 544f;
fb90: 544f;
fb91: 544f;
fb92: 544f;
fb93: 433f;
fb94: 444f;
fb95: 554f;
fb96: 888f;
fb97: a99f;
fb98: aa9f;
fb99: a99f;
fb9a: a99f;
fb9b: a99f;
fb9c: a99f;
fb9d: a99f;
fb9e: a99f;
fb9f: a99f;
fba0: 999f;
fba1: 877f;
fba2: 655f;
fba3: 433f;
fba4: 222f;
fba5: 222f;
fba6: 222f;
fba7: 333f;
fba8: 555f;
fba9: 888f;
fbaa: aaaf;
fbab: bbbf;
fbac: bbcf;
fbad: cccf;
fbae: cccf;
fbaf: cbcf;
fbb0: cbcf;
fbb1: cccf;
fbb2: cccf;
fbb3: cccf;
fbb4: dddf;
fbb5: dddf;
fbb6: eeef;
fbb7: ddef;
fbb8: eeef;
fbb9: dddf;
fbba: cccf;
fbbb: 777f;
fbbc: 444f;
fbbd: 223f;
fbbe: 333f;
fbbf: 333f;
fbc0: 333f;
fbc1: 333f;
fbc2: 333f;
fbc3: 433f;
fbc4: 433f;
fbc5: 444f;
fbc6: 433f;
fbc7: 433f;
fbc8: 433f;
fbc9: 444f;
fbca: 444f;
fbcb: 444f;
fbcc: 444f;
fbcd: 444f;
fbce: 444f;
fbcf: 444f;
fbd0: 433f;
fbd1: 333f;
fbd2: 333f;
fbd3: 333f;
fbd4: 333f;
fbd5: 323f;
fbd6: 322f;
fbd7: 322f;
fbd8: 333f;
fbd9: 333f;
fbda: 333f;
fbdb: 333f;
fbdc: 333f;
fbdd: 323f;
fbde: 333f;
fbdf: 333f;
fbe0: 333f;
fbe1: 333f;
fbe2: 333f;
fbe3: 333f;
fbe4: 333f;
fbe5: 333f;
fbe6: 444f;
fbe7: 444f;
fbe8: 444f;
fbe9: 444f;
fbea: 444f;
fbeb: 444f;
fbec: 444f;
fbed: 444f;
fbee: 444f;
fbef: 444f;
fbf0: 444f;
fbf1: 444f;
fbf2: 444f;
fbf3: 444f;
fbf4: 444f;
fbf5: 333f;
fbf6: 333f;
fbf7: 223f;
fbf8: 222f;
fbf9: 333f;
fbfa: 666f;
fbfb: aaaf;
fbfc: dddf;
fbfd: eeef;
fbfe: eeef;
fbff: eedf;
fc00: cddf;
fc01: bccf;
fc02: bcbf;
fc03: abbf;
fc04: abbf;
fc05: aaaf;
fc06: aaaf;
fc07: abbf;
fc08: bccf;
fc09: cccf;
fc0a: cddf;
fc0b: cddf;
fc0c: cddf;
fc0d: bccf;
fc0e: bcbf;
fc0f: abbf;
fc10: abbf;
fc11: abbf;
fc12: abbf;
fc13: bccf;
fc14: cddf;
fc15: dddf;
fc16: dddf;
fc17: dddf;
fc18: dddf;
fc19: dddf;
fc1a: dddf;
fc1b: cddf;
fc1c: dddf;
fc1d: ddcf;
fc1e: dddf;
fc1f: dddf;
fc20: dddf;
fc21: dddf;
fc22: dddf;
fc23: dddf;
fc24: dddf;
fc25: dddf;
fc26: dddf;
fc27: dddf;
fc28: dddf;
fc29: dddf;
fc2a: dddf;
fc2b: dddf;
fc2c: dddf;
fc2d: dddf;
fc2e: dddf;
fc2f: dddf;
fc30: dddf;
fc31: dddf;
fc32: dddf;
fc33: dddf;
fc34: dddf;
fc35: dddf;
fc36: dddf;
fc37: dddf;
fc38: dddf;
fc39: dddf;
fc3a: dddf;
fc3b: cccf;
fc3c: cccf;
fc3d: cccf;
fc3e: cccf;
fc3f: cdcf;
fc40: dddf;
fc41: dddf;
fc42: dddf;
fc43: dddf;
fc44: dddf;
fc45: dddf;
fc46: dddf;
fc47: dddf;
fc48: dddf;
fc49: dddf;
fc4a: bbbf;
fc4b: 677f;
fc4c: 444f;
fc4d: 333f;
fc4e: 333f;
fc4f: 333f;
fc50: 333f;
fc51: 333f;
fc52: 333f;
fc53: 333f;
fc54: 333f;
fc55: 333f;
fc56: 333f;
fc57: 333f;
fc58: 444f;
fc59: 444f;
fc5a: 544f;
fc5b: 544f;
fc5c: 544f;
fc5d: 544f;
fc5e: 544f;
fc5f: 544f;
fc60: 544f;
fc61: 544f;
fc62: 544f;
fc63: 544f;
fc64: 544f;
fc65: 544f;
fc66: 544f;
fc67: 544f;
fc68: 544f;
fc69: 544f;
fc6a: 544f;
fc6b: 544f;
fc6c: 544f;
fc6d: 544f;
fc6e: 544f;
fc6f: 544f;
fc70: 544f;
fc71: 544f;
fc72: 544f;
fc73: 544f;
fc74: 544f;
fc75: 544f;
fc76: 544f;
fc77: 544f;
fc78: 544f;
fc79: 544f;
fc7a: 544f;
fc7b: 544f;
fc7c: 544f;
fc7d: 444f;
fc7e: 443f;
fc7f: 333f;
fc80: 333f;
fc81: 333f;
fc82: 333f;
fc83: 333f;
fc84: 333f;
fc85: 333f;
fc86: 333f;
fc87: 333f;
fc88: 333f;
fc89: 333f;
fc8a: 433f;
fc8b: 444f;
fc8c: 444f;
fc8d: 444f;
fc8e: 544f;
fc8f: 544f;
fc90: 544f;
fc91: 544f;
fc92: 544f;
fc93: 443f;
fc94: 444f;
fc95: 555f;
fc96: 887f;
fc97: a99f;
fc98: aaaf;
fc99: a99f;
fc9a: a99f;
fc9b: a99f;
fc9c: a99f;
fc9d: a99f;
fc9e: a99f;
fc9f: a99f;
fca0: 999f;
fca1: 777f;
fca2: 554f;
fca3: 332f;
fca4: 322f;
fca5: 222f;
fca6: 322f;
fca7: 433f;
fca8: 666f;
fca9: a99f;
fcaa: bbbf;
fcab: cccf;
fcac: cbcf;
fcad: cccf;
fcae: cccf;
fcaf: bbbf;
fcb0: bbbf;
fcb1: cccf;
fcb2: cccf;
fcb3: dddf;
fcb4: dddf;
fcb5: ddef;
fcb6: eeef;
fcb7: eeef;
fcb8: ddef;
fcb9: dddf;
fcba: bbbf;
fcbb: 666f;
fcbc: 333f;
fcbd: 222f;
fcbe: 333f;
fcbf: 333f;
fcc0: 333f;
fcc1: 333f;
fcc2: 333f;
fcc3: 444f;
fcc4: 444f;
fcc5: 444f;
fcc6: 444f;
fcc7: 433f;
fcc8: 433f;
fcc9: 444f;
fcca: 444f;
fccb: 444f;
fccc: 444f;
fccd: 444f;
fcce: 444f;
fccf: 444f;
fcd0: 333f;
fcd1: 333f;
fcd2: 333f;
fcd3: 333f;
fcd4: 222f;
fcd5: 222f;
fcd6: 222f;
fcd7: 333f;
fcd8: 333f;
fcd9: 333f;
fcda: 333f;
fcdb: 333f;
fcdc: 333f;
fcdd: 333f;
fcde: 333f;
fcdf: 333f;
fce0: 333f;
fce1: 333f;
fce2: 333f;
fce3: 333f;
fce4: 333f;
fce5: 333f;
fce6: 333f;
fce7: 333f;
fce8: 444f;
fce9: 444f;
fcea: 444f;
fceb: 444f;
fcec: 444f;
fced: 444f;
fcee: 444f;
fcef: 444f;
fcf0: 444f;
fcf1: 444f;
fcf2: 444f;
fcf3: 444f;
fcf4: 444f;
fcf5: 333f;
fcf6: 333f;
fcf7: 222f;
fcf8: 222f;
fcf9: 222f;
fcfa: 655f;
fcfb: 999f;
fcfc: dddf;
fcfd: eeef;
fcfe: eeef;
fcff: eeef;
fd00: cddf;
fd01: cccf;
fd02: bcbf;
fd03: abbf;
fd04: abbf;
fd05: aaaf;
fd06: aaaf;
fd07: abbf;
fd08: bccf;
fd09: cccf;
fd0a: cddf;
fd0b: cddf;
fd0c: cddf;
fd0d: bccf;
fd0e: bcbf;
fd0f: abbf;
fd10: abbf;
fd11: abbf;
fd12: abbf;
fd13: bccf;
fd14: cddf;
fd15: dddf;
fd16: dddf;
fd17: dddf;
fd18: dddf;
fd19: dddf;
fd1a: dddf;
fd1b: cddf;
fd1c: dddf;
fd1d: ddcf;
fd1e: dddf;
fd1f: dddf;
fd20: dddf;
fd21: dddf;
fd22: dddf;
fd23: dddf;
fd24: dddf;
fd25: dddf;
fd26: dddf;
fd27: dddf;
fd28: dddf;
fd29: dddf;
fd2a: dddf;
fd2b: dddf;
fd2c: dddf;
fd2d: dddf;
fd2e: dddf;
fd2f: dddf;
fd30: dddf;
fd31: dddf;
fd32: dddf;
fd33: dddf;
fd34: dddf;
fd35: dddf;
fd36: dddf;
fd37: dddf;
fd38: dddf;
fd39: dddf;
fd3a: dddf;
fd3b: cccf;
fd3c: cccf;
fd3d: cccf;
fd3e: cccf;
fd3f: cdcf;
fd40: dddf;
fd41: dddf;
fd42: dddf;
fd43: dddf;
fd44: dddf;
fd45: dddf;
fd46: dddf;
fd47: dddf;
fd48: dedf;
fd49: dddf;
fd4a: aaaf;
fd4b: 666f;
fd4c: 444f;
fd4d: 333f;
fd4e: 333f;
fd4f: 333f;
fd50: 333f;
fd51: 333f;
fd52: 333f;
fd53: 333f;
fd54: 333f;
fd55: 333f;
fd56: 333f;
fd57: 333f;
fd58: 443f;
fd59: 444f;
fd5a: 544f;
fd5b: 544f;
fd5c: 544f;
fd5d: 544f;
fd5e: 544f;
fd5f: 544f;
fd60: 544f;
fd61: 544f;
fd62: 544f;
fd63: 544f;
fd64: 544f;
fd65: 544f;
fd66: 544f;
fd67: 544f;
fd68: 544f;
fd69: 544f;
fd6a: 544f;
fd6b: 544f;
fd6c: 544f;
fd6d: 544f;
fd6e: 544f;
fd6f: 544f;
fd70: 544f;
fd71: 544f;
fd72: 544f;
fd73: 544f;
fd74: 544f;
fd75: 544f;
fd76: 544f;
fd77: 544f;
fd78: 544f;
fd79: 544f;
fd7a: 544f;
fd7b: 544f;
fd7c: 544f;
fd7d: 444f;
fd7e: 444f;
fd7f: 333f;
fd80: 333f;
fd81: 333f;
fd82: 333f;
fd83: 333f;
fd84: 333f;
fd85: 333f;
fd86: 333f;
fd87: 333f;
fd88: 333f;
fd89: 433f;
fd8a: 444f;
fd8b: 444f;
fd8c: 444f;
fd8d: 544f;
fd8e: 544f;
fd8f: 544f;
fd90: 544f;
fd91: 544f;
fd92: 544f;
fd93: 443f;
fd94: 444f;
fd95: 555f;
fd96: 888f;
fd97: a99f;
fd98: aaaf;
fd99: a99f;
fd9a: a99f;
fd9b: a99f;
fd9c: a99f;
fd9d: a99f;
fd9e: a99f;
fd9f: a99f;
fda0: 988f;
fda1: 766f;
fda2: 544f;
fda3: 322f;
fda4: 322f;
fda5: 322f;
fda6: 322f;
fda7: 444f;
fda8: 777f;
fda9: aaaf;
fdaa: bbbf;
fdab: cccf;
fdac: cccf;
fdad: cccf;
fdae: cccf;
fdaf: bbcf;
fdb0: cbcf;
fdb1: cccf;
fdb2: cccf;
fdb3: dddf;
fdb4: dddf;
fdb5: eeef;
fdb6: eeef;
fdb7: eeef;
fdb8: dddf;
fdb9: cccf;
fdba: aaaf;
fdbb: 555f;
fdbc: 222f;
fdbd: 222f;
fdbe: 223f;
fdbf: 333f;
fdc0: 333f;
fdc1: 333f;
fdc2: 333f;
fdc3: 444f;
fdc4: 444f;
fdc5: 444f;
fdc6: 444f;
fdc7: 433f;
fdc8: 433f;
fdc9: 433f;
fdca: 444f;
fdcb: 444f;
fdcc: 444f;
fdcd: 444f;
fdce: 444f;
fdcf: 444f;
fdd0: 333f;
fdd1: 333f;
fdd2: 333f;
fdd3: 333f;
fdd4: 333f;
fdd5: 222f;
fdd6: 222f;
fdd7: 333f;
fdd8: 333f;
fdd9: 333f;
fdda: 333f;
fddb: 333f;
fddc: 333f;
fddd: 333f;
fdde: 333f;
fddf: 333f;
fde0: 333f;
fde1: 333f;
fde2: 333f;
fde3: 333f;
fde4: 333f;
fde5: 333f;
fde6: 333f;
fde7: 333f;
fde8: 444f;
fde9: 444f;
fdea: 444f;
fdeb: 444f;
fdec: 444f;
fded: 444f;
fdee: 444f;
fdef: 444f;
fdf0: 444f;
fdf1: 444f;
fdf2: 444f;
fdf3: 444f;
fdf4: 444f;
fdf5: 333f;
fdf6: 333f;
fdf7: 222f;
fdf8: 222f;
fdf9: 222f;
fdfa: 555f;
fdfb: 999f;
fdfc: dddf;
fdfd: eeef;
fdfe: eeef;
fdff: eeef;
fe00: cddf;
fe01: cccf;
fe02: bccf;
fe03: bbbf;
fe04: abbf;
fe05: abaf;
fe06: abaf;
fe07: abbf;
fe08: bccf;
fe09: cccf;
fe0a: cddf;
fe0b: cddf;
fe0c: cddf;
fe0d: bccf;
fe0e: bcbf;
fe0f: abbf;
fe10: abbf;
fe11: abbf;
fe12: abbf;
fe13: bccf;
fe14: cddf;
fe15: dddf;
fe16: dddf;
fe17: dddf;
fe18: dddf;
fe19: dddf;
fe1a: dddf;
fe1b: cddf;
fe1c: dddf;
fe1d: ddcf;
fe1e: dddf;
fe1f: dddf;
fe20: dddf;
fe21: dddf;
fe22: dddf;
fe23: dddf;
fe24: dddf;
fe25: dddf;
fe26: dddf;
fe27: dddf;
fe28: dddf;
fe29: dddf;
fe2a: dddf;
fe2b: dddf;
fe2c: dddf;
fe2d: dddf;
fe2e: dddf;
fe2f: dddf;
fe30: dddf;
fe31: dddf;
fe32: dddf;
fe33: dddf;
fe34: dddf;
fe35: dddf;
fe36: dddf;
fe37: dddf;
fe38: dddf;
fe39: dddf;
fe3a: dddf;
fe3b: cccf;
fe3c: cccf;
fe3d: cccf;
fe3e: cccf;
fe3f: cdcf;
fe40: cddf;
fe41: dddf;
fe42: dddf;
fe43: dddf;
fe44: dddf;
fe45: dddf;
fe46: dddf;
fe47: dddf;
fe48: eeef;
fe49: dddf;
fe4a: aaaf;
fe4b: 666f;
fe4c: 344f;
fe4d: 333f;
fe4e: 333f;
fe4f: 333f;
fe50: 333f;
fe51: 333f;
fe52: 333f;
fe53: 333f;
fe54: 333f;
fe55: 333f;
fe56: 333f;
fe57: 333f;
fe58: 433f;
fe59: 444f;
fe5a: 544f;
fe5b: 544f;
fe5c: 544f;
fe5d: 544f;
fe5e: 544f;
fe5f: 544f;
fe60: 544f;
fe61: 544f;
fe62: 544f;
fe63: 544f;
fe64: 544f;
fe65: 544f;
fe66: 544f;
fe67: 544f;
fe68: 544f;
fe69: 544f;
fe6a: 544f;
fe6b: 544f;
fe6c: 544f;
fe6d: 544f;
fe6e: 544f;
fe6f: 544f;
fe70: 544f;
fe71: 544f;
fe72: 544f;
fe73: 544f;
fe74: 544f;
fe75: 544f;
fe76: 544f;
fe77: 544f;
fe78: 544f;
fe79: 544f;
fe7a: 544f;
fe7b: 544f;
fe7c: 544f;
fe7d: 444f;
fe7e: 444f;
fe7f: 433f;
fe80: 333f;
fe81: 333f;
fe82: 333f;
fe83: 333f;
fe84: 333f;
fe85: 333f;
fe86: 333f;
fe87: 333f;
fe88: 333f;
fe89: 433f;
fe8a: 444f;
fe8b: 444f;
fe8c: 544f;
fe8d: 544f;
fe8e: 544f;
fe8f: 544f;
fe90: 544f;
fe91: 544f;
fe92: 544f;
fe93: 443f;
fe94: 544f;
fe95: 655f;
fe96: 888f;
fe97: a99f;
fe98: aaaf;
fe99: a99f;
fe9a: a99f;
fe9b: a99f;
fe9c: a99f;
fe9d: a99f;
fe9e: aa9f;
fe9f: a99f;
fea0: 888f;
fea1: 655f;
fea2: 433f;
fea3: 322f;
fea4: 322f;
fea5: 322f;
fea6: 332f;
fea7: 555f;
fea8: 888f;
fea9: bbbf;
feaa: bbbf;
feab: cccf;
feac: cccf;
fead: cccf;
feae: cccf;
feaf: bbcf;
feb0: cccf;
feb1: cccf;
feb2: dddf;
feb3: dddf;
feb4: dddf;
feb5: eeef;
feb6: eeef;
feb7: eeef;
feb8: eeef;
feb9: bbbf;
feba: 777f;
febb: 444f;
febc: 222f;
febd: 333f;
febe: 222f;
febf: 222f;
fec0: 333f;
fec1: 333f;
fec2: 333f;
fec3: 444f;
fec4: 444f;
fec5: 444f;
fec6: 444f;
fec7: 433f;
fec8: 433f;
fec9: 433f;
feca: 444f;
fecb: 444f;
fecc: 444f;
fecd: 444f;
fece: 444f;
fecf: 333f;
fed0: 333f;
fed1: 333f;
fed2: 333f;
fed3: 333f;
fed4: 333f;
fed5: 333f;
fed6: 333f;
fed7: 333f;
fed8: 333f;
fed9: 333f;
feda: 333f;
fedb: 333f;
fedc: 333f;
fedd: 333f;
fede: 333f;
fedf: 333f;
fee0: 333f;
fee1: 333f;
fee2: 333f;
fee3: 333f;
fee4: 333f;
fee5: 333f;
fee6: 333f;
fee7: 333f;
fee8: 444f;
fee9: 444f;
feea: 444f;
feeb: 444f;
feec: 444f;
feed: 444f;
feee: 444f;
feef: 444f;
fef0: 444f;
fef1: 444f;
fef2: 444f;
fef3: 444f;
fef4: 444f;
fef5: 444f;
fef6: 333f;
fef7: 333f;
fef8: 222f;
fef9: 222f;
fefa: 545f;
fefb: 888f;
fefc: dccf;
fefd: eeef;
fefe: eeef;
feff: eeef;
ff00: cddf;
ff01: cdcf;
ff02: bccf;
ff03: bbbf;
ff04: abbf;
ff05: abbf;
ff06: abbf;
ff07: abbf;
ff08: bccf;
ff09: cccf;
ff0a: cddf;
ff0b: cddf;
ff0c: cddf;
ff0d: bccf;
ff0e: bcbf;
ff0f: abbf;
ff10: abbf;
ff11: abbf;
ff12: abbf;
ff13: bccf;
ff14: cddf;
ff15: dddf;
ff16: dddf;
ff17: dddf;
ff18: dddf;
ff19: dddf;
ff1a: dddf;
ff1b: cdcf;
ff1c: ddcf;
ff1d: ddcf;
ff1e: dddf;
ff1f: dddf;
ff20: dddf;
ff21: dddf;
ff22: dddf;
ff23: dddf;
ff24: dddf;
ff25: dddf;
ff26: dddf;
ff27: dddf;
ff28: dddf;
ff29: dddf;
ff2a: dddf;
ff2b: dddf;
ff2c: dddf;
ff2d: dddf;
ff2e: dddf;
ff2f: dddf;
ff30: dddf;
ff31: dddf;
ff32: dddf;
ff33: dddf;
ff34: dddf;
ff35: dddf;
ff36: dddf;
ff37: dddf;
ff38: dddf;
ff39: dddf;
ff3a: dddf;
ff3b: cccf;
ff3c: cccf;
ff3d: cccf;
ff3e: cccf;
ff3f: cdcf;
ff40: cddf;
ff41: dddf;
ff42: dddf;
ff43: dddf;
ff44: dddf;
ff45: dddf;
ff46: dddf;
ff47: dddf;
ff48: eeef;
ff49: dddf;
ff4a: 9aaf;
ff4b: 555f;
ff4c: 333f;
ff4d: 333f;
ff4e: 333f;
ff4f: 333f;
ff50: 333f;
ff51: 333f;
ff52: 333f;
ff53: 333f;
ff54: 333f;
ff55: 333f;
ff56: 333f;
ff57: 333f;
ff58: 333f;
ff59: 444f;
ff5a: 544f;
ff5b: 544f;
ff5c: 544f;
ff5d: 544f;
ff5e: 544f;
ff5f: 544f;
ff60: 544f;
ff61: 544f;
ff62: 544f;
ff63: 544f;
ff64: 544f;
ff65: 544f;
ff66: 544f;
ff67: 544f;
ff68: 544f;
ff69: 544f;
ff6a: 544f;
ff6b: 544f;
ff6c: 544f;
ff6d: 544f;
ff6e: 544f;
ff6f: 544f;
ff70: 544f;
ff71: 544f;
ff72: 544f;
ff73: 544f;
ff74: 544f;
ff75: 544f;
ff76: 544f;
ff77: 544f;
ff78: 544f;
ff79: 544f;
ff7a: 544f;
ff7b: 544f;
ff7c: 544f;
ff7d: 444f;
ff7e: 444f;
ff7f: 443f;
ff80: 333f;
ff81: 333f;
ff82: 333f;
ff83: 333f;
ff84: 333f;
ff85: 333f;
ff86: 333f;
ff87: 333f;
ff88: 433f;
ff89: 444f;
ff8a: 444f;
ff8b: 544f;
ff8c: 544f;
ff8d: 544f;
ff8e: 544f;
ff8f: 544f;
ff90: 544f;
ff91: 544f;
ff92: 544f;
ff93: 433f;
ff94: 544f;
ff95: 655f;
ff96: 888f;
ff97: a99f;
ff98: aaaf;
ff99: a99f;
ff9a: a99f;
ff9b: a99f;
ff9c: a99f;
ff9d: a99f;
ff9e: a99f;
ff9f: a99f;
ffa0: 877f;
ffa1: 544f;
ffa2: 333f;
ffa3: 322f;
ffa4: 322f;
ffa5: 322f;
ffa6: 333f;
ffa7: 666f;
ffa8: 888f;
ffa9: bbbf;
ffaa: bbbf;
ffab: bbbf;
ffac: cccf;
ffad: cccf;
ffae: cccf;
ffaf: bccf;
ffb0: cccf;
ffb1: cccf;
ffb2: dddf;
ffb3: dddf;
ffb4: ddef;
ffb5: eeef;
ffb6: eeef;
ffb7: eeef;
ffb8: dddf;
ffb9: aaaf;
ffba: 666f;
ffbb: 333f;
ffbc: 222f;
ffbd: 333f;
ffbe: 333f;
ffbf: 222f;
ffc0: 333f;
ffc1: 333f;
ffc2: 433f;
ffc3: 444f;
ffc4: 444f;
ffc5: 444f;
ffc6: 444f;
ffc7: 433f;
ffc8: 433f;
ffc9: 433f;
ffca: 433f;
ffcb: 444f;
ffcc: 444f;
ffcd: 444f;
ffce: 433f;
ffcf: 333f;
ffd0: 333f;
ffd1: 333f;
ffd2: 333f;
ffd3: 333f;
ffd4: 333f;
ffd5: 333f;
ffd6: 333f;
ffd7: 333f;
ffd8: 333f;
ffd9: 333f;
ffda: 333f;
ffdb: 333f;
ffdc: 333f;
ffdd: 333f;
ffde: 333f;
ffdf: 333f;
ffe0: 333f;
ffe1: 333f;
ffe2: 333f;
ffe3: 333f;
ffe4: 333f;
ffe5: 333f;
ffe6: 333f;
ffe7: 444f;
ffe8: 444f;
ffe9: 444f;
ffea: 444f;
ffeb: 444f;
ffec: 444f;
ffed: 444f;
ffee: 444f;
ffef: 444f;
fff0: 444f;
fff1: 444f;
fff2: 444f;
fff3: 444f;
fff4: 444f;
fff5: 444f;
fff6: 333f;
fff7: 333f;
fff8: 222f;
fff9: 222f;
fffa: 444f;
fffb: 877f;
fffc: cccf;
fffd: eeef;
fffe: eeef;
ffff: eeef;
END;