Analysis & Synthesis report for de1_soc
Wed Jan 28 21:31:38 2026
Quartus Prime Version 17.1.0 Build 590 10/25/2017 SJ Lite Edition


---------------------
; Table of Contents ;
---------------------
  1. Legal Notice
  2. Analysis & Synthesis Summary
  3. Analysis & Synthesis Settings
  4. Parallel Compilation
  5. Analysis & Synthesis Source Files Read
  6. Analysis & Synthesis Resource Usage Summary
  7. Analysis & Synthesis Resource Utilization by Entity
  8. Analysis & Synthesis RAM Summary
  9. Analysis & Synthesis DSP Block Usage Summary
 10. Registers Removed During Synthesis
 11. Removed Registers Triggering Further Register Optimizations
 12. General Register Statistics
 13. Registers Packed Into Inferred Megafunctions
 14. Multiplexer Restructuring Statistics (Restructuring Performed)
 15. Source assignments for ram:coupled_ram|altsyncram:ram_rtl_0|altsyncram_v1j1:auto_generated
 16. Source assignments for ram:coupled_ram|altsyncram:ram_rtl_1|altsyncram_bf02:auto_generated
 17. Parameter Settings for User Entity Instance: sm_top:sm_top|sm_debouncer:f0
 18. Parameter Settings for User Entity Instance: sm_top:sm_top|sm_debouncer:f1
 19. Parameter Settings for User Entity Instance: sm_top:sm_top|sm_debouncer:f2
 20. Parameter Settings for User Entity Instance: sm_top:sm_top|sm_clk_divider:sm_clk_divider
 21. Parameter Settings for User Entity Instance: sm_top:sm_top|sm_rom:reset_rom
 22. Parameter Settings for User Entity Instance: ram:coupled_ram
 23. Parameter Settings for Inferred Entity Instance: ram:coupled_ram|altsyncram:ram_rtl_0
 24. Parameter Settings for Inferred Entity Instance: ram:coupled_ram|altsyncram:ram_rtl_1
 25. altsyncram Parameter Settings by Entity Instance
 26. Port Connectivity Checks: "ram:coupled_ram"
 27. Port Connectivity Checks: "sm_top:sm_top|sr_cpu:sm_cpu|sm_register_file:rf"
 28. Port Connectivity Checks: "sm_top:sm_top"
 29. Post-Synthesis Netlist Statistics for Top Partition
 30. Elapsed Time Per Partition
 31. Analysis & Synthesis Messages



----------------
; Legal Notice ;
----------------
Copyright (C) 2017  Intel Corporation. All rights reserved.
Your use of Intel Corporation's design tools, logic functions 
and other software and tools, and its AMPP partner logic 
functions, and any output files from any of the foregoing 
(including device programming or simulation files), and any 
associated documentation or information are expressly subject 
to the terms and conditions of the Intel Program License 
Subscription Agreement, the Intel Quartus Prime License Agreement,
the Intel FPGA IP License Agreement, or other applicable license
agreement, including, without limitation, that your use is for
the sole purpose of programming logic devices manufactured by
Intel and sold by Intel or its authorized distributors.  Please
refer to the applicable agreement for further details.



+-------------------------------------------------------------------------------+
; Analysis & Synthesis Summary                                                  ;
+---------------------------------+---------------------------------------------+
; Analysis & Synthesis Status     ; Successful - Wed Jan 28 21:31:38 2026       ;
; Quartus Prime Version           ; 17.1.0 Build 590 10/25/2017 SJ Lite Edition ;
; Revision Name                   ; de1_soc                                     ;
; Top-level Entity Name           ; de1_soc                                     ;
; Family                          ; Cyclone V                                   ;
; Logic utilization (in ALMs)     ; N/A                                         ;
; Total registers                 ; 333                                         ;
; Total pins                      ; 141                                         ;
; Total virtual pins              ; 0                                           ;
; Total block memory bits         ; 3,584                                       ;
; Total DSP Blocks                ; 2                                           ;
; Total HSSI RX PCSs              ; 0                                           ;
; Total HSSI PMA RX Deserializers ; 0                                           ;
; Total HSSI TX PCSs              ; 0                                           ;
; Total HSSI PMA TX Serializers   ; 0                                           ;
; Total PLLs                      ; 0                                           ;
; Total DLLs                      ; 0                                           ;
+---------------------------------+---------------------------------------------+


+---------------------------------------------------------------------------------------------------------------------------+
; Analysis & Synthesis Settings                                                                                             ;
+---------------------------------------------------------------------------------+--------------------+--------------------+
; Option                                                                          ; Setting            ; Default Value      ;
+---------------------------------------------------------------------------------+--------------------+--------------------+
; Device                                                                          ; 5CSEMA5F31C6       ;                    ;
; Top-level entity name                                                           ; de1_soc            ; de1_soc            ;
; Family name                                                                     ; Cyclone V          ; Cyclone V          ;
; Use smart compilation                                                           ; Off                ; Off                ;
; Enable parallel Assembler and TimeQuest Timing Analyzer during compilation      ; On                 ; On                 ;
; Enable compact report table                                                     ; Off                ; Off                ;
; Restructure Multiplexers                                                        ; Auto               ; Auto               ;
; MLAB Add Timing Constraints For Mixed-Port Feed-Through Mode Setting Don't Care ; Off                ; Off                ;
; Create Debugging Nodes for IP Cores                                             ; Off                ; Off                ;
; Preserve fewer node names                                                       ; On                 ; On                 ;
; Intel FPGA IP Evaluation Mode                                                   ; Enable             ; Enable             ;
; Verilog Version                                                                 ; Verilog_2001       ; Verilog_2001       ;
; VHDL Version                                                                    ; VHDL_1993          ; VHDL_1993          ;
; State Machine Processing                                                        ; Auto               ; Auto               ;
; Safe State Machine                                                              ; Off                ; Off                ;
; Extract Verilog State Machines                                                  ; On                 ; On                 ;
; Extract VHDL State Machines                                                     ; On                 ; On                 ;
; Ignore Verilog initial constructs                                               ; Off                ; Off                ;
; Iteration limit for constant Verilog loops                                      ; 5000               ; 5000               ;
; Iteration limit for non-constant Verilog loops                                  ; 250                ; 250                ;
; Add Pass-Through Logic to Inferred RAMs                                         ; On                 ; On                 ;
; Infer RAMs from Raw Logic                                                       ; On                 ; On                 ;
; Parallel Synthesis                                                              ; On                 ; On                 ;
; DSP Block Balancing                                                             ; Auto               ; Auto               ;
; NOT Gate Push-Back                                                              ; On                 ; On                 ;
; Power-Up Don't Care                                                             ; On                 ; On                 ;
; Remove Redundant Logic Cells                                                    ; Off                ; Off                ;
; Remove Duplicate Registers                                                      ; On                 ; On                 ;
; Ignore CARRY Buffers                                                            ; Off                ; Off                ;
; Ignore CASCADE Buffers                                                          ; Off                ; Off                ;
; Ignore GLOBAL Buffers                                                           ; Off                ; Off                ;
; Ignore ROW GLOBAL Buffers                                                       ; Off                ; Off                ;
; Ignore LCELL Buffers                                                            ; Off                ; Off                ;
; Ignore SOFT Buffers                                                             ; On                 ; On                 ;
; Limit AHDL Integers to 32 Bits                                                  ; Off                ; Off                ;
; Optimization Technique                                                          ; Balanced           ; Balanced           ;
; Carry Chain Length                                                              ; 70                 ; 70                 ;
; Auto Carry Chains                                                               ; On                 ; On                 ;
; Auto Open-Drain Pins                                                            ; On                 ; On                 ;
; Perform WYSIWYG Primitive Resynthesis                                           ; Off                ; Off                ;
; Auto ROM Replacement                                                            ; On                 ; On                 ;
; Auto RAM Replacement                                                            ; On                 ; On                 ;
; Auto DSP Block Replacement                                                      ; On                 ; On                 ;
; Auto Shift Register Replacement                                                 ; Auto               ; Auto               ;
; Allow Shift Register Merging across Hierarchies                                 ; Auto               ; Auto               ;
; Auto Clock Enable Replacement                                                   ; On                 ; On                 ;
; Strict RAM Replacement                                                          ; Off                ; Off                ;
; Allow Synchronous Control Signals                                               ; On                 ; On                 ;
; Force Use of Synchronous Clear Signals                                          ; Off                ; Off                ;
; Auto Resource Sharing                                                           ; Off                ; Off                ;
; Allow Any RAM Size For Recognition                                              ; Off                ; Off                ;
; Allow Any ROM Size For Recognition                                              ; Off                ; Off                ;
; Allow Any Shift Register Size For Recognition                                   ; Off                ; Off                ;
; Use LogicLock Constraints during Resource Balancing                             ; On                 ; On                 ;
; Ignore translate_off and synthesis_off directives                               ; Off                ; Off                ;
; Timing-Driven Synthesis                                                         ; On                 ; On                 ;
; Report Parameter Settings                                                       ; On                 ; On                 ;
; Report Source Assignments                                                       ; On                 ; On                 ;
; Report Connectivity Checks                                                      ; On                 ; On                 ;
; Ignore Maximum Fan-Out Assignments                                              ; Off                ; Off                ;
; Synchronization Register Chain Length                                           ; 3                  ; 3                  ;
; Power Optimization During Synthesis                                             ; Normal compilation ; Normal compilation ;
; HDL message level                                                               ; Level2             ; Level2             ;
; Suppress Register Optimization Related Messages                                 ; Off                ; Off                ;
; Number of Removed Registers Reported in Synthesis Report                        ; 5000               ; 5000               ;
; Number of Swept Nodes Reported in Synthesis Report                              ; 5000               ; 5000               ;
; Number of Inverted Registers Reported in Synthesis Report                       ; 100                ; 100                ;
; Clock MUX Protection                                                            ; On                 ; On                 ;
; Auto Gated Clock Conversion                                                     ; Off                ; Off                ;
; Block Design Naming                                                             ; Auto               ; Auto               ;
; SDC constraint protection                                                       ; Off                ; Off                ;
; Synthesis Effort                                                                ; Auto               ; Auto               ;
; Shift Register Replacement - Allow Asynchronous Clear Signal                    ; On                 ; On                 ;
; Pre-Mapping Resynthesis Optimization                                            ; Off                ; Off                ;
; Analysis & Synthesis Message Level                                              ; Medium             ; Medium             ;
; Disable Register Merging Across Hierarchies                                     ; Auto               ; Auto               ;
; Resource Aware Inference For Block RAM                                          ; On                 ; On                 ;
; Automatic Parallel Synthesis                                                    ; On                 ; On                 ;
; Partial Reconfiguration Bitstream ID                                            ; Off                ; Off                ;
+---------------------------------------------------------------------------------+--------------------+--------------------+


+------------------------------------------+
; Parallel Compilation                     ;
+----------------------------+-------------+
; Processors                 ; Number      ;
+----------------------------+-------------+
; Number detected on machine ; 16          ;
; Maximum allowed            ; 16          ;
;                            ;             ;
; Average used               ; 1.00        ;
; Maximum used               ; 16          ;
;                            ;             ;
; Usage by Processor         ; % Time Used ;
;     Processor 1            ; 100.0%      ;
;     Processor 2            ;   0.0%      ;
;     Processor 3            ;   0.0%      ;
;     Processor 4            ;   0.0%      ;
;     Processor 5            ;   0.0%      ;
;     Processor 6            ;   0.0%      ;
;     Processor 7            ;   0.0%      ;
;     Processor 8            ;   0.0%      ;
;     Processors 9-16        ;   0.0%      ;
+----------------------------+-------------+


+-------------------------------------------------------------------------------------------------------------------------------------------------------------------------------------------------------------------------------------------+
; Analysis & Synthesis Source Files Read                                                                                                                                                                                                    ;
+-------------------------------------+-----------------+-------------------------------------------------------+-----------------------------------------------------------------------------------------------------------------+---------+
; File Name with User-Entered Path    ; Used in Netlist ; File Type                                             ; File Name with Absolute Path                                                                                    ; Library ;
+-------------------------------------+-----------------+-------------------------------------------------------+-----------------------------------------------------------------------------------------------------------------+---------+
; ../../src/sr_cpu.vh                 ; yes             ; User Unspecified File                                 ; G:/CodingSpace/SystemDesignOfDigitalDevices/schoolRISCV/Lab 7/src/sr_cpu.vh                                     ;         ;
; ../../src/sr_cpu.v                  ; yes             ; User Verilog HDL File                                 ; G:/CodingSpace/SystemDesignOfDigitalDevices/schoolRISCV/Lab 7/src/sr_cpu.v                                      ;         ;
; ../../src/sm_top.v                  ; yes             ; User Verilog HDL File                                 ; G:/CodingSpace/SystemDesignOfDigitalDevices/schoolRISCV/Lab 7/src/sm_top.v                                      ;         ;
; ../../src/sm_rom.v                  ; yes             ; User Verilog HDL File                                 ; G:/CodingSpace/SystemDesignOfDigitalDevices/schoolRISCV/Lab 7/src/sm_rom.v                                      ;         ;
; ../../src/sm_register.v             ; yes             ; User Verilog HDL File                                 ; G:/CodingSpace/SystemDesignOfDigitalDevices/schoolRISCV/Lab 7/src/sm_register.v                                 ;         ;
; ../../src/sm_hex_display.v          ; yes             ; User Verilog HDL File                                 ; G:/CodingSpace/SystemDesignOfDigitalDevices/schoolRISCV/Lab 7/src/sm_hex_display.v                              ;         ;
; ../../src/ram.sv                    ; yes             ; User SystemVerilog HDL File                           ; G:/CodingSpace/SystemDesignOfDigitalDevices/schoolRISCV/Lab 7/src/ram.sv                                        ;         ;
; ../de1_soc.v                        ; yes             ; User Verilog HDL File                                 ; G:/CodingSpace/SystemDesignOfDigitalDevices/schoolRISCV/Lab 7/board/de1_soc/de1_soc.v                           ;         ;
; program.hex                         ; yes             ; Auto-Found Hexadecimal (Intel-Format) File            ; G:/CodingSpace/SystemDesignOfDigitalDevices/schoolRISCV/Lab 7/board/de1_soc/program.hex                         ;         ;
; array.mem                           ; yes             ; Auto-Found Unspecified File                           ; G:/CodingSpace/SystemDesignOfDigitalDevices/schoolRISCV/Lab 7/board/de1_soc/array.mem                           ;         ;
; altsyncram.tdf                      ; yes             ; Megafunction                                          ; g:/programs/17.1/quartus/libraries/megafunctions/altsyncram.tdf                                                 ;         ;
; stratix_ram_block.inc               ; yes             ; Megafunction                                          ; g:/programs/17.1/quartus/libraries/megafunctions/stratix_ram_block.inc                                          ;         ;
; lpm_mux.inc                         ; yes             ; Megafunction                                          ; g:/programs/17.1/quartus/libraries/megafunctions/lpm_mux.inc                                                    ;         ;
; lpm_decode.inc                      ; yes             ; Megafunction                                          ; g:/programs/17.1/quartus/libraries/megafunctions/lpm_decode.inc                                                 ;         ;
; aglobal171.inc                      ; yes             ; Megafunction                                          ; g:/programs/17.1/quartus/libraries/megafunctions/aglobal171.inc                                                 ;         ;
; a_rdenreg.inc                       ; yes             ; Megafunction                                          ; g:/programs/17.1/quartus/libraries/megafunctions/a_rdenreg.inc                                                  ;         ;
; altrom.inc                          ; yes             ; Megafunction                                          ; g:/programs/17.1/quartus/libraries/megafunctions/altrom.inc                                                     ;         ;
; altram.inc                          ; yes             ; Megafunction                                          ; g:/programs/17.1/quartus/libraries/megafunctions/altram.inc                                                     ;         ;
; altdpram.inc                        ; yes             ; Megafunction                                          ; g:/programs/17.1/quartus/libraries/megafunctions/altdpram.inc                                                   ;         ;
; db/altsyncram_v1j1.tdf              ; yes             ; Auto-Generated Megafunction                           ; G:/CodingSpace/SystemDesignOfDigitalDevices/schoolRISCV/Lab 7/board/de1_soc/db/altsyncram_v1j1.tdf              ;         ;
; db/de1_soc.ram0_ram_d5bf64a.hdl.mif ; yes             ; Auto-Generated Auto-Found Memory Initialization File  ; G:/CodingSpace/SystemDesignOfDigitalDevices/schoolRISCV/Lab 7/board/de1_soc/db/de1_soc.ram0_ram_d5bf64a.hdl.mif ;         ;
; db/altsyncram_bf02.tdf              ; yes             ; Auto-Generated Megafunction                           ; G:/CodingSpace/SystemDesignOfDigitalDevices/schoolRISCV/Lab 7/board/de1_soc/db/altsyncram_bf02.tdf              ;         ;
+-------------------------------------+-----------------+-------------------------------------------------------+-----------------------------------------------------------------------------------------------------------------+---------+


+------------------------------------------------------------------------------------------------+
; Analysis & Synthesis Resource Usage Summary                                                    ;
+---------------------------------------------+--------------------------------------------------+
; Resource                                    ; Usage                                            ;
+---------------------------------------------+--------------------------------------------------+
; Estimate of Logic utilization (ALMs needed) ; 705                                              ;
;                                             ;                                                  ;
; Combinational ALUT usage for logic          ; 1133                                             ;
;     -- 7 input functions                    ; 1                                                ;
;     -- 6 input functions                    ; 245                                              ;
;     -- 5 input functions                    ; 205                                              ;
;     -- 4 input functions                    ; 190                                              ;
;     -- <=3 input functions                  ; 492                                              ;
;                                             ;                                                  ;
; Dedicated logic registers                   ; 333                                              ;
;                                             ;                                                  ;
; I/O pins                                    ; 141                                              ;
; Total MLAB memory bits                      ; 0                                                ;
; Total block memory bits                     ; 3584                                             ;
;                                             ;                                                  ;
; Total DSP Blocks                            ; 2                                                ;
;                                             ;                                                  ;
; Maximum fan-out node                        ; sm_top:sm_top|sm_clk_divider:sm_clk_divider|Mux0 ;
; Maximum fan-out                             ; 354                                              ;
; Total fan-out                               ; 6706                                             ;
; Average fan-out                             ; 3.57                                             ;
+---------------------------------------------+--------------------------------------------------+


+---------------------------------------------------------------------------------------------------------------------------------------------------------------------------------------------------------------------------------------------------------------------+
; Analysis & Synthesis Resource Utilization by Entity                                                                                                                                                                                                                 ;
+-------------------------------------------+---------------------+---------------------------+-------------------+------------+------+--------------+------------------------------------------------------------------------------+------------------+--------------+
; Compilation Hierarchy Node                ; Combinational ALUTs ; Dedicated Logic Registers ; Block Memory Bits ; DSP Blocks ; Pins ; Virtual Pins ; Full Hierarchy Name                                                          ; Entity Name      ; Library Name ;
+-------------------------------------------+---------------------+---------------------------+-------------------+------------+------+--------------+------------------------------------------------------------------------------+------------------+--------------+
; |de1_soc                                  ; 1133 (2)            ; 333 (0)                   ; 3584              ; 2          ; 141  ; 0            ; |de1_soc                                                                     ; de1_soc          ; work         ;
;    |ram:coupled_ram|                      ; 0 (0)               ; 0 (0)                     ; 3584              ; 0          ; 0    ; 0            ; |de1_soc|ram:coupled_ram                                                     ; ram              ; work         ;
;       |altsyncram:ram_rtl_0|              ; 0 (0)               ; 0 (0)                     ; 2048              ; 0          ; 0    ; 0            ; |de1_soc|ram:coupled_ram|altsyncram:ram_rtl_0                                ; altsyncram       ; work         ;
;          |altsyncram_v1j1:auto_generated| ; 0 (0)               ; 0 (0)                     ; 2048              ; 0          ; 0    ; 0            ; |de1_soc|ram:coupled_ram|altsyncram:ram_rtl_0|altsyncram_v1j1:auto_generated ; altsyncram_v1j1  ; work         ;
;       |altsyncram:ram_rtl_1|              ; 0 (0)               ; 0 (0)                     ; 1536              ; 0          ; 0    ; 0            ; |de1_soc|ram:coupled_ram|altsyncram:ram_rtl_1                                ; altsyncram       ; work         ;
;          |altsyncram_bf02:auto_generated| ; 0 (0)               ; 0 (0)                     ; 1536              ; 0          ; 0    ; 0            ; |de1_soc|ram:coupled_ram|altsyncram:ram_rtl_1|altsyncram_bf02:auto_generated ; altsyncram_bf02  ; work         ;
;    |sm_hex_display:digit_0|               ; 7 (7)               ; 0 (0)                     ; 0                 ; 0          ; 0    ; 0            ; |de1_soc|sm_hex_display:digit_0                                              ; sm_hex_display   ; work         ;
;    |sm_hex_display:digit_1|               ; 7 (7)               ; 0 (0)                     ; 0                 ; 0          ; 0    ; 0            ; |de1_soc|sm_hex_display:digit_1                                              ; sm_hex_display   ; work         ;
;    |sm_hex_display:digit_2|               ; 7 (7)               ; 0 (0)                     ; 0                 ; 0          ; 0    ; 0            ; |de1_soc|sm_hex_display:digit_2                                              ; sm_hex_display   ; work         ;
;    |sm_hex_display:digit_3|               ; 7 (7)               ; 0 (0)                     ; 0                 ; 0          ; 0    ; 0            ; |de1_soc|sm_hex_display:digit_3                                              ; sm_hex_display   ; work         ;
;    |sm_hex_display:digit_4|               ; 7 (7)               ; 0 (0)                     ; 0                 ; 0          ; 0    ; 0            ; |de1_soc|sm_hex_display:digit_4                                              ; sm_hex_display   ; work         ;
;    |sm_hex_display:digit_5|               ; 7 (7)               ; 0 (0)                     ; 0                 ; 0          ; 0    ; 0            ; |de1_soc|sm_hex_display:digit_5                                              ; sm_hex_display   ; work         ;
;    |sm_top:sm_top|                        ; 1089 (0)            ; 333 (0)                   ; 0                 ; 2          ; 0    ; 0            ; |de1_soc|sm_top:sm_top                                                       ; sm_top           ; work         ;
;       |sm_clk_divider:sm_clk_divider|     ; 31 (30)             ; 16 (0)                    ; 0                 ; 0          ; 0    ; 0            ; |de1_soc|sm_top:sm_top|sm_clk_divider:sm_clk_divider                         ; sm_clk_divider   ; work         ;
;          |sm_register_we:r_cntr|          ; 1 (1)               ; 16 (16)                   ; 0                 ; 0          ; 0    ; 0            ; |de1_soc|sm_top:sm_top|sm_clk_divider:sm_clk_divider|sm_register_we:r_cntr   ; sm_register_we   ; work         ;
;       |sm_debouncer:f0|                   ; 0 (0)               ; 8 (8)                     ; 0                 ; 0          ; 0    ; 0            ; |de1_soc|sm_top:sm_top|sm_debouncer:f0                                       ; sm_debouncer     ; work         ;
;       |sm_debouncer:f1|                   ; 0 (0)               ; 2 (2)                     ; 0                 ; 0          ; 0    ; 0            ; |de1_soc|sm_top:sm_top|sm_debouncer:f1                                       ; sm_debouncer     ; work         ;
;       |sm_debouncer:f2|                   ; 0 (0)               ; 10 (10)                   ; 0                 ; 0          ; 0    ; 0            ; |de1_soc|sm_top:sm_top|sm_debouncer:f2                                       ; sm_debouncer     ; work         ;
;       |sm_rom:reset_rom|                  ; 35 (35)             ; 0 (0)                     ; 0                 ; 0          ; 0    ; 0            ; |de1_soc|sm_top:sm_top|sm_rom:reset_rom                                      ; sm_rom           ; work         ;
;       |sr_cpu:sm_cpu|                     ; 1023 (132)          ; 297 (1)                   ; 0                 ; 2          ; 0    ; 0            ; |de1_soc|sm_top:sm_top|sr_cpu:sm_cpu                                         ; sr_cpu           ; work         ;
;          |sm_register:r_pc|               ; 1 (1)               ; 8 (8)                     ; 0                 ; 0          ; 0    ; 0            ; |de1_soc|sm_top:sm_top|sr_cpu:sm_cpu|sm_register:r_pc                        ; sm_register      ; work         ;
;          |sm_register_file:rf|            ; 618 (618)           ; 288 (288)                 ; 0                 ; 0          ; 0    ; 0            ; |de1_soc|sm_top:sm_top|sr_cpu:sm_cpu|sm_register_file:rf                     ; sm_register_file ; work         ;
;          |sr_alu:alu|                     ; 253 (253)           ; 0 (0)                     ; 0                 ; 2          ; 0    ; 0            ; |de1_soc|sm_top:sm_top|sr_cpu:sm_cpu|sr_alu:alu                              ; sr_alu           ; work         ;
;          |sr_control:sm_control|          ; 19 (19)             ; 0 (0)                     ; 0                 ; 0          ; 0    ; 0            ; |de1_soc|sm_top:sm_top|sr_cpu:sm_cpu|sr_control:sm_control                   ; sr_control       ; work         ;
+-------------------------------------------+---------------------+---------------------------+-------------------+------------+------+--------------+------------------------------------------------------------------------------+------------------+--------------+
Note: For table entries with two numbers listed, the numbers in parentheses indicate the number of resources of the given type used by the specific entity alone. The numbers listed outside of parentheses indicate the total resources of the given type used by the specific entity and all of its sub-entities in the hierarchy.


+-------------------------------------------------------------------------------------------------------------------------------------------------------------------------------------------------------------------+
; Analysis & Synthesis RAM Summary                                                                                                                                                                                  ;
+--------------------------------------------------------------------------------+------+------------------+--------------+--------------+--------------+--------------+------+-------------------------------------+
; Name                                                                           ; Type ; Mode             ; Port A Depth ; Port A Width ; Port B Depth ; Port B Width ; Size ; MIF                                 ;
+--------------------------------------------------------------------------------+------+------------------+--------------+--------------+--------------+--------------+------+-------------------------------------+
; ram:coupled_ram|altsyncram:ram_rtl_0|altsyncram_v1j1:auto_generated|ALTSYNCRAM ; AUTO ; Single Port      ; 64           ; 32           ; --           ; --           ; 2048 ; db/de1_soc.ram0_ram_d5bf64a.hdl.mif ;
; ram:coupled_ram|altsyncram:ram_rtl_1|altsyncram_bf02:auto_generated|ALTSYNCRAM ; AUTO ; Simple Dual Port ; 64           ; 32           ; 64           ; 32           ; 2048 ; db/de1_soc.ram0_ram_d5bf64a.hdl.mif ;
+--------------------------------------------------------------------------------+------+------------------+--------------+--------------+--------------+--------------+------+-------------------------------------+


+-----------------------------------------------+
; Analysis & Synthesis DSP Block Usage Summary  ;
+---------------------------------+-------------+
; Statistic                       ; Number Used ;
+---------------------------------+-------------+
; Two Independent 18x18           ; 1           ;
; Sum of two 18x18                ; 1           ;
; Total number of DSP blocks      ; 2           ;
;                                 ;             ;
; Fixed Point Unsigned Multiplier ; 3           ;
+---------------------------------+-------------+


+---------------------------------------------------------------------------------------------------------------------------+
; Registers Removed During Synthesis                                                                                        ;
+-----------------------------------------------------------------------------+---------------------------------------------+
; Register name                                                               ; Reason for Removal                          ;
+-----------------------------------------------------------------------------+---------------------------------------------+
; sm_top:sm_top|sr_cpu:sm_cpu|sm_register:r_pc|q[0]                           ; Stuck at GND due to stuck port clock_enable ;
; sm_top:sm_top|sr_cpu:sm_cpu|sm_register:r_pc|q[9..31]                       ; Lost fanout                                 ;
; sm_top:sm_top|sm_clk_divider:sm_clk_divider|sm_register_we:r_cntr|q[16..31] ; Lost fanout                                 ;
; sm_top:sm_top|sr_cpu:sm_cpu|sm_register_file:rf|rf[8][0]                    ; Stuck at GND due to stuck port clock_enable ;
; sm_top:sm_top|sr_cpu:sm_cpu|sm_register_file:rf|rf[12][0]                   ; Stuck at GND due to stuck port clock_enable ;
; sm_top:sm_top|sr_cpu:sm_cpu|sm_register_file:rf|rf[13][0]                   ; Stuck at GND due to stuck port clock_enable ;
; sm_top:sm_top|sr_cpu:sm_cpu|sm_register_file:rf|rf[14][0]                   ; Stuck at GND due to stuck port clock_enable ;
; sm_top:sm_top|sr_cpu:sm_cpu|sm_register_file:rf|rf[15][0]                   ; Stuck at GND due to stuck port clock_enable ;
; sm_top:sm_top|sr_cpu:sm_cpu|sm_register_file:rf|rf[4][0]                    ; Stuck at GND due to stuck port clock_enable ;
; sm_top:sm_top|sr_cpu:sm_cpu|sm_register_file:rf|rf[6][0]                    ; Stuck at GND due to stuck port clock_enable ;
; sm_top:sm_top|sr_cpu:sm_cpu|sm_register_file:rf|rf[7][0]                    ; Stuck at GND due to stuck port clock_enable ;
; sm_top:sm_top|sr_cpu:sm_cpu|sm_register_file:rf|rf[0][0]                    ; Stuck at GND due to stuck port clock_enable ;
; sm_top:sm_top|sr_cpu:sm_cpu|sm_register_file:rf|rf[1][0]                    ; Stuck at GND due to stuck port clock_enable ;
; sm_top:sm_top|sr_cpu:sm_cpu|sm_register_file:rf|rf[2][0]                    ; Stuck at GND due to stuck port clock_enable ;
; sm_top:sm_top|sr_cpu:sm_cpu|sm_register_file:rf|rf[3][0]                    ; Stuck at GND due to stuck port clock_enable ;
; sm_top:sm_top|sr_cpu:sm_cpu|sm_register_file:rf|rf[16][0]                   ; Stuck at GND due to stuck port clock_enable ;
; sm_top:sm_top|sr_cpu:sm_cpu|sm_register_file:rf|rf[24][0]                   ; Stuck at GND due to stuck port clock_enable ;
; sm_top:sm_top|sr_cpu:sm_cpu|sm_register_file:rf|rf[28][0]                   ; Stuck at GND due to stuck port clock_enable ;
; sm_top:sm_top|sr_cpu:sm_cpu|sm_register_file:rf|rf[17][0]                   ; Stuck at GND due to stuck port clock_enable ;
; sm_top:sm_top|sr_cpu:sm_cpu|sm_register_file:rf|rf[25][0]                   ; Stuck at GND due to stuck port clock_enable ;
; sm_top:sm_top|sr_cpu:sm_cpu|sm_register_file:rf|rf[29][0]                   ; Stuck at GND due to stuck port clock_enable ;
; sm_top:sm_top|sr_cpu:sm_cpu|sm_register_file:rf|rf[26][0]                   ; Stuck at GND due to stuck port clock_enable ;
; sm_top:sm_top|sr_cpu:sm_cpu|sm_register_file:rf|rf[30][0]                   ; Stuck at GND due to stuck port clock_enable ;
; sm_top:sm_top|sr_cpu:sm_cpu|sm_register_file:rf|rf[23][0]                   ; Stuck at GND due to stuck port clock_enable ;
; sm_top:sm_top|sr_cpu:sm_cpu|sm_register_file:rf|rf[27][0]                   ; Stuck at GND due to stuck port clock_enable ;
; sm_top:sm_top|sr_cpu:sm_cpu|sm_register_file:rf|rf[31][0]                   ; Stuck at GND due to stuck port clock_enable ;
; sm_top:sm_top|sr_cpu:sm_cpu|sm_register_file:rf|rf[8][1]                    ; Stuck at GND due to stuck port clock_enable ;
; sm_top:sm_top|sr_cpu:sm_cpu|sm_register_file:rf|rf[12][1]                   ; Stuck at GND due to stuck port clock_enable ;
; sm_top:sm_top|sr_cpu:sm_cpu|sm_register_file:rf|rf[13][1]                   ; Stuck at GND due to stuck port clock_enable ;
; sm_top:sm_top|sr_cpu:sm_cpu|sm_register_file:rf|rf[14][1]                   ; Stuck at GND due to stuck port clock_enable ;
; sm_top:sm_top|sr_cpu:sm_cpu|sm_register_file:rf|rf[15][1]                   ; Stuck at GND due to stuck port clock_enable ;
; sm_top:sm_top|sr_cpu:sm_cpu|sm_register_file:rf|rf[4][1]                    ; Stuck at GND due to stuck port clock_enable ;
; sm_top:sm_top|sr_cpu:sm_cpu|sm_register_file:rf|rf[6][1]                    ; Stuck at GND due to stuck port clock_enable ;
; sm_top:sm_top|sr_cpu:sm_cpu|sm_register_file:rf|rf[7][1]                    ; Stuck at GND due to stuck port clock_enable ;
; sm_top:sm_top|sr_cpu:sm_cpu|sm_register_file:rf|rf[0][1]                    ; Stuck at GND due to stuck port clock_enable ;
; sm_top:sm_top|sr_cpu:sm_cpu|sm_register_file:rf|rf[1][1]                    ; Stuck at GND due to stuck port clock_enable ;
; sm_top:sm_top|sr_cpu:sm_cpu|sm_register_file:rf|rf[2][1]                    ; Stuck at GND due to stuck port clock_enable ;
; sm_top:sm_top|sr_cpu:sm_cpu|sm_register_file:rf|rf[3][1]                    ; Stuck at GND due to stuck port clock_enable ;
; sm_top:sm_top|sr_cpu:sm_cpu|sm_register_file:rf|rf[16][1]                   ; Stuck at GND due to stuck port clock_enable ;
; sm_top:sm_top|sr_cpu:sm_cpu|sm_register_file:rf|rf[24][1]                   ; Stuck at GND due to stuck port clock_enable ;
; sm_top:sm_top|sr_cpu:sm_cpu|sm_register_file:rf|rf[28][1]                   ; Stuck at GND due to stuck port clock_enable ;
; sm_top:sm_top|sr_cpu:sm_cpu|sm_register_file:rf|rf[17][1]                   ; Stuck at GND due to stuck port clock_enable ;
; sm_top:sm_top|sr_cpu:sm_cpu|sm_register_file:rf|rf[25][1]                   ; Stuck at GND due to stuck port clock_enable ;
; sm_top:sm_top|sr_cpu:sm_cpu|sm_register_file:rf|rf[29][1]                   ; Stuck at GND due to stuck port clock_enable ;
; sm_top:sm_top|sr_cpu:sm_cpu|sm_register_file:rf|rf[26][1]                   ; Stuck at GND due to stuck port clock_enable ;
; sm_top:sm_top|sr_cpu:sm_cpu|sm_register_file:rf|rf[30][1]                   ; Stuck at GND due to stuck port clock_enable ;
; sm_top:sm_top|sr_cpu:sm_cpu|sm_register_file:rf|rf[23][1]                   ; Stuck at GND due to stuck port clock_enable ;
; sm_top:sm_top|sr_cpu:sm_cpu|sm_register_file:rf|rf[27][1]                   ; Stuck at GND due to stuck port clock_enable ;
; sm_top:sm_top|sr_cpu:sm_cpu|sm_register_file:rf|rf[31][1]                   ; Stuck at GND due to stuck port clock_enable ;
; sm_top:sm_top|sr_cpu:sm_cpu|sm_register_file:rf|rf[8][2]                    ; Stuck at GND due to stuck port clock_enable ;
; sm_top:sm_top|sr_cpu:sm_cpu|sm_register_file:rf|rf[12][2]                   ; Stuck at GND due to stuck port clock_enable ;
; sm_top:sm_top|sr_cpu:sm_cpu|sm_register_file:rf|rf[13][2]                   ; Stuck at GND due to stuck port clock_enable ;
; sm_top:sm_top|sr_cpu:sm_cpu|sm_register_file:rf|rf[14][2]                   ; Stuck at GND due to stuck port clock_enable ;
; sm_top:sm_top|sr_cpu:sm_cpu|sm_register_file:rf|rf[15][2]                   ; Stuck at GND due to stuck port clock_enable ;
; sm_top:sm_top|sr_cpu:sm_cpu|sm_register_file:rf|rf[4][2]                    ; Stuck at GND due to stuck port clock_enable ;
; sm_top:sm_top|sr_cpu:sm_cpu|sm_register_file:rf|rf[6][2]                    ; Stuck at GND due to stuck port clock_enable ;
; sm_top:sm_top|sr_cpu:sm_cpu|sm_register_file:rf|rf[7][2]                    ; Stuck at GND due to stuck port clock_enable ;
; sm_top:sm_top|sr_cpu:sm_cpu|sm_register_file:rf|rf[0][2]                    ; Stuck at GND due to stuck port clock_enable ;
; sm_top:sm_top|sr_cpu:sm_cpu|sm_register_file:rf|rf[1][2]                    ; Stuck at GND due to stuck port clock_enable ;
; sm_top:sm_top|sr_cpu:sm_cpu|sm_register_file:rf|rf[2][2]                    ; Stuck at GND due to stuck port clock_enable ;
; sm_top:sm_top|sr_cpu:sm_cpu|sm_register_file:rf|rf[3][2]                    ; Stuck at GND due to stuck port clock_enable ;
; sm_top:sm_top|sr_cpu:sm_cpu|sm_register_file:rf|rf[16][2]                   ; Stuck at GND due to stuck port clock_enable ;
; sm_top:sm_top|sr_cpu:sm_cpu|sm_register_file:rf|rf[24][2]                   ; Stuck at GND due to stuck port clock_enable ;
; sm_top:sm_top|sr_cpu:sm_cpu|sm_register_file:rf|rf[28][2]                   ; Stuck at GND due to stuck port clock_enable ;
; sm_top:sm_top|sr_cpu:sm_cpu|sm_register_file:rf|rf[17][2]                   ; Stuck at GND due to stuck port clock_enable ;
; sm_top:sm_top|sr_cpu:sm_cpu|sm_register_file:rf|rf[25][2]                   ; Stuck at GND due to stuck port clock_enable ;
; sm_top:sm_top|sr_cpu:sm_cpu|sm_register_file:rf|rf[29][2]                   ; Stuck at GND due to stuck port clock_enable ;
; sm_top:sm_top|sr_cpu:sm_cpu|sm_register_file:rf|rf[26][2]                   ; Stuck at GND due to stuck port clock_enable ;
; sm_top:sm_top|sr_cpu:sm_cpu|sm_register_file:rf|rf[30][2]                   ; Stuck at GND due to stuck port clock_enable ;
; sm_top:sm_top|sr_cpu:sm_cpu|sm_register_file:rf|rf[23][2]                   ; Stuck at GND due to stuck port clock_enable ;
; sm_top:sm_top|sr_cpu:sm_cpu|sm_register_file:rf|rf[27][2]                   ; Stuck at GND due to stuck port clock_enable ;
; sm_top:sm_top|sr_cpu:sm_cpu|sm_register_file:rf|rf[31][2]                   ; Stuck at GND due to stuck port clock_enable ;
; sm_top:sm_top|sr_cpu:sm_cpu|sm_register_file:rf|rf[8][3]                    ; Stuck at GND due to stuck port clock_enable ;
; sm_top:sm_top|sr_cpu:sm_cpu|sm_register_file:rf|rf[12][3]                   ; Stuck at GND due to stuck port clock_enable ;
; sm_top:sm_top|sr_cpu:sm_cpu|sm_register_file:rf|rf[13][3]                   ; Stuck at GND due to stuck port clock_enable ;
; sm_top:sm_top|sr_cpu:sm_cpu|sm_register_file:rf|rf[14][3]                   ; Stuck at GND due to stuck port clock_enable ;
; sm_top:sm_top|sr_cpu:sm_cpu|sm_register_file:rf|rf[15][3]                   ; Stuck at GND due to stuck port clock_enable ;
; sm_top:sm_top|sr_cpu:sm_cpu|sm_register_file:rf|rf[4][3]                    ; Stuck at GND due to stuck port clock_enable ;
; sm_top:sm_top|sr_cpu:sm_cpu|sm_register_file:rf|rf[6][3]                    ; Stuck at GND due to stuck port clock_enable ;
; sm_top:sm_top|sr_cpu:sm_cpu|sm_register_file:rf|rf[7][3]                    ; Stuck at GND due to stuck port clock_enable ;
; sm_top:sm_top|sr_cpu:sm_cpu|sm_register_file:rf|rf[0][3]                    ; Stuck at GND due to stuck port clock_enable ;
; sm_top:sm_top|sr_cpu:sm_cpu|sm_register_file:rf|rf[1][3]                    ; Stuck at GND due to stuck port clock_enable ;
; sm_top:sm_top|sr_cpu:sm_cpu|sm_register_file:rf|rf[2][3]                    ; Stuck at GND due to stuck port clock_enable ;
; sm_top:sm_top|sr_cpu:sm_cpu|sm_register_file:rf|rf[3][3]                    ; Stuck at GND due to stuck port clock_enable ;
; sm_top:sm_top|sr_cpu:sm_cpu|sm_register_file:rf|rf[16][3]                   ; Stuck at GND due to stuck port clock_enable ;
; sm_top:sm_top|sr_cpu:sm_cpu|sm_register_file:rf|rf[24][3]                   ; Stuck at GND due to stuck port clock_enable ;
; sm_top:sm_top|sr_cpu:sm_cpu|sm_register_file:rf|rf[28][3]                   ; Stuck at GND due to stuck port clock_enable ;
; sm_top:sm_top|sr_cpu:sm_cpu|sm_register_file:rf|rf[17][3]                   ; Stuck at GND due to stuck port clock_enable ;
; sm_top:sm_top|sr_cpu:sm_cpu|sm_register_file:rf|rf[25][3]                   ; Stuck at GND due to stuck port clock_enable ;
; sm_top:sm_top|sr_cpu:sm_cpu|sm_register_file:rf|rf[29][3]                   ; Stuck at GND due to stuck port clock_enable ;
; sm_top:sm_top|sr_cpu:sm_cpu|sm_register_file:rf|rf[26][3]                   ; Stuck at GND due to stuck port clock_enable ;
; sm_top:sm_top|sr_cpu:sm_cpu|sm_register_file:rf|rf[30][3]                   ; Stuck at GND due to stuck port clock_enable ;
; sm_top:sm_top|sr_cpu:sm_cpu|sm_register_file:rf|rf[23][3]                   ; Stuck at GND due to stuck port clock_enable ;
; sm_top:sm_top|sr_cpu:sm_cpu|sm_register_file:rf|rf[27][3]                   ; Stuck at GND due to stuck port clock_enable ;
; sm_top:sm_top|sr_cpu:sm_cpu|sm_register_file:rf|rf[31][3]                   ; Stuck at GND due to stuck port clock_enable ;
; sm_top:sm_top|sr_cpu:sm_cpu|sm_register_file:rf|rf[8][4]                    ; Stuck at GND due to stuck port clock_enable ;
; sm_top:sm_top|sr_cpu:sm_cpu|sm_register_file:rf|rf[12][4]                   ; Stuck at GND due to stuck port clock_enable ;
; sm_top:sm_top|sr_cpu:sm_cpu|sm_register_file:rf|rf[13][4]                   ; Stuck at GND due to stuck port clock_enable ;
; sm_top:sm_top|sr_cpu:sm_cpu|sm_register_file:rf|rf[14][4]                   ; Stuck at GND due to stuck port clock_enable ;
; sm_top:sm_top|sr_cpu:sm_cpu|sm_register_file:rf|rf[15][4]                   ; Stuck at GND due to stuck port clock_enable ;
; sm_top:sm_top|sr_cpu:sm_cpu|sm_register_file:rf|rf[4][4]                    ; Stuck at GND due to stuck port clock_enable ;
; sm_top:sm_top|sr_cpu:sm_cpu|sm_register_file:rf|rf[6][4]                    ; Stuck at GND due to stuck port clock_enable ;
; sm_top:sm_top|sr_cpu:sm_cpu|sm_register_file:rf|rf[7][4]                    ; Stuck at GND due to stuck port clock_enable ;
; sm_top:sm_top|sr_cpu:sm_cpu|sm_register_file:rf|rf[0][4]                    ; Stuck at GND due to stuck port clock_enable ;
; sm_top:sm_top|sr_cpu:sm_cpu|sm_register_file:rf|rf[1][4]                    ; Stuck at GND due to stuck port clock_enable ;
; sm_top:sm_top|sr_cpu:sm_cpu|sm_register_file:rf|rf[2][4]                    ; Stuck at GND due to stuck port clock_enable ;
; sm_top:sm_top|sr_cpu:sm_cpu|sm_register_file:rf|rf[3][4]                    ; Stuck at GND due to stuck port clock_enable ;
; sm_top:sm_top|sr_cpu:sm_cpu|sm_register_file:rf|rf[16][4]                   ; Stuck at GND due to stuck port clock_enable ;
; sm_top:sm_top|sr_cpu:sm_cpu|sm_register_file:rf|rf[24][4]                   ; Stuck at GND due to stuck port clock_enable ;
; sm_top:sm_top|sr_cpu:sm_cpu|sm_register_file:rf|rf[28][4]                   ; Stuck at GND due to stuck port clock_enable ;
; sm_top:sm_top|sr_cpu:sm_cpu|sm_register_file:rf|rf[17][4]                   ; Stuck at GND due to stuck port clock_enable ;
; sm_top:sm_top|sr_cpu:sm_cpu|sm_register_file:rf|rf[25][4]                   ; Stuck at GND due to stuck port clock_enable ;
; sm_top:sm_top|sr_cpu:sm_cpu|sm_register_file:rf|rf[29][4]                   ; Stuck at GND due to stuck port clock_enable ;
; sm_top:sm_top|sr_cpu:sm_cpu|sm_register_file:rf|rf[26][4]                   ; Stuck at GND due to stuck port clock_enable ;
; sm_top:sm_top|sr_cpu:sm_cpu|sm_register_file:rf|rf[30][4]                   ; Stuck at GND due to stuck port clock_enable ;
; sm_top:sm_top|sr_cpu:sm_cpu|sm_register_file:rf|rf[23][4]                   ; Stuck at GND due to stuck port clock_enable ;
; sm_top:sm_top|sr_cpu:sm_cpu|sm_register_file:rf|rf[27][4]                   ; Stuck at GND due to stuck port clock_enable ;
; sm_top:sm_top|sr_cpu:sm_cpu|sm_register_file:rf|rf[31][4]                   ; Stuck at GND due to stuck port clock_enable ;
; sm_top:sm_top|sr_cpu:sm_cpu|sm_register_file:rf|rf[8][5]                    ; Stuck at GND due to stuck port clock_enable ;
; sm_top:sm_top|sr_cpu:sm_cpu|sm_register_file:rf|rf[12][5]                   ; Stuck at GND due to stuck port clock_enable ;
; sm_top:sm_top|sr_cpu:sm_cpu|sm_register_file:rf|rf[13][5]                   ; Stuck at GND due to stuck port clock_enable ;
; sm_top:sm_top|sr_cpu:sm_cpu|sm_register_file:rf|rf[14][5]                   ; Stuck at GND due to stuck port clock_enable ;
; sm_top:sm_top|sr_cpu:sm_cpu|sm_register_file:rf|rf[15][5]                   ; Stuck at GND due to stuck port clock_enable ;
; sm_top:sm_top|sr_cpu:sm_cpu|sm_register_file:rf|rf[4][5]                    ; Stuck at GND due to stuck port clock_enable ;
; sm_top:sm_top|sr_cpu:sm_cpu|sm_register_file:rf|rf[6][5]                    ; Stuck at GND due to stuck port clock_enable ;
; sm_top:sm_top|sr_cpu:sm_cpu|sm_register_file:rf|rf[7][5]                    ; Stuck at GND due to stuck port clock_enable ;
; sm_top:sm_top|sr_cpu:sm_cpu|sm_register_file:rf|rf[0][5]                    ; Stuck at GND due to stuck port clock_enable ;
; sm_top:sm_top|sr_cpu:sm_cpu|sm_register_file:rf|rf[1][5]                    ; Stuck at GND due to stuck port clock_enable ;
; sm_top:sm_top|sr_cpu:sm_cpu|sm_register_file:rf|rf[2][5]                    ; Stuck at GND due to stuck port clock_enable ;
; sm_top:sm_top|sr_cpu:sm_cpu|sm_register_file:rf|rf[3][5]                    ; Stuck at GND due to stuck port clock_enable ;
; sm_top:sm_top|sr_cpu:sm_cpu|sm_register_file:rf|rf[16][5]                   ; Stuck at GND due to stuck port clock_enable ;
; sm_top:sm_top|sr_cpu:sm_cpu|sm_register_file:rf|rf[24][5]                   ; Stuck at GND due to stuck port clock_enable ;
; sm_top:sm_top|sr_cpu:sm_cpu|sm_register_file:rf|rf[28][5]                   ; Stuck at GND due to stuck port clock_enable ;
; sm_top:sm_top|sr_cpu:sm_cpu|sm_register_file:rf|rf[17][5]                   ; Stuck at GND due to stuck port clock_enable ;
; sm_top:sm_top|sr_cpu:sm_cpu|sm_register_file:rf|rf[25][5]                   ; Stuck at GND due to stuck port clock_enable ;
; sm_top:sm_top|sr_cpu:sm_cpu|sm_register_file:rf|rf[29][5]                   ; Stuck at GND due to stuck port clock_enable ;
; sm_top:sm_top|sr_cpu:sm_cpu|sm_register_file:rf|rf[26][5]                   ; Stuck at GND due to stuck port clock_enable ;
; sm_top:sm_top|sr_cpu:sm_cpu|sm_register_file:rf|rf[30][5]                   ; Stuck at GND due to stuck port clock_enable ;
; sm_top:sm_top|sr_cpu:sm_cpu|sm_register_file:rf|rf[23][5]                   ; Stuck at GND due to stuck port clock_enable ;
; sm_top:sm_top|sr_cpu:sm_cpu|sm_register_file:rf|rf[27][5]                   ; Stuck at GND due to stuck port clock_enable ;
; sm_top:sm_top|sr_cpu:sm_cpu|sm_register_file:rf|rf[31][5]                   ; Stuck at GND due to stuck port clock_enable ;
; sm_top:sm_top|sr_cpu:sm_cpu|sm_register_file:rf|rf[8][6]                    ; Stuck at GND due to stuck port clock_enable ;
; sm_top:sm_top|sr_cpu:sm_cpu|sm_register_file:rf|rf[12][6]                   ; Stuck at GND due to stuck port clock_enable ;
; sm_top:sm_top|sr_cpu:sm_cpu|sm_register_file:rf|rf[13][6]                   ; Stuck at GND due to stuck port clock_enable ;
; sm_top:sm_top|sr_cpu:sm_cpu|sm_register_file:rf|rf[14][6]                   ; Stuck at GND due to stuck port clock_enable ;
; sm_top:sm_top|sr_cpu:sm_cpu|sm_register_file:rf|rf[15][6]                   ; Stuck at GND due to stuck port clock_enable ;
; sm_top:sm_top|sr_cpu:sm_cpu|sm_register_file:rf|rf[4][6]                    ; Stuck at GND due to stuck port clock_enable ;
; sm_top:sm_top|sr_cpu:sm_cpu|sm_register_file:rf|rf[6][6]                    ; Stuck at GND due to stuck port clock_enable ;
; sm_top:sm_top|sr_cpu:sm_cpu|sm_register_file:rf|rf[7][6]                    ; Stuck at GND due to stuck port clock_enable ;
; sm_top:sm_top|sr_cpu:sm_cpu|sm_register_file:rf|rf[0][6]                    ; Stuck at GND due to stuck port clock_enable ;
; sm_top:sm_top|sr_cpu:sm_cpu|sm_register_file:rf|rf[1][6]                    ; Stuck at GND due to stuck port clock_enable ;
; sm_top:sm_top|sr_cpu:sm_cpu|sm_register_file:rf|rf[2][6]                    ; Stuck at GND due to stuck port clock_enable ;
; sm_top:sm_top|sr_cpu:sm_cpu|sm_register_file:rf|rf[3][6]                    ; Stuck at GND due to stuck port clock_enable ;
; sm_top:sm_top|sr_cpu:sm_cpu|sm_register_file:rf|rf[16][6]                   ; Stuck at GND due to stuck port clock_enable ;
; sm_top:sm_top|sr_cpu:sm_cpu|sm_register_file:rf|rf[24][6]                   ; Stuck at GND due to stuck port clock_enable ;
; sm_top:sm_top|sr_cpu:sm_cpu|sm_register_file:rf|rf[28][6]                   ; Stuck at GND due to stuck port clock_enable ;
; sm_top:sm_top|sr_cpu:sm_cpu|sm_register_file:rf|rf[17][6]                   ; Stuck at GND due to stuck port clock_enable ;
; sm_top:sm_top|sr_cpu:sm_cpu|sm_register_file:rf|rf[25][6]                   ; Stuck at GND due to stuck port clock_enable ;
; sm_top:sm_top|sr_cpu:sm_cpu|sm_register_file:rf|rf[29][6]                   ; Stuck at GND due to stuck port clock_enable ;
; sm_top:sm_top|sr_cpu:sm_cpu|sm_register_file:rf|rf[26][6]                   ; Stuck at GND due to stuck port clock_enable ;
; sm_top:sm_top|sr_cpu:sm_cpu|sm_register_file:rf|rf[30][6]                   ; Stuck at GND due to stuck port clock_enable ;
; sm_top:sm_top|sr_cpu:sm_cpu|sm_register_file:rf|rf[23][6]                   ; Stuck at GND due to stuck port clock_enable ;
; sm_top:sm_top|sr_cpu:sm_cpu|sm_register_file:rf|rf[27][6]                   ; Stuck at GND due to stuck port clock_enable ;
; sm_top:sm_top|sr_cpu:sm_cpu|sm_register_file:rf|rf[31][6]                   ; Stuck at GND due to stuck port clock_enable ;
; sm_top:sm_top|sr_cpu:sm_cpu|sm_register_file:rf|rf[8][7]                    ; Stuck at GND due to stuck port clock_enable ;
; sm_top:sm_top|sr_cpu:sm_cpu|sm_register_file:rf|rf[12][7]                   ; Stuck at GND due to stuck port clock_enable ;
; sm_top:sm_top|sr_cpu:sm_cpu|sm_register_file:rf|rf[13][7]                   ; Stuck at GND due to stuck port clock_enable ;
; sm_top:sm_top|sr_cpu:sm_cpu|sm_register_file:rf|rf[14][7]                   ; Stuck at GND due to stuck port clock_enable ;
; sm_top:sm_top|sr_cpu:sm_cpu|sm_register_file:rf|rf[15][7]                   ; Stuck at GND due to stuck port clock_enable ;
; sm_top:sm_top|sr_cpu:sm_cpu|sm_register_file:rf|rf[4][7]                    ; Stuck at GND due to stuck port clock_enable ;
; sm_top:sm_top|sr_cpu:sm_cpu|sm_register_file:rf|rf[6][7]                    ; Stuck at GND due to stuck port clock_enable ;
; sm_top:sm_top|sr_cpu:sm_cpu|sm_register_file:rf|rf[7][7]                    ; Stuck at GND due to stuck port clock_enable ;
; sm_top:sm_top|sr_cpu:sm_cpu|sm_register_file:rf|rf[0][7]                    ; Stuck at GND due to stuck port clock_enable ;
; sm_top:sm_top|sr_cpu:sm_cpu|sm_register_file:rf|rf[1][7]                    ; Stuck at GND due to stuck port clock_enable ;
; sm_top:sm_top|sr_cpu:sm_cpu|sm_register_file:rf|rf[2][7]                    ; Stuck at GND due to stuck port clock_enable ;
; sm_top:sm_top|sr_cpu:sm_cpu|sm_register_file:rf|rf[3][7]                    ; Stuck at GND due to stuck port clock_enable ;
; sm_top:sm_top|sr_cpu:sm_cpu|sm_register_file:rf|rf[16][7]                   ; Stuck at GND due to stuck port clock_enable ;
; sm_top:sm_top|sr_cpu:sm_cpu|sm_register_file:rf|rf[24][7]                   ; Stuck at GND due to stuck port clock_enable ;
; sm_top:sm_top|sr_cpu:sm_cpu|sm_register_file:rf|rf[28][7]                   ; Stuck at GND due to stuck port clock_enable ;
; sm_top:sm_top|sr_cpu:sm_cpu|sm_register_file:rf|rf[17][7]                   ; Stuck at GND due to stuck port clock_enable ;
; sm_top:sm_top|sr_cpu:sm_cpu|sm_register_file:rf|rf[25][7]                   ; Stuck at GND due to stuck port clock_enable ;
; sm_top:sm_top|sr_cpu:sm_cpu|sm_register_file:rf|rf[29][7]                   ; Stuck at GND due to stuck port clock_enable ;
; sm_top:sm_top|sr_cpu:sm_cpu|sm_register_file:rf|rf[26][7]                   ; Stuck at GND due to stuck port clock_enable ;
; sm_top:sm_top|sr_cpu:sm_cpu|sm_register_file:rf|rf[30][7]                   ; Stuck at GND due to stuck port clock_enable ;
; sm_top:sm_top|sr_cpu:sm_cpu|sm_register_file:rf|rf[23][7]                   ; Stuck at GND due to stuck port clock_enable ;
; sm_top:sm_top|sr_cpu:sm_cpu|sm_register_file:rf|rf[27][7]                   ; Stuck at GND due to stuck port clock_enable ;
; sm_top:sm_top|sr_cpu:sm_cpu|sm_register_file:rf|rf[31][7]                   ; Stuck at GND due to stuck port clock_enable ;
; sm_top:sm_top|sr_cpu:sm_cpu|sm_register_file:rf|rf[8][8]                    ; Stuck at GND due to stuck port clock_enable ;
; sm_top:sm_top|sr_cpu:sm_cpu|sm_register_file:rf|rf[12][8]                   ; Stuck at GND due to stuck port clock_enable ;
; sm_top:sm_top|sr_cpu:sm_cpu|sm_register_file:rf|rf[13][8]                   ; Stuck at GND due to stuck port clock_enable ;
; sm_top:sm_top|sr_cpu:sm_cpu|sm_register_file:rf|rf[14][8]                   ; Stuck at GND due to stuck port clock_enable ;
; sm_top:sm_top|sr_cpu:sm_cpu|sm_register_file:rf|rf[15][8]                   ; Stuck at GND due to stuck port clock_enable ;
; sm_top:sm_top|sr_cpu:sm_cpu|sm_register_file:rf|rf[4][8]                    ; Stuck at GND due to stuck port clock_enable ;
; sm_top:sm_top|sr_cpu:sm_cpu|sm_register_file:rf|rf[6][8]                    ; Stuck at GND due to stuck port clock_enable ;
; sm_top:sm_top|sr_cpu:sm_cpu|sm_register_file:rf|rf[7][8]                    ; Stuck at GND due to stuck port clock_enable ;
; sm_top:sm_top|sr_cpu:sm_cpu|sm_register_file:rf|rf[0][8]                    ; Stuck at GND due to stuck port clock_enable ;
; sm_top:sm_top|sr_cpu:sm_cpu|sm_register_file:rf|rf[1][8]                    ; Stuck at GND due to stuck port clock_enable ;
; sm_top:sm_top|sr_cpu:sm_cpu|sm_register_file:rf|rf[2][8]                    ; Stuck at GND due to stuck port clock_enable ;
; sm_top:sm_top|sr_cpu:sm_cpu|sm_register_file:rf|rf[3][8]                    ; Stuck at GND due to stuck port clock_enable ;
; sm_top:sm_top|sr_cpu:sm_cpu|sm_register_file:rf|rf[16][8]                   ; Stuck at GND due to stuck port clock_enable ;
; sm_top:sm_top|sr_cpu:sm_cpu|sm_register_file:rf|rf[24][8]                   ; Stuck at GND due to stuck port clock_enable ;
; sm_top:sm_top|sr_cpu:sm_cpu|sm_register_file:rf|rf[28][8]                   ; Stuck at GND due to stuck port clock_enable ;
; sm_top:sm_top|sr_cpu:sm_cpu|sm_register_file:rf|rf[17][8]                   ; Stuck at GND due to stuck port clock_enable ;
; sm_top:sm_top|sr_cpu:sm_cpu|sm_register_file:rf|rf[25][8]                   ; Stuck at GND due to stuck port clock_enable ;
; sm_top:sm_top|sr_cpu:sm_cpu|sm_register_file:rf|rf[29][8]                   ; Stuck at GND due to stuck port clock_enable ;
; sm_top:sm_top|sr_cpu:sm_cpu|sm_register_file:rf|rf[26][8]                   ; Stuck at GND due to stuck port clock_enable ;
; sm_top:sm_top|sr_cpu:sm_cpu|sm_register_file:rf|rf[30][8]                   ; Stuck at GND due to stuck port clock_enable ;
; sm_top:sm_top|sr_cpu:sm_cpu|sm_register_file:rf|rf[23][8]                   ; Stuck at GND due to stuck port clock_enable ;
; sm_top:sm_top|sr_cpu:sm_cpu|sm_register_file:rf|rf[27][8]                   ; Stuck at GND due to stuck port clock_enable ;
; sm_top:sm_top|sr_cpu:sm_cpu|sm_register_file:rf|rf[31][8]                   ; Stuck at GND due to stuck port clock_enable ;
; sm_top:sm_top|sr_cpu:sm_cpu|sm_register_file:rf|rf[8][9]                    ; Stuck at GND due to stuck port clock_enable ;
; sm_top:sm_top|sr_cpu:sm_cpu|sm_register_file:rf|rf[12][9]                   ; Stuck at GND due to stuck port clock_enable ;
; sm_top:sm_top|sr_cpu:sm_cpu|sm_register_file:rf|rf[13][9]                   ; Stuck at GND due to stuck port clock_enable ;
; sm_top:sm_top|sr_cpu:sm_cpu|sm_register_file:rf|rf[14][9]                   ; Stuck at GND due to stuck port clock_enable ;
; sm_top:sm_top|sr_cpu:sm_cpu|sm_register_file:rf|rf[15][9]                   ; Stuck at GND due to stuck port clock_enable ;
; sm_top:sm_top|sr_cpu:sm_cpu|sm_register_file:rf|rf[4][9]                    ; Stuck at GND due to stuck port clock_enable ;
; sm_top:sm_top|sr_cpu:sm_cpu|sm_register_file:rf|rf[6][9]                    ; Stuck at GND due to stuck port clock_enable ;
; sm_top:sm_top|sr_cpu:sm_cpu|sm_register_file:rf|rf[7][9]                    ; Stuck at GND due to stuck port clock_enable ;
; sm_top:sm_top|sr_cpu:sm_cpu|sm_register_file:rf|rf[0][9]                    ; Stuck at GND due to stuck port clock_enable ;
; sm_top:sm_top|sr_cpu:sm_cpu|sm_register_file:rf|rf[1][9]                    ; Stuck at GND due to stuck port clock_enable ;
; sm_top:sm_top|sr_cpu:sm_cpu|sm_register_file:rf|rf[2][9]                    ; Stuck at GND due to stuck port clock_enable ;
; sm_top:sm_top|sr_cpu:sm_cpu|sm_register_file:rf|rf[3][9]                    ; Stuck at GND due to stuck port clock_enable ;
; sm_top:sm_top|sr_cpu:sm_cpu|sm_register_file:rf|rf[16][9]                   ; Stuck at GND due to stuck port clock_enable ;
; sm_top:sm_top|sr_cpu:sm_cpu|sm_register_file:rf|rf[24][9]                   ; Stuck at GND due to stuck port clock_enable ;
; sm_top:sm_top|sr_cpu:sm_cpu|sm_register_file:rf|rf[28][9]                   ; Stuck at GND due to stuck port clock_enable ;
; sm_top:sm_top|sr_cpu:sm_cpu|sm_register_file:rf|rf[17][9]                   ; Stuck at GND due to stuck port clock_enable ;
; sm_top:sm_top|sr_cpu:sm_cpu|sm_register_file:rf|rf[25][9]                   ; Stuck at GND due to stuck port clock_enable ;
; sm_top:sm_top|sr_cpu:sm_cpu|sm_register_file:rf|rf[29][9]                   ; Stuck at GND due to stuck port clock_enable ;
; sm_top:sm_top|sr_cpu:sm_cpu|sm_register_file:rf|rf[26][9]                   ; Stuck at GND due to stuck port clock_enable ;
; sm_top:sm_top|sr_cpu:sm_cpu|sm_register_file:rf|rf[30][9]                   ; Stuck at GND due to stuck port clock_enable ;
; sm_top:sm_top|sr_cpu:sm_cpu|sm_register_file:rf|rf[23][9]                   ; Stuck at GND due to stuck port clock_enable ;
; sm_top:sm_top|sr_cpu:sm_cpu|sm_register_file:rf|rf[27][9]                   ; Stuck at GND due to stuck port clock_enable ;
; sm_top:sm_top|sr_cpu:sm_cpu|sm_register_file:rf|rf[31][9]                   ; Stuck at GND due to stuck port clock_enable ;
; sm_top:sm_top|sr_cpu:sm_cpu|sm_register_file:rf|rf[8][10]                   ; Stuck at GND due to stuck port clock_enable ;
; sm_top:sm_top|sr_cpu:sm_cpu|sm_register_file:rf|rf[12][10]                  ; Stuck at GND due to stuck port clock_enable ;
; sm_top:sm_top|sr_cpu:sm_cpu|sm_register_file:rf|rf[13][10]                  ; Stuck at GND due to stuck port clock_enable ;
; sm_top:sm_top|sr_cpu:sm_cpu|sm_register_file:rf|rf[14][10]                  ; Stuck at GND due to stuck port clock_enable ;
; sm_top:sm_top|sr_cpu:sm_cpu|sm_register_file:rf|rf[15][10]                  ; Stuck at GND due to stuck port clock_enable ;
; sm_top:sm_top|sr_cpu:sm_cpu|sm_register_file:rf|rf[4][10]                   ; Stuck at GND due to stuck port clock_enable ;
; sm_top:sm_top|sr_cpu:sm_cpu|sm_register_file:rf|rf[6][10]                   ; Stuck at GND due to stuck port clock_enable ;
; sm_top:sm_top|sr_cpu:sm_cpu|sm_register_file:rf|rf[7][10]                   ; Stuck at GND due to stuck port clock_enable ;
; sm_top:sm_top|sr_cpu:sm_cpu|sm_register_file:rf|rf[0][10]                   ; Stuck at GND due to stuck port clock_enable ;
; sm_top:sm_top|sr_cpu:sm_cpu|sm_register_file:rf|rf[1][10]                   ; Stuck at GND due to stuck port clock_enable ;
; sm_top:sm_top|sr_cpu:sm_cpu|sm_register_file:rf|rf[2][10]                   ; Stuck at GND due to stuck port clock_enable ;
; sm_top:sm_top|sr_cpu:sm_cpu|sm_register_file:rf|rf[3][10]                   ; Stuck at GND due to stuck port clock_enable ;
; sm_top:sm_top|sr_cpu:sm_cpu|sm_register_file:rf|rf[16][10]                  ; Stuck at GND due to stuck port clock_enable ;
; sm_top:sm_top|sr_cpu:sm_cpu|sm_register_file:rf|rf[24][10]                  ; Stuck at GND due to stuck port clock_enable ;
; sm_top:sm_top|sr_cpu:sm_cpu|sm_register_file:rf|rf[28][10]                  ; Stuck at GND due to stuck port clock_enable ;
; sm_top:sm_top|sr_cpu:sm_cpu|sm_register_file:rf|rf[17][10]                  ; Stuck at GND due to stuck port clock_enable ;
; sm_top:sm_top|sr_cpu:sm_cpu|sm_register_file:rf|rf[25][10]                  ; Stuck at GND due to stuck port clock_enable ;
; sm_top:sm_top|sr_cpu:sm_cpu|sm_register_file:rf|rf[29][10]                  ; Stuck at GND due to stuck port clock_enable ;
; sm_top:sm_top|sr_cpu:sm_cpu|sm_register_file:rf|rf[26][10]                  ; Stuck at GND due to stuck port clock_enable ;
; sm_top:sm_top|sr_cpu:sm_cpu|sm_register_file:rf|rf[30][10]                  ; Stuck at GND due to stuck port clock_enable ;
; sm_top:sm_top|sr_cpu:sm_cpu|sm_register_file:rf|rf[23][10]                  ; Stuck at GND due to stuck port clock_enable ;
; sm_top:sm_top|sr_cpu:sm_cpu|sm_register_file:rf|rf[27][10]                  ; Stuck at GND due to stuck port clock_enable ;
; sm_top:sm_top|sr_cpu:sm_cpu|sm_register_file:rf|rf[31][10]                  ; Stuck at GND due to stuck port clock_enable ;
; sm_top:sm_top|sr_cpu:sm_cpu|sm_register_file:rf|rf[8][11]                   ; Stuck at GND due to stuck port clock_enable ;
; sm_top:sm_top|sr_cpu:sm_cpu|sm_register_file:rf|rf[12][11]                  ; Stuck at GND due to stuck port clock_enable ;
; sm_top:sm_top|sr_cpu:sm_cpu|sm_register_file:rf|rf[13][11]                  ; Stuck at GND due to stuck port clock_enable ;
; sm_top:sm_top|sr_cpu:sm_cpu|sm_register_file:rf|rf[14][11]                  ; Stuck at GND due to stuck port clock_enable ;
; sm_top:sm_top|sr_cpu:sm_cpu|sm_register_file:rf|rf[15][11]                  ; Stuck at GND due to stuck port clock_enable ;
; sm_top:sm_top|sr_cpu:sm_cpu|sm_register_file:rf|rf[4][11]                   ; Stuck at GND due to stuck port clock_enable ;
; sm_top:sm_top|sr_cpu:sm_cpu|sm_register_file:rf|rf[6][11]                   ; Stuck at GND due to stuck port clock_enable ;
; sm_top:sm_top|sr_cpu:sm_cpu|sm_register_file:rf|rf[7][11]                   ; Stuck at GND due to stuck port clock_enable ;
; sm_top:sm_top|sr_cpu:sm_cpu|sm_register_file:rf|rf[0][11]                   ; Stuck at GND due to stuck port clock_enable ;
; sm_top:sm_top|sr_cpu:sm_cpu|sm_register_file:rf|rf[1][11]                   ; Stuck at GND due to stuck port clock_enable ;
; sm_top:sm_top|sr_cpu:sm_cpu|sm_register_file:rf|rf[2][11]                   ; Stuck at GND due to stuck port clock_enable ;
; sm_top:sm_top|sr_cpu:sm_cpu|sm_register_file:rf|rf[3][11]                   ; Stuck at GND due to stuck port clock_enable ;
; sm_top:sm_top|sr_cpu:sm_cpu|sm_register_file:rf|rf[16][11]                  ; Stuck at GND due to stuck port clock_enable ;
; sm_top:sm_top|sr_cpu:sm_cpu|sm_register_file:rf|rf[24][11]                  ; Stuck at GND due to stuck port clock_enable ;
; sm_top:sm_top|sr_cpu:sm_cpu|sm_register_file:rf|rf[28][11]                  ; Stuck at GND due to stuck port clock_enable ;
; sm_top:sm_top|sr_cpu:sm_cpu|sm_register_file:rf|rf[17][11]                  ; Stuck at GND due to stuck port clock_enable ;
; sm_top:sm_top|sr_cpu:sm_cpu|sm_register_file:rf|rf[25][11]                  ; Stuck at GND due to stuck port clock_enable ;
; sm_top:sm_top|sr_cpu:sm_cpu|sm_register_file:rf|rf[29][11]                  ; Stuck at GND due to stuck port clock_enable ;
; sm_top:sm_top|sr_cpu:sm_cpu|sm_register_file:rf|rf[26][11]                  ; Stuck at GND due to stuck port clock_enable ;
; sm_top:sm_top|sr_cpu:sm_cpu|sm_register_file:rf|rf[30][11]                  ; Stuck at GND due to stuck port clock_enable ;
; sm_top:sm_top|sr_cpu:sm_cpu|sm_register_file:rf|rf[23][11]                  ; Stuck at GND due to stuck port clock_enable ;
; sm_top:sm_top|sr_cpu:sm_cpu|sm_register_file:rf|rf[27][11]                  ; Stuck at GND due to stuck port clock_enable ;
; sm_top:sm_top|sr_cpu:sm_cpu|sm_register_file:rf|rf[31][11]                  ; Stuck at GND due to stuck port clock_enable ;
; sm_top:sm_top|sr_cpu:sm_cpu|sm_register_file:rf|rf[8][12]                   ; Stuck at GND due to stuck port clock_enable ;
; sm_top:sm_top|sr_cpu:sm_cpu|sm_register_file:rf|rf[12][12]                  ; Stuck at GND due to stuck port clock_enable ;
; sm_top:sm_top|sr_cpu:sm_cpu|sm_register_file:rf|rf[13][12]                  ; Stuck at GND due to stuck port clock_enable ;
; sm_top:sm_top|sr_cpu:sm_cpu|sm_register_file:rf|rf[14][12]                  ; Stuck at GND due to stuck port clock_enable ;
; sm_top:sm_top|sr_cpu:sm_cpu|sm_register_file:rf|rf[15][12]                  ; Stuck at GND due to stuck port clock_enable ;
; sm_top:sm_top|sr_cpu:sm_cpu|sm_register_file:rf|rf[4][12]                   ; Stuck at GND due to stuck port clock_enable ;
; sm_top:sm_top|sr_cpu:sm_cpu|sm_register_file:rf|rf[6][12]                   ; Stuck at GND due to stuck port clock_enable ;
; sm_top:sm_top|sr_cpu:sm_cpu|sm_register_file:rf|rf[7][12]                   ; Stuck at GND due to stuck port clock_enable ;
; sm_top:sm_top|sr_cpu:sm_cpu|sm_register_file:rf|rf[0][12]                   ; Stuck at GND due to stuck port clock_enable ;
; sm_top:sm_top|sr_cpu:sm_cpu|sm_register_file:rf|rf[1][12]                   ; Stuck at GND due to stuck port clock_enable ;
; sm_top:sm_top|sr_cpu:sm_cpu|sm_register_file:rf|rf[2][12]                   ; Stuck at GND due to stuck port clock_enable ;
; sm_top:sm_top|sr_cpu:sm_cpu|sm_register_file:rf|rf[3][12]                   ; Stuck at GND due to stuck port clock_enable ;
; sm_top:sm_top|sr_cpu:sm_cpu|sm_register_file:rf|rf[16][12]                  ; Stuck at GND due to stuck port clock_enable ;
; sm_top:sm_top|sr_cpu:sm_cpu|sm_register_file:rf|rf[24][12]                  ; Stuck at GND due to stuck port clock_enable ;
; sm_top:sm_top|sr_cpu:sm_cpu|sm_register_file:rf|rf[28][12]                  ; Stuck at GND due to stuck port clock_enable ;
; sm_top:sm_top|sr_cpu:sm_cpu|sm_register_file:rf|rf[17][12]                  ; Stuck at GND due to stuck port clock_enable ;
; sm_top:sm_top|sr_cpu:sm_cpu|sm_register_file:rf|rf[25][12]                  ; Stuck at GND due to stuck port clock_enable ;
; sm_top:sm_top|sr_cpu:sm_cpu|sm_register_file:rf|rf[29][12]                  ; Stuck at GND due to stuck port clock_enable ;
; sm_top:sm_top|sr_cpu:sm_cpu|sm_register_file:rf|rf[26][12]                  ; Stuck at GND due to stuck port clock_enable ;
; sm_top:sm_top|sr_cpu:sm_cpu|sm_register_file:rf|rf[30][12]                  ; Stuck at GND due to stuck port clock_enable ;
; sm_top:sm_top|sr_cpu:sm_cpu|sm_register_file:rf|rf[23][12]                  ; Stuck at GND due to stuck port clock_enable ;
; sm_top:sm_top|sr_cpu:sm_cpu|sm_register_file:rf|rf[27][12]                  ; Stuck at GND due to stuck port clock_enable ;
; sm_top:sm_top|sr_cpu:sm_cpu|sm_register_file:rf|rf[31][12]                  ; Stuck at GND due to stuck port clock_enable ;
; sm_top:sm_top|sr_cpu:sm_cpu|sm_register_file:rf|rf[8][13]                   ; Stuck at GND due to stuck port clock_enable ;
; sm_top:sm_top|sr_cpu:sm_cpu|sm_register_file:rf|rf[12][13]                  ; Stuck at GND due to stuck port clock_enable ;
; sm_top:sm_top|sr_cpu:sm_cpu|sm_register_file:rf|rf[13][13]                  ; Stuck at GND due to stuck port clock_enable ;
; sm_top:sm_top|sr_cpu:sm_cpu|sm_register_file:rf|rf[14][13]                  ; Stuck at GND due to stuck port clock_enable ;
; sm_top:sm_top|sr_cpu:sm_cpu|sm_register_file:rf|rf[15][13]                  ; Stuck at GND due to stuck port clock_enable ;
; sm_top:sm_top|sr_cpu:sm_cpu|sm_register_file:rf|rf[4][13]                   ; Stuck at GND due to stuck port clock_enable ;
; sm_top:sm_top|sr_cpu:sm_cpu|sm_register_file:rf|rf[6][13]                   ; Stuck at GND due to stuck port clock_enable ;
; sm_top:sm_top|sr_cpu:sm_cpu|sm_register_file:rf|rf[7][13]                   ; Stuck at GND due to stuck port clock_enable ;
; sm_top:sm_top|sr_cpu:sm_cpu|sm_register_file:rf|rf[0][13]                   ; Stuck at GND due to stuck port clock_enable ;
; sm_top:sm_top|sr_cpu:sm_cpu|sm_register_file:rf|rf[1][13]                   ; Stuck at GND due to stuck port clock_enable ;
; sm_top:sm_top|sr_cpu:sm_cpu|sm_register_file:rf|rf[2][13]                   ; Stuck at GND due to stuck port clock_enable ;
; sm_top:sm_top|sr_cpu:sm_cpu|sm_register_file:rf|rf[3][13]                   ; Stuck at GND due to stuck port clock_enable ;
; sm_top:sm_top|sr_cpu:sm_cpu|sm_register_file:rf|rf[16][13]                  ; Stuck at GND due to stuck port clock_enable ;
; sm_top:sm_top|sr_cpu:sm_cpu|sm_register_file:rf|rf[24][13]                  ; Stuck at GND due to stuck port clock_enable ;
; sm_top:sm_top|sr_cpu:sm_cpu|sm_register_file:rf|rf[28][13]                  ; Stuck at GND due to stuck port clock_enable ;
; sm_top:sm_top|sr_cpu:sm_cpu|sm_register_file:rf|rf[17][13]                  ; Stuck at GND due to stuck port clock_enable ;
; sm_top:sm_top|sr_cpu:sm_cpu|sm_register_file:rf|rf[25][13]                  ; Stuck at GND due to stuck port clock_enable ;
; sm_top:sm_top|sr_cpu:sm_cpu|sm_register_file:rf|rf[29][13]                  ; Stuck at GND due to stuck port clock_enable ;
; sm_top:sm_top|sr_cpu:sm_cpu|sm_register_file:rf|rf[26][13]                  ; Stuck at GND due to stuck port clock_enable ;
; sm_top:sm_top|sr_cpu:sm_cpu|sm_register_file:rf|rf[30][13]                  ; Stuck at GND due to stuck port clock_enable ;
; sm_top:sm_top|sr_cpu:sm_cpu|sm_register_file:rf|rf[23][13]                  ; Stuck at GND due to stuck port clock_enable ;
; sm_top:sm_top|sr_cpu:sm_cpu|sm_register_file:rf|rf[27][13]                  ; Stuck at GND due to stuck port clock_enable ;
; sm_top:sm_top|sr_cpu:sm_cpu|sm_register_file:rf|rf[31][13]                  ; Stuck at GND due to stuck port clock_enable ;
; sm_top:sm_top|sr_cpu:sm_cpu|sm_register_file:rf|rf[8][14]                   ; Stuck at GND due to stuck port clock_enable ;
; sm_top:sm_top|sr_cpu:sm_cpu|sm_register_file:rf|rf[12][14]                  ; Stuck at GND due to stuck port clock_enable ;
; sm_top:sm_top|sr_cpu:sm_cpu|sm_register_file:rf|rf[13][14]                  ; Stuck at GND due to stuck port clock_enable ;
; sm_top:sm_top|sr_cpu:sm_cpu|sm_register_file:rf|rf[14][14]                  ; Stuck at GND due to stuck port clock_enable ;
; sm_top:sm_top|sr_cpu:sm_cpu|sm_register_file:rf|rf[15][14]                  ; Stuck at GND due to stuck port clock_enable ;
; sm_top:sm_top|sr_cpu:sm_cpu|sm_register_file:rf|rf[4][14]                   ; Stuck at GND due to stuck port clock_enable ;
; sm_top:sm_top|sr_cpu:sm_cpu|sm_register_file:rf|rf[6][14]                   ; Stuck at GND due to stuck port clock_enable ;
; sm_top:sm_top|sr_cpu:sm_cpu|sm_register_file:rf|rf[7][14]                   ; Stuck at GND due to stuck port clock_enable ;
; sm_top:sm_top|sr_cpu:sm_cpu|sm_register_file:rf|rf[0][14]                   ; Stuck at GND due to stuck port clock_enable ;
; sm_top:sm_top|sr_cpu:sm_cpu|sm_register_file:rf|rf[1][14]                   ; Stuck at GND due to stuck port clock_enable ;
; sm_top:sm_top|sr_cpu:sm_cpu|sm_register_file:rf|rf[2][14]                   ; Stuck at GND due to stuck port clock_enable ;
; sm_top:sm_top|sr_cpu:sm_cpu|sm_register_file:rf|rf[3][14]                   ; Stuck at GND due to stuck port clock_enable ;
; sm_top:sm_top|sr_cpu:sm_cpu|sm_register_file:rf|rf[16][14]                  ; Stuck at GND due to stuck port clock_enable ;
; sm_top:sm_top|sr_cpu:sm_cpu|sm_register_file:rf|rf[24][14]                  ; Stuck at GND due to stuck port clock_enable ;
; sm_top:sm_top|sr_cpu:sm_cpu|sm_register_file:rf|rf[28][14]                  ; Stuck at GND due to stuck port clock_enable ;
; sm_top:sm_top|sr_cpu:sm_cpu|sm_register_file:rf|rf[17][14]                  ; Stuck at GND due to stuck port clock_enable ;
; sm_top:sm_top|sr_cpu:sm_cpu|sm_register_file:rf|rf[25][14]                  ; Stuck at GND due to stuck port clock_enable ;
; sm_top:sm_top|sr_cpu:sm_cpu|sm_register_file:rf|rf[29][14]                  ; Stuck at GND due to stuck port clock_enable ;
; sm_top:sm_top|sr_cpu:sm_cpu|sm_register_file:rf|rf[26][14]                  ; Stuck at GND due to stuck port clock_enable ;
; sm_top:sm_top|sr_cpu:sm_cpu|sm_register_file:rf|rf[30][14]                  ; Stuck at GND due to stuck port clock_enable ;
; sm_top:sm_top|sr_cpu:sm_cpu|sm_register_file:rf|rf[23][14]                  ; Stuck at GND due to stuck port clock_enable ;
; sm_top:sm_top|sr_cpu:sm_cpu|sm_register_file:rf|rf[27][14]                  ; Stuck at GND due to stuck port clock_enable ;
; sm_top:sm_top|sr_cpu:sm_cpu|sm_register_file:rf|rf[31][14]                  ; Stuck at GND due to stuck port clock_enable ;
; sm_top:sm_top|sr_cpu:sm_cpu|sm_register_file:rf|rf[8][15]                   ; Stuck at GND due to stuck port clock_enable ;
; sm_top:sm_top|sr_cpu:sm_cpu|sm_register_file:rf|rf[12][15]                  ; Stuck at GND due to stuck port clock_enable ;
; sm_top:sm_top|sr_cpu:sm_cpu|sm_register_file:rf|rf[13][15]                  ; Stuck at GND due to stuck port clock_enable ;
; sm_top:sm_top|sr_cpu:sm_cpu|sm_register_file:rf|rf[14][15]                  ; Stuck at GND due to stuck port clock_enable ;
; sm_top:sm_top|sr_cpu:sm_cpu|sm_register_file:rf|rf[15][15]                  ; Stuck at GND due to stuck port clock_enable ;
; sm_top:sm_top|sr_cpu:sm_cpu|sm_register_file:rf|rf[4][15]                   ; Stuck at GND due to stuck port clock_enable ;
; sm_top:sm_top|sr_cpu:sm_cpu|sm_register_file:rf|rf[6][15]                   ; Stuck at GND due to stuck port clock_enable ;
; sm_top:sm_top|sr_cpu:sm_cpu|sm_register_file:rf|rf[7][15]                   ; Stuck at GND due to stuck port clock_enable ;
; sm_top:sm_top|sr_cpu:sm_cpu|sm_register_file:rf|rf[0][15]                   ; Stuck at GND due to stuck port clock_enable ;
; sm_top:sm_top|sr_cpu:sm_cpu|sm_register_file:rf|rf[1][15]                   ; Stuck at GND due to stuck port clock_enable ;
; sm_top:sm_top|sr_cpu:sm_cpu|sm_register_file:rf|rf[2][15]                   ; Stuck at GND due to stuck port clock_enable ;
; sm_top:sm_top|sr_cpu:sm_cpu|sm_register_file:rf|rf[3][15]                   ; Stuck at GND due to stuck port clock_enable ;
; sm_top:sm_top|sr_cpu:sm_cpu|sm_register_file:rf|rf[16][15]                  ; Stuck at GND due to stuck port clock_enable ;
; sm_top:sm_top|sr_cpu:sm_cpu|sm_register_file:rf|rf[24][15]                  ; Stuck at GND due to stuck port clock_enable ;
; sm_top:sm_top|sr_cpu:sm_cpu|sm_register_file:rf|rf[28][15]                  ; Stuck at GND due to stuck port clock_enable ;
; sm_top:sm_top|sr_cpu:sm_cpu|sm_register_file:rf|rf[17][15]                  ; Stuck at GND due to stuck port clock_enable ;
; sm_top:sm_top|sr_cpu:sm_cpu|sm_register_file:rf|rf[25][15]                  ; Stuck at GND due to stuck port clock_enable ;
; sm_top:sm_top|sr_cpu:sm_cpu|sm_register_file:rf|rf[29][15]                  ; Stuck at GND due to stuck port clock_enable ;
; sm_top:sm_top|sr_cpu:sm_cpu|sm_register_file:rf|rf[26][15]                  ; Stuck at GND due to stuck port clock_enable ;
; sm_top:sm_top|sr_cpu:sm_cpu|sm_register_file:rf|rf[30][15]                  ; Stuck at GND due to stuck port clock_enable ;
; sm_top:sm_top|sr_cpu:sm_cpu|sm_register_file:rf|rf[23][15]                  ; Stuck at GND due to stuck port clock_enable ;
; sm_top:sm_top|sr_cpu:sm_cpu|sm_register_file:rf|rf[27][15]                  ; Stuck at GND due to stuck port clock_enable ;
; sm_top:sm_top|sr_cpu:sm_cpu|sm_register_file:rf|rf[31][15]                  ; Stuck at GND due to stuck port clock_enable ;
; sm_top:sm_top|sr_cpu:sm_cpu|sm_register_file:rf|rf[8][16]                   ; Stuck at GND due to stuck port clock_enable ;
; sm_top:sm_top|sr_cpu:sm_cpu|sm_register_file:rf|rf[12][16]                  ; Stuck at GND due to stuck port clock_enable ;
; sm_top:sm_top|sr_cpu:sm_cpu|sm_register_file:rf|rf[13][16]                  ; Stuck at GND due to stuck port clock_enable ;
; sm_top:sm_top|sr_cpu:sm_cpu|sm_register_file:rf|rf[14][16]                  ; Stuck at GND due to stuck port clock_enable ;
; sm_top:sm_top|sr_cpu:sm_cpu|sm_register_file:rf|rf[15][16]                  ; Stuck at GND due to stuck port clock_enable ;
; sm_top:sm_top|sr_cpu:sm_cpu|sm_register_file:rf|rf[4][16]                   ; Stuck at GND due to stuck port clock_enable ;
; sm_top:sm_top|sr_cpu:sm_cpu|sm_register_file:rf|rf[6][16]                   ; Stuck at GND due to stuck port clock_enable ;
; sm_top:sm_top|sr_cpu:sm_cpu|sm_register_file:rf|rf[7][16]                   ; Stuck at GND due to stuck port clock_enable ;
; sm_top:sm_top|sr_cpu:sm_cpu|sm_register_file:rf|rf[0][16]                   ; Stuck at GND due to stuck port clock_enable ;
; sm_top:sm_top|sr_cpu:sm_cpu|sm_register_file:rf|rf[1][16]                   ; Stuck at GND due to stuck port clock_enable ;
; sm_top:sm_top|sr_cpu:sm_cpu|sm_register_file:rf|rf[2][16]                   ; Stuck at GND due to stuck port clock_enable ;
; sm_top:sm_top|sr_cpu:sm_cpu|sm_register_file:rf|rf[3][16]                   ; Stuck at GND due to stuck port clock_enable ;
; sm_top:sm_top|sr_cpu:sm_cpu|sm_register_file:rf|rf[16][16]                  ; Stuck at GND due to stuck port clock_enable ;
; sm_top:sm_top|sr_cpu:sm_cpu|sm_register_file:rf|rf[24][16]                  ; Stuck at GND due to stuck port clock_enable ;
; sm_top:sm_top|sr_cpu:sm_cpu|sm_register_file:rf|rf[28][16]                  ; Stuck at GND due to stuck port clock_enable ;
; sm_top:sm_top|sr_cpu:sm_cpu|sm_register_file:rf|rf[17][16]                  ; Stuck at GND due to stuck port clock_enable ;
; sm_top:sm_top|sr_cpu:sm_cpu|sm_register_file:rf|rf[25][16]                  ; Stuck at GND due to stuck port clock_enable ;
; sm_top:sm_top|sr_cpu:sm_cpu|sm_register_file:rf|rf[29][16]                  ; Stuck at GND due to stuck port clock_enable ;
; sm_top:sm_top|sr_cpu:sm_cpu|sm_register_file:rf|rf[26][16]                  ; Stuck at GND due to stuck port clock_enable ;
; sm_top:sm_top|sr_cpu:sm_cpu|sm_register_file:rf|rf[30][16]                  ; Stuck at GND due to stuck port clock_enable ;
; sm_top:sm_top|sr_cpu:sm_cpu|sm_register_file:rf|rf[23][16]                  ; Stuck at GND due to stuck port clock_enable ;
; sm_top:sm_top|sr_cpu:sm_cpu|sm_register_file:rf|rf[27][16]                  ; Stuck at GND due to stuck port clock_enable ;
; sm_top:sm_top|sr_cpu:sm_cpu|sm_register_file:rf|rf[31][16]                  ; Stuck at GND due to stuck port clock_enable ;
; sm_top:sm_top|sr_cpu:sm_cpu|sm_register_file:rf|rf[8][17]                   ; Stuck at GND due to stuck port clock_enable ;
; sm_top:sm_top|sr_cpu:sm_cpu|sm_register_file:rf|rf[12][17]                  ; Stuck at GND due to stuck port clock_enable ;
; sm_top:sm_top|sr_cpu:sm_cpu|sm_register_file:rf|rf[13][17]                  ; Stuck at GND due to stuck port clock_enable ;
; sm_top:sm_top|sr_cpu:sm_cpu|sm_register_file:rf|rf[14][17]                  ; Stuck at GND due to stuck port clock_enable ;
; sm_top:sm_top|sr_cpu:sm_cpu|sm_register_file:rf|rf[15][17]                  ; Stuck at GND due to stuck port clock_enable ;
; sm_top:sm_top|sr_cpu:sm_cpu|sm_register_file:rf|rf[4][17]                   ; Stuck at GND due to stuck port clock_enable ;
; sm_top:sm_top|sr_cpu:sm_cpu|sm_register_file:rf|rf[6][17]                   ; Stuck at GND due to stuck port clock_enable ;
; sm_top:sm_top|sr_cpu:sm_cpu|sm_register_file:rf|rf[7][17]                   ; Stuck at GND due to stuck port clock_enable ;
; sm_top:sm_top|sr_cpu:sm_cpu|sm_register_file:rf|rf[0][17]                   ; Stuck at GND due to stuck port clock_enable ;
; sm_top:sm_top|sr_cpu:sm_cpu|sm_register_file:rf|rf[1][17]                   ; Stuck at GND due to stuck port clock_enable ;
; sm_top:sm_top|sr_cpu:sm_cpu|sm_register_file:rf|rf[2][17]                   ; Stuck at GND due to stuck port clock_enable ;
; sm_top:sm_top|sr_cpu:sm_cpu|sm_register_file:rf|rf[3][17]                   ; Stuck at GND due to stuck port clock_enable ;
; sm_top:sm_top|sr_cpu:sm_cpu|sm_register_file:rf|rf[16][17]                  ; Stuck at GND due to stuck port clock_enable ;
; sm_top:sm_top|sr_cpu:sm_cpu|sm_register_file:rf|rf[24][17]                  ; Stuck at GND due to stuck port clock_enable ;
; sm_top:sm_top|sr_cpu:sm_cpu|sm_register_file:rf|rf[28][17]                  ; Stuck at GND due to stuck port clock_enable ;
; sm_top:sm_top|sr_cpu:sm_cpu|sm_register_file:rf|rf[17][17]                  ; Stuck at GND due to stuck port clock_enable ;
; sm_top:sm_top|sr_cpu:sm_cpu|sm_register_file:rf|rf[25][17]                  ; Stuck at GND due to stuck port clock_enable ;
; sm_top:sm_top|sr_cpu:sm_cpu|sm_register_file:rf|rf[29][17]                  ; Stuck at GND due to stuck port clock_enable ;
; sm_top:sm_top|sr_cpu:sm_cpu|sm_register_file:rf|rf[26][17]                  ; Stuck at GND due to stuck port clock_enable ;
; sm_top:sm_top|sr_cpu:sm_cpu|sm_register_file:rf|rf[30][17]                  ; Stuck at GND due to stuck port clock_enable ;
; sm_top:sm_top|sr_cpu:sm_cpu|sm_register_file:rf|rf[23][17]                  ; Stuck at GND due to stuck port clock_enable ;
; sm_top:sm_top|sr_cpu:sm_cpu|sm_register_file:rf|rf[27][17]                  ; Stuck at GND due to stuck port clock_enable ;
; sm_top:sm_top|sr_cpu:sm_cpu|sm_register_file:rf|rf[31][17]                  ; Stuck at GND due to stuck port clock_enable ;
; sm_top:sm_top|sr_cpu:sm_cpu|sm_register_file:rf|rf[8][18]                   ; Stuck at GND due to stuck port clock_enable ;
; sm_top:sm_top|sr_cpu:sm_cpu|sm_register_file:rf|rf[12][18]                  ; Stuck at GND due to stuck port clock_enable ;
; sm_top:sm_top|sr_cpu:sm_cpu|sm_register_file:rf|rf[13][18]                  ; Stuck at GND due to stuck port clock_enable ;
; sm_top:sm_top|sr_cpu:sm_cpu|sm_register_file:rf|rf[14][18]                  ; Stuck at GND due to stuck port clock_enable ;
; sm_top:sm_top|sr_cpu:sm_cpu|sm_register_file:rf|rf[15][18]                  ; Stuck at GND due to stuck port clock_enable ;
; sm_top:sm_top|sr_cpu:sm_cpu|sm_register_file:rf|rf[4][18]                   ; Stuck at GND due to stuck port clock_enable ;
; sm_top:sm_top|sr_cpu:sm_cpu|sm_register_file:rf|rf[6][18]                   ; Stuck at GND due to stuck port clock_enable ;
; sm_top:sm_top|sr_cpu:sm_cpu|sm_register_file:rf|rf[7][18]                   ; Stuck at GND due to stuck port clock_enable ;
; sm_top:sm_top|sr_cpu:sm_cpu|sm_register_file:rf|rf[0][18]                   ; Stuck at GND due to stuck port clock_enable ;
; sm_top:sm_top|sr_cpu:sm_cpu|sm_register_file:rf|rf[1][18]                   ; Stuck at GND due to stuck port clock_enable ;
; sm_top:sm_top|sr_cpu:sm_cpu|sm_register_file:rf|rf[2][18]                   ; Stuck at GND due to stuck port clock_enable ;
; sm_top:sm_top|sr_cpu:sm_cpu|sm_register_file:rf|rf[3][18]                   ; Stuck at GND due to stuck port clock_enable ;
; sm_top:sm_top|sr_cpu:sm_cpu|sm_register_file:rf|rf[16][18]                  ; Stuck at GND due to stuck port clock_enable ;
; sm_top:sm_top|sr_cpu:sm_cpu|sm_register_file:rf|rf[24][18]                  ; Stuck at GND due to stuck port clock_enable ;
; sm_top:sm_top|sr_cpu:sm_cpu|sm_register_file:rf|rf[28][18]                  ; Stuck at GND due to stuck port clock_enable ;
; sm_top:sm_top|sr_cpu:sm_cpu|sm_register_file:rf|rf[17][18]                  ; Stuck at GND due to stuck port clock_enable ;
; sm_top:sm_top|sr_cpu:sm_cpu|sm_register_file:rf|rf[25][18]                  ; Stuck at GND due to stuck port clock_enable ;
; sm_top:sm_top|sr_cpu:sm_cpu|sm_register_file:rf|rf[29][18]                  ; Stuck at GND due to stuck port clock_enable ;
; sm_top:sm_top|sr_cpu:sm_cpu|sm_register_file:rf|rf[26][18]                  ; Stuck at GND due to stuck port clock_enable ;
; sm_top:sm_top|sr_cpu:sm_cpu|sm_register_file:rf|rf[30][18]                  ; Stuck at GND due to stuck port clock_enable ;
; sm_top:sm_top|sr_cpu:sm_cpu|sm_register_file:rf|rf[23][18]                  ; Stuck at GND due to stuck port clock_enable ;
; sm_top:sm_top|sr_cpu:sm_cpu|sm_register_file:rf|rf[27][18]                  ; Stuck at GND due to stuck port clock_enable ;
; sm_top:sm_top|sr_cpu:sm_cpu|sm_register_file:rf|rf[31][18]                  ; Stuck at GND due to stuck port clock_enable ;
; sm_top:sm_top|sr_cpu:sm_cpu|sm_register_file:rf|rf[8][19]                   ; Stuck at GND due to stuck port clock_enable ;
; sm_top:sm_top|sr_cpu:sm_cpu|sm_register_file:rf|rf[12][19]                  ; Stuck at GND due to stuck port clock_enable ;
; sm_top:sm_top|sr_cpu:sm_cpu|sm_register_file:rf|rf[13][19]                  ; Stuck at GND due to stuck port clock_enable ;
; sm_top:sm_top|sr_cpu:sm_cpu|sm_register_file:rf|rf[14][19]                  ; Stuck at GND due to stuck port clock_enable ;
; sm_top:sm_top|sr_cpu:sm_cpu|sm_register_file:rf|rf[15][19]                  ; Stuck at GND due to stuck port clock_enable ;
; sm_top:sm_top|sr_cpu:sm_cpu|sm_register_file:rf|rf[4][19]                   ; Stuck at GND due to stuck port clock_enable ;
; sm_top:sm_top|sr_cpu:sm_cpu|sm_register_file:rf|rf[6][19]                   ; Stuck at GND due to stuck port clock_enable ;
; sm_top:sm_top|sr_cpu:sm_cpu|sm_register_file:rf|rf[7][19]                   ; Stuck at GND due to stuck port clock_enable ;
; sm_top:sm_top|sr_cpu:sm_cpu|sm_register_file:rf|rf[0][19]                   ; Stuck at GND due to stuck port clock_enable ;
; sm_top:sm_top|sr_cpu:sm_cpu|sm_register_file:rf|rf[1][19]                   ; Stuck at GND due to stuck port clock_enable ;
; sm_top:sm_top|sr_cpu:sm_cpu|sm_register_file:rf|rf[2][19]                   ; Stuck at GND due to stuck port clock_enable ;
; sm_top:sm_top|sr_cpu:sm_cpu|sm_register_file:rf|rf[3][19]                   ; Stuck at GND due to stuck port clock_enable ;
; sm_top:sm_top|sr_cpu:sm_cpu|sm_register_file:rf|rf[16][19]                  ; Stuck at GND due to stuck port clock_enable ;
; sm_top:sm_top|sr_cpu:sm_cpu|sm_register_file:rf|rf[24][19]                  ; Stuck at GND due to stuck port clock_enable ;
; sm_top:sm_top|sr_cpu:sm_cpu|sm_register_file:rf|rf[28][19]                  ; Stuck at GND due to stuck port clock_enable ;
; sm_top:sm_top|sr_cpu:sm_cpu|sm_register_file:rf|rf[17][19]                  ; Stuck at GND due to stuck port clock_enable ;
; sm_top:sm_top|sr_cpu:sm_cpu|sm_register_file:rf|rf[25][19]                  ; Stuck at GND due to stuck port clock_enable ;
; sm_top:sm_top|sr_cpu:sm_cpu|sm_register_file:rf|rf[29][19]                  ; Stuck at GND due to stuck port clock_enable ;
; sm_top:sm_top|sr_cpu:sm_cpu|sm_register_file:rf|rf[26][19]                  ; Stuck at GND due to stuck port clock_enable ;
; sm_top:sm_top|sr_cpu:sm_cpu|sm_register_file:rf|rf[30][19]                  ; Stuck at GND due to stuck port clock_enable ;
; sm_top:sm_top|sr_cpu:sm_cpu|sm_register_file:rf|rf[23][19]                  ; Stuck at GND due to stuck port clock_enable ;
; sm_top:sm_top|sr_cpu:sm_cpu|sm_register_file:rf|rf[27][19]                  ; Stuck at GND due to stuck port clock_enable ;
; sm_top:sm_top|sr_cpu:sm_cpu|sm_register_file:rf|rf[31][19]                  ; Stuck at GND due to stuck port clock_enable ;
; sm_top:sm_top|sr_cpu:sm_cpu|sm_register_file:rf|rf[8][20]                   ; Stuck at GND due to stuck port clock_enable ;
; sm_top:sm_top|sr_cpu:sm_cpu|sm_register_file:rf|rf[12][20]                  ; Stuck at GND due to stuck port clock_enable ;
; sm_top:sm_top|sr_cpu:sm_cpu|sm_register_file:rf|rf[13][20]                  ; Stuck at GND due to stuck port clock_enable ;
; sm_top:sm_top|sr_cpu:sm_cpu|sm_register_file:rf|rf[14][20]                  ; Stuck at GND due to stuck port clock_enable ;
; sm_top:sm_top|sr_cpu:sm_cpu|sm_register_file:rf|rf[15][20]                  ; Stuck at GND due to stuck port clock_enable ;
; sm_top:sm_top|sr_cpu:sm_cpu|sm_register_file:rf|rf[4][20]                   ; Stuck at GND due to stuck port clock_enable ;
; sm_top:sm_top|sr_cpu:sm_cpu|sm_register_file:rf|rf[6][20]                   ; Stuck at GND due to stuck port clock_enable ;
; sm_top:sm_top|sr_cpu:sm_cpu|sm_register_file:rf|rf[7][20]                   ; Stuck at GND due to stuck port clock_enable ;
; sm_top:sm_top|sr_cpu:sm_cpu|sm_register_file:rf|rf[0][20]                   ; Stuck at GND due to stuck port clock_enable ;
; sm_top:sm_top|sr_cpu:sm_cpu|sm_register_file:rf|rf[1][20]                   ; Stuck at GND due to stuck port clock_enable ;
; sm_top:sm_top|sr_cpu:sm_cpu|sm_register_file:rf|rf[2][20]                   ; Stuck at GND due to stuck port clock_enable ;
; sm_top:sm_top|sr_cpu:sm_cpu|sm_register_file:rf|rf[3][20]                   ; Stuck at GND due to stuck port clock_enable ;
; sm_top:sm_top|sr_cpu:sm_cpu|sm_register_file:rf|rf[16][20]                  ; Stuck at GND due to stuck port clock_enable ;
; sm_top:sm_top|sr_cpu:sm_cpu|sm_register_file:rf|rf[24][20]                  ; Stuck at GND due to stuck port clock_enable ;
; sm_top:sm_top|sr_cpu:sm_cpu|sm_register_file:rf|rf[28][20]                  ; Stuck at GND due to stuck port clock_enable ;
; sm_top:sm_top|sr_cpu:sm_cpu|sm_register_file:rf|rf[17][20]                  ; Stuck at GND due to stuck port clock_enable ;
; sm_top:sm_top|sr_cpu:sm_cpu|sm_register_file:rf|rf[25][20]                  ; Stuck at GND due to stuck port clock_enable ;
; sm_top:sm_top|sr_cpu:sm_cpu|sm_register_file:rf|rf[29][20]                  ; Stuck at GND due to stuck port clock_enable ;
; sm_top:sm_top|sr_cpu:sm_cpu|sm_register_file:rf|rf[26][20]                  ; Stuck at GND due to stuck port clock_enable ;
; sm_top:sm_top|sr_cpu:sm_cpu|sm_register_file:rf|rf[30][20]                  ; Stuck at GND due to stuck port clock_enable ;
; sm_top:sm_top|sr_cpu:sm_cpu|sm_register_file:rf|rf[23][20]                  ; Stuck at GND due to stuck port clock_enable ;
; sm_top:sm_top|sr_cpu:sm_cpu|sm_register_file:rf|rf[27][20]                  ; Stuck at GND due to stuck port clock_enable ;
; sm_top:sm_top|sr_cpu:sm_cpu|sm_register_file:rf|rf[31][20]                  ; Stuck at GND due to stuck port clock_enable ;
; sm_top:sm_top|sr_cpu:sm_cpu|sm_register_file:rf|rf[8][21]                   ; Stuck at GND due to stuck port clock_enable ;
; sm_top:sm_top|sr_cpu:sm_cpu|sm_register_file:rf|rf[12][21]                  ; Stuck at GND due to stuck port clock_enable ;
; sm_top:sm_top|sr_cpu:sm_cpu|sm_register_file:rf|rf[13][21]                  ; Stuck at GND due to stuck port clock_enable ;
; sm_top:sm_top|sr_cpu:sm_cpu|sm_register_file:rf|rf[14][21]                  ; Stuck at GND due to stuck port clock_enable ;
; sm_top:sm_top|sr_cpu:sm_cpu|sm_register_file:rf|rf[15][21]                  ; Stuck at GND due to stuck port clock_enable ;
; sm_top:sm_top|sr_cpu:sm_cpu|sm_register_file:rf|rf[4][21]                   ; Stuck at GND due to stuck port clock_enable ;
; sm_top:sm_top|sr_cpu:sm_cpu|sm_register_file:rf|rf[6][21]                   ; Stuck at GND due to stuck port clock_enable ;
; sm_top:sm_top|sr_cpu:sm_cpu|sm_register_file:rf|rf[7][21]                   ; Stuck at GND due to stuck port clock_enable ;
; sm_top:sm_top|sr_cpu:sm_cpu|sm_register_file:rf|rf[0][21]                   ; Stuck at GND due to stuck port clock_enable ;
; sm_top:sm_top|sr_cpu:sm_cpu|sm_register_file:rf|rf[1][21]                   ; Stuck at GND due to stuck port clock_enable ;
; sm_top:sm_top|sr_cpu:sm_cpu|sm_register_file:rf|rf[2][21]                   ; Stuck at GND due to stuck port clock_enable ;
; sm_top:sm_top|sr_cpu:sm_cpu|sm_register_file:rf|rf[3][21]                   ; Stuck at GND due to stuck port clock_enable ;
; sm_top:sm_top|sr_cpu:sm_cpu|sm_register_file:rf|rf[16][21]                  ; Stuck at GND due to stuck port clock_enable ;
; sm_top:sm_top|sr_cpu:sm_cpu|sm_register_file:rf|rf[24][21]                  ; Stuck at GND due to stuck port clock_enable ;
; sm_top:sm_top|sr_cpu:sm_cpu|sm_register_file:rf|rf[28][21]                  ; Stuck at GND due to stuck port clock_enable ;
; sm_top:sm_top|sr_cpu:sm_cpu|sm_register_file:rf|rf[17][21]                  ; Stuck at GND due to stuck port clock_enable ;
; sm_top:sm_top|sr_cpu:sm_cpu|sm_register_file:rf|rf[25][21]                  ; Stuck at GND due to stuck port clock_enable ;
; sm_top:sm_top|sr_cpu:sm_cpu|sm_register_file:rf|rf[29][21]                  ; Stuck at GND due to stuck port clock_enable ;
; sm_top:sm_top|sr_cpu:sm_cpu|sm_register_file:rf|rf[26][21]                  ; Stuck at GND due to stuck port clock_enable ;
; sm_top:sm_top|sr_cpu:sm_cpu|sm_register_file:rf|rf[30][21]                  ; Stuck at GND due to stuck port clock_enable ;
; sm_top:sm_top|sr_cpu:sm_cpu|sm_register_file:rf|rf[23][21]                  ; Stuck at GND due to stuck port clock_enable ;
; sm_top:sm_top|sr_cpu:sm_cpu|sm_register_file:rf|rf[27][21]                  ; Stuck at GND due to stuck port clock_enable ;
; sm_top:sm_top|sr_cpu:sm_cpu|sm_register_file:rf|rf[31][21]                  ; Stuck at GND due to stuck port clock_enable ;
; sm_top:sm_top|sr_cpu:sm_cpu|sm_register_file:rf|rf[8][22]                   ; Stuck at GND due to stuck port clock_enable ;
; sm_top:sm_top|sr_cpu:sm_cpu|sm_register_file:rf|rf[12][22]                  ; Stuck at GND due to stuck port clock_enable ;
; sm_top:sm_top|sr_cpu:sm_cpu|sm_register_file:rf|rf[13][22]                  ; Stuck at GND due to stuck port clock_enable ;
; sm_top:sm_top|sr_cpu:sm_cpu|sm_register_file:rf|rf[14][22]                  ; Stuck at GND due to stuck port clock_enable ;
; sm_top:sm_top|sr_cpu:sm_cpu|sm_register_file:rf|rf[15][22]                  ; Stuck at GND due to stuck port clock_enable ;
; sm_top:sm_top|sr_cpu:sm_cpu|sm_register_file:rf|rf[4][22]                   ; Stuck at GND due to stuck port clock_enable ;
; sm_top:sm_top|sr_cpu:sm_cpu|sm_register_file:rf|rf[6][22]                   ; Stuck at GND due to stuck port clock_enable ;
; sm_top:sm_top|sr_cpu:sm_cpu|sm_register_file:rf|rf[7][22]                   ; Stuck at GND due to stuck port clock_enable ;
; sm_top:sm_top|sr_cpu:sm_cpu|sm_register_file:rf|rf[0][22]                   ; Stuck at GND due to stuck port clock_enable ;
; sm_top:sm_top|sr_cpu:sm_cpu|sm_register_file:rf|rf[1][22]                   ; Stuck at GND due to stuck port clock_enable ;
; sm_top:sm_top|sr_cpu:sm_cpu|sm_register_file:rf|rf[2][22]                   ; Stuck at GND due to stuck port clock_enable ;
; sm_top:sm_top|sr_cpu:sm_cpu|sm_register_file:rf|rf[3][22]                   ; Stuck at GND due to stuck port clock_enable ;
; sm_top:sm_top|sr_cpu:sm_cpu|sm_register_file:rf|rf[16][22]                  ; Stuck at GND due to stuck port clock_enable ;
; sm_top:sm_top|sr_cpu:sm_cpu|sm_register_file:rf|rf[24][22]                  ; Stuck at GND due to stuck port clock_enable ;
; sm_top:sm_top|sr_cpu:sm_cpu|sm_register_file:rf|rf[28][22]                  ; Stuck at GND due to stuck port clock_enable ;
; sm_top:sm_top|sr_cpu:sm_cpu|sm_register_file:rf|rf[17][22]                  ; Stuck at GND due to stuck port clock_enable ;
; sm_top:sm_top|sr_cpu:sm_cpu|sm_register_file:rf|rf[25][22]                  ; Stuck at GND due to stuck port clock_enable ;
; sm_top:sm_top|sr_cpu:sm_cpu|sm_register_file:rf|rf[29][22]                  ; Stuck at GND due to stuck port clock_enable ;
; sm_top:sm_top|sr_cpu:sm_cpu|sm_register_file:rf|rf[26][22]                  ; Stuck at GND due to stuck port clock_enable ;
; sm_top:sm_top|sr_cpu:sm_cpu|sm_register_file:rf|rf[30][22]                  ; Stuck at GND due to stuck port clock_enable ;
; sm_top:sm_top|sr_cpu:sm_cpu|sm_register_file:rf|rf[23][22]                  ; Stuck at GND due to stuck port clock_enable ;
; sm_top:sm_top|sr_cpu:sm_cpu|sm_register_file:rf|rf[27][22]                  ; Stuck at GND due to stuck port clock_enable ;
; sm_top:sm_top|sr_cpu:sm_cpu|sm_register_file:rf|rf[31][22]                  ; Stuck at GND due to stuck port clock_enable ;
; sm_top:sm_top|sr_cpu:sm_cpu|sm_register_file:rf|rf[12][23]                  ; Stuck at GND due to stuck port clock_enable ;
; sm_top:sm_top|sr_cpu:sm_cpu|sm_register_file:rf|rf[13][23]                  ; Stuck at GND due to stuck port clock_enable ;
; sm_top:sm_top|sr_cpu:sm_cpu|sm_register_file:rf|rf[14][23]                  ; Stuck at GND due to stuck port clock_enable ;
; sm_top:sm_top|sr_cpu:sm_cpu|sm_register_file:rf|rf[15][23]                  ; Stuck at GND due to stuck port clock_enable ;
; sm_top:sm_top|sr_cpu:sm_cpu|sm_register_file:rf|rf[4][23]                   ; Stuck at GND due to stuck port clock_enable ;
; sm_top:sm_top|sr_cpu:sm_cpu|sm_register_file:rf|rf[6][23]                   ; Stuck at GND due to stuck port clock_enable ;
; sm_top:sm_top|sr_cpu:sm_cpu|sm_register_file:rf|rf[7][23]                   ; Stuck at GND due to stuck port clock_enable ;
; sm_top:sm_top|sr_cpu:sm_cpu|sm_register_file:rf|rf[0][23]                   ; Stuck at GND due to stuck port clock_enable ;
; sm_top:sm_top|sr_cpu:sm_cpu|sm_register_file:rf|rf[1][23]                   ; Stuck at GND due to stuck port clock_enable ;
; sm_top:sm_top|sr_cpu:sm_cpu|sm_register_file:rf|rf[2][23]                   ; Stuck at GND due to stuck port clock_enable ;
; sm_top:sm_top|sr_cpu:sm_cpu|sm_register_file:rf|rf[3][23]                   ; Stuck at GND due to stuck port clock_enable ;
; sm_top:sm_top|sr_cpu:sm_cpu|sm_register_file:rf|rf[16][23]                  ; Stuck at GND due to stuck port clock_enable ;
; sm_top:sm_top|sr_cpu:sm_cpu|sm_register_file:rf|rf[24][23]                  ; Stuck at GND due to stuck port clock_enable ;
; sm_top:sm_top|sr_cpu:sm_cpu|sm_register_file:rf|rf[28][23]                  ; Stuck at GND due to stuck port clock_enable ;
; sm_top:sm_top|sr_cpu:sm_cpu|sm_register_file:rf|rf[17][23]                  ; Stuck at GND due to stuck port clock_enable ;
; sm_top:sm_top|sr_cpu:sm_cpu|sm_register_file:rf|rf[25][23]                  ; Stuck at GND due to stuck port clock_enable ;
; sm_top:sm_top|sr_cpu:sm_cpu|sm_register_file:rf|rf[29][23]                  ; Stuck at GND due to stuck port clock_enable ;
; sm_top:sm_top|sr_cpu:sm_cpu|sm_register_file:rf|rf[26][23]                  ; Stuck at GND due to stuck port clock_enable ;
; sm_top:sm_top|sr_cpu:sm_cpu|sm_register_file:rf|rf[30][23]                  ; Stuck at GND due to stuck port clock_enable ;
; sm_top:sm_top|sr_cpu:sm_cpu|sm_register_file:rf|rf[23][23]                  ; Stuck at GND due to stuck port clock_enable ;
; sm_top:sm_top|sr_cpu:sm_cpu|sm_register_file:rf|rf[27][23]                  ; Stuck at GND due to stuck port clock_enable ;
; sm_top:sm_top|sr_cpu:sm_cpu|sm_register_file:rf|rf[31][23]                  ; Stuck at GND due to stuck port clock_enable ;
; sm_top:sm_top|sr_cpu:sm_cpu|sm_register_file:rf|rf[8][23]                   ; Stuck at GND due to stuck port clock_enable ;
; sm_top:sm_top|sr_cpu:sm_cpu|sm_register_file:rf|rf[12][24]                  ; Stuck at GND due to stuck port clock_enable ;
; sm_top:sm_top|sr_cpu:sm_cpu|sm_register_file:rf|rf[13][24]                  ; Stuck at GND due to stuck port clock_enable ;
; sm_top:sm_top|sr_cpu:sm_cpu|sm_register_file:rf|rf[14][24]                  ; Stuck at GND due to stuck port clock_enable ;
; sm_top:sm_top|sr_cpu:sm_cpu|sm_register_file:rf|rf[15][24]                  ; Stuck at GND due to stuck port clock_enable ;
; sm_top:sm_top|sr_cpu:sm_cpu|sm_register_file:rf|rf[4][24]                   ; Stuck at GND due to stuck port clock_enable ;
; sm_top:sm_top|sr_cpu:sm_cpu|sm_register_file:rf|rf[6][24]                   ; Stuck at GND due to stuck port clock_enable ;
; sm_top:sm_top|sr_cpu:sm_cpu|sm_register_file:rf|rf[7][24]                   ; Stuck at GND due to stuck port clock_enable ;
; sm_top:sm_top|sr_cpu:sm_cpu|sm_register_file:rf|rf[0][24]                   ; Stuck at GND due to stuck port clock_enable ;
; sm_top:sm_top|sr_cpu:sm_cpu|sm_register_file:rf|rf[1][24]                   ; Stuck at GND due to stuck port clock_enable ;
; sm_top:sm_top|sr_cpu:sm_cpu|sm_register_file:rf|rf[2][24]                   ; Stuck at GND due to stuck port clock_enable ;
; sm_top:sm_top|sr_cpu:sm_cpu|sm_register_file:rf|rf[3][24]                   ; Stuck at GND due to stuck port clock_enable ;
; sm_top:sm_top|sr_cpu:sm_cpu|sm_register_file:rf|rf[16][24]                  ; Stuck at GND due to stuck port clock_enable ;
; sm_top:sm_top|sr_cpu:sm_cpu|sm_register_file:rf|rf[24][24]                  ; Stuck at GND due to stuck port clock_enable ;
; sm_top:sm_top|sr_cpu:sm_cpu|sm_register_file:rf|rf[28][24]                  ; Stuck at GND due to stuck port clock_enable ;
; sm_top:sm_top|sr_cpu:sm_cpu|sm_register_file:rf|rf[17][24]                  ; Stuck at GND due to stuck port clock_enable ;
; sm_top:sm_top|sr_cpu:sm_cpu|sm_register_file:rf|rf[25][24]                  ; Stuck at GND due to stuck port clock_enable ;
; sm_top:sm_top|sr_cpu:sm_cpu|sm_register_file:rf|rf[29][24]                  ; Stuck at GND due to stuck port clock_enable ;
; sm_top:sm_top|sr_cpu:sm_cpu|sm_register_file:rf|rf[26][24]                  ; Stuck at GND due to stuck port clock_enable ;
; sm_top:sm_top|sr_cpu:sm_cpu|sm_register_file:rf|rf[30][24]                  ; Stuck at GND due to stuck port clock_enable ;
; sm_top:sm_top|sr_cpu:sm_cpu|sm_register_file:rf|rf[23][24]                  ; Stuck at GND due to stuck port clock_enable ;
; sm_top:sm_top|sr_cpu:sm_cpu|sm_register_file:rf|rf[27][24]                  ; Stuck at GND due to stuck port clock_enable ;
; sm_top:sm_top|sr_cpu:sm_cpu|sm_register_file:rf|rf[31][24]                  ; Stuck at GND due to stuck port clock_enable ;
; sm_top:sm_top|sr_cpu:sm_cpu|sm_register_file:rf|rf[8][24]                   ; Stuck at GND due to stuck port clock_enable ;
; sm_top:sm_top|sr_cpu:sm_cpu|sm_register_file:rf|rf[12][31]                  ; Stuck at GND due to stuck port clock_enable ;
; sm_top:sm_top|sr_cpu:sm_cpu|sm_register_file:rf|rf[13][31]                  ; Stuck at GND due to stuck port clock_enable ;
; sm_top:sm_top|sr_cpu:sm_cpu|sm_register_file:rf|rf[14][31]                  ; Stuck at GND due to stuck port clock_enable ;
; sm_top:sm_top|sr_cpu:sm_cpu|sm_register_file:rf|rf[15][31]                  ; Stuck at GND due to stuck port clock_enable ;
; sm_top:sm_top|sr_cpu:sm_cpu|sm_register_file:rf|rf[4][31]                   ; Stuck at GND due to stuck port clock_enable ;
; sm_top:sm_top|sr_cpu:sm_cpu|sm_register_file:rf|rf[6][31]                   ; Stuck at GND due to stuck port clock_enable ;
; sm_top:sm_top|sr_cpu:sm_cpu|sm_register_file:rf|rf[7][31]                   ; Stuck at GND due to stuck port clock_enable ;
; sm_top:sm_top|sr_cpu:sm_cpu|sm_register_file:rf|rf[0][31]                   ; Stuck at GND due to stuck port clock_enable ;
; sm_top:sm_top|sr_cpu:sm_cpu|sm_register_file:rf|rf[1][31]                   ; Stuck at GND due to stuck port clock_enable ;
; sm_top:sm_top|sr_cpu:sm_cpu|sm_register_file:rf|rf[2][31]                   ; Stuck at GND due to stuck port clock_enable ;
; sm_top:sm_top|sr_cpu:sm_cpu|sm_register_file:rf|rf[3][31]                   ; Stuck at GND due to stuck port clock_enable ;
; sm_top:sm_top|sr_cpu:sm_cpu|sm_register_file:rf|rf[16][31]                  ; Stuck at GND due to stuck port clock_enable ;
; sm_top:sm_top|sr_cpu:sm_cpu|sm_register_file:rf|rf[24][31]                  ; Stuck at GND due to stuck port clock_enable ;
; sm_top:sm_top|sr_cpu:sm_cpu|sm_register_file:rf|rf[28][31]                  ; Stuck at GND due to stuck port clock_enable ;
; sm_top:sm_top|sr_cpu:sm_cpu|sm_register_file:rf|rf[17][31]                  ; Stuck at GND due to stuck port clock_enable ;
; sm_top:sm_top|sr_cpu:sm_cpu|sm_register_file:rf|rf[25][31]                  ; Stuck at GND due to stuck port clock_enable ;
; sm_top:sm_top|sr_cpu:sm_cpu|sm_register_file:rf|rf[29][31]                  ; Stuck at GND due to stuck port clock_enable ;
; sm_top:sm_top|sr_cpu:sm_cpu|sm_register_file:rf|rf[26][31]                  ; Stuck at GND due to stuck port clock_enable ;
; sm_top:sm_top|sr_cpu:sm_cpu|sm_register_file:rf|rf[30][31]                  ; Stuck at GND due to stuck port clock_enable ;
; sm_top:sm_top|sr_cpu:sm_cpu|sm_register_file:rf|rf[23][31]                  ; Stuck at GND due to stuck port clock_enable ;
; sm_top:sm_top|sr_cpu:sm_cpu|sm_register_file:rf|rf[27][31]                  ; Stuck at GND due to stuck port clock_enable ;
; sm_top:sm_top|sr_cpu:sm_cpu|sm_register_file:rf|rf[31][31]                  ; Stuck at GND due to stuck port clock_enable ;
; sm_top:sm_top|sr_cpu:sm_cpu|sm_register_file:rf|rf[8][31]                   ; Stuck at GND due to stuck port clock_enable ;
; sm_top:sm_top|sr_cpu:sm_cpu|sm_register_file:rf|rf[12][30]                  ; Stuck at GND due to stuck port clock_enable ;
; sm_top:sm_top|sr_cpu:sm_cpu|sm_register_file:rf|rf[13][30]                  ; Stuck at GND due to stuck port clock_enable ;
; sm_top:sm_top|sr_cpu:sm_cpu|sm_register_file:rf|rf[14][30]                  ; Stuck at GND due to stuck port clock_enable ;
; sm_top:sm_top|sr_cpu:sm_cpu|sm_register_file:rf|rf[15][30]                  ; Stuck at GND due to stuck port clock_enable ;
; sm_top:sm_top|sr_cpu:sm_cpu|sm_register_file:rf|rf[4][30]                   ; Stuck at GND due to stuck port clock_enable ;
; sm_top:sm_top|sr_cpu:sm_cpu|sm_register_file:rf|rf[6][30]                   ; Stuck at GND due to stuck port clock_enable ;
; sm_top:sm_top|sr_cpu:sm_cpu|sm_register_file:rf|rf[7][30]                   ; Stuck at GND due to stuck port clock_enable ;
; sm_top:sm_top|sr_cpu:sm_cpu|sm_register_file:rf|rf[0][30]                   ; Stuck at GND due to stuck port clock_enable ;
; sm_top:sm_top|sr_cpu:sm_cpu|sm_register_file:rf|rf[1][30]                   ; Stuck at GND due to stuck port clock_enable ;
; sm_top:sm_top|sr_cpu:sm_cpu|sm_register_file:rf|rf[2][30]                   ; Stuck at GND due to stuck port clock_enable ;
; sm_top:sm_top|sr_cpu:sm_cpu|sm_register_file:rf|rf[3][30]                   ; Stuck at GND due to stuck port clock_enable ;
; sm_top:sm_top|sr_cpu:sm_cpu|sm_register_file:rf|rf[16][30]                  ; Stuck at GND due to stuck port clock_enable ;
; sm_top:sm_top|sr_cpu:sm_cpu|sm_register_file:rf|rf[24][30]                  ; Stuck at GND due to stuck port clock_enable ;
; sm_top:sm_top|sr_cpu:sm_cpu|sm_register_file:rf|rf[28][30]                  ; Stuck at GND due to stuck port clock_enable ;
; sm_top:sm_top|sr_cpu:sm_cpu|sm_register_file:rf|rf[17][30]                  ; Stuck at GND due to stuck port clock_enable ;
; sm_top:sm_top|sr_cpu:sm_cpu|sm_register_file:rf|rf[25][30]                  ; Stuck at GND due to stuck port clock_enable ;
; sm_top:sm_top|sr_cpu:sm_cpu|sm_register_file:rf|rf[29][30]                  ; Stuck at GND due to stuck port clock_enable ;
; sm_top:sm_top|sr_cpu:sm_cpu|sm_register_file:rf|rf[26][30]                  ; Stuck at GND due to stuck port clock_enable ;
; sm_top:sm_top|sr_cpu:sm_cpu|sm_register_file:rf|rf[30][30]                  ; Stuck at GND due to stuck port clock_enable ;
; sm_top:sm_top|sr_cpu:sm_cpu|sm_register_file:rf|rf[23][30]                  ; Stuck at GND due to stuck port clock_enable ;
; sm_top:sm_top|sr_cpu:sm_cpu|sm_register_file:rf|rf[27][30]                  ; Stuck at GND due to stuck port clock_enable ;
; sm_top:sm_top|sr_cpu:sm_cpu|sm_register_file:rf|rf[31][30]                  ; Stuck at GND due to stuck port clock_enable ;
; sm_top:sm_top|sr_cpu:sm_cpu|sm_register_file:rf|rf[8][30]                   ; Stuck at GND due to stuck port clock_enable ;
; sm_top:sm_top|sr_cpu:sm_cpu|sm_register_file:rf|rf[12][29]                  ; Stuck at GND due to stuck port clock_enable ;
; sm_top:sm_top|sr_cpu:sm_cpu|sm_register_file:rf|rf[13][29]                  ; Stuck at GND due to stuck port clock_enable ;
; sm_top:sm_top|sr_cpu:sm_cpu|sm_register_file:rf|rf[14][29]                  ; Stuck at GND due to stuck port clock_enable ;
; sm_top:sm_top|sr_cpu:sm_cpu|sm_register_file:rf|rf[15][29]                  ; Stuck at GND due to stuck port clock_enable ;
; sm_top:sm_top|sr_cpu:sm_cpu|sm_register_file:rf|rf[4][29]                   ; Stuck at GND due to stuck port clock_enable ;
; sm_top:sm_top|sr_cpu:sm_cpu|sm_register_file:rf|rf[6][29]                   ; Stuck at GND due to stuck port clock_enable ;
; sm_top:sm_top|sr_cpu:sm_cpu|sm_register_file:rf|rf[7][29]                   ; Stuck at GND due to stuck port clock_enable ;
; sm_top:sm_top|sr_cpu:sm_cpu|sm_register_file:rf|rf[0][29]                   ; Stuck at GND due to stuck port clock_enable ;
; sm_top:sm_top|sr_cpu:sm_cpu|sm_register_file:rf|rf[1][29]                   ; Stuck at GND due to stuck port clock_enable ;
; sm_top:sm_top|sr_cpu:sm_cpu|sm_register_file:rf|rf[2][29]                   ; Stuck at GND due to stuck port clock_enable ;
; sm_top:sm_top|sr_cpu:sm_cpu|sm_register_file:rf|rf[3][29]                   ; Stuck at GND due to stuck port clock_enable ;
; sm_top:sm_top|sr_cpu:sm_cpu|sm_register_file:rf|rf[16][29]                  ; Stuck at GND due to stuck port clock_enable ;
; sm_top:sm_top|sr_cpu:sm_cpu|sm_register_file:rf|rf[24][29]                  ; Stuck at GND due to stuck port clock_enable ;
; sm_top:sm_top|sr_cpu:sm_cpu|sm_register_file:rf|rf[28][29]                  ; Stuck at GND due to stuck port clock_enable ;
; sm_top:sm_top|sr_cpu:sm_cpu|sm_register_file:rf|rf[17][29]                  ; Stuck at GND due to stuck port clock_enable ;
; sm_top:sm_top|sr_cpu:sm_cpu|sm_register_file:rf|rf[25][29]                  ; Stuck at GND due to stuck port clock_enable ;
; sm_top:sm_top|sr_cpu:sm_cpu|sm_register_file:rf|rf[29][29]                  ; Stuck at GND due to stuck port clock_enable ;
; sm_top:sm_top|sr_cpu:sm_cpu|sm_register_file:rf|rf[26][29]                  ; Stuck at GND due to stuck port clock_enable ;
; sm_top:sm_top|sr_cpu:sm_cpu|sm_register_file:rf|rf[30][29]                  ; Stuck at GND due to stuck port clock_enable ;
; sm_top:sm_top|sr_cpu:sm_cpu|sm_register_file:rf|rf[23][29]                  ; Stuck at GND due to stuck port clock_enable ;
; sm_top:sm_top|sr_cpu:sm_cpu|sm_register_file:rf|rf[27][29]                  ; Stuck at GND due to stuck port clock_enable ;
; sm_top:sm_top|sr_cpu:sm_cpu|sm_register_file:rf|rf[31][29]                  ; Stuck at GND due to stuck port clock_enable ;
; sm_top:sm_top|sr_cpu:sm_cpu|sm_register_file:rf|rf[8][29]                   ; Stuck at GND due to stuck port clock_enable ;
; sm_top:sm_top|sr_cpu:sm_cpu|sm_register_file:rf|rf[12][28]                  ; Stuck at GND due to stuck port clock_enable ;
; sm_top:sm_top|sr_cpu:sm_cpu|sm_register_file:rf|rf[13][28]                  ; Stuck at GND due to stuck port clock_enable ;
; sm_top:sm_top|sr_cpu:sm_cpu|sm_register_file:rf|rf[14][28]                  ; Stuck at GND due to stuck port clock_enable ;
; sm_top:sm_top|sr_cpu:sm_cpu|sm_register_file:rf|rf[15][28]                  ; Stuck at GND due to stuck port clock_enable ;
; sm_top:sm_top|sr_cpu:sm_cpu|sm_register_file:rf|rf[4][28]                   ; Stuck at GND due to stuck port clock_enable ;
; sm_top:sm_top|sr_cpu:sm_cpu|sm_register_file:rf|rf[6][28]                   ; Stuck at GND due to stuck port clock_enable ;
; sm_top:sm_top|sr_cpu:sm_cpu|sm_register_file:rf|rf[7][28]                   ; Stuck at GND due to stuck port clock_enable ;
; sm_top:sm_top|sr_cpu:sm_cpu|sm_register_file:rf|rf[0][28]                   ; Stuck at GND due to stuck port clock_enable ;
; sm_top:sm_top|sr_cpu:sm_cpu|sm_register_file:rf|rf[1][28]                   ; Stuck at GND due to stuck port clock_enable ;
; sm_top:sm_top|sr_cpu:sm_cpu|sm_register_file:rf|rf[2][28]                   ; Stuck at GND due to stuck port clock_enable ;
; sm_top:sm_top|sr_cpu:sm_cpu|sm_register_file:rf|rf[3][28]                   ; Stuck at GND due to stuck port clock_enable ;
; sm_top:sm_top|sr_cpu:sm_cpu|sm_register_file:rf|rf[16][28]                  ; Stuck at GND due to stuck port clock_enable ;
; sm_top:sm_top|sr_cpu:sm_cpu|sm_register_file:rf|rf[24][28]                  ; Stuck at GND due to stuck port clock_enable ;
; sm_top:sm_top|sr_cpu:sm_cpu|sm_register_file:rf|rf[28][28]                  ; Stuck at GND due to stuck port clock_enable ;
; sm_top:sm_top|sr_cpu:sm_cpu|sm_register_file:rf|rf[17][28]                  ; Stuck at GND due to stuck port clock_enable ;
; sm_top:sm_top|sr_cpu:sm_cpu|sm_register_file:rf|rf[25][28]                  ; Stuck at GND due to stuck port clock_enable ;
; sm_top:sm_top|sr_cpu:sm_cpu|sm_register_file:rf|rf[29][28]                  ; Stuck at GND due to stuck port clock_enable ;
; sm_top:sm_top|sr_cpu:sm_cpu|sm_register_file:rf|rf[26][28]                  ; Stuck at GND due to stuck port clock_enable ;
; sm_top:sm_top|sr_cpu:sm_cpu|sm_register_file:rf|rf[30][28]                  ; Stuck at GND due to stuck port clock_enable ;
; sm_top:sm_top|sr_cpu:sm_cpu|sm_register_file:rf|rf[23][28]                  ; Stuck at GND due to stuck port clock_enable ;
; sm_top:sm_top|sr_cpu:sm_cpu|sm_register_file:rf|rf[27][28]                  ; Stuck at GND due to stuck port clock_enable ;
; sm_top:sm_top|sr_cpu:sm_cpu|sm_register_file:rf|rf[31][28]                  ; Stuck at GND due to stuck port clock_enable ;
; sm_top:sm_top|sr_cpu:sm_cpu|sm_register_file:rf|rf[8][28]                   ; Stuck at GND due to stuck port clock_enable ;
; sm_top:sm_top|sr_cpu:sm_cpu|sm_register_file:rf|rf[12][27]                  ; Stuck at GND due to stuck port clock_enable ;
; sm_top:sm_top|sr_cpu:sm_cpu|sm_register_file:rf|rf[13][27]                  ; Stuck at GND due to stuck port clock_enable ;
; sm_top:sm_top|sr_cpu:sm_cpu|sm_register_file:rf|rf[14][27]                  ; Stuck at GND due to stuck port clock_enable ;
; sm_top:sm_top|sr_cpu:sm_cpu|sm_register_file:rf|rf[15][27]                  ; Stuck at GND due to stuck port clock_enable ;
; sm_top:sm_top|sr_cpu:sm_cpu|sm_register_file:rf|rf[4][27]                   ; Stuck at GND due to stuck port clock_enable ;
; sm_top:sm_top|sr_cpu:sm_cpu|sm_register_file:rf|rf[6][27]                   ; Stuck at GND due to stuck port clock_enable ;
; sm_top:sm_top|sr_cpu:sm_cpu|sm_register_file:rf|rf[7][27]                   ; Stuck at GND due to stuck port clock_enable ;
; sm_top:sm_top|sr_cpu:sm_cpu|sm_register_file:rf|rf[0][27]                   ; Stuck at GND due to stuck port clock_enable ;
; sm_top:sm_top|sr_cpu:sm_cpu|sm_register_file:rf|rf[1][27]                   ; Stuck at GND due to stuck port clock_enable ;
; sm_top:sm_top|sr_cpu:sm_cpu|sm_register_file:rf|rf[2][27]                   ; Stuck at GND due to stuck port clock_enable ;
; sm_top:sm_top|sr_cpu:sm_cpu|sm_register_file:rf|rf[3][27]                   ; Stuck at GND due to stuck port clock_enable ;
; sm_top:sm_top|sr_cpu:sm_cpu|sm_register_file:rf|rf[16][27]                  ; Stuck at GND due to stuck port clock_enable ;
; sm_top:sm_top|sr_cpu:sm_cpu|sm_register_file:rf|rf[24][27]                  ; Stuck at GND due to stuck port clock_enable ;
; sm_top:sm_top|sr_cpu:sm_cpu|sm_register_file:rf|rf[28][27]                  ; Stuck at GND due to stuck port clock_enable ;
; sm_top:sm_top|sr_cpu:sm_cpu|sm_register_file:rf|rf[17][27]                  ; Stuck at GND due to stuck port clock_enable ;
; sm_top:sm_top|sr_cpu:sm_cpu|sm_register_file:rf|rf[25][27]                  ; Stuck at GND due to stuck port clock_enable ;
; sm_top:sm_top|sr_cpu:sm_cpu|sm_register_file:rf|rf[29][27]                  ; Stuck at GND due to stuck port clock_enable ;
; sm_top:sm_top|sr_cpu:sm_cpu|sm_register_file:rf|rf[26][27]                  ; Stuck at GND due to stuck port clock_enable ;
; sm_top:sm_top|sr_cpu:sm_cpu|sm_register_file:rf|rf[30][27]                  ; Stuck at GND due to stuck port clock_enable ;
; sm_top:sm_top|sr_cpu:sm_cpu|sm_register_file:rf|rf[23][27]                  ; Stuck at GND due to stuck port clock_enable ;
; sm_top:sm_top|sr_cpu:sm_cpu|sm_register_file:rf|rf[27][27]                  ; Stuck at GND due to stuck port clock_enable ;
; sm_top:sm_top|sr_cpu:sm_cpu|sm_register_file:rf|rf[31][27]                  ; Stuck at GND due to stuck port clock_enable ;
; sm_top:sm_top|sr_cpu:sm_cpu|sm_register_file:rf|rf[8][27]                   ; Stuck at GND due to stuck port clock_enable ;
; sm_top:sm_top|sr_cpu:sm_cpu|sm_register_file:rf|rf[12][26]                  ; Stuck at GND due to stuck port clock_enable ;
; sm_top:sm_top|sr_cpu:sm_cpu|sm_register_file:rf|rf[13][26]                  ; Stuck at GND due to stuck port clock_enable ;
; sm_top:sm_top|sr_cpu:sm_cpu|sm_register_file:rf|rf[14][26]                  ; Stuck at GND due to stuck port clock_enable ;
; sm_top:sm_top|sr_cpu:sm_cpu|sm_register_file:rf|rf[15][26]                  ; Stuck at GND due to stuck port clock_enable ;
; sm_top:sm_top|sr_cpu:sm_cpu|sm_register_file:rf|rf[4][26]                   ; Stuck at GND due to stuck port clock_enable ;
; sm_top:sm_top|sr_cpu:sm_cpu|sm_register_file:rf|rf[6][26]                   ; Stuck at GND due to stuck port clock_enable ;
; sm_top:sm_top|sr_cpu:sm_cpu|sm_register_file:rf|rf[7][26]                   ; Stuck at GND due to stuck port clock_enable ;
; sm_top:sm_top|sr_cpu:sm_cpu|sm_register_file:rf|rf[0][26]                   ; Stuck at GND due to stuck port clock_enable ;
; sm_top:sm_top|sr_cpu:sm_cpu|sm_register_file:rf|rf[1][26]                   ; Stuck at GND due to stuck port clock_enable ;
; sm_top:sm_top|sr_cpu:sm_cpu|sm_register_file:rf|rf[2][26]                   ; Stuck at GND due to stuck port clock_enable ;
; sm_top:sm_top|sr_cpu:sm_cpu|sm_register_file:rf|rf[3][26]                   ; Stuck at GND due to stuck port clock_enable ;
; sm_top:sm_top|sr_cpu:sm_cpu|sm_register_file:rf|rf[16][26]                  ; Stuck at GND due to stuck port clock_enable ;
; sm_top:sm_top|sr_cpu:sm_cpu|sm_register_file:rf|rf[24][26]                  ; Stuck at GND due to stuck port clock_enable ;
; sm_top:sm_top|sr_cpu:sm_cpu|sm_register_file:rf|rf[28][26]                  ; Stuck at GND due to stuck port clock_enable ;
; sm_top:sm_top|sr_cpu:sm_cpu|sm_register_file:rf|rf[17][26]                  ; Stuck at GND due to stuck port clock_enable ;
; sm_top:sm_top|sr_cpu:sm_cpu|sm_register_file:rf|rf[25][26]                  ; Stuck at GND due to stuck port clock_enable ;
; sm_top:sm_top|sr_cpu:sm_cpu|sm_register_file:rf|rf[29][26]                  ; Stuck at GND due to stuck port clock_enable ;
; sm_top:sm_top|sr_cpu:sm_cpu|sm_register_file:rf|rf[26][26]                  ; Stuck at GND due to stuck port clock_enable ;
; sm_top:sm_top|sr_cpu:sm_cpu|sm_register_file:rf|rf[30][26]                  ; Stuck at GND due to stuck port clock_enable ;
; sm_top:sm_top|sr_cpu:sm_cpu|sm_register_file:rf|rf[23][26]                  ; Stuck at GND due to stuck port clock_enable ;
; sm_top:sm_top|sr_cpu:sm_cpu|sm_register_file:rf|rf[27][26]                  ; Stuck at GND due to stuck port clock_enable ;
; sm_top:sm_top|sr_cpu:sm_cpu|sm_register_file:rf|rf[31][26]                  ; Stuck at GND due to stuck port clock_enable ;
; sm_top:sm_top|sr_cpu:sm_cpu|sm_register_file:rf|rf[8][26]                   ; Stuck at GND due to stuck port clock_enable ;
; sm_top:sm_top|sr_cpu:sm_cpu|sm_register_file:rf|rf[12][25]                  ; Stuck at GND due to stuck port clock_enable ;
; sm_top:sm_top|sr_cpu:sm_cpu|sm_register_file:rf|rf[13][25]                  ; Stuck at GND due to stuck port clock_enable ;
; sm_top:sm_top|sr_cpu:sm_cpu|sm_register_file:rf|rf[14][25]                  ; Stuck at GND due to stuck port clock_enable ;
; sm_top:sm_top|sr_cpu:sm_cpu|sm_register_file:rf|rf[15][25]                  ; Stuck at GND due to stuck port clock_enable ;
; sm_top:sm_top|sr_cpu:sm_cpu|sm_register_file:rf|rf[4][25]                   ; Stuck at GND due to stuck port clock_enable ;
; sm_top:sm_top|sr_cpu:sm_cpu|sm_register_file:rf|rf[6][25]                   ; Stuck at GND due to stuck port clock_enable ;
; sm_top:sm_top|sr_cpu:sm_cpu|sm_register_file:rf|rf[7][25]                   ; Stuck at GND due to stuck port clock_enable ;
; sm_top:sm_top|sr_cpu:sm_cpu|sm_register_file:rf|rf[0][25]                   ; Stuck at GND due to stuck port clock_enable ;
; sm_top:sm_top|sr_cpu:sm_cpu|sm_register_file:rf|rf[1][25]                   ; Stuck at GND due to stuck port clock_enable ;
; sm_top:sm_top|sr_cpu:sm_cpu|sm_register_file:rf|rf[2][25]                   ; Stuck at GND due to stuck port clock_enable ;
; sm_top:sm_top|sr_cpu:sm_cpu|sm_register_file:rf|rf[3][25]                   ; Stuck at GND due to stuck port clock_enable ;
; sm_top:sm_top|sr_cpu:sm_cpu|sm_register_file:rf|rf[16][25]                  ; Stuck at GND due to stuck port clock_enable ;
; sm_top:sm_top|sr_cpu:sm_cpu|sm_register_file:rf|rf[24][25]                  ; Stuck at GND due to stuck port clock_enable ;
; sm_top:sm_top|sr_cpu:sm_cpu|sm_register_file:rf|rf[28][25]                  ; Stuck at GND due to stuck port clock_enable ;
; sm_top:sm_top|sr_cpu:sm_cpu|sm_register_file:rf|rf[17][25]                  ; Stuck at GND due to stuck port clock_enable ;
; sm_top:sm_top|sr_cpu:sm_cpu|sm_register_file:rf|rf[25][25]                  ; Stuck at GND due to stuck port clock_enable ;
; sm_top:sm_top|sr_cpu:sm_cpu|sm_register_file:rf|rf[29][25]                  ; Stuck at GND due to stuck port clock_enable ;
; sm_top:sm_top|sr_cpu:sm_cpu|sm_register_file:rf|rf[26][25]                  ; Stuck at GND due to stuck port clock_enable ;
; sm_top:sm_top|sr_cpu:sm_cpu|sm_register_file:rf|rf[30][25]                  ; Stuck at GND due to stuck port clock_enable ;
; sm_top:sm_top|sr_cpu:sm_cpu|sm_register_file:rf|rf[23][25]                  ; Stuck at GND due to stuck port clock_enable ;
; sm_top:sm_top|sr_cpu:sm_cpu|sm_register_file:rf|rf[27][25]                  ; Stuck at GND due to stuck port clock_enable ;
; sm_top:sm_top|sr_cpu:sm_cpu|sm_register_file:rf|rf[31][25]                  ; Stuck at GND due to stuck port clock_enable ;
; sm_top:sm_top|sr_cpu:sm_cpu|sm_register_file:rf|rf[8][25]                   ; Stuck at GND due to stuck port clock_enable ;
; Total Number of Removed Registers = 776                                     ;                                             ;
+-----------------------------------------------------------------------------+---------------------------------------------+


+----------------------------------------------------------------------------------------------------------------------------------------------------------+
; Removed Registers Triggering Further Register Optimizations                                                                                              ;
+-----------------------------------------------------------+--------------------------------+-------------------------------------------------------------+
; Register name                                             ; Reason for Removal             ; Registers Removed due to This Register                      ;
+-----------------------------------------------------------+--------------------------------+-------------------------------------------------------------+
; sm_top:sm_top|sr_cpu:sm_cpu|sm_register_file:rf|rf[8][0]  ; Stuck at GND                   ; sm_top:sm_top|sr_cpu:sm_cpu|sm_register_file:rf|rf[8][5],   ;
;                                                           ; due to stuck port clock_enable ; sm_top:sm_top|sr_cpu:sm_cpu|sm_register_file:rf|rf[12][5],  ;
;                                                           ;                                ; sm_top:sm_top|sr_cpu:sm_cpu|sm_register_file:rf|rf[13][5],  ;
;                                                           ;                                ; sm_top:sm_top|sr_cpu:sm_cpu|sm_register_file:rf|rf[14][5],  ;
;                                                           ;                                ; sm_top:sm_top|sr_cpu:sm_cpu|sm_register_file:rf|rf[15][5],  ;
;                                                           ;                                ; sm_top:sm_top|sr_cpu:sm_cpu|sm_register_file:rf|rf[4][5],   ;
;                                                           ;                                ; sm_top:sm_top|sr_cpu:sm_cpu|sm_register_file:rf|rf[6][5],   ;
;                                                           ;                                ; sm_top:sm_top|sr_cpu:sm_cpu|sm_register_file:rf|rf[7][5],   ;
;                                                           ;                                ; sm_top:sm_top|sr_cpu:sm_cpu|sm_register_file:rf|rf[0][5],   ;
;                                                           ;                                ; sm_top:sm_top|sr_cpu:sm_cpu|sm_register_file:rf|rf[1][5],   ;
;                                                           ;                                ; sm_top:sm_top|sr_cpu:sm_cpu|sm_register_file:rf|rf[2][5],   ;
;                                                           ;                                ; sm_top:sm_top|sr_cpu:sm_cpu|sm_register_file:rf|rf[3][5],   ;
;                                                           ;                                ; sm_top:sm_top|sr_cpu:sm_cpu|sm_register_file:rf|rf[16][5],  ;
;                                                           ;                                ; sm_top:sm_top|sr_cpu:sm_cpu|sm_register_file:rf|rf[24][5],  ;
;                                                           ;                                ; sm_top:sm_top|sr_cpu:sm_cpu|sm_register_file:rf|rf[28][5],  ;
;                                                           ;                                ; sm_top:sm_top|sr_cpu:sm_cpu|sm_register_file:rf|rf[17][5],  ;
;                                                           ;                                ; sm_top:sm_top|sr_cpu:sm_cpu|sm_register_file:rf|rf[25][5],  ;
;                                                           ;                                ; sm_top:sm_top|sr_cpu:sm_cpu|sm_register_file:rf|rf[29][5],  ;
;                                                           ;                                ; sm_top:sm_top|sr_cpu:sm_cpu|sm_register_file:rf|rf[26][5],  ;
;                                                           ;                                ; sm_top:sm_top|sr_cpu:sm_cpu|sm_register_file:rf|rf[30][5],  ;
;                                                           ;                                ; sm_top:sm_top|sr_cpu:sm_cpu|sm_register_file:rf|rf[23][5],  ;
;                                                           ;                                ; sm_top:sm_top|sr_cpu:sm_cpu|sm_register_file:rf|rf[27][5],  ;
;                                                           ;                                ; sm_top:sm_top|sr_cpu:sm_cpu|sm_register_file:rf|rf[31][5],  ;
;                                                           ;                                ; sm_top:sm_top|sr_cpu:sm_cpu|sm_register_file:rf|rf[8][8],   ;
;                                                           ;                                ; sm_top:sm_top|sr_cpu:sm_cpu|sm_register_file:rf|rf[12][8],  ;
;                                                           ;                                ; sm_top:sm_top|sr_cpu:sm_cpu|sm_register_file:rf|rf[13][8],  ;
;                                                           ;                                ; sm_top:sm_top|sr_cpu:sm_cpu|sm_register_file:rf|rf[14][8],  ;
;                                                           ;                                ; sm_top:sm_top|sr_cpu:sm_cpu|sm_register_file:rf|rf[15][8],  ;
;                                                           ;                                ; sm_top:sm_top|sr_cpu:sm_cpu|sm_register_file:rf|rf[4][8],   ;
;                                                           ;                                ; sm_top:sm_top|sr_cpu:sm_cpu|sm_register_file:rf|rf[6][8],   ;
;                                                           ;                                ; sm_top:sm_top|sr_cpu:sm_cpu|sm_register_file:rf|rf[7][8],   ;
;                                                           ;                                ; sm_top:sm_top|sr_cpu:sm_cpu|sm_register_file:rf|rf[0][8],   ;
;                                                           ;                                ; sm_top:sm_top|sr_cpu:sm_cpu|sm_register_file:rf|rf[1][8],   ;
;                                                           ;                                ; sm_top:sm_top|sr_cpu:sm_cpu|sm_register_file:rf|rf[2][8],   ;
;                                                           ;                                ; sm_top:sm_top|sr_cpu:sm_cpu|sm_register_file:rf|rf[3][8],   ;
;                                                           ;                                ; sm_top:sm_top|sr_cpu:sm_cpu|sm_register_file:rf|rf[16][8],  ;
;                                                           ;                                ; sm_top:sm_top|sr_cpu:sm_cpu|sm_register_file:rf|rf[24][8],  ;
;                                                           ;                                ; sm_top:sm_top|sr_cpu:sm_cpu|sm_register_file:rf|rf[28][8],  ;
;                                                           ;                                ; sm_top:sm_top|sr_cpu:sm_cpu|sm_register_file:rf|rf[17][8],  ;
;                                                           ;                                ; sm_top:sm_top|sr_cpu:sm_cpu|sm_register_file:rf|rf[25][8],  ;
;                                                           ;                                ; sm_top:sm_top|sr_cpu:sm_cpu|sm_register_file:rf|rf[29][8],  ;
;                                                           ;                                ; sm_top:sm_top|sr_cpu:sm_cpu|sm_register_file:rf|rf[26][8],  ;
;                                                           ;                                ; sm_top:sm_top|sr_cpu:sm_cpu|sm_register_file:rf|rf[30][8],  ;
;                                                           ;                                ; sm_top:sm_top|sr_cpu:sm_cpu|sm_register_file:rf|rf[23][8],  ;
;                                                           ;                                ; sm_top:sm_top|sr_cpu:sm_cpu|sm_register_file:rf|rf[27][8],  ;
;                                                           ;                                ; sm_top:sm_top|sr_cpu:sm_cpu|sm_register_file:rf|rf[31][8],  ;
;                                                           ;                                ; sm_top:sm_top|sr_cpu:sm_cpu|sm_register_file:rf|rf[8][9],   ;
;                                                           ;                                ; sm_top:sm_top|sr_cpu:sm_cpu|sm_register_file:rf|rf[12][9],  ;
;                                                           ;                                ; sm_top:sm_top|sr_cpu:sm_cpu|sm_register_file:rf|rf[13][9],  ;
;                                                           ;                                ; sm_top:sm_top|sr_cpu:sm_cpu|sm_register_file:rf|rf[14][9],  ;
;                                                           ;                                ; sm_top:sm_top|sr_cpu:sm_cpu|sm_register_file:rf|rf[15][9],  ;
;                                                           ;                                ; sm_top:sm_top|sr_cpu:sm_cpu|sm_register_file:rf|rf[4][9],   ;
;                                                           ;                                ; sm_top:sm_top|sr_cpu:sm_cpu|sm_register_file:rf|rf[6][9],   ;
;                                                           ;                                ; sm_top:sm_top|sr_cpu:sm_cpu|sm_register_file:rf|rf[7][9],   ;
;                                                           ;                                ; sm_top:sm_top|sr_cpu:sm_cpu|sm_register_file:rf|rf[0][9],   ;
;                                                           ;                                ; sm_top:sm_top|sr_cpu:sm_cpu|sm_register_file:rf|rf[1][9],   ;
;                                                           ;                                ; sm_top:sm_top|sr_cpu:sm_cpu|sm_register_file:rf|rf[2][9],   ;
;                                                           ;                                ; sm_top:sm_top|sr_cpu:sm_cpu|sm_register_file:rf|rf[3][9],   ;
;                                                           ;                                ; sm_top:sm_top|sr_cpu:sm_cpu|sm_register_file:rf|rf[16][9],  ;
;                                                           ;                                ; sm_top:sm_top|sr_cpu:sm_cpu|sm_register_file:rf|rf[24][9],  ;
;                                                           ;                                ; sm_top:sm_top|sr_cpu:sm_cpu|sm_register_file:rf|rf[28][9],  ;
;                                                           ;                                ; sm_top:sm_top|sr_cpu:sm_cpu|sm_register_file:rf|rf[17][9],  ;
;                                                           ;                                ; sm_top:sm_top|sr_cpu:sm_cpu|sm_register_file:rf|rf[25][9],  ;
;                                                           ;                                ; sm_top:sm_top|sr_cpu:sm_cpu|sm_register_file:rf|rf[29][9],  ;
;                                                           ;                                ; sm_top:sm_top|sr_cpu:sm_cpu|sm_register_file:rf|rf[26][9],  ;
;                                                           ;                                ; sm_top:sm_top|sr_cpu:sm_cpu|sm_register_file:rf|rf[30][9],  ;
;                                                           ;                                ; sm_top:sm_top|sr_cpu:sm_cpu|sm_register_file:rf|rf[23][9],  ;
;                                                           ;                                ; sm_top:sm_top|sr_cpu:sm_cpu|sm_register_file:rf|rf[27][9],  ;
;                                                           ;                                ; sm_top:sm_top|sr_cpu:sm_cpu|sm_register_file:rf|rf[31][9],  ;
;                                                           ;                                ; sm_top:sm_top|sr_cpu:sm_cpu|sm_register_file:rf|rf[8][10],  ;
;                                                           ;                                ; sm_top:sm_top|sr_cpu:sm_cpu|sm_register_file:rf|rf[12][10], ;
;                                                           ;                                ; sm_top:sm_top|sr_cpu:sm_cpu|sm_register_file:rf|rf[13][10], ;
;                                                           ;                                ; sm_top:sm_top|sr_cpu:sm_cpu|sm_register_file:rf|rf[14][10], ;
;                                                           ;                                ; sm_top:sm_top|sr_cpu:sm_cpu|sm_register_file:rf|rf[15][10], ;
;                                                           ;                                ; sm_top:sm_top|sr_cpu:sm_cpu|sm_register_file:rf|rf[4][10],  ;
;                                                           ;                                ; sm_top:sm_top|sr_cpu:sm_cpu|sm_register_file:rf|rf[6][10],  ;
;                                                           ;                                ; sm_top:sm_top|sr_cpu:sm_cpu|sm_register_file:rf|rf[7][10],  ;
;                                                           ;                                ; sm_top:sm_top|sr_cpu:sm_cpu|sm_register_file:rf|rf[0][10],  ;
;                                                           ;                                ; sm_top:sm_top|sr_cpu:sm_cpu|sm_register_file:rf|rf[1][10],  ;
;                                                           ;                                ; sm_top:sm_top|sr_cpu:sm_cpu|sm_register_file:rf|rf[2][10],  ;
;                                                           ;                                ; sm_top:sm_top|sr_cpu:sm_cpu|sm_register_file:rf|rf[3][10],  ;
;                                                           ;                                ; sm_top:sm_top|sr_cpu:sm_cpu|sm_register_file:rf|rf[16][10], ;
;                                                           ;                                ; sm_top:sm_top|sr_cpu:sm_cpu|sm_register_file:rf|rf[24][10], ;
;                                                           ;                                ; sm_top:sm_top|sr_cpu:sm_cpu|sm_register_file:rf|rf[28][10], ;
;                                                           ;                                ; sm_top:sm_top|sr_cpu:sm_cpu|sm_register_file:rf|rf[17][10], ;
;                                                           ;                                ; sm_top:sm_top|sr_cpu:sm_cpu|sm_register_file:rf|rf[25][10], ;
;                                                           ;                                ; sm_top:sm_top|sr_cpu:sm_cpu|sm_register_file:rf|rf[29][10], ;
;                                                           ;                                ; sm_top:sm_top|sr_cpu:sm_cpu|sm_register_file:rf|rf[26][10], ;
;                                                           ;                                ; sm_top:sm_top|sr_cpu:sm_cpu|sm_register_file:rf|rf[30][10], ;
;                                                           ;                                ; sm_top:sm_top|sr_cpu:sm_cpu|sm_register_file:rf|rf[23][10], ;
;                                                           ;                                ; sm_top:sm_top|sr_cpu:sm_cpu|sm_register_file:rf|rf[27][10], ;
;                                                           ;                                ; sm_top:sm_top|sr_cpu:sm_cpu|sm_register_file:rf|rf[31][10], ;
;                                                           ;                                ; sm_top:sm_top|sr_cpu:sm_cpu|sm_register_file:rf|rf[8][12],  ;
;                                                           ;                                ; sm_top:sm_top|sr_cpu:sm_cpu|sm_register_file:rf|rf[12][12], ;
;                                                           ;                                ; sm_top:sm_top|sr_cpu:sm_cpu|sm_register_file:rf|rf[13][12], ;
;                                                           ;                                ; sm_top:sm_top|sr_cpu:sm_cpu|sm_register_file:rf|rf[14][12], ;
;                                                           ;                                ; sm_top:sm_top|sr_cpu:sm_cpu|sm_register_file:rf|rf[15][12], ;
;                                                           ;                                ; sm_top:sm_top|sr_cpu:sm_cpu|sm_register_file:rf|rf[4][12],  ;
;                                                           ;                                ; sm_top:sm_top|sr_cpu:sm_cpu|sm_register_file:rf|rf[6][12],  ;
;                                                           ;                                ; sm_top:sm_top|sr_cpu:sm_cpu|sm_register_file:rf|rf[7][12],  ;
;                                                           ;                                ; sm_top:sm_top|sr_cpu:sm_cpu|sm_register_file:rf|rf[0][12],  ;
;                                                           ;                                ; sm_top:sm_top|sr_cpu:sm_cpu|sm_register_file:rf|rf[1][12],  ;
;                                                           ;                                ; sm_top:sm_top|sr_cpu:sm_cpu|sm_register_file:rf|rf[2][12],  ;
;                                                           ;                                ; sm_top:sm_top|sr_cpu:sm_cpu|sm_register_file:rf|rf[3][12],  ;
;                                                           ;                                ; sm_top:sm_top|sr_cpu:sm_cpu|sm_register_file:rf|rf[16][12], ;
;                                                           ;                                ; sm_top:sm_top|sr_cpu:sm_cpu|sm_register_file:rf|rf[24][12], ;
;                                                           ;                                ; sm_top:sm_top|sr_cpu:sm_cpu|sm_register_file:rf|rf[28][12], ;
;                                                           ;                                ; sm_top:sm_top|sr_cpu:sm_cpu|sm_register_file:rf|rf[17][12], ;
;                                                           ;                                ; sm_top:sm_top|sr_cpu:sm_cpu|sm_register_file:rf|rf[25][12], ;
;                                                           ;                                ; sm_top:sm_top|sr_cpu:sm_cpu|sm_register_file:rf|rf[29][12], ;
;                                                           ;                                ; sm_top:sm_top|sr_cpu:sm_cpu|sm_register_file:rf|rf[26][12], ;
;                                                           ;                                ; sm_top:sm_top|sr_cpu:sm_cpu|sm_register_file:rf|rf[30][12], ;
;                                                           ;                                ; sm_top:sm_top|sr_cpu:sm_cpu|sm_register_file:rf|rf[23][12], ;
;                                                           ;                                ; sm_top:sm_top|sr_cpu:sm_cpu|sm_register_file:rf|rf[27][12], ;
;                                                           ;                                ; sm_top:sm_top|sr_cpu:sm_cpu|sm_register_file:rf|rf[31][12], ;
;                                                           ;                                ; sm_top:sm_top|sr_cpu:sm_cpu|sm_register_file:rf|rf[8][13],  ;
;                                                           ;                                ; sm_top:sm_top|sr_cpu:sm_cpu|sm_register_file:rf|rf[12][13], ;
;                                                           ;                                ; sm_top:sm_top|sr_cpu:sm_cpu|sm_register_file:rf|rf[13][13], ;
;                                                           ;                                ; sm_top:sm_top|sr_cpu:sm_cpu|sm_register_file:rf|rf[14][13], ;
;                                                           ;                                ; sm_top:sm_top|sr_cpu:sm_cpu|sm_register_file:rf|rf[15][13], ;
;                                                           ;                                ; sm_top:sm_top|sr_cpu:sm_cpu|sm_register_file:rf|rf[4][13],  ;
;                                                           ;                                ; sm_top:sm_top|sr_cpu:sm_cpu|sm_register_file:rf|rf[6][13],  ;
;                                                           ;                                ; sm_top:sm_top|sr_cpu:sm_cpu|sm_register_file:rf|rf[7][13],  ;
;                                                           ;                                ; sm_top:sm_top|sr_cpu:sm_cpu|sm_register_file:rf|rf[0][13],  ;
;                                                           ;                                ; sm_top:sm_top|sr_cpu:sm_cpu|sm_register_file:rf|rf[1][13],  ;
;                                                           ;                                ; sm_top:sm_top|sr_cpu:sm_cpu|sm_register_file:rf|rf[2][13],  ;
;                                                           ;                                ; sm_top:sm_top|sr_cpu:sm_cpu|sm_register_file:rf|rf[3][13],  ;
;                                                           ;                                ; sm_top:sm_top|sr_cpu:sm_cpu|sm_register_file:rf|rf[16][13], ;
;                                                           ;                                ; sm_top:sm_top|sr_cpu:sm_cpu|sm_register_file:rf|rf[24][13], ;
;                                                           ;                                ; sm_top:sm_top|sr_cpu:sm_cpu|sm_register_file:rf|rf[28][13], ;
;                                                           ;                                ; sm_top:sm_top|sr_cpu:sm_cpu|sm_register_file:rf|rf[17][13], ;
;                                                           ;                                ; sm_top:sm_top|sr_cpu:sm_cpu|sm_register_file:rf|rf[25][13], ;
;                                                           ;                                ; sm_top:sm_top|sr_cpu:sm_cpu|sm_register_file:rf|rf[29][13], ;
;                                                           ;                                ; sm_top:sm_top|sr_cpu:sm_cpu|sm_register_file:rf|rf[26][13], ;
;                                                           ;                                ; sm_top:sm_top|sr_cpu:sm_cpu|sm_register_file:rf|rf[30][13], ;
;                                                           ;                                ; sm_top:sm_top|sr_cpu:sm_cpu|sm_register_file:rf|rf[23][13], ;
;                                                           ;                                ; sm_top:sm_top|sr_cpu:sm_cpu|sm_register_file:rf|rf[27][13], ;
;                                                           ;                                ; sm_top:sm_top|sr_cpu:sm_cpu|sm_register_file:rf|rf[31][13], ;
;                                                           ;                                ; sm_top:sm_top|sr_cpu:sm_cpu|sm_register_file:rf|rf[8][14],  ;
;                                                           ;                                ; sm_top:sm_top|sr_cpu:sm_cpu|sm_register_file:rf|rf[12][14], ;
;                                                           ;                                ; sm_top:sm_top|sr_cpu:sm_cpu|sm_register_file:rf|rf[13][14], ;
;                                                           ;                                ; sm_top:sm_top|sr_cpu:sm_cpu|sm_register_file:rf|rf[14][14], ;
;                                                           ;                                ; sm_top:sm_top|sr_cpu:sm_cpu|sm_register_file:rf|rf[15][14], ;
;                                                           ;                                ; sm_top:sm_top|sr_cpu:sm_cpu|sm_register_file:rf|rf[4][14],  ;
;                                                           ;                                ; sm_top:sm_top|sr_cpu:sm_cpu|sm_register_file:rf|rf[6][14],  ;
;                                                           ;                                ; sm_top:sm_top|sr_cpu:sm_cpu|sm_register_file:rf|rf[7][14],  ;
;                                                           ;                                ; sm_top:sm_top|sr_cpu:sm_cpu|sm_register_file:rf|rf[0][14],  ;
;                                                           ;                                ; sm_top:sm_top|sr_cpu:sm_cpu|sm_register_file:rf|rf[1][14],  ;
;                                                           ;                                ; sm_top:sm_top|sr_cpu:sm_cpu|sm_register_file:rf|rf[2][14],  ;
;                                                           ;                                ; sm_top:sm_top|sr_cpu:sm_cpu|sm_register_file:rf|rf[3][14],  ;
;                                                           ;                                ; sm_top:sm_top|sr_cpu:sm_cpu|sm_register_file:rf|rf[16][14], ;
;                                                           ;                                ; sm_top:sm_top|sr_cpu:sm_cpu|sm_register_file:rf|rf[24][14], ;
;                                                           ;                                ; sm_top:sm_top|sr_cpu:sm_cpu|sm_register_file:rf|rf[28][14], ;
;                                                           ;                                ; sm_top:sm_top|sr_cpu:sm_cpu|sm_register_file:rf|rf[17][14], ;
;                                                           ;                                ; sm_top:sm_top|sr_cpu:sm_cpu|sm_register_file:rf|rf[25][14], ;
;                                                           ;                                ; sm_top:sm_top|sr_cpu:sm_cpu|sm_register_file:rf|rf[29][14], ;
;                                                           ;                                ; sm_top:sm_top|sr_cpu:sm_cpu|sm_register_file:rf|rf[26][14], ;
;                                                           ;                                ; sm_top:sm_top|sr_cpu:sm_cpu|sm_register_file:rf|rf[30][14], ;
;                                                           ;                                ; sm_top:sm_top|sr_cpu:sm_cpu|sm_register_file:rf|rf[23][14], ;
;                                                           ;                                ; sm_top:sm_top|sr_cpu:sm_cpu|sm_register_file:rf|rf[27][14], ;
;                                                           ;                                ; sm_top:sm_top|sr_cpu:sm_cpu|sm_register_file:rf|rf[31][14], ;
;                                                           ;                                ; sm_top:sm_top|sr_cpu:sm_cpu|sm_register_file:rf|rf[8][16],  ;
;                                                           ;                                ; sm_top:sm_top|sr_cpu:sm_cpu|sm_register_file:rf|rf[12][16], ;
;                                                           ;                                ; sm_top:sm_top|sr_cpu:sm_cpu|sm_register_file:rf|rf[13][16], ;
;                                                           ;                                ; sm_top:sm_top|sr_cpu:sm_cpu|sm_register_file:rf|rf[14][16], ;
;                                                           ;                                ; sm_top:sm_top|sr_cpu:sm_cpu|sm_register_file:rf|rf[15][16], ;
;                                                           ;                                ; sm_top:sm_top|sr_cpu:sm_cpu|sm_register_file:rf|rf[4][16],  ;
;                                                           ;                                ; sm_top:sm_top|sr_cpu:sm_cpu|sm_register_file:rf|rf[6][16],  ;
;                                                           ;                                ; sm_top:sm_top|sr_cpu:sm_cpu|sm_register_file:rf|rf[7][16],  ;
;                                                           ;                                ; sm_top:sm_top|sr_cpu:sm_cpu|sm_register_file:rf|rf[0][16],  ;
;                                                           ;                                ; sm_top:sm_top|sr_cpu:sm_cpu|sm_register_file:rf|rf[1][16],  ;
;                                                           ;                                ; sm_top:sm_top|sr_cpu:sm_cpu|sm_register_file:rf|rf[2][16],  ;
;                                                           ;                                ; sm_top:sm_top|sr_cpu:sm_cpu|sm_register_file:rf|rf[3][16],  ;
;                                                           ;                                ; sm_top:sm_top|sr_cpu:sm_cpu|sm_register_file:rf|rf[16][16], ;
;                                                           ;                                ; sm_top:sm_top|sr_cpu:sm_cpu|sm_register_file:rf|rf[24][16], ;
;                                                           ;                                ; sm_top:sm_top|sr_cpu:sm_cpu|sm_register_file:rf|rf[28][16], ;
;                                                           ;                                ; sm_top:sm_top|sr_cpu:sm_cpu|sm_register_file:rf|rf[17][16], ;
;                                                           ;                                ; sm_top:sm_top|sr_cpu:sm_cpu|sm_register_file:rf|rf[25][16], ;
;                                                           ;                                ; sm_top:sm_top|sr_cpu:sm_cpu|sm_register_file:rf|rf[29][16], ;
;                                                           ;                                ; sm_top:sm_top|sr_cpu:sm_cpu|sm_register_file:rf|rf[26][16], ;
;                                                           ;                                ; sm_top:sm_top|sr_cpu:sm_cpu|sm_register_file:rf|rf[30][16], ;
;                                                           ;                                ; sm_top:sm_top|sr_cpu:sm_cpu|sm_register_file:rf|rf[23][16], ;
;                                                           ;                                ; sm_top:sm_top|sr_cpu:sm_cpu|sm_register_file:rf|rf[27][16], ;
;                                                           ;                                ; sm_top:sm_top|sr_cpu:sm_cpu|sm_register_file:rf|rf[31][16], ;
;                                                           ;                                ; sm_top:sm_top|sr_cpu:sm_cpu|sm_register_file:rf|rf[8][17],  ;
;                                                           ;                                ; sm_top:sm_top|sr_cpu:sm_cpu|sm_register_file:rf|rf[12][17], ;
;                                                           ;                                ; sm_top:sm_top|sr_cpu:sm_cpu|sm_register_file:rf|rf[13][17], ;
;                                                           ;                                ; sm_top:sm_top|sr_cpu:sm_cpu|sm_register_file:rf|rf[14][17], ;
;                                                           ;                                ; sm_top:sm_top|sr_cpu:sm_cpu|sm_register_file:rf|rf[15][17], ;
;                                                           ;                                ; sm_top:sm_top|sr_cpu:sm_cpu|sm_register_file:rf|rf[4][17],  ;
;                                                           ;                                ; sm_top:sm_top|sr_cpu:sm_cpu|sm_register_file:rf|rf[6][17],  ;
;                                                           ;                                ; sm_top:sm_top|sr_cpu:sm_cpu|sm_register_file:rf|rf[7][17],  ;
;                                                           ;                                ; sm_top:sm_top|sr_cpu:sm_cpu|sm_register_file:rf|rf[0][17],  ;
;                                                           ;                                ; sm_top:sm_top|sr_cpu:sm_cpu|sm_register_file:rf|rf[1][17],  ;
;                                                           ;                                ; sm_top:sm_top|sr_cpu:sm_cpu|sm_register_file:rf|rf[2][17],  ;
;                                                           ;                                ; sm_top:sm_top|sr_cpu:sm_cpu|sm_register_file:rf|rf[3][17],  ;
;                                                           ;                                ; sm_top:sm_top|sr_cpu:sm_cpu|sm_register_file:rf|rf[16][17], ;
;                                                           ;                                ; sm_top:sm_top|sr_cpu:sm_cpu|sm_register_file:rf|rf[24][17], ;
;                                                           ;                                ; sm_top:sm_top|sr_cpu:sm_cpu|sm_register_file:rf|rf[28][17], ;
;                                                           ;                                ; sm_top:sm_top|sr_cpu:sm_cpu|sm_register_file:rf|rf[17][17], ;
;                                                           ;                                ; sm_top:sm_top|sr_cpu:sm_cpu|sm_register_file:rf|rf[25][17], ;
;                                                           ;                                ; sm_top:sm_top|sr_cpu:sm_cpu|sm_register_file:rf|rf[29][17], ;
;                                                           ;                                ; sm_top:sm_top|sr_cpu:sm_cpu|sm_register_file:rf|rf[26][17], ;
;                                                           ;                                ; sm_top:sm_top|sr_cpu:sm_cpu|sm_register_file:rf|rf[30][17], ;
;                                                           ;                                ; sm_top:sm_top|sr_cpu:sm_cpu|sm_register_file:rf|rf[23][17], ;
;                                                           ;                                ; sm_top:sm_top|sr_cpu:sm_cpu|sm_register_file:rf|rf[27][17], ;
;                                                           ;                                ; sm_top:sm_top|sr_cpu:sm_cpu|sm_register_file:rf|rf[31][17], ;
;                                                           ;                                ; sm_top:sm_top|sr_cpu:sm_cpu|sm_register_file:rf|rf[8][18],  ;
;                                                           ;                                ; sm_top:sm_top|sr_cpu:sm_cpu|sm_register_file:rf|rf[12][18], ;
;                                                           ;                                ; sm_top:sm_top|sr_cpu:sm_cpu|sm_register_file:rf|rf[13][18], ;
;                                                           ;                                ; sm_top:sm_top|sr_cpu:sm_cpu|sm_register_file:rf|rf[14][18], ;
;                                                           ;                                ; sm_top:sm_top|sr_cpu:sm_cpu|sm_register_file:rf|rf[15][18], ;
;                                                           ;                                ; sm_top:sm_top|sr_cpu:sm_cpu|sm_register_file:rf|rf[4][18],  ;
;                                                           ;                                ; sm_top:sm_top|sr_cpu:sm_cpu|sm_register_file:rf|rf[6][18],  ;
;                                                           ;                                ; sm_top:sm_top|sr_cpu:sm_cpu|sm_register_file:rf|rf[7][18],  ;
;                                                           ;                                ; sm_top:sm_top|sr_cpu:sm_cpu|sm_register_file:rf|rf[0][18],  ;
;                                                           ;                                ; sm_top:sm_top|sr_cpu:sm_cpu|sm_register_file:rf|rf[1][18],  ;
;                                                           ;                                ; sm_top:sm_top|sr_cpu:sm_cpu|sm_register_file:rf|rf[2][18],  ;
;                                                           ;                                ; sm_top:sm_top|sr_cpu:sm_cpu|sm_register_file:rf|rf[3][18],  ;
;                                                           ;                                ; sm_top:sm_top|sr_cpu:sm_cpu|sm_register_file:rf|rf[16][18], ;
;                                                           ;                                ; sm_top:sm_top|sr_cpu:sm_cpu|sm_register_file:rf|rf[24][18], ;
;                                                           ;                                ; sm_top:sm_top|sr_cpu:sm_cpu|sm_register_file:rf|rf[28][18], ;
;                                                           ;                                ; sm_top:sm_top|sr_cpu:sm_cpu|sm_register_file:rf|rf[17][18], ;
;                                                           ;                                ; sm_top:sm_top|sr_cpu:sm_cpu|sm_register_file:rf|rf[25][18], ;
;                                                           ;                                ; sm_top:sm_top|sr_cpu:sm_cpu|sm_register_file:rf|rf[29][18], ;
;                                                           ;                                ; sm_top:sm_top|sr_cpu:sm_cpu|sm_register_file:rf|rf[26][18], ;
;                                                           ;                                ; sm_top:sm_top|sr_cpu:sm_cpu|sm_register_file:rf|rf[30][18], ;
;                                                           ;                                ; sm_top:sm_top|sr_cpu:sm_cpu|sm_register_file:rf|rf[23][18], ;
;                                                           ;                                ; sm_top:sm_top|sr_cpu:sm_cpu|sm_register_file:rf|rf[27][18], ;
;                                                           ;                                ; sm_top:sm_top|sr_cpu:sm_cpu|sm_register_file:rf|rf[31][18], ;
;                                                           ;                                ; sm_top:sm_top|sr_cpu:sm_cpu|sm_register_file:rf|rf[8][19],  ;
;                                                           ;                                ; sm_top:sm_top|sr_cpu:sm_cpu|sm_register_file:rf|rf[12][19], ;
;                                                           ;                                ; sm_top:sm_top|sr_cpu:sm_cpu|sm_register_file:rf|rf[13][19], ;
;                                                           ;                                ; sm_top:sm_top|sr_cpu:sm_cpu|sm_register_file:rf|rf[14][19], ;
;                                                           ;                                ; sm_top:sm_top|sr_cpu:sm_cpu|sm_register_file:rf|rf[15][19], ;
;                                                           ;                                ; sm_top:sm_top|sr_cpu:sm_cpu|sm_register_file:rf|rf[4][19],  ;
;                                                           ;                                ; sm_top:sm_top|sr_cpu:sm_cpu|sm_register_file:rf|rf[6][19],  ;
;                                                           ;                                ; sm_top:sm_top|sr_cpu:sm_cpu|sm_register_file:rf|rf[7][19],  ;
;                                                           ;                                ; sm_top:sm_top|sr_cpu:sm_cpu|sm_register_file:rf|rf[0][19],  ;
;                                                           ;                                ; sm_top:sm_top|sr_cpu:sm_cpu|sm_register_file:rf|rf[1][19],  ;
;                                                           ;                                ; sm_top:sm_top|sr_cpu:sm_cpu|sm_register_file:rf|rf[2][19],  ;
;                                                           ;                                ; sm_top:sm_top|sr_cpu:sm_cpu|sm_register_file:rf|rf[3][19],  ;
;                                                           ;                                ; sm_top:sm_top|sr_cpu:sm_cpu|sm_register_file:rf|rf[16][19], ;
;                                                           ;                                ; sm_top:sm_top|sr_cpu:sm_cpu|sm_register_file:rf|rf[24][19], ;
;                                                           ;                                ; sm_top:sm_top|sr_cpu:sm_cpu|sm_register_file:rf|rf[28][19], ;
;                                                           ;                                ; sm_top:sm_top|sr_cpu:sm_cpu|sm_register_file:rf|rf[17][19], ;
;                                                           ;                                ; sm_top:sm_top|sr_cpu:sm_cpu|sm_register_file:rf|rf[25][19], ;
;                                                           ;                                ; sm_top:sm_top|sr_cpu:sm_cpu|sm_register_file:rf|rf[29][19], ;
;                                                           ;                                ; sm_top:sm_top|sr_cpu:sm_cpu|sm_register_file:rf|rf[26][19], ;
;                                                           ;                                ; sm_top:sm_top|sr_cpu:sm_cpu|sm_register_file:rf|rf[30][19], ;
;                                                           ;                                ; sm_top:sm_top|sr_cpu:sm_cpu|sm_register_file:rf|rf[23][19], ;
;                                                           ;                                ; sm_top:sm_top|sr_cpu:sm_cpu|sm_register_file:rf|rf[27][19], ;
;                                                           ;                                ; sm_top:sm_top|sr_cpu:sm_cpu|sm_register_file:rf|rf[31][19], ;
;                                                           ;                                ; sm_top:sm_top|sr_cpu:sm_cpu|sm_register_file:rf|rf[8][20],  ;
;                                                           ;                                ; sm_top:sm_top|sr_cpu:sm_cpu|sm_register_file:rf|rf[12][20], ;
;                                                           ;                                ; sm_top:sm_top|sr_cpu:sm_cpu|sm_register_file:rf|rf[13][20], ;
;                                                           ;                                ; sm_top:sm_top|sr_cpu:sm_cpu|sm_register_file:rf|rf[14][20], ;
;                                                           ;                                ; sm_top:sm_top|sr_cpu:sm_cpu|sm_register_file:rf|rf[15][20], ;
;                                                           ;                                ; sm_top:sm_top|sr_cpu:sm_cpu|sm_register_file:rf|rf[4][20],  ;
;                                                           ;                                ; sm_top:sm_top|sr_cpu:sm_cpu|sm_register_file:rf|rf[6][20],  ;
;                                                           ;                                ; sm_top:sm_top|sr_cpu:sm_cpu|sm_register_file:rf|rf[7][20],  ;
;                                                           ;                                ; sm_top:sm_top|sr_cpu:sm_cpu|sm_register_file:rf|rf[0][20],  ;
;                                                           ;                                ; sm_top:sm_top|sr_cpu:sm_cpu|sm_register_file:rf|rf[1][20],  ;
;                                                           ;                                ; sm_top:sm_top|sr_cpu:sm_cpu|sm_register_file:rf|rf[2][20],  ;
;                                                           ;                                ; sm_top:sm_top|sr_cpu:sm_cpu|sm_register_file:rf|rf[3][20],  ;
;                                                           ;                                ; sm_top:sm_top|sr_cpu:sm_cpu|sm_register_file:rf|rf[16][20], ;
;                                                           ;                                ; sm_top:sm_top|sr_cpu:sm_cpu|sm_register_file:rf|rf[24][20], ;
;                                                           ;                                ; sm_top:sm_top|sr_cpu:sm_cpu|sm_register_file:rf|rf[28][20], ;
;                                                           ;                                ; sm_top:sm_top|sr_cpu:sm_cpu|sm_register_file:rf|rf[17][20], ;
;                                                           ;                                ; sm_top:sm_top|sr_cpu:sm_cpu|sm_register_file:rf|rf[25][20], ;
;                                                           ;                                ; sm_top:sm_top|sr_cpu:sm_cpu|sm_register_file:rf|rf[29][20], ;
;                                                           ;                                ; sm_top:sm_top|sr_cpu:sm_cpu|sm_register_file:rf|rf[26][20], ;
;                                                           ;                                ; sm_top:sm_top|sr_cpu:sm_cpu|sm_register_file:rf|rf[30][20], ;
;                                                           ;                                ; sm_top:sm_top|sr_cpu:sm_cpu|sm_register_file:rf|rf[23][20], ;
;                                                           ;                                ; sm_top:sm_top|sr_cpu:sm_cpu|sm_register_file:rf|rf[27][20], ;
;                                                           ;                                ; sm_top:sm_top|sr_cpu:sm_cpu|sm_register_file:rf|rf[31][20], ;
;                                                           ;                                ; sm_top:sm_top|sr_cpu:sm_cpu|sm_register_file:rf|rf[8][21],  ;
;                                                           ;                                ; sm_top:sm_top|sr_cpu:sm_cpu|sm_register_file:rf|rf[12][21], ;
;                                                           ;                                ; sm_top:sm_top|sr_cpu:sm_cpu|sm_register_file:rf|rf[13][21], ;
;                                                           ;                                ; sm_top:sm_top|sr_cpu:sm_cpu|sm_register_file:rf|rf[14][21], ;
;                                                           ;                                ; sm_top:sm_top|sr_cpu:sm_cpu|sm_register_file:rf|rf[15][21], ;
;                                                           ;                                ; sm_top:sm_top|sr_cpu:sm_cpu|sm_register_file:rf|rf[4][21],  ;
;                                                           ;                                ; sm_top:sm_top|sr_cpu:sm_cpu|sm_register_file:rf|rf[6][21],  ;
;                                                           ;                                ; sm_top:sm_top|sr_cpu:sm_cpu|sm_register_file:rf|rf[7][21],  ;
;                                                           ;                                ; sm_top:sm_top|sr_cpu:sm_cpu|sm_register_file:rf|rf[0][21],  ;
;                                                           ;                                ; sm_top:sm_top|sr_cpu:sm_cpu|sm_register_file:rf|rf[1][21],  ;
;                                                           ;                                ; sm_top:sm_top|sr_cpu:sm_cpu|sm_register_file:rf|rf[2][21],  ;
;                                                           ;                                ; sm_top:sm_top|sr_cpu:sm_cpu|sm_register_file:rf|rf[3][21],  ;
;                                                           ;                                ; sm_top:sm_top|sr_cpu:sm_cpu|sm_register_file:rf|rf[16][21], ;
;                                                           ;                                ; sm_top:sm_top|sr_cpu:sm_cpu|sm_register_file:rf|rf[24][21], ;
;                                                           ;                                ; sm_top:sm_top|sr_cpu:sm_cpu|sm_register_file:rf|rf[28][21], ;
;                                                           ;                                ; sm_top:sm_top|sr_cpu:sm_cpu|sm_register_file:rf|rf[17][21], ;
;                                                           ;                                ; sm_top:sm_top|sr_cpu:sm_cpu|sm_register_file:rf|rf[25][21], ;
;                                                           ;                                ; sm_top:sm_top|sr_cpu:sm_cpu|sm_register_file:rf|rf[29][21], ;
;                                                           ;                                ; sm_top:sm_top|sr_cpu:sm_cpu|sm_register_file:rf|rf[26][21], ;
;                                                           ;                                ; sm_top:sm_top|sr_cpu:sm_cpu|sm_register_file:rf|rf[30][21], ;
;                                                           ;                                ; sm_top:sm_top|sr_cpu:sm_cpu|sm_register_file:rf|rf[23][21], ;
;                                                           ;                                ; sm_top:sm_top|sr_cpu:sm_cpu|sm_register_file:rf|rf[27][21], ;
;                                                           ;                                ; sm_top:sm_top|sr_cpu:sm_cpu|sm_register_file:rf|rf[31][21], ;
;                                                           ;                                ; sm_top:sm_top|sr_cpu:sm_cpu|sm_register_file:rf|rf[8][22],  ;
;                                                           ;                                ; sm_top:sm_top|sr_cpu:sm_cpu|sm_register_file:rf|rf[12][22], ;
;                                                           ;                                ; sm_top:sm_top|sr_cpu:sm_cpu|sm_register_file:rf|rf[13][22], ;
;                                                           ;                                ; sm_top:sm_top|sr_cpu:sm_cpu|sm_register_file:rf|rf[14][22], ;
;                                                           ;                                ; sm_top:sm_top|sr_cpu:sm_cpu|sm_register_file:rf|rf[15][22], ;
;                                                           ;                                ; sm_top:sm_top|sr_cpu:sm_cpu|sm_register_file:rf|rf[4][22],  ;
;                                                           ;                                ; sm_top:sm_top|sr_cpu:sm_cpu|sm_register_file:rf|rf[6][22],  ;
;                                                           ;                                ; sm_top:sm_top|sr_cpu:sm_cpu|sm_register_file:rf|rf[7][22],  ;
;                                                           ;                                ; sm_top:sm_top|sr_cpu:sm_cpu|sm_register_file:rf|rf[0][22],  ;
;                                                           ;                                ; sm_top:sm_top|sr_cpu:sm_cpu|sm_register_file:rf|rf[1][22],  ;
;                                                           ;                                ; sm_top:sm_top|sr_cpu:sm_cpu|sm_register_file:rf|rf[2][22],  ;
;                                                           ;                                ; sm_top:sm_top|sr_cpu:sm_cpu|sm_register_file:rf|rf[3][22],  ;
;                                                           ;                                ; sm_top:sm_top|sr_cpu:sm_cpu|sm_register_file:rf|rf[16][22], ;
;                                                           ;                                ; sm_top:sm_top|sr_cpu:sm_cpu|sm_register_file:rf|rf[24][22], ;
;                                                           ;                                ; sm_top:sm_top|sr_cpu:sm_cpu|sm_register_file:rf|rf[28][22], ;
;                                                           ;                                ; sm_top:sm_top|sr_cpu:sm_cpu|sm_register_file:rf|rf[17][22], ;
;                                                           ;                                ; sm_top:sm_top|sr_cpu:sm_cpu|sm_register_file:rf|rf[25][22], ;
;                                                           ;                                ; sm_top:sm_top|sr_cpu:sm_cpu|sm_register_file:rf|rf[29][22], ;
;                                                           ;                                ; sm_top:sm_top|sr_cpu:sm_cpu|sm_register_file:rf|rf[26][22], ;
;                                                           ;                                ; sm_top:sm_top|sr_cpu:sm_cpu|sm_register_file:rf|rf[30][22], ;
;                                                           ;                                ; sm_top:sm_top|sr_cpu:sm_cpu|sm_register_file:rf|rf[23][22], ;
;                                                           ;                                ; sm_top:sm_top|sr_cpu:sm_cpu|sm_register_file:rf|rf[27][22], ;
;                                                           ;                                ; sm_top:sm_top|sr_cpu:sm_cpu|sm_register_file:rf|rf[31][22], ;
;                                                           ;                                ; sm_top:sm_top|sr_cpu:sm_cpu|sm_register_file:rf|rf[12][23], ;
;                                                           ;                                ; sm_top:sm_top|sr_cpu:sm_cpu|sm_register_file:rf|rf[13][23], ;
;                                                           ;                                ; sm_top:sm_top|sr_cpu:sm_cpu|sm_register_file:rf|rf[14][23], ;
;                                                           ;                                ; sm_top:sm_top|sr_cpu:sm_cpu|sm_register_file:rf|rf[15][23], ;
;                                                           ;                                ; sm_top:sm_top|sr_cpu:sm_cpu|sm_register_file:rf|rf[4][23],  ;
;                                                           ;                                ; sm_top:sm_top|sr_cpu:sm_cpu|sm_register_file:rf|rf[6][23],  ;
;                                                           ;                                ; sm_top:sm_top|sr_cpu:sm_cpu|sm_register_file:rf|rf[7][23],  ;
;                                                           ;                                ; sm_top:sm_top|sr_cpu:sm_cpu|sm_register_file:rf|rf[0][23],  ;
;                                                           ;                                ; sm_top:sm_top|sr_cpu:sm_cpu|sm_register_file:rf|rf[1][23],  ;
;                                                           ;                                ; sm_top:sm_top|sr_cpu:sm_cpu|sm_register_file:rf|rf[2][23],  ;
;                                                           ;                                ; sm_top:sm_top|sr_cpu:sm_cpu|sm_register_file:rf|rf[3][23],  ;
;                                                           ;                                ; sm_top:sm_top|sr_cpu:sm_cpu|sm_register_file:rf|rf[16][23], ;
;                                                           ;                                ; sm_top:sm_top|sr_cpu:sm_cpu|sm_register_file:rf|rf[24][23], ;
;                                                           ;                                ; sm_top:sm_top|sr_cpu:sm_cpu|sm_register_file:rf|rf[28][23], ;
;                                                           ;                                ; sm_top:sm_top|sr_cpu:sm_cpu|sm_register_file:rf|rf[17][23], ;
;                                                           ;                                ; sm_top:sm_top|sr_cpu:sm_cpu|sm_register_file:rf|rf[25][23], ;
;                                                           ;                                ; sm_top:sm_top|sr_cpu:sm_cpu|sm_register_file:rf|rf[29][23], ;
;                                                           ;                                ; sm_top:sm_top|sr_cpu:sm_cpu|sm_register_file:rf|rf[26][23], ;
;                                                           ;                                ; sm_top:sm_top|sr_cpu:sm_cpu|sm_register_file:rf|rf[30][23], ;
;                                                           ;                                ; sm_top:sm_top|sr_cpu:sm_cpu|sm_register_file:rf|rf[23][23], ;
;                                                           ;                                ; sm_top:sm_top|sr_cpu:sm_cpu|sm_register_file:rf|rf[27][23], ;
;                                                           ;                                ; sm_top:sm_top|sr_cpu:sm_cpu|sm_register_file:rf|rf[31][23], ;
;                                                           ;                                ; sm_top:sm_top|sr_cpu:sm_cpu|sm_register_file:rf|rf[8][23],  ;
;                                                           ;                                ; sm_top:sm_top|sr_cpu:sm_cpu|sm_register_file:rf|rf[12][24], ;
;                                                           ;                                ; sm_top:sm_top|sr_cpu:sm_cpu|sm_register_file:rf|rf[13][24], ;
;                                                           ;                                ; sm_top:sm_top|sr_cpu:sm_cpu|sm_register_file:rf|rf[14][24], ;
;                                                           ;                                ; sm_top:sm_top|sr_cpu:sm_cpu|sm_register_file:rf|rf[15][24], ;
;                                                           ;                                ; sm_top:sm_top|sr_cpu:sm_cpu|sm_register_file:rf|rf[4][24],  ;
;                                                           ;                                ; sm_top:sm_top|sr_cpu:sm_cpu|sm_register_file:rf|rf[6][24],  ;
;                                                           ;                                ; sm_top:sm_top|sr_cpu:sm_cpu|sm_register_file:rf|rf[7][24],  ;
;                                                           ;                                ; sm_top:sm_top|sr_cpu:sm_cpu|sm_register_file:rf|rf[0][24],  ;
;                                                           ;                                ; sm_top:sm_top|sr_cpu:sm_cpu|sm_register_file:rf|rf[1][24],  ;
;                                                           ;                                ; sm_top:sm_top|sr_cpu:sm_cpu|sm_register_file:rf|rf[2][24],  ;
;                                                           ;                                ; sm_top:sm_top|sr_cpu:sm_cpu|sm_register_file:rf|rf[3][24],  ;
;                                                           ;                                ; sm_top:sm_top|sr_cpu:sm_cpu|sm_register_file:rf|rf[16][24], ;
;                                                           ;                                ; sm_top:sm_top|sr_cpu:sm_cpu|sm_register_file:rf|rf[24][24], ;
;                                                           ;                                ; sm_top:sm_top|sr_cpu:sm_cpu|sm_register_file:rf|rf[28][24], ;
;                                                           ;                                ; sm_top:sm_top|sr_cpu:sm_cpu|sm_register_file:rf|rf[17][24], ;
;                                                           ;                                ; sm_top:sm_top|sr_cpu:sm_cpu|sm_register_file:rf|rf[25][24], ;
;                                                           ;                                ; sm_top:sm_top|sr_cpu:sm_cpu|sm_register_file:rf|rf[29][24], ;
;                                                           ;                                ; sm_top:sm_top|sr_cpu:sm_cpu|sm_register_file:rf|rf[26][24], ;
;                                                           ;                                ; sm_top:sm_top|sr_cpu:sm_cpu|sm_register_file:rf|rf[30][24], ;
;                                                           ;                                ; sm_top:sm_top|sr_cpu:sm_cpu|sm_register_file:rf|rf[23][24], ;
;                                                           ;                                ; sm_top:sm_top|sr_cpu:sm_cpu|sm_register_file:rf|rf[27][24], ;
;                                                           ;                                ; sm_top:sm_top|sr_cpu:sm_cpu|sm_register_file:rf|rf[31][24], ;
;                                                           ;                                ; sm_top:sm_top|sr_cpu:sm_cpu|sm_register_file:rf|rf[8][24],  ;
;                                                           ;                                ; sm_top:sm_top|sr_cpu:sm_cpu|sm_register_file:rf|rf[12][31], ;
;                                                           ;                                ; sm_top:sm_top|sr_cpu:sm_cpu|sm_register_file:rf|rf[13][31], ;
;                                                           ;                                ; sm_top:sm_top|sr_cpu:sm_cpu|sm_register_file:rf|rf[14][31], ;
;                                                           ;                                ; sm_top:sm_top|sr_cpu:sm_cpu|sm_register_file:rf|rf[15][31], ;
;                                                           ;                                ; sm_top:sm_top|sr_cpu:sm_cpu|sm_register_file:rf|rf[4][31],  ;
;                                                           ;                                ; sm_top:sm_top|sr_cpu:sm_cpu|sm_register_file:rf|rf[6][31],  ;
;                                                           ;                                ; sm_top:sm_top|sr_cpu:sm_cpu|sm_register_file:rf|rf[7][31],  ;
;                                                           ;                                ; sm_top:sm_top|sr_cpu:sm_cpu|sm_register_file:rf|rf[0][31],  ;
;                                                           ;                                ; sm_top:sm_top|sr_cpu:sm_cpu|sm_register_file:rf|rf[1][31],  ;
;                                                           ;                                ; sm_top:sm_top|sr_cpu:sm_cpu|sm_register_file:rf|rf[2][31],  ;
;                                                           ;                                ; sm_top:sm_top|sr_cpu:sm_cpu|sm_register_file:rf|rf[3][31],  ;
;                                                           ;                                ; sm_top:sm_top|sr_cpu:sm_cpu|sm_register_file:rf|rf[16][31], ;
;                                                           ;                                ; sm_top:sm_top|sr_cpu:sm_cpu|sm_register_file:rf|rf[24][31], ;
;                                                           ;                                ; sm_top:sm_top|sr_cpu:sm_cpu|sm_register_file:rf|rf[28][31], ;
;                                                           ;                                ; sm_top:sm_top|sr_cpu:sm_cpu|sm_register_file:rf|rf[17][31], ;
;                                                           ;                                ; sm_top:sm_top|sr_cpu:sm_cpu|sm_register_file:rf|rf[25][31], ;
;                                                           ;                                ; sm_top:sm_top|sr_cpu:sm_cpu|sm_register_file:rf|rf[29][31], ;
;                                                           ;                                ; sm_top:sm_top|sr_cpu:sm_cpu|sm_register_file:rf|rf[26][31], ;
;                                                           ;                                ; sm_top:sm_top|sr_cpu:sm_cpu|sm_register_file:rf|rf[30][31], ;
;                                                           ;                                ; sm_top:sm_top|sr_cpu:sm_cpu|sm_register_file:rf|rf[23][31], ;
;                                                           ;                                ; sm_top:sm_top|sr_cpu:sm_cpu|sm_register_file:rf|rf[27][31], ;
;                                                           ;                                ; sm_top:sm_top|sr_cpu:sm_cpu|sm_register_file:rf|rf[31][31], ;
;                                                           ;                                ; sm_top:sm_top|sr_cpu:sm_cpu|sm_register_file:rf|rf[8][31],  ;
;                                                           ;                                ; sm_top:sm_top|sr_cpu:sm_cpu|sm_register_file:rf|rf[12][29], ;
;                                                           ;                                ; sm_top:sm_top|sr_cpu:sm_cpu|sm_register_file:rf|rf[13][29], ;
;                                                           ;                                ; sm_top:sm_top|sr_cpu:sm_cpu|sm_register_file:rf|rf[14][29], ;
;                                                           ;                                ; sm_top:sm_top|sr_cpu:sm_cpu|sm_register_file:rf|rf[15][29], ;
;                                                           ;                                ; sm_top:sm_top|sr_cpu:sm_cpu|sm_register_file:rf|rf[4][29],  ;
;                                                           ;                                ; sm_top:sm_top|sr_cpu:sm_cpu|sm_register_file:rf|rf[6][29],  ;
;                                                           ;                                ; sm_top:sm_top|sr_cpu:sm_cpu|sm_register_file:rf|rf[7][29],  ;
;                                                           ;                                ; sm_top:sm_top|sr_cpu:sm_cpu|sm_register_file:rf|rf[0][29],  ;
;                                                           ;                                ; sm_top:sm_top|sr_cpu:sm_cpu|sm_register_file:rf|rf[1][29],  ;
;                                                           ;                                ; sm_top:sm_top|sr_cpu:sm_cpu|sm_register_file:rf|rf[2][29],  ;
;                                                           ;                                ; sm_top:sm_top|sr_cpu:sm_cpu|sm_register_file:rf|rf[3][29],  ;
;                                                           ;                                ; sm_top:sm_top|sr_cpu:sm_cpu|sm_register_file:rf|rf[16][29], ;
;                                                           ;                                ; sm_top:sm_top|sr_cpu:sm_cpu|sm_register_file:rf|rf[24][29], ;
;                                                           ;                                ; sm_top:sm_top|sr_cpu:sm_cpu|sm_register_file:rf|rf[28][29], ;
;                                                           ;                                ; sm_top:sm_top|sr_cpu:sm_cpu|sm_register_file:rf|rf[17][29], ;
;                                                           ;                                ; sm_top:sm_top|sr_cpu:sm_cpu|sm_register_file:rf|rf[25][29], ;
;                                                           ;                                ; sm_top:sm_top|sr_cpu:sm_cpu|sm_register_file:rf|rf[29][29], ;
;                                                           ;                                ; sm_top:sm_top|sr_cpu:sm_cpu|sm_register_file:rf|rf[26][29], ;
;                                                           ;                                ; sm_top:sm_top|sr_cpu:sm_cpu|sm_register_file:rf|rf[30][29], ;
;                                                           ;                                ; sm_top:sm_top|sr_cpu:sm_cpu|sm_register_file:rf|rf[23][29], ;
;                                                           ;                                ; sm_top:sm_top|sr_cpu:sm_cpu|sm_register_file:rf|rf[27][29], ;
;                                                           ;                                ; sm_top:sm_top|sr_cpu:sm_cpu|sm_register_file:rf|rf[31][29], ;
;                                                           ;                                ; sm_top:sm_top|sr_cpu:sm_cpu|sm_register_file:rf|rf[8][29],  ;
;                                                           ;                                ; sm_top:sm_top|sr_cpu:sm_cpu|sm_register_file:rf|rf[12][28], ;
;                                                           ;                                ; sm_top:sm_top|sr_cpu:sm_cpu|sm_register_file:rf|rf[13][28], ;
;                                                           ;                                ; sm_top:sm_top|sr_cpu:sm_cpu|sm_register_file:rf|rf[14][28], ;
;                                                           ;                                ; sm_top:sm_top|sr_cpu:sm_cpu|sm_register_file:rf|rf[15][28], ;
;                                                           ;                                ; sm_top:sm_top|sr_cpu:sm_cpu|sm_register_file:rf|rf[4][28],  ;
;                                                           ;                                ; sm_top:sm_top|sr_cpu:sm_cpu|sm_register_file:rf|rf[6][28],  ;
;                                                           ;                                ; sm_top:sm_top|sr_cpu:sm_cpu|sm_register_file:rf|rf[7][28],  ;
;                                                           ;                                ; sm_top:sm_top|sr_cpu:sm_cpu|sm_register_file:rf|rf[0][28],  ;
;                                                           ;                                ; sm_top:sm_top|sr_cpu:sm_cpu|sm_register_file:rf|rf[1][28],  ;
;                                                           ;                                ; sm_top:sm_top|sr_cpu:sm_cpu|sm_register_file:rf|rf[2][28],  ;
;                                                           ;                                ; sm_top:sm_top|sr_cpu:sm_cpu|sm_register_file:rf|rf[3][28],  ;
;                                                           ;                                ; sm_top:sm_top|sr_cpu:sm_cpu|sm_register_file:rf|rf[16][28], ;
;                                                           ;                                ; sm_top:sm_top|sr_cpu:sm_cpu|sm_register_file:rf|rf[24][28], ;
;                                                           ;                                ; sm_top:sm_top|sr_cpu:sm_cpu|sm_register_file:rf|rf[28][28], ;
;                                                           ;                                ; sm_top:sm_top|sr_cpu:sm_cpu|sm_register_file:rf|rf[17][28], ;
;                                                           ;                                ; sm_top:sm_top|sr_cpu:sm_cpu|sm_register_file:rf|rf[25][28], ;
;                                                           ;                                ; sm_top:sm_top|sr_cpu:sm_cpu|sm_register_file:rf|rf[29][28], ;
;                                                           ;                                ; sm_top:sm_top|sr_cpu:sm_cpu|sm_register_file:rf|rf[26][28], ;
;                                                           ;                                ; sm_top:sm_top|sr_cpu:sm_cpu|sm_register_file:rf|rf[30][28], ;
;                                                           ;                                ; sm_top:sm_top|sr_cpu:sm_cpu|sm_register_file:rf|rf[23][28], ;
;                                                           ;                                ; sm_top:sm_top|sr_cpu:sm_cpu|sm_register_file:rf|rf[27][28], ;
;                                                           ;                                ; sm_top:sm_top|sr_cpu:sm_cpu|sm_register_file:rf|rf[31][28], ;
;                                                           ;                                ; sm_top:sm_top|sr_cpu:sm_cpu|sm_register_file:rf|rf[8][28],  ;
;                                                           ;                                ; sm_top:sm_top|sr_cpu:sm_cpu|sm_register_file:rf|rf[12][27], ;
;                                                           ;                                ; sm_top:sm_top|sr_cpu:sm_cpu|sm_register_file:rf|rf[13][27], ;
;                                                           ;                                ; sm_top:sm_top|sr_cpu:sm_cpu|sm_register_file:rf|rf[14][27], ;
;                                                           ;                                ; sm_top:sm_top|sr_cpu:sm_cpu|sm_register_file:rf|rf[15][27], ;
;                                                           ;                                ; sm_top:sm_top|sr_cpu:sm_cpu|sm_register_file:rf|rf[4][27],  ;
;                                                           ;                                ; sm_top:sm_top|sr_cpu:sm_cpu|sm_register_file:rf|rf[6][27],  ;
;                                                           ;                                ; sm_top:sm_top|sr_cpu:sm_cpu|sm_register_file:rf|rf[7][27],  ;
;                                                           ;                                ; sm_top:sm_top|sr_cpu:sm_cpu|sm_register_file:rf|rf[0][27],  ;
;                                                           ;                                ; sm_top:sm_top|sr_cpu:sm_cpu|sm_register_file:rf|rf[1][27],  ;
;                                                           ;                                ; sm_top:sm_top|sr_cpu:sm_cpu|sm_register_file:rf|rf[2][27],  ;
;                                                           ;                                ; sm_top:sm_top|sr_cpu:sm_cpu|sm_register_file:rf|rf[3][27],  ;
;                                                           ;                                ; sm_top:sm_top|sr_cpu:sm_cpu|sm_register_file:rf|rf[16][27], ;
;                                                           ;                                ; sm_top:sm_top|sr_cpu:sm_cpu|sm_register_file:rf|rf[24][27], ;
;                                                           ;                                ; sm_top:sm_top|sr_cpu:sm_cpu|sm_register_file:rf|rf[28][27], ;
;                                                           ;                                ; sm_top:sm_top|sr_cpu:sm_cpu|sm_register_file:rf|rf[17][27], ;
;                                                           ;                                ; sm_top:sm_top|sr_cpu:sm_cpu|sm_register_file:rf|rf[25][27], ;
;                                                           ;                                ; sm_top:sm_top|sr_cpu:sm_cpu|sm_register_file:rf|rf[29][27], ;
;                                                           ;                                ; sm_top:sm_top|sr_cpu:sm_cpu|sm_register_file:rf|rf[26][27], ;
;                                                           ;                                ; sm_top:sm_top|sr_cpu:sm_cpu|sm_register_file:rf|rf[30][27], ;
;                                                           ;                                ; sm_top:sm_top|sr_cpu:sm_cpu|sm_register_file:rf|rf[23][27], ;
;                                                           ;                                ; sm_top:sm_top|sr_cpu:sm_cpu|sm_register_file:rf|rf[27][27], ;
;                                                           ;                                ; sm_top:sm_top|sr_cpu:sm_cpu|sm_register_file:rf|rf[31][27], ;
;                                                           ;                                ; sm_top:sm_top|sr_cpu:sm_cpu|sm_register_file:rf|rf[8][27],  ;
;                                                           ;                                ; sm_top:sm_top|sr_cpu:sm_cpu|sm_register_file:rf|rf[12][26], ;
;                                                           ;                                ; sm_top:sm_top|sr_cpu:sm_cpu|sm_register_file:rf|rf[13][26], ;
;                                                           ;                                ; sm_top:sm_top|sr_cpu:sm_cpu|sm_register_file:rf|rf[14][26], ;
;                                                           ;                                ; sm_top:sm_top|sr_cpu:sm_cpu|sm_register_file:rf|rf[15][26], ;
;                                                           ;                                ; sm_top:sm_top|sr_cpu:sm_cpu|sm_register_file:rf|rf[4][26],  ;
;                                                           ;                                ; sm_top:sm_top|sr_cpu:sm_cpu|sm_register_file:rf|rf[6][26],  ;
;                                                           ;                                ; sm_top:sm_top|sr_cpu:sm_cpu|sm_register_file:rf|rf[7][26],  ;
;                                                           ;                                ; sm_top:sm_top|sr_cpu:sm_cpu|sm_register_file:rf|rf[0][26],  ;
;                                                           ;                                ; sm_top:sm_top|sr_cpu:sm_cpu|sm_register_file:rf|rf[1][26],  ;
;                                                           ;                                ; sm_top:sm_top|sr_cpu:sm_cpu|sm_register_file:rf|rf[2][26],  ;
;                                                           ;                                ; sm_top:sm_top|sr_cpu:sm_cpu|sm_register_file:rf|rf[3][26],  ;
;                                                           ;                                ; sm_top:sm_top|sr_cpu:sm_cpu|sm_register_file:rf|rf[16][26], ;
;                                                           ;                                ; sm_top:sm_top|sr_cpu:sm_cpu|sm_register_file:rf|rf[24][26], ;
;                                                           ;                                ; sm_top:sm_top|sr_cpu:sm_cpu|sm_register_file:rf|rf[28][26], ;
;                                                           ;                                ; sm_top:sm_top|sr_cpu:sm_cpu|sm_register_file:rf|rf[17][26], ;
;                                                           ;                                ; sm_top:sm_top|sr_cpu:sm_cpu|sm_register_file:rf|rf[25][26], ;
;                                                           ;                                ; sm_top:sm_top|sr_cpu:sm_cpu|sm_register_file:rf|rf[29][26], ;
;                                                           ;                                ; sm_top:sm_top|sr_cpu:sm_cpu|sm_register_file:rf|rf[26][26], ;
;                                                           ;                                ; sm_top:sm_top|sr_cpu:sm_cpu|sm_register_file:rf|rf[30][26], ;
;                                                           ;                                ; sm_top:sm_top|sr_cpu:sm_cpu|sm_register_file:rf|rf[23][26], ;
;                                                           ;                                ; sm_top:sm_top|sr_cpu:sm_cpu|sm_register_file:rf|rf[27][26], ;
;                                                           ;                                ; sm_top:sm_top|sr_cpu:sm_cpu|sm_register_file:rf|rf[31][26], ;
;                                                           ;                                ; sm_top:sm_top|sr_cpu:sm_cpu|sm_register_file:rf|rf[8][26],  ;
;                                                           ;                                ; sm_top:sm_top|sr_cpu:sm_cpu|sm_register_file:rf|rf[12][25], ;
;                                                           ;                                ; sm_top:sm_top|sr_cpu:sm_cpu|sm_register_file:rf|rf[13][25], ;
;                                                           ;                                ; sm_top:sm_top|sr_cpu:sm_cpu|sm_register_file:rf|rf[14][25], ;
;                                                           ;                                ; sm_top:sm_top|sr_cpu:sm_cpu|sm_register_file:rf|rf[15][25], ;
;                                                           ;                                ; sm_top:sm_top|sr_cpu:sm_cpu|sm_register_file:rf|rf[4][25],  ;
;                                                           ;                                ; sm_top:sm_top|sr_cpu:sm_cpu|sm_register_file:rf|rf[6][25],  ;
;                                                           ;                                ; sm_top:sm_top|sr_cpu:sm_cpu|sm_register_file:rf|rf[7][25],  ;
;                                                           ;                                ; sm_top:sm_top|sr_cpu:sm_cpu|sm_register_file:rf|rf[0][25],  ;
;                                                           ;                                ; sm_top:sm_top|sr_cpu:sm_cpu|sm_register_file:rf|rf[1][25],  ;
;                                                           ;                                ; sm_top:sm_top|sr_cpu:sm_cpu|sm_register_file:rf|rf[2][25],  ;
;                                                           ;                                ; sm_top:sm_top|sr_cpu:sm_cpu|sm_register_file:rf|rf[3][25],  ;
;                                                           ;                                ; sm_top:sm_top|sr_cpu:sm_cpu|sm_register_file:rf|rf[16][25], ;
;                                                           ;                                ; sm_top:sm_top|sr_cpu:sm_cpu|sm_register_file:rf|rf[24][25], ;
;                                                           ;                                ; sm_top:sm_top|sr_cpu:sm_cpu|sm_register_file:rf|rf[28][25], ;
;                                                           ;                                ; sm_top:sm_top|sr_cpu:sm_cpu|sm_register_file:rf|rf[17][25], ;
;                                                           ;                                ; sm_top:sm_top|sr_cpu:sm_cpu|sm_register_file:rf|rf[25][25], ;
;                                                           ;                                ; sm_top:sm_top|sr_cpu:sm_cpu|sm_register_file:rf|rf[29][25], ;
;                                                           ;                                ; sm_top:sm_top|sr_cpu:sm_cpu|sm_register_file:rf|rf[26][25], ;
;                                                           ;                                ; sm_top:sm_top|sr_cpu:sm_cpu|sm_register_file:rf|rf[30][25], ;
;                                                           ;                                ; sm_top:sm_top|sr_cpu:sm_cpu|sm_register_file:rf|rf[23][25], ;
;                                                           ;                                ; sm_top:sm_top|sr_cpu:sm_cpu|sm_register_file:rf|rf[27][25], ;
;                                                           ;                                ; sm_top:sm_top|sr_cpu:sm_cpu|sm_register_file:rf|rf[31][25], ;
;                                                           ;                                ; sm_top:sm_top|sr_cpu:sm_cpu|sm_register_file:rf|rf[8][25]   ;
; sm_top:sm_top|sr_cpu:sm_cpu|sm_register_file:rf|rf[12][0] ; Stuck at GND                   ; sm_top:sm_top|sr_cpu:sm_cpu|sm_register_file:rf|rf[8][6],   ;
;                                                           ; due to stuck port clock_enable ; sm_top:sm_top|sr_cpu:sm_cpu|sm_register_file:rf|rf[12][6],  ;
;                                                           ;                                ; sm_top:sm_top|sr_cpu:sm_cpu|sm_register_file:rf|rf[13][6],  ;
;                                                           ;                                ; sm_top:sm_top|sr_cpu:sm_cpu|sm_register_file:rf|rf[14][6],  ;
;                                                           ;                                ; sm_top:sm_top|sr_cpu:sm_cpu|sm_register_file:rf|rf[15][6],  ;
;                                                           ;                                ; sm_top:sm_top|sr_cpu:sm_cpu|sm_register_file:rf|rf[4][6],   ;
;                                                           ;                                ; sm_top:sm_top|sr_cpu:sm_cpu|sm_register_file:rf|rf[6][6],   ;
;                                                           ;                                ; sm_top:sm_top|sr_cpu:sm_cpu|sm_register_file:rf|rf[7][6],   ;
;                                                           ;                                ; sm_top:sm_top|sr_cpu:sm_cpu|sm_register_file:rf|rf[0][6],   ;
;                                                           ;                                ; sm_top:sm_top|sr_cpu:sm_cpu|sm_register_file:rf|rf[1][6],   ;
;                                                           ;                                ; sm_top:sm_top|sr_cpu:sm_cpu|sm_register_file:rf|rf[2][6],   ;
;                                                           ;                                ; sm_top:sm_top|sr_cpu:sm_cpu|sm_register_file:rf|rf[3][6],   ;
;                                                           ;                                ; sm_top:sm_top|sr_cpu:sm_cpu|sm_register_file:rf|rf[16][6],  ;
;                                                           ;                                ; sm_top:sm_top|sr_cpu:sm_cpu|sm_register_file:rf|rf[24][6],  ;
;                                                           ;                                ; sm_top:sm_top|sr_cpu:sm_cpu|sm_register_file:rf|rf[28][6],  ;
;                                                           ;                                ; sm_top:sm_top|sr_cpu:sm_cpu|sm_register_file:rf|rf[17][6],  ;
;                                                           ;                                ; sm_top:sm_top|sr_cpu:sm_cpu|sm_register_file:rf|rf[25][6],  ;
;                                                           ;                                ; sm_top:sm_top|sr_cpu:sm_cpu|sm_register_file:rf|rf[29][6],  ;
;                                                           ;                                ; sm_top:sm_top|sr_cpu:sm_cpu|sm_register_file:rf|rf[26][6],  ;
;                                                           ;                                ; sm_top:sm_top|sr_cpu:sm_cpu|sm_register_file:rf|rf[30][6],  ;
;                                                           ;                                ; sm_top:sm_top|sr_cpu:sm_cpu|sm_register_file:rf|rf[23][6],  ;
;                                                           ;                                ; sm_top:sm_top|sr_cpu:sm_cpu|sm_register_file:rf|rf[27][6],  ;
;                                                           ;                                ; sm_top:sm_top|sr_cpu:sm_cpu|sm_register_file:rf|rf[31][6],  ;
;                                                           ;                                ; sm_top:sm_top|sr_cpu:sm_cpu|sm_register_file:rf|rf[8][7],   ;
;                                                           ;                                ; sm_top:sm_top|sr_cpu:sm_cpu|sm_register_file:rf|rf[12][7],  ;
;                                                           ;                                ; sm_top:sm_top|sr_cpu:sm_cpu|sm_register_file:rf|rf[13][7],  ;
;                                                           ;                                ; sm_top:sm_top|sr_cpu:sm_cpu|sm_register_file:rf|rf[14][7],  ;
;                                                           ;                                ; sm_top:sm_top|sr_cpu:sm_cpu|sm_register_file:rf|rf[15][7],  ;
;                                                           ;                                ; sm_top:sm_top|sr_cpu:sm_cpu|sm_register_file:rf|rf[4][7],   ;
;                                                           ;                                ; sm_top:sm_top|sr_cpu:sm_cpu|sm_register_file:rf|rf[6][7],   ;
;                                                           ;                                ; sm_top:sm_top|sr_cpu:sm_cpu|sm_register_file:rf|rf[7][7],   ;
;                                                           ;                                ; sm_top:sm_top|sr_cpu:sm_cpu|sm_register_file:rf|rf[0][7],   ;
;                                                           ;                                ; sm_top:sm_top|sr_cpu:sm_cpu|sm_register_file:rf|rf[1][7],   ;
;                                                           ;                                ; sm_top:sm_top|sr_cpu:sm_cpu|sm_register_file:rf|rf[2][7],   ;
;                                                           ;                                ; sm_top:sm_top|sr_cpu:sm_cpu|sm_register_file:rf|rf[3][7],   ;
;                                                           ;                                ; sm_top:sm_top|sr_cpu:sm_cpu|sm_register_file:rf|rf[16][7],  ;
;                                                           ;                                ; sm_top:sm_top|sr_cpu:sm_cpu|sm_register_file:rf|rf[24][7],  ;
;                                                           ;                                ; sm_top:sm_top|sr_cpu:sm_cpu|sm_register_file:rf|rf[28][7],  ;
;                                                           ;                                ; sm_top:sm_top|sr_cpu:sm_cpu|sm_register_file:rf|rf[17][7],  ;
;                                                           ;                                ; sm_top:sm_top|sr_cpu:sm_cpu|sm_register_file:rf|rf[25][7],  ;
;                                                           ;                                ; sm_top:sm_top|sr_cpu:sm_cpu|sm_register_file:rf|rf[29][7],  ;
;                                                           ;                                ; sm_top:sm_top|sr_cpu:sm_cpu|sm_register_file:rf|rf[26][7],  ;
;                                                           ;                                ; sm_top:sm_top|sr_cpu:sm_cpu|sm_register_file:rf|rf[30][7],  ;
;                                                           ;                                ; sm_top:sm_top|sr_cpu:sm_cpu|sm_register_file:rf|rf[23][7],  ;
;                                                           ;                                ; sm_top:sm_top|sr_cpu:sm_cpu|sm_register_file:rf|rf[27][7],  ;
;                                                           ;                                ; sm_top:sm_top|sr_cpu:sm_cpu|sm_register_file:rf|rf[31][7]   ;
; sm_top:sm_top|sr_cpu:sm_cpu|sm_register_file:rf|rf[8][2]  ; Stuck at GND                   ; sm_top:sm_top|sr_cpu:sm_cpu|sm_register_file:rf|rf[8][4],   ;
;                                                           ; due to stuck port clock_enable ; sm_top:sm_top|sr_cpu:sm_cpu|sm_register_file:rf|rf[12][4],  ;
;                                                           ;                                ; sm_top:sm_top|sr_cpu:sm_cpu|sm_register_file:rf|rf[13][4],  ;
;                                                           ;                                ; sm_top:sm_top|sr_cpu:sm_cpu|sm_register_file:rf|rf[14][4],  ;
;                                                           ;                                ; sm_top:sm_top|sr_cpu:sm_cpu|sm_register_file:rf|rf[15][4],  ;
;                                                           ;                                ; sm_top:sm_top|sr_cpu:sm_cpu|sm_register_file:rf|rf[4][4],   ;
;                                                           ;                                ; sm_top:sm_top|sr_cpu:sm_cpu|sm_register_file:rf|rf[6][4],   ;
;                                                           ;                                ; sm_top:sm_top|sr_cpu:sm_cpu|sm_register_file:rf|rf[7][4],   ;
;                                                           ;                                ; sm_top:sm_top|sr_cpu:sm_cpu|sm_register_file:rf|rf[0][4],   ;
;                                                           ;                                ; sm_top:sm_top|sr_cpu:sm_cpu|sm_register_file:rf|rf[1][4],   ;
;                                                           ;                                ; sm_top:sm_top|sr_cpu:sm_cpu|sm_register_file:rf|rf[2][4],   ;
;                                                           ;                                ; sm_top:sm_top|sr_cpu:sm_cpu|sm_register_file:rf|rf[3][4],   ;
;                                                           ;                                ; sm_top:sm_top|sr_cpu:sm_cpu|sm_register_file:rf|rf[16][4],  ;
;                                                           ;                                ; sm_top:sm_top|sr_cpu:sm_cpu|sm_register_file:rf|rf[24][4],  ;
;                                                           ;                                ; sm_top:sm_top|sr_cpu:sm_cpu|sm_register_file:rf|rf[28][4],  ;
;                                                           ;                                ; sm_top:sm_top|sr_cpu:sm_cpu|sm_register_file:rf|rf[17][4],  ;
;                                                           ;                                ; sm_top:sm_top|sr_cpu:sm_cpu|sm_register_file:rf|rf[25][4],  ;
;                                                           ;                                ; sm_top:sm_top|sr_cpu:sm_cpu|sm_register_file:rf|rf[29][4],  ;
;                                                           ;                                ; sm_top:sm_top|sr_cpu:sm_cpu|sm_register_file:rf|rf[26][4],  ;
;                                                           ;                                ; sm_top:sm_top|sr_cpu:sm_cpu|sm_register_file:rf|rf[30][4],  ;
;                                                           ;                                ; sm_top:sm_top|sr_cpu:sm_cpu|sm_register_file:rf|rf[23][4],  ;
;                                                           ;                                ; sm_top:sm_top|sr_cpu:sm_cpu|sm_register_file:rf|rf[27][4],  ;
;                                                           ;                                ; sm_top:sm_top|sr_cpu:sm_cpu|sm_register_file:rf|rf[31][4],  ;
;                                                           ;                                ; sm_top:sm_top|sr_cpu:sm_cpu|sm_register_file:rf|rf[12][30], ;
;                                                           ;                                ; sm_top:sm_top|sr_cpu:sm_cpu|sm_register_file:rf|rf[13][30], ;
;                                                           ;                                ; sm_top:sm_top|sr_cpu:sm_cpu|sm_register_file:rf|rf[14][30], ;
;                                                           ;                                ; sm_top:sm_top|sr_cpu:sm_cpu|sm_register_file:rf|rf[15][30], ;
;                                                           ;                                ; sm_top:sm_top|sr_cpu:sm_cpu|sm_register_file:rf|rf[4][30],  ;
;                                                           ;                                ; sm_top:sm_top|sr_cpu:sm_cpu|sm_register_file:rf|rf[6][30],  ;
;                                                           ;                                ; sm_top:sm_top|sr_cpu:sm_cpu|sm_register_file:rf|rf[7][30],  ;
;                                                           ;                                ; sm_top:sm_top|sr_cpu:sm_cpu|sm_register_file:rf|rf[0][30],  ;
;                                                           ;                                ; sm_top:sm_top|sr_cpu:sm_cpu|sm_register_file:rf|rf[1][30],  ;
;                                                           ;                                ; sm_top:sm_top|sr_cpu:sm_cpu|sm_register_file:rf|rf[2][30],  ;
;                                                           ;                                ; sm_top:sm_top|sr_cpu:sm_cpu|sm_register_file:rf|rf[3][30],  ;
;                                                           ;                                ; sm_top:sm_top|sr_cpu:sm_cpu|sm_register_file:rf|rf[16][30], ;
;                                                           ;                                ; sm_top:sm_top|sr_cpu:sm_cpu|sm_register_file:rf|rf[24][30], ;
;                                                           ;                                ; sm_top:sm_top|sr_cpu:sm_cpu|sm_register_file:rf|rf[28][30], ;
;                                                           ;                                ; sm_top:sm_top|sr_cpu:sm_cpu|sm_register_file:rf|rf[17][30], ;
;                                                           ;                                ; sm_top:sm_top|sr_cpu:sm_cpu|sm_register_file:rf|rf[25][30], ;
;                                                           ;                                ; sm_top:sm_top|sr_cpu:sm_cpu|sm_register_file:rf|rf[29][30], ;
;                                                           ;                                ; sm_top:sm_top|sr_cpu:sm_cpu|sm_register_file:rf|rf[26][30], ;
;                                                           ;                                ; sm_top:sm_top|sr_cpu:sm_cpu|sm_register_file:rf|rf[30][30], ;
;                                                           ;                                ; sm_top:sm_top|sr_cpu:sm_cpu|sm_register_file:rf|rf[23][30], ;
;                                                           ;                                ; sm_top:sm_top|sr_cpu:sm_cpu|sm_register_file:rf|rf[27][30], ;
;                                                           ;                                ; sm_top:sm_top|sr_cpu:sm_cpu|sm_register_file:rf|rf[31][30], ;
;                                                           ;                                ; sm_top:sm_top|sr_cpu:sm_cpu|sm_register_file:rf|rf[8][30]   ;
; sm_top:sm_top|sr_cpu:sm_cpu|sm_register_file:rf|rf[8][1]  ; Stuck at GND                   ; sm_top:sm_top|sr_cpu:sm_cpu|sm_register_file:rf|rf[8][15],  ;
;                                                           ; due to stuck port clock_enable ; sm_top:sm_top|sr_cpu:sm_cpu|sm_register_file:rf|rf[12][15], ;
;                                                           ;                                ; sm_top:sm_top|sr_cpu:sm_cpu|sm_register_file:rf|rf[13][15], ;
;                                                           ;                                ; sm_top:sm_top|sr_cpu:sm_cpu|sm_register_file:rf|rf[14][15], ;
;                                                           ;                                ; sm_top:sm_top|sr_cpu:sm_cpu|sm_register_file:rf|rf[15][15], ;
;                                                           ;                                ; sm_top:sm_top|sr_cpu:sm_cpu|sm_register_file:rf|rf[4][15],  ;
;                                                           ;                                ; sm_top:sm_top|sr_cpu:sm_cpu|sm_register_file:rf|rf[6][15],  ;
;                                                           ;                                ; sm_top:sm_top|sr_cpu:sm_cpu|sm_register_file:rf|rf[7][15],  ;
;                                                           ;                                ; sm_top:sm_top|sr_cpu:sm_cpu|sm_register_file:rf|rf[0][15],  ;
;                                                           ;                                ; sm_top:sm_top|sr_cpu:sm_cpu|sm_register_file:rf|rf[1][15],  ;
;                                                           ;                                ; sm_top:sm_top|sr_cpu:sm_cpu|sm_register_file:rf|rf[2][15],  ;
;                                                           ;                                ; sm_top:sm_top|sr_cpu:sm_cpu|sm_register_file:rf|rf[3][15],  ;
;                                                           ;                                ; sm_top:sm_top|sr_cpu:sm_cpu|sm_register_file:rf|rf[16][15], ;
;                                                           ;                                ; sm_top:sm_top|sr_cpu:sm_cpu|sm_register_file:rf|rf[24][15], ;
;                                                           ;                                ; sm_top:sm_top|sr_cpu:sm_cpu|sm_register_file:rf|rf[28][15], ;
;                                                           ;                                ; sm_top:sm_top|sr_cpu:sm_cpu|sm_register_file:rf|rf[17][15], ;
;                                                           ;                                ; sm_top:sm_top|sr_cpu:sm_cpu|sm_register_file:rf|rf[25][15], ;
;                                                           ;                                ; sm_top:sm_top|sr_cpu:sm_cpu|sm_register_file:rf|rf[29][15], ;
;                                                           ;                                ; sm_top:sm_top|sr_cpu:sm_cpu|sm_register_file:rf|rf[26][15], ;
;                                                           ;                                ; sm_top:sm_top|sr_cpu:sm_cpu|sm_register_file:rf|rf[30][15], ;
;                                                           ;                                ; sm_top:sm_top|sr_cpu:sm_cpu|sm_register_file:rf|rf[23][15], ;
;                                                           ;                                ; sm_top:sm_top|sr_cpu:sm_cpu|sm_register_file:rf|rf[27][15], ;
;                                                           ;                                ; sm_top:sm_top|sr_cpu:sm_cpu|sm_register_file:rf|rf[31][15]  ;
+-----------------------------------------------------------+--------------------------------+-------------------------------------------------------------+


+------------------------------------------------------+
; General Register Statistics                          ;
+----------------------------------------------+-------+
; Statistic                                    ; Value ;
+----------------------------------------------+-------+
; Total registers                              ; 333   ;
; Number of registers using Synchronous Clear  ; 0     ;
; Number of registers using Synchronous Load   ; 7     ;
; Number of registers using Asynchronous Clear ; 25    ;
; Number of registers using Asynchronous Load  ; 0     ;
; Number of registers using Clock Enable       ; 311   ;
; Number of registers using Preset             ; 0     ;
+----------------------------------------------+-------+


+------------------------------------------------------------------+
; Registers Packed Into Inferred Megafunctions                     ;
+-------------------------------+---------------------------+------+
; Register Name                 ; Megafunction              ; Type ;
+-------------------------------+---------------------------+------+
; ram:coupled_ram|data_a[0..31] ; ram:coupled_ram|ram_rtl_0 ; RAM  ;
; ram:coupled_ram|data_b[0..23] ; ram:coupled_ram|ram_rtl_1 ; RAM  ;
+-------------------------------+---------------------------+------+


+--------------------------------------------------------------------------------------------------------------------------------------------------------------------------------+
; Multiplexer Restructuring Statistics (Restructuring Performed)                                                                                                                 ;
+--------------------+-----------+---------------+----------------------+------------------------+------------+------------------------------------------------------------------+
; Multiplexer Inputs ; Bus Width ; Baseline Area ; Area if Restructured ; Saving if Restructured ; Registered ; Example Multiplexer Output                                       ;
+--------------------+-----------+---------------+----------------------+------------------------+------------+------------------------------------------------------------------+
; 4:1                ; 30 bits   ; 60 LEs        ; 60 LEs               ; 0 LEs                  ; Yes        ; |de1_soc|sm_top:sm_top|sr_cpu:sm_cpu|sm_register:r_pc|q[20]      ;
; 4:1                ; 4 bits    ; 8 LEs         ; 8 LEs                ; 0 LEs                  ; No         ; |de1_soc|sm_top:sm_top|sr_cpu:sm_cpu|sr_alu:alu|ShiftLeft0       ;
; 4:1                ; 4 bits    ; 8 LEs         ; 8 LEs                ; 0 LEs                  ; No         ; |de1_soc|sm_top:sm_top|sr_cpu:sm_cpu|sr_alu:alu|ShiftLeft0       ;
; 4:1                ; 4 bits    ; 8 LEs         ; 8 LEs                ; 0 LEs                  ; No         ; |de1_soc|sm_top:sm_top|sr_cpu:sm_cpu|sr_alu:alu|ShiftLeft0       ;
; 4:1                ; 25 bits   ; 50 LEs        ; 50 LEs               ; 0 LEs                  ; No         ; |de1_soc|sm_top:sm_top|sr_cpu:sm_cpu|sr_alu:alu|ShiftLeft0       ;
; 9:1                ; 15 bits   ; 90 LEs        ; 60 LEs               ; 30 LEs                 ; No         ; |de1_soc|sm_top:sm_top|sr_cpu:sm_cpu|sr_alu:alu|Mux22            ;
; 33:1               ; 32 bits   ; 704 LEs       ; 704 LEs              ; 0 LEs                  ; No         ; |de1_soc|sm_top:sm_top|sr_cpu:sm_cpu|sm_register_file:rf|rd2[13] ;
; 33:1               ; 32 bits   ; 704 LEs       ; 704 LEs              ; 0 LEs                  ; No         ; |de1_soc|sm_top:sm_top|sr_cpu:sm_cpu|sm_register_file:rf|rd1[17] ;
; 12:1               ; 12 bits   ; 96 LEs        ; 72 LEs               ; 24 LEs                 ; No         ; |de1_soc|sm_top:sm_top|sr_cpu:sm_cpu|sr_alu:alu|Mux11            ;
; 15:1               ; 4 bits    ; 40 LEs        ; 32 LEs               ; 8 LEs                  ; No         ; |de1_soc|sm_top:sm_top|sr_cpu:sm_cpu|sr_alu:alu|Mux1             ;
+--------------------+-----------+---------------+----------------------+------------------------+------------+------------------------------------------------------------------+


+--------------------------------------------------------------------------------------------+
; Source assignments for ram:coupled_ram|altsyncram:ram_rtl_0|altsyncram_v1j1:auto_generated ;
+---------------------------------+--------------------+------+------------------------------+
; Assignment                      ; Value              ; From ; To                           ;
+---------------------------------+--------------------+------+------------------------------+
; OPTIMIZE_POWER_DURING_SYNTHESIS ; NORMAL_COMPILATION ; -    ; -                            ;
+---------------------------------+--------------------+------+------------------------------+


+--------------------------------------------------------------------------------------------+
; Source assignments for ram:coupled_ram|altsyncram:ram_rtl_1|altsyncram_bf02:auto_generated ;
+---------------------------------+--------------------+------+------------------------------+
; Assignment                      ; Value              ; From ; To                           ;
+---------------------------------+--------------------+------+------------------------------+
; OPTIMIZE_POWER_DURING_SYNTHESIS ; NORMAL_COMPILATION ; -    ; -                            ;
+---------------------------------+--------------------+------+------------------------------+


+----------------------------------------------------------------------------+
; Parameter Settings for User Entity Instance: sm_top:sm_top|sm_debouncer:f0 ;
+----------------+-------+---------------------------------------------------+
; Parameter Name ; Value ; Type                                              ;
+----------------+-------+---------------------------------------------------+
; SIZE           ; 4     ; Signed Integer                                    ;
+----------------+-------+---------------------------------------------------+
Note: In order to hide this table in the UI and the text report file, please set the "Show Parameter Settings in Synthesis Report" option in "Analysis and Synthesis Settings -> More Settings" to "Off".


+----------------------------------------------------------------------------+
; Parameter Settings for User Entity Instance: sm_top:sm_top|sm_debouncer:f1 ;
+----------------+-------+---------------------------------------------------+
; Parameter Name ; Value ; Type                                              ;
+----------------+-------+---------------------------------------------------+
; SIZE           ; 1     ; Signed Integer                                    ;
+----------------+-------+---------------------------------------------------+
Note: In order to hide this table in the UI and the text report file, please set the "Show Parameter Settings in Synthesis Report" option in "Analysis and Synthesis Settings -> More Settings" to "Off".


+----------------------------------------------------------------------------+
; Parameter Settings for User Entity Instance: sm_top:sm_top|sm_debouncer:f2 ;
+----------------+-------+---------------------------------------------------+
; Parameter Name ; Value ; Type                                              ;
+----------------+-------+---------------------------------------------------+
; SIZE           ; 5     ; Signed Integer                                    ;
+----------------+-------+---------------------------------------------------+
Note: In order to hide this table in the UI and the text report file, please set the "Show Parameter Settings in Synthesis Report" option in "Analysis and Synthesis Settings -> More Settings" to "Off".


+------------------------------------------------------------------------------------------+
; Parameter Settings for User Entity Instance: sm_top:sm_top|sm_clk_divider:sm_clk_divider ;
+----------------+-------+-----------------------------------------------------------------+
; Parameter Name ; Value ; Type                                                            ;
+----------------+-------+-----------------------------------------------------------------+
; shift          ; 0     ; Signed Integer                                                  ;
; bypass         ; 0     ; Signed Integer                                                  ;
+----------------+-------+-----------------------------------------------------------------+
Note: In order to hide this table in the UI and the text report file, please set the "Show Parameter Settings in Synthesis Report" option in "Analysis and Synthesis Settings -> More Settings" to "Off".


+-----------------------------------------------------------------------------+
; Parameter Settings for User Entity Instance: sm_top:sm_top|sm_rom:reset_rom ;
+----------------+-------+----------------------------------------------------+
; Parameter Name ; Value ; Type                                               ;
+----------------+-------+----------------------------------------------------+
; SIZE           ; 64    ; Signed Integer                                     ;
+----------------+-------+----------------------------------------------------+
Note: In order to hide this table in the UI and the text report file, please set the "Show Parameter Settings in Synthesis Report" option in "Analysis and Synthesis Settings -> More Settings" to "Off".


+--------------------------------------------------------------+
; Parameter Settings for User Entity Instance: ram:coupled_ram ;
+----------------+-------+-------------------------------------+
; Parameter Name ; Value ; Type                                ;
+----------------+-------+-------------------------------------+
; ADDR_WIDTH     ; 6     ; Signed Integer                      ;
; BATCH_WIDTH    ; 4     ; Signed Integer                      ;
; BYTE_WIDTH     ; 8     ; Signed Integer                      ;
+----------------+-------+-------------------------------------+
Note: In order to hide this table in the UI and the text report file, please set the "Show Parameter Settings in Synthesis Report" option in "Analysis and Synthesis Settings -> More Settings" to "Off".


+-------------------------------------------------------------------------------------------+
; Parameter Settings for Inferred Entity Instance: ram:coupled_ram|altsyncram:ram_rtl_0     ;
+------------------------------------+-------------------------------------+----------------+
; Parameter Name                     ; Value                               ; Type           ;
+------------------------------------+-------------------------------------+----------------+
; BYTE_SIZE_BLOCK                    ; 8                                   ; Untyped        ;
; AUTO_CARRY_CHAINS                  ; ON                                  ; AUTO_CARRY     ;
; IGNORE_CARRY_BUFFERS               ; OFF                                 ; IGNORE_CARRY   ;
; AUTO_CASCADE_CHAINS                ; ON                                  ; AUTO_CASCADE   ;
; IGNORE_CASCADE_BUFFERS             ; OFF                                 ; IGNORE_CASCADE ;
; WIDTH_BYTEENA                      ; 1                                   ; Untyped        ;
; OPERATION_MODE                     ; SINGLE_PORT                         ; Untyped        ;
; WIDTH_A                            ; 32                                  ; Untyped        ;
; WIDTHAD_A                          ; 6                                   ; Untyped        ;
; NUMWORDS_A                         ; 64                                  ; Untyped        ;
; OUTDATA_REG_A                      ; UNREGISTERED                        ; Untyped        ;
; ADDRESS_ACLR_A                     ; NONE                                ; Untyped        ;
; OUTDATA_ACLR_A                     ; NONE                                ; Untyped        ;
; WRCONTROL_ACLR_A                   ; NONE                                ; Untyped        ;
; INDATA_ACLR_A                      ; NONE                                ; Untyped        ;
; BYTEENA_ACLR_A                     ; NONE                                ; Untyped        ;
; WIDTH_B                            ; 1                                   ; Untyped        ;
; WIDTHAD_B                          ; 1                                   ; Untyped        ;
; NUMWORDS_B                         ; 1                                   ; Untyped        ;
; INDATA_REG_B                       ; CLOCK1                              ; Untyped        ;
; WRCONTROL_WRADDRESS_REG_B          ; CLOCK1                              ; Untyped        ;
; RDCONTROL_REG_B                    ; CLOCK1                              ; Untyped        ;
; ADDRESS_REG_B                      ; CLOCK1                              ; Untyped        ;
; OUTDATA_REG_B                      ; UNREGISTERED                        ; Untyped        ;
; BYTEENA_REG_B                      ; CLOCK1                              ; Untyped        ;
; INDATA_ACLR_B                      ; NONE                                ; Untyped        ;
; WRCONTROL_ACLR_B                   ; NONE                                ; Untyped        ;
; ADDRESS_ACLR_B                     ; NONE                                ; Untyped        ;
; OUTDATA_ACLR_B                     ; NONE                                ; Untyped        ;
; RDCONTROL_ACLR_B                   ; NONE                                ; Untyped        ;
; BYTEENA_ACLR_B                     ; NONE                                ; Untyped        ;
; WIDTH_BYTEENA_A                    ; 4                                   ; Untyped        ;
; WIDTH_BYTEENA_B                    ; 4                                   ; Untyped        ;
; RAM_BLOCK_TYPE                     ; AUTO                                ; Untyped        ;
; BYTE_SIZE                          ; 8                                   ; Untyped        ;
; READ_DURING_WRITE_MODE_MIXED_PORTS ; DONT_CARE                           ; Untyped        ;
; READ_DURING_WRITE_MODE_PORT_A      ; NEW_DATA_NO_NBE_READ                ; Untyped        ;
; READ_DURING_WRITE_MODE_PORT_B      ; NEW_DATA_NO_NBE_READ                ; Untyped        ;
; INIT_FILE                          ; db/de1_soc.ram0_ram_d5bf64a.hdl.mif ; Untyped        ;
; INIT_FILE_LAYOUT                   ; PORT_A                              ; Untyped        ;
; MAXIMUM_DEPTH                      ; 0                                   ; Untyped        ;
; CLOCK_ENABLE_INPUT_A               ; NORMAL                              ; Untyped        ;
; CLOCK_ENABLE_INPUT_B               ; NORMAL                              ; Untyped        ;
; CLOCK_ENABLE_OUTPUT_A              ; NORMAL                              ; Untyped        ;
; CLOCK_ENABLE_OUTPUT_B              ; NORMAL                              ; Untyped        ;
; CLOCK_ENABLE_CORE_A                ; USE_INPUT_CLKEN                     ; Untyped        ;
; CLOCK_ENABLE_CORE_B                ; USE_INPUT_CLKEN                     ; Untyped        ;
; ENABLE_ECC                         ; FALSE                               ; Untyped        ;
; ECC_PIPELINE_STAGE_ENABLED         ; FALSE                               ; Untyped        ;
; WIDTH_ECCSTATUS                    ; 3                                   ; Untyped        ;
; DEVICE_FAMILY                      ; Cyclone V                           ; Untyped        ;
; CBXI_PARAMETER                     ; altsyncram_v1j1                     ; Untyped        ;
+------------------------------------+-------------------------------------+----------------+
Note: In order to hide this table in the UI and the text report file, please set the "Show Parameter Settings in Synthesis Report" option in "Analysis and Synthesis Settings -> More Settings" to "Off".


+-------------------------------------------------------------------------------------------+
; Parameter Settings for Inferred Entity Instance: ram:coupled_ram|altsyncram:ram_rtl_1     ;
+------------------------------------+-------------------------------------+----------------+
; Parameter Name                     ; Value                               ; Type           ;
+------------------------------------+-------------------------------------+----------------+
; BYTE_SIZE_BLOCK                    ; 8                                   ; Untyped        ;
; AUTO_CARRY_CHAINS                  ; ON                                  ; AUTO_CARRY     ;
; IGNORE_CARRY_BUFFERS               ; OFF                                 ; IGNORE_CARRY   ;
; AUTO_CASCADE_CHAINS                ; ON                                  ; AUTO_CASCADE   ;
; IGNORE_CASCADE_BUFFERS             ; OFF                                 ; IGNORE_CASCADE ;
; WIDTH_BYTEENA                      ; 1                                   ; Untyped        ;
; OPERATION_MODE                     ; DUAL_PORT                           ; Untyped        ;
; WIDTH_A                            ; 32                                  ; Untyped        ;
; WIDTHAD_A                          ; 6                                   ; Untyped        ;
; NUMWORDS_A                         ; 64                                  ; Untyped        ;
; OUTDATA_REG_A                      ; UNREGISTERED                        ; Untyped        ;
; ADDRESS_ACLR_A                     ; NONE                                ; Untyped        ;
; OUTDATA_ACLR_A                     ; NONE                                ; Untyped        ;
; WRCONTROL_ACLR_A                   ; NONE                                ; Untyped        ;
; INDATA_ACLR_A                      ; NONE                                ; Untyped        ;
; BYTEENA_ACLR_A                     ; NONE                                ; Untyped        ;
; WIDTH_B                            ; 32                                  ; Untyped        ;
; WIDTHAD_B                          ; 6                                   ; Untyped        ;
; NUMWORDS_B                         ; 64                                  ; Untyped        ;
; INDATA_REG_B                       ; CLOCK1                              ; Untyped        ;
; WRCONTROL_WRADDRESS_REG_B          ; CLOCK1                              ; Untyped        ;
; RDCONTROL_REG_B                    ; CLOCK1                              ; Untyped        ;
; ADDRESS_REG_B                      ; CLOCK0                              ; Untyped        ;
; OUTDATA_REG_B                      ; UNREGISTERED                        ; Untyped        ;
; BYTEENA_REG_B                      ; CLOCK1                              ; Untyped        ;
; INDATA_ACLR_B                      ; NONE                                ; Untyped        ;
; WRCONTROL_ACLR_B                   ; NONE                                ; Untyped        ;
; ADDRESS_ACLR_B                     ; NONE                                ; Untyped        ;
; OUTDATA_ACLR_B                     ; NONE                                ; Untyped        ;
; RDCONTROL_ACLR_B                   ; NONE                                ; Untyped        ;
; BYTEENA_ACLR_B                     ; NONE                                ; Untyped        ;
; WIDTH_BYTEENA_A                    ; 4                                   ; Untyped        ;
; WIDTH_BYTEENA_B                    ; 4                                   ; Untyped        ;
; RAM_BLOCK_TYPE                     ; AUTO                                ; Untyped        ;
; BYTE_SIZE                          ; 8                                   ; Untyped        ;
; READ_DURING_WRITE_MODE_MIXED_PORTS ; OLD_DATA                            ; Untyped        ;
; READ_DURING_WRITE_MODE_PORT_A      ; NEW_DATA_NO_NBE_READ                ; Untyped        ;
; READ_DURING_WRITE_MODE_PORT_B      ; NEW_DATA_NO_NBE_READ                ; Untyped        ;
; INIT_FILE                          ; db/de1_soc.ram0_ram_d5bf64a.hdl.mif ; Untyped        ;
; INIT_FILE_LAYOUT                   ; PORT_A                              ; Untyped        ;
; MAXIMUM_DEPTH                      ; 0                                   ; Untyped        ;
; CLOCK_ENABLE_INPUT_A               ; NORMAL                              ; Untyped        ;
; CLOCK_ENABLE_INPUT_B               ; NORMAL                              ; Untyped        ;
; CLOCK_ENABLE_OUTPUT_A              ; NORMAL                              ; Untyped        ;
; CLOCK_ENABLE_OUTPUT_B              ; NORMAL                              ; Untyped        ;
; CLOCK_ENABLE_CORE_A                ; USE_INPUT_CLKEN                     ; Untyped        ;
; CLOCK_ENABLE_CORE_B                ; USE_INPUT_CLKEN                     ; Untyped        ;
; ENABLE_ECC                         ; FALSE                               ; Untyped        ;
; ECC_PIPELINE_STAGE_ENABLED         ; FALSE                               ; Untyped        ;
; WIDTH_ECCSTATUS                    ; 3                                   ; Untyped        ;
; DEVICE_FAMILY                      ; Cyclone V                           ; Untyped        ;
; CBXI_PARAMETER                     ; altsyncram_bf02                     ; Untyped        ;
+------------------------------------+-------------------------------------+----------------+
Note: In order to hide this table in the UI and the text report file, please set the "Show Parameter Settings in Synthesis Report" option in "Analysis and Synthesis Settings -> More Settings" to "Off".


+----------------------------------------------------------------------------------+
; altsyncram Parameter Settings by Entity Instance                                 ;
+-------------------------------------------+--------------------------------------+
; Name                                      ; Value                                ;
+-------------------------------------------+--------------------------------------+
; Number of entity instances                ; 2                                    ;
; Entity Instance                           ; ram:coupled_ram|altsyncram:ram_rtl_0 ;
;     -- OPERATION_MODE                     ; SINGLE_PORT                          ;
;     -- WIDTH_A                            ; 32                                   ;
;     -- NUMWORDS_A                         ; 64                                   ;
;     -- OUTDATA_REG_A                      ; UNREGISTERED                         ;
;     -- WIDTH_B                            ; 1                                    ;
;     -- NUMWORDS_B                         ; 1                                    ;
;     -- ADDRESS_REG_B                      ; CLOCK1                               ;
;     -- OUTDATA_REG_B                      ; UNREGISTERED                         ;
;     -- RAM_BLOCK_TYPE                     ; AUTO                                 ;
;     -- READ_DURING_WRITE_MODE_MIXED_PORTS ; DONT_CARE                            ;
; Entity Instance                           ; ram:coupled_ram|altsyncram:ram_rtl_1 ;
;     -- OPERATION_MODE                     ; DUAL_PORT                            ;
;     -- WIDTH_A                            ; 32                                   ;
;     -- NUMWORDS_A                         ; 64                                   ;
;     -- OUTDATA_REG_A                      ; UNREGISTERED                         ;
;     -- WIDTH_B                            ; 32                                   ;
;     -- NUMWORDS_B                         ; 64                                   ;
;     -- ADDRESS_REG_B                      ; CLOCK0                               ;
;     -- OUTDATA_REG_B                      ; UNREGISTERED                         ;
;     -- RAM_BLOCK_TYPE                     ; AUTO                                 ;
;     -- READ_DURING_WRITE_MODE_MIXED_PORTS ; OLD_DATA                             ;
+-------------------------------------------+--------------------------------------+


+-------------------------------------------------------------------------------------------------------------------------------------------------------------------------------------------------------------------------+
; Port Connectivity Checks: "ram:coupled_ram"                                                                                                                                                                             ;
+----------------+--------+----------+------------------------------------------------------------------------------------------------------------------------------------------------------------------------------------+
; Port           ; Type   ; Severity ; Details                                                                                                                                                                            ;
+----------------+--------+----------+------------------------------------------------------------------------------------------------------------------------------------------------------------------------------------+
; addr_a         ; Input  ; Warning  ; Input port expression (32 bits) is wider than the input port (6 bits) it drives.  The 26 most-significant bit(s) in the expression will be dangling if they have no other fanouts. ;
; byte_en_a      ; Input  ; Info     ; Stuck at VCC                                                                                                                                                                       ;
; addr_b         ; Input  ; Warning  ; Input port expression (7 bits) is wider than the input port (6 bits) it drives.  The 1 most-significant bit(s) in the expression will be dangling if they have no other fanouts.   ;
; addr_b[5]      ; Input  ; Info     ; Stuck at GND                                                                                                                                                                       ;
; data_b[31..24] ; Output ; Info     ; Connected to dangling logic. Logic that only feeds a dangling port will be removed.                                                                                                ;
; write_b        ; Input  ; Info     ; Explicitly unconnected                                                                                                                                                             ;
; byte_en_b      ; Input  ; Info     ; Explicitly unconnected                                                                                                                                                             ;
; write_en_b     ; Input  ; Info     ; Stuck at GND                                                                                                                                                                       ;
+----------------+--------+----------+------------------------------------------------------------------------------------------------------------------------------------------------------------------------------------+


+------------------------------------------------------------------------------------------------------------------------------------------------------------------------+
; Port Connectivity Checks: "sm_top:sm_top|sr_cpu:sm_cpu|sm_register_file:rf"                                                                                            ;
+------+-------+----------+----------------------------------------------------------------------------------------------------------------------------------------------+
; Port ; Type  ; Severity ; Details                                                                                                                                      ;
+------+-------+----------+----------------------------------------------------------------------------------------------------------------------------------------------+
; a0   ; Input ; Warning  ; Declared by entity but not connected by instance. If a default value exists, it will be used.  Otherwise, the port will be connected to GND. ;
+------+-------+----------+----------------------------------------------------------------------------------------------------------------------------------------------+


+--------------------------------------------------------------------------------------------------------------------------+
; Port Connectivity Checks: "sm_top:sm_top"                                                                                ;
+----------------+--------+----------+-------------------------------------------------------------------------------------+
; Port           ; Type   ; Severity ; Details                                                                             ;
+----------------+--------+----------+-------------------------------------------------------------------------------------+
; regData[31..9] ; Output ; Info     ; Connected to dangling logic. Logic that only feeds a dangling port will be removed. ;
; lsaddr[31..6]  ; Output ; Info     ; Connected to dangling logic. Logic that only feeds a dangling port will be removed. ;
+----------------+--------+----------+-------------------------------------------------------------------------------------+


+-----------------------------------------------------+
; Post-Synthesis Netlist Statistics for Top Partition ;
+-----------------------+-----------------------------+
; Type                  ; Count                       ;
+-----------------------+-----------------------------+
; arriav_ff             ; 333                         ;
;     CLR               ; 2                           ;
;     ENA               ; 288                         ;
;     ENA CLR           ; 16                          ;
;     ENA CLR SLD       ; 7                           ;
;     plain             ; 20                          ;
; arriav_io_obuf        ; 73                          ;
; arriav_lcell_comb     ; 1139                        ;
;     arith             ; 115                         ;
;         0 data inputs ; 1                           ;
;         1 data inputs ; 21                          ;
;         2 data inputs ; 17                          ;
;         3 data inputs ; 7                           ;
;         5 data inputs ; 69                          ;
;     extend            ; 1                           ;
;         7 data inputs ; 1                           ;
;     normal            ; 1023                        ;
;         0 data inputs ; 1                           ;
;         1 data inputs ; 7                           ;
;         2 data inputs ; 102                         ;
;         3 data inputs ; 342                         ;
;         4 data inputs ; 190                         ;
;         5 data inputs ; 136                         ;
;         6 data inputs ; 245                         ;
; arriav_mac            ; 2                           ;
; boundary_port         ; 141                         ;
; stratixv_ram_block    ; 56                          ;
;                       ;                             ;
; Max LUT depth         ; 13.00                       ;
; Average LUT depth     ; 9.66                        ;
+-----------------------+-----------------------------+


+-------------------------------+
; Elapsed Time Per Partition    ;
+----------------+--------------+
; Partition Name ; Elapsed Time ;
+----------------+--------------+
; Top            ; 00:00:03     ;
+----------------+--------------+


+-------------------------------+
; Analysis & Synthesis Messages ;
+-------------------------------+
Info: *******************************************************************
Info: Running Quartus Prime Analysis & Synthesis
    Info: Version 17.1.0 Build 590 10/25/2017 SJ Lite Edition
    Info: Processing started: Wed Jan 28 21:31:30 2026
Info: Command: quartus_map --read_settings_files=on --write_settings_files=off de1_soc -c de1_soc
Warning (18236): Number of processors has not been specified which may cause overloading on shared machines.  Set the global assignment NUM_PARALLEL_PROCESSORS in your QSF to an appropriate value for best performance.
Info (20030): Parallel compilation is enabled and will use 16 of the 16 processors detected
Info (12021): Found 5 design units, including 5 entities, in source file /codingspace/systemdesignofdigitaldevices/schoolriscv/lab 7/src/sr_cpu.v
    Info (12023): Found entity 1: sr_cpu File: G:/CodingSpace/SystemDesignOfDigitalDevices/schoolRISCV/Lab 7/src/sr_cpu.v Line: 13
    Info (12023): Found entity 2: sr_decode File: G:/CodingSpace/SystemDesignOfDigitalDevices/schoolRISCV/Lab 7/src/sr_cpu.v Line: 170
    Info (12023): Found entity 3: sr_control File: G:/CodingSpace/SystemDesignOfDigitalDevices/schoolRISCV/Lab 7/src/sr_cpu.v Line: 220
    Info (12023): Found entity 4: sr_alu File: G:/CodingSpace/SystemDesignOfDigitalDevices/schoolRISCV/Lab 7/src/sr_cpu.v Line: 288
    Info (12023): Found entity 5: sm_register_file File: G:/CodingSpace/SystemDesignOfDigitalDevices/schoolRISCV/Lab 7/src/sr_cpu.v Line: 312
Info (12021): Found 3 design units, including 3 entities, in source file /codingspace/systemdesignofdigitaldevices/schoolriscv/lab 7/src/sm_top.v
    Info (12023): Found entity 1: sm_top File: G:/CodingSpace/SystemDesignOfDigitalDevices/schoolRISCV/Lab 7/src/sm_top.v Line: 12
    Info (12023): Found entity 2: sm_debouncer File: G:/CodingSpace/SystemDesignOfDigitalDevices/schoolRISCV/Lab 7/src/sm_top.v Line: 70
    Info (12023): Found entity 3: sm_clk_divider File: G:/CodingSpace/SystemDesignOfDigitalDevices/schoolRISCV/Lab 7/src/sm_top.v Line: 89
Info (12021): Found 1 design units, including 1 entities, in source file /codingspace/systemdesignofdigitaldevices/schoolriscv/lab 7/src/sm_rom.v
    Info (12023): Found entity 1: sm_rom File: G:/CodingSpace/SystemDesignOfDigitalDevices/schoolRISCV/Lab 7/src/sm_rom.v Line: 11
Info (12021): Found 2 design units, including 2 entities, in source file /codingspace/systemdesignofdigitaldevices/schoolriscv/lab 7/src/sm_register.v
    Info (12023): Found entity 1: sm_register File: G:/CodingSpace/SystemDesignOfDigitalDevices/schoolRISCV/Lab 7/src/sm_register.v Line: 11
    Info (12023): Found entity 2: sm_register_we File: G:/CodingSpace/SystemDesignOfDigitalDevices/schoolRISCV/Lab 7/src/sm_register.v Line: 26
Info (12021): Found 2 design units, including 2 entities, in source file /codingspace/systemdesignofdigitaldevices/schoolriscv/lab 7/src/sm_hex_display.v
    Info (12023): Found entity 1: sm_hex_display File: G:/CodingSpace/SystemDesignOfDigitalDevices/schoolRISCV/Lab 7/src/sm_hex_display.v Line: 11
    Info (12023): Found entity 2: sm_hex_display_8 File: G:/CodingSpace/SystemDesignOfDigitalDevices/schoolRISCV/Lab 7/src/sm_hex_display.v Line: 41
Info (12021): Found 1 design units, including 1 entities, in source file /codingspace/systemdesignofdigitaldevices/schoolriscv/lab 7/src/ram.sv
    Info (12023): Found entity 1: ram File: G:/CodingSpace/SystemDesignOfDigitalDevices/schoolRISCV/Lab 7/src/ram.sv Line: 1
Info (12021): Found 1 design units, including 1 entities, in source file de1_soc.v
    Info (12023): Found entity 1: de1_soc File: G:/CodingSpace/SystemDesignOfDigitalDevices/schoolRISCV/Lab 7/board/de1_soc/de1_soc.v Line: 22
Info (12127): Elaborating entity "de1_soc" for the top level hierarchy
Warning (10034): Output port "FPGA_I2C_SCLK" at de1_soc.v(75) has no driver File: G:/CodingSpace/SystemDesignOfDigitalDevices/schoolRISCV/Lab 7/board/de1_soc/de1_soc.v Line: 75
Info (12128): Elaborating entity "sm_top" for hierarchy "sm_top:sm_top" File: G:/CodingSpace/SystemDesignOfDigitalDevices/schoolRISCV/Lab 7/board/de1_soc/de1_soc.v Line: 219
Info (12128): Elaborating entity "sm_debouncer" for hierarchy "sm_top:sm_top|sm_debouncer:f0" File: G:/CodingSpace/SystemDesignOfDigitalDevices/schoolRISCV/Lab 7/src/sm_top.v Line: 33
Info (12128): Elaborating entity "sm_debouncer" for hierarchy "sm_top:sm_top|sm_debouncer:f1" File: G:/CodingSpace/SystemDesignOfDigitalDevices/schoolRISCV/Lab 7/src/sm_top.v Line: 34
Info (12128): Elaborating entity "sm_debouncer" for hierarchy "sm_top:sm_top|sm_debouncer:f2" File: G:/CodingSpace/SystemDesignOfDigitalDevices/schoolRISCV/Lab 7/src/sm_top.v Line: 35
Info (12128): Elaborating entity "sm_clk_divider" for hierarchy "sm_top:sm_top|sm_clk_divider:sm_clk_divider" File: G:/CodingSpace/SystemDesignOfDigitalDevices/schoolRISCV/Lab 7/src/sm_top.v Line: 46
Warning (10027): Verilog HDL or VHDL warning at the sm_top.v(106): index expression is not wide enough to address all of the elements in the array File: G:/CodingSpace/SystemDesignOfDigitalDevices/schoolRISCV/Lab 7/src/sm_top.v Line: 106
Info (12128): Elaborating entity "sm_register_we" for hierarchy "sm_top:sm_top|sm_clk_divider:sm_clk_divider|sm_register_we:r_cntr" File: G:/CodingSpace/SystemDesignOfDigitalDevices/schoolRISCV/Lab 7/src/sm_top.v Line: 103
Info (12128): Elaborating entity "sm_rom" for hierarchy "sm_top:sm_top|sm_rom:reset_rom" File: G:/CodingSpace/SystemDesignOfDigitalDevices/schoolRISCV/Lab 7/src/sm_top.v Line: 51
Warning (10850): Verilog HDL warning at sm_rom.v(23): number of words (31) in memory file does not match the number of elements in the address range [0:63] File: G:/CodingSpace/SystemDesignOfDigitalDevices/schoolRISCV/Lab 7/src/sm_rom.v Line: 23
Warning (10030): Net "rom.data_a" at sm_rom.v(19) has no driver or initial value, using a default initial value '0' File: G:/CodingSpace/SystemDesignOfDigitalDevices/schoolRISCV/Lab 7/src/sm_rom.v Line: 19
Warning (10030): Net "rom.waddr_a" at sm_rom.v(19) has no driver or initial value, using a default initial value '0' File: G:/CodingSpace/SystemDesignOfDigitalDevices/schoolRISCV/Lab 7/src/sm_rom.v Line: 19
Warning (10030): Net "rom.we_a" at sm_rom.v(19) has no driver or initial value, using a default initial value '0' File: G:/CodingSpace/SystemDesignOfDigitalDevices/schoolRISCV/Lab 7/src/sm_rom.v Line: 19
Info (12128): Elaborating entity "sr_cpu" for hierarchy "sm_top:sm_top|sr_cpu:sm_cpu" File: G:/CodingSpace/SystemDesignOfDigitalDevices/schoolRISCV/Lab 7/src/sm_top.v Line: 65
Info (12128): Elaborating entity "sm_register" for hierarchy "sm_top:sm_top|sr_cpu:sm_cpu|sm_register:r_pc" File: G:/CodingSpace/SystemDesignOfDigitalDevices/schoolRISCV/Lab 7/src/sr_cpu.v Line: 54
Info (12128): Elaborating entity "sr_decode" for hierarchy "sm_top:sm_top|sr_cpu:sm_cpu|sr_decode:id" File: G:/CodingSpace/SystemDesignOfDigitalDevices/schoolRISCV/Lab 7/src/sr_cpu.v Line: 73
Info (12128): Elaborating entity "sm_register_file" for hierarchy "sm_top:sm_top|sr_cpu:sm_cpu|sm_register_file:rf" File: G:/CodingSpace/SystemDesignOfDigitalDevices/schoolRISCV/Lab 7/src/sr_cpu.v Line: 91
Info (12128): Elaborating entity "sr_alu" for hierarchy "sm_top:sm_top|sr_cpu:sm_cpu|sr_alu:alu" File: G:/CodingSpace/SystemDesignOfDigitalDevices/schoolRISCV/Lab 7/src/sr_cpu.v Line: 132
Info (12128): Elaborating entity "sr_control" for hierarchy "sm_top:sm_top|sr_cpu:sm_cpu|sr_control:sm_control" File: G:/CodingSpace/SystemDesignOfDigitalDevices/schoolRISCV/Lab 7/src/sr_cpu.v Line: 166
Warning (10270): Verilog HDL Case Statement warning at sr_cpu.v(266): incomplete case statement has no default case item File: G:/CodingSpace/SystemDesignOfDigitalDevices/schoolRISCV/Lab 7/src/sr_cpu.v Line: 266
Info (12128): Elaborating entity "sm_hex_display" for hierarchy "sm_hex_display:digit_5" File: G:/CodingSpace/SystemDesignOfDigitalDevices/schoolRISCV/Lab 7/board/de1_soc/de1_soc.v Line: 227
Info (12128): Elaborating entity "ram" for hierarchy "ram:coupled_ram" File: G:/CodingSpace/SystemDesignOfDigitalDevices/schoolRISCV/Lab 7/board/de1_soc/de1_soc.v Line: 253
Warning (19016): Clock multiplexers are found and protected
    Warning (19017): Found clock multiplexer sm_top:sm_top|sm_clk_divider:sm_clk_divider|Mux0 File: G:/CodingSpace/SystemDesignOfDigitalDevices/schoolRISCV/Lab 7/src/sm_top.v Line: 106
Info (276014): Found 1 instances of uninferred RAM logic
    Info (276004): RAM logic "sm_top:sm_top|sm_rom:reset_rom|rom" is uninferred due to inappropriate RAM size File: G:/CodingSpace/SystemDesignOfDigitalDevices/schoolRISCV/Lab 7/src/sm_rom.v Line: 19
Warning (127007): Memory Initialization File or Hexadecimal (Intel-Format) File "G:/CodingSpace/SystemDesignOfDigitalDevices/schoolRISCV/Lab 7/board/de1_soc/db/de1_soc.ram0_sm_rom_e96ad487.hdl.mif" contains "don't care" values -- overwriting them with 0s
Info (19000): Inferred 2 megafunctions from design logic
    Info (276029): Inferred altsyncram megafunction from the following design logic: "ram:coupled_ram|ram_rtl_0" 
        Info (286033): Parameter OPERATION_MODE set to SINGLE_PORT
        Info (286033): Parameter WIDTH_A set to 32
        Info (286033): Parameter WIDTHAD_A set to 6
        Info (286033): Parameter NUMWORDS_A set to 64
        Info (286033): Parameter WIDTH_BYTEENA_A set to 4
        Info (286033): Parameter WIDTH_BYTEENA_B set to 4
        Info (286033): Parameter OUTDATA_REG_A set to UNREGISTERED
        Info (286033): Parameter ADDRESS_ACLR_A set to NONE
        Info (286033): Parameter OUTDATA_ACLR_A set to NONE
        Info (286033): Parameter INDATA_ACLR_A set to NONE
        Info (286033): Parameter WRCONTROL_ACLR_A set to NONE
        Info (286033): Parameter INIT_FILE set to db/de1_soc.ram0_ram_d5bf64a.hdl.mif
    Info (276029): Inferred altsyncram megafunction from the following design logic: "ram:coupled_ram|ram_rtl_1" 
        Info (286033): Parameter OPERATION_MODE set to DUAL_PORT
        Info (286033): Parameter WIDTH_A set to 32
        Info (286033): Parameter WIDTHAD_A set to 6
        Info (286033): Parameter NUMWORDS_A set to 64
        Info (286033): Parameter WIDTH_B set to 32
        Info (286033): Parameter WIDTHAD_B set to 6
        Info (286033): Parameter NUMWORDS_B set to 64
        Info (286033): Parameter WIDTH_BYTEENA_A set to 4
        Info (286033): Parameter WIDTH_BYTEENA_B set to 4
        Info (286033): Parameter ADDRESS_ACLR_A set to NONE
        Info (286033): Parameter OUTDATA_REG_B set to UNREGISTERED
        Info (286033): Parameter ADDRESS_ACLR_B set to NONE
        Info (286033): Parameter OUTDATA_ACLR_B set to NONE
        Info (286033): Parameter ADDRESS_REG_B set to CLOCK0
        Info (286033): Parameter INDATA_ACLR_A set to NONE
        Info (286033): Parameter WRCONTROL_ACLR_A set to NONE
        Info (286033): Parameter INIT_FILE set to db/de1_soc.ram0_ram_d5bf64a.hdl.mif
        Info (286033): Parameter READ_DURING_WRITE_MODE_MIXED_PORTS set to OLD_DATA
Info (12130): Elaborated megafunction instantiation "ram:coupled_ram|altsyncram:ram_rtl_0"
Info (12133): Instantiated megafunction "ram:coupled_ram|altsyncram:ram_rtl_0" with the following parameter:
    Info (12134): Parameter "OPERATION_MODE" = "SINGLE_PORT"
    Info (12134): Parameter "WIDTH_A" = "32"
    Info (12134): Parameter "WIDTHAD_A" = "6"
    Info (12134): Parameter "NUMWORDS_A" = "64"
    Info (12134): Parameter "WIDTH_BYTEENA_A" = "4"
    Info (12134): Parameter "WIDTH_BYTEENA_B" = "4"
    Info (12134): Parameter "OUTDATA_REG_A" = "UNREGISTERED"
    Info (12134): Parameter "ADDRESS_ACLR_A" = "NONE"
    Info (12134): Parameter "OUTDATA_ACLR_A" = "NONE"
    Info (12134): Parameter "INDATA_ACLR_A" = "NONE"
    Info (12134): Parameter "WRCONTROL_ACLR_A" = "NONE"
    Info (12134): Parameter "INIT_FILE" = "db/de1_soc.ram0_ram_d5bf64a.hdl.mif"
Info (12021): Found 1 design units, including 1 entities, in source file db/altsyncram_v1j1.tdf
    Info (12023): Found entity 1: altsyncram_v1j1 File: G:/CodingSpace/SystemDesignOfDigitalDevices/schoolRISCV/Lab 7/board/de1_soc/db/altsyncram_v1j1.tdf Line: 27
Info (12130): Elaborated megafunction instantiation "ram:coupled_ram|altsyncram:ram_rtl_1"
Info (12133): Instantiated megafunction "ram:coupled_ram|altsyncram:ram_rtl_1" with the following parameter:
    Info (12134): Parameter "OPERATION_MODE" = "DUAL_PORT"
    Info (12134): Parameter "WIDTH_A" = "32"
    Info (12134): Parameter "WIDTHAD_A" = "6"
    Info (12134): Parameter "NUMWORDS_A" = "64"
    Info (12134): Parameter "WIDTH_B" = "32"
    Info (12134): Parameter "WIDTHAD_B" = "6"
    Info (12134): Parameter "NUMWORDS_B" = "64"
    Info (12134): Parameter "WIDTH_BYTEENA_A" = "4"
    Info (12134): Parameter "WIDTH_BYTEENA_B" = "4"
    Info (12134): Parameter "ADDRESS_ACLR_A" = "NONE"
    Info (12134): Parameter "OUTDATA_REG_B" = "UNREGISTERED"
    Info (12134): Parameter "ADDRESS_ACLR_B" = "NONE"
    Info (12134): Parameter "OUTDATA_ACLR_B" = "NONE"
    Info (12134): Parameter "ADDRESS_REG_B" = "CLOCK0"
    Info (12134): Parameter "INDATA_ACLR_A" = "NONE"
    Info (12134): Parameter "WRCONTROL_ACLR_A" = "NONE"
    Info (12134): Parameter "INIT_FILE" = "db/de1_soc.ram0_ram_d5bf64a.hdl.mif"
    Info (12134): Parameter "READ_DURING_WRITE_MODE_MIXED_PORTS" = "OLD_DATA"
Info (12021): Found 1 design units, including 1 entities, in source file db/altsyncram_bf02.tdf
    Info (12023): Found entity 1: altsyncram_bf02 File: G:/CodingSpace/SystemDesignOfDigitalDevices/schoolRISCV/Lab 7/board/de1_soc/db/altsyncram_bf02.tdf Line: 27
Warning (287013): Variable or input pin "byteena_b" is defined but never used. File: G:/CodingSpace/SystemDesignOfDigitalDevices/schoolRISCV/Lab 7/board/de1_soc/db/altsyncram_bf02.tdf Line: 32
Warning (14284): Synthesized away the following node(s):
    Warning (14285): Synthesized away the following RAM node(s):
        Warning (14320): Synthesized away node "ram:coupled_ram|altsyncram:ram_rtl_1|altsyncram_bf02:auto_generated|ram_block1a24" File: G:/CodingSpace/SystemDesignOfDigitalDevices/schoolRISCV/Lab 7/board/de1_soc/db/altsyncram_bf02.tdf Line: 807
        Warning (14320): Synthesized away node "ram:coupled_ram|altsyncram:ram_rtl_1|altsyncram_bf02:auto_generated|ram_block1a25" File: G:/CodingSpace/SystemDesignOfDigitalDevices/schoolRISCV/Lab 7/board/de1_soc/db/altsyncram_bf02.tdf Line: 839
        Warning (14320): Synthesized away node "ram:coupled_ram|altsyncram:ram_rtl_1|altsyncram_bf02:auto_generated|ram_block1a26" File: G:/CodingSpace/SystemDesignOfDigitalDevices/schoolRISCV/Lab 7/board/de1_soc/db/altsyncram_bf02.tdf Line: 871
        Warning (14320): Synthesized away node "ram:coupled_ram|altsyncram:ram_rtl_1|altsyncram_bf02:auto_generated|ram_block1a27" File: G:/CodingSpace/SystemDesignOfDigitalDevices/schoolRISCV/Lab 7/board/de1_soc/db/altsyncram_bf02.tdf Line: 903
        Warning (14320): Synthesized away node "ram:coupled_ram|altsyncram:ram_rtl_1|altsyncram_bf02:auto_generated|ram_block1a28" File: G:/CodingSpace/SystemDesignOfDigitalDevices/schoolRISCV/Lab 7/board/de1_soc/db/altsyncram_bf02.tdf Line: 935
        Warning (14320): Synthesized away node "ram:coupled_ram|altsyncram:ram_rtl_1|altsyncram_bf02:auto_generated|ram_block1a29" File: G:/CodingSpace/SystemDesignOfDigitalDevices/schoolRISCV/Lab 7/board/de1_soc/db/altsyncram_bf02.tdf Line: 967
        Warning (14320): Synthesized away node "ram:coupled_ram|altsyncram:ram_rtl_1|altsyncram_bf02:auto_generated|ram_block1a30" File: G:/CodingSpace/SystemDesignOfDigitalDevices/schoolRISCV/Lab 7/board/de1_soc/db/altsyncram_bf02.tdf Line: 999
        Warning (14320): Synthesized away node "ram:coupled_ram|altsyncram:ram_rtl_1|altsyncram_bf02:auto_generated|ram_block1a31" File: G:/CodingSpace/SystemDesignOfDigitalDevices/schoolRISCV/Lab 7/board/de1_soc/db/altsyncram_bf02.tdf Line: 1031
Warning (12241): 2 hierarchies have connectivity warnings - see the Connectivity Checks report folder
Warning (13039): The following bidirectional pins have no drivers
    Warning (13040): bidirectional pin "FPGA_I2C_SDAT" has no driver File: G:/CodingSpace/SystemDesignOfDigitalDevices/schoolRISCV/Lab 7/board/de1_soc/de1_soc.v Line: 76
    Warning (13040): bidirectional pin "GPIO_0[0]" has no driver File: G:/CodingSpace/SystemDesignOfDigitalDevices/schoolRISCV/Lab 7/board/de1_soc/de1_soc.v Line: 80
    Warning (13040): bidirectional pin "GPIO_0[1]" has no driver File: G:/CodingSpace/SystemDesignOfDigitalDevices/schoolRISCV/Lab 7/board/de1_soc/de1_soc.v Line: 80
    Warning (13040): bidirectional pin "GPIO_0[2]" has no driver File: G:/CodingSpace/SystemDesignOfDigitalDevices/schoolRISCV/Lab 7/board/de1_soc/de1_soc.v Line: 80
    Warning (13040): bidirectional pin "GPIO_0[3]" has no driver File: G:/CodingSpace/SystemDesignOfDigitalDevices/schoolRISCV/Lab 7/board/de1_soc/de1_soc.v Line: 80
    Warning (13040): bidirectional pin "GPIO_0[4]" has no driver File: G:/CodingSpace/SystemDesignOfDigitalDevices/schoolRISCV/Lab 7/board/de1_soc/de1_soc.v Line: 80
    Warning (13040): bidirectional pin "GPIO_0[5]" has no driver File: G:/CodingSpace/SystemDesignOfDigitalDevices/schoolRISCV/Lab 7/board/de1_soc/de1_soc.v Line: 80
    Warning (13040): bidirectional pin "GPIO_0[6]" has no driver File: G:/CodingSpace/SystemDesignOfDigitalDevices/schoolRISCV/Lab 7/board/de1_soc/de1_soc.v Line: 80
    Warning (13040): bidirectional pin "GPIO_0[7]" has no driver File: G:/CodingSpace/SystemDesignOfDigitalDevices/schoolRISCV/Lab 7/board/de1_soc/de1_soc.v Line: 80
    Warning (13040): bidirectional pin "GPIO_0[8]" has no driver File: G:/CodingSpace/SystemDesignOfDigitalDevices/schoolRISCV/Lab 7/board/de1_soc/de1_soc.v Line: 80
    Warning (13040): bidirectional pin "GPIO_0[9]" has no driver File: G:/CodingSpace/SystemDesignOfDigitalDevices/schoolRISCV/Lab 7/board/de1_soc/de1_soc.v Line: 80
    Warning (13040): bidirectional pin "GPIO_0[10]" has no driver File: G:/CodingSpace/SystemDesignOfDigitalDevices/schoolRISCV/Lab 7/board/de1_soc/de1_soc.v Line: 80
    Warning (13040): bidirectional pin "GPIO_0[11]" has no driver File: G:/CodingSpace/SystemDesignOfDigitalDevices/schoolRISCV/Lab 7/board/de1_soc/de1_soc.v Line: 80
    Warning (13040): bidirectional pin "GPIO_0[12]" has no driver File: G:/CodingSpace/SystemDesignOfDigitalDevices/schoolRISCV/Lab 7/board/de1_soc/de1_soc.v Line: 80
    Warning (13040): bidirectional pin "GPIO_0[13]" has no driver File: G:/CodingSpace/SystemDesignOfDigitalDevices/schoolRISCV/Lab 7/board/de1_soc/de1_soc.v Line: 80
    Warning (13040): bidirectional pin "GPIO_0[14]" has no driver File: G:/CodingSpace/SystemDesignOfDigitalDevices/schoolRISCV/Lab 7/board/de1_soc/de1_soc.v Line: 80
    Warning (13040): bidirectional pin "GPIO_0[15]" has no driver File: G:/CodingSpace/SystemDesignOfDigitalDevices/schoolRISCV/Lab 7/board/de1_soc/de1_soc.v Line: 80
    Warning (13040): bidirectional pin "GPIO_0[16]" has no driver File: G:/CodingSpace/SystemDesignOfDigitalDevices/schoolRISCV/Lab 7/board/de1_soc/de1_soc.v Line: 80
    Warning (13040): bidirectional pin "GPIO_0[17]" has no driver File: G:/CodingSpace/SystemDesignOfDigitalDevices/schoolRISCV/Lab 7/board/de1_soc/de1_soc.v Line: 80
    Warning (13040): bidirectional pin "GPIO_0[18]" has no driver File: G:/CodingSpace/SystemDesignOfDigitalDevices/schoolRISCV/Lab 7/board/de1_soc/de1_soc.v Line: 80
    Warning (13040): bidirectional pin "GPIO_0[19]" has no driver File: G:/CodingSpace/SystemDesignOfDigitalDevices/schoolRISCV/Lab 7/board/de1_soc/de1_soc.v Line: 80
    Warning (13040): bidirectional pin "GPIO_0[20]" has no driver File: G:/CodingSpace/SystemDesignOfDigitalDevices/schoolRISCV/Lab 7/board/de1_soc/de1_soc.v Line: 80
    Warning (13040): bidirectional pin "GPIO_0[21]" has no driver File: G:/CodingSpace/SystemDesignOfDigitalDevices/schoolRISCV/Lab 7/board/de1_soc/de1_soc.v Line: 80
    Warning (13040): bidirectional pin "GPIO_0[22]" has no driver File: G:/CodingSpace/SystemDesignOfDigitalDevices/schoolRISCV/Lab 7/board/de1_soc/de1_soc.v Line: 80
    Warning (13040): bidirectional pin "GPIO_0[23]" has no driver File: G:/CodingSpace/SystemDesignOfDigitalDevices/schoolRISCV/Lab 7/board/de1_soc/de1_soc.v Line: 80
    Warning (13040): bidirectional pin "GPIO_0[24]" has no driver File: G:/CodingSpace/SystemDesignOfDigitalDevices/schoolRISCV/Lab 7/board/de1_soc/de1_soc.v Line: 80
    Warning (13040): bidirectional pin "GPIO_0[25]" has no driver File: G:/CodingSpace/SystemDesignOfDigitalDevices/schoolRISCV/Lab 7/board/de1_soc/de1_soc.v Line: 80
    Warning (13040): bidirectional pin "GPIO_0[26]" has no driver File: G:/CodingSpace/SystemDesignOfDigitalDevices/schoolRISCV/Lab 7/board/de1_soc/de1_soc.v Line: 80
    Warning (13040): bidirectional pin "GPIO_0[27]" has no driver File: G:/CodingSpace/SystemDesignOfDigitalDevices/schoolRISCV/Lab 7/board/de1_soc/de1_soc.v Line: 80
    Warning (13040): bidirectional pin "GPIO_0[28]" has no driver File: G:/CodingSpace/SystemDesignOfDigitalDevices/schoolRISCV/Lab 7/board/de1_soc/de1_soc.v Line: 80
    Warning (13040): bidirectional pin "GPIO_0[29]" has no driver File: G:/CodingSpace/SystemDesignOfDigitalDevices/schoolRISCV/Lab 7/board/de1_soc/de1_soc.v Line: 80
    Warning (13040): bidirectional pin "GPIO_0[30]" has no driver File: G:/CodingSpace/SystemDesignOfDigitalDevices/schoolRISCV/Lab 7/board/de1_soc/de1_soc.v Line: 80
    Warning (13040): bidirectional pin "GPIO_0[31]" has no driver File: G:/CodingSpace/SystemDesignOfDigitalDevices/schoolRISCV/Lab 7/board/de1_soc/de1_soc.v Line: 80
    Warning (13040): bidirectional pin "GPIO_0[32]" has no driver File: G:/CodingSpace/SystemDesignOfDigitalDevices/schoolRISCV/Lab 7/board/de1_soc/de1_soc.v Line: 80
    Warning (13040): bidirectional pin "GPIO_0[33]" has no driver File: G:/CodingSpace/SystemDesignOfDigitalDevices/schoolRISCV/Lab 7/board/de1_soc/de1_soc.v Line: 80
    Warning (13040): bidirectional pin "GPIO_0[34]" has no driver File: G:/CodingSpace/SystemDesignOfDigitalDevices/schoolRISCV/Lab 7/board/de1_soc/de1_soc.v Line: 80
    Warning (13040): bidirectional pin "GPIO_0[35]" has no driver File: G:/CodingSpace/SystemDesignOfDigitalDevices/schoolRISCV/Lab 7/board/de1_soc/de1_soc.v Line: 80
    Warning (13040): bidirectional pin "GPIO_1[0]" has no driver File: G:/CodingSpace/SystemDesignOfDigitalDevices/schoolRISCV/Lab 7/board/de1_soc/de1_soc.v Line: 81
    Warning (13040): bidirectional pin "GPIO_1[1]" has no driver File: G:/CodingSpace/SystemDesignOfDigitalDevices/schoolRISCV/Lab 7/board/de1_soc/de1_soc.v Line: 81
    Warning (13040): bidirectional pin "GPIO_1[2]" has no driver File: G:/CodingSpace/SystemDesignOfDigitalDevices/schoolRISCV/Lab 7/board/de1_soc/de1_soc.v Line: 81
    Warning (13040): bidirectional pin "GPIO_1[3]" has no driver File: G:/CodingSpace/SystemDesignOfDigitalDevices/schoolRISCV/Lab 7/board/de1_soc/de1_soc.v Line: 81
    Warning (13040): bidirectional pin "GPIO_1[4]" has no driver File: G:/CodingSpace/SystemDesignOfDigitalDevices/schoolRISCV/Lab 7/board/de1_soc/de1_soc.v Line: 81
    Warning (13040): bidirectional pin "GPIO_1[5]" has no driver File: G:/CodingSpace/SystemDesignOfDigitalDevices/schoolRISCV/Lab 7/board/de1_soc/de1_soc.v Line: 81
    Warning (13040): bidirectional pin "GPIO_1[6]" has no driver File: G:/CodingSpace/SystemDesignOfDigitalDevices/schoolRISCV/Lab 7/board/de1_soc/de1_soc.v Line: 81
    Warning (13040): bidirectional pin "GPIO_1[7]" has no driver File: G:/CodingSpace/SystemDesignOfDigitalDevices/schoolRISCV/Lab 7/board/de1_soc/de1_soc.v Line: 81
    Warning (13040): bidirectional pin "GPIO_1[8]" has no driver File: G:/CodingSpace/SystemDesignOfDigitalDevices/schoolRISCV/Lab 7/board/de1_soc/de1_soc.v Line: 81
    Warning (13040): bidirectional pin "GPIO_1[9]" has no driver File: G:/CodingSpace/SystemDesignOfDigitalDevices/schoolRISCV/Lab 7/board/de1_soc/de1_soc.v Line: 81
    Warning (13040): bidirectional pin "GPIO_1[10]" has no driver File: G:/CodingSpace/SystemDesignOfDigitalDevices/schoolRISCV/Lab 7/board/de1_soc/de1_soc.v Line: 81
    Warning (13040): bidirectional pin "GPIO_1[11]" has no driver File: G:/CodingSpace/SystemDesignOfDigitalDevices/schoolRISCV/Lab 7/board/de1_soc/de1_soc.v Line: 81
    Warning (13040): bidirectional pin "GPIO_1[12]" has no driver File: G:/CodingSpace/SystemDesignOfDigitalDevices/schoolRISCV/Lab 7/board/de1_soc/de1_soc.v Line: 81
    Warning (13040): bidirectional pin "GPIO_1[13]" has no driver File: G:/CodingSpace/SystemDesignOfDigitalDevices/schoolRISCV/Lab 7/board/de1_soc/de1_soc.v Line: 81
    Warning (13040): bidirectional pin "GPIO_1[14]" has no driver File: G:/CodingSpace/SystemDesignOfDigitalDevices/schoolRISCV/Lab 7/board/de1_soc/de1_soc.v Line: 81
    Warning (13040): bidirectional pin "GPIO_1[15]" has no driver File: G:/CodingSpace/SystemDesignOfDigitalDevices/schoolRISCV/Lab 7/board/de1_soc/de1_soc.v Line: 81
    Warning (13040): bidirectional pin "GPIO_1[16]" has no driver File: G:/CodingSpace/SystemDesignOfDigitalDevices/schoolRISCV/Lab 7/board/de1_soc/de1_soc.v Line: 81
    Warning (13040): bidirectional pin "GPIO_1[17]" has no driver File: G:/CodingSpace/SystemDesignOfDigitalDevices/schoolRISCV/Lab 7/board/de1_soc/de1_soc.v Line: 81
    Warning (13040): bidirectional pin "GPIO_1[18]" has no driver File: G:/CodingSpace/SystemDesignOfDigitalDevices/schoolRISCV/Lab 7/board/de1_soc/de1_soc.v Line: 81
    Warning (13040): bidirectional pin "GPIO_1[19]" has no driver File: G:/CodingSpace/SystemDesignOfDigitalDevices/schoolRISCV/Lab 7/board/de1_soc/de1_soc.v Line: 81
    Warning (13040): bidirectional pin "GPIO_1[20]" has no driver File: G:/CodingSpace/SystemDesignOfDigitalDevices/schoolRISCV/Lab 7/board/de1_soc/de1_soc.v Line: 81
    Warning (13040): bidirectional pin "GPIO_1[21]" has no driver File: G:/CodingSpace/SystemDesignOfDigitalDevices/schoolRISCV/Lab 7/board/de1_soc/de1_soc.v Line: 81
    Warning (13040): bidirectional pin "GPIO_1[22]" has no driver File: G:/CodingSpace/SystemDesignOfDigitalDevices/schoolRISCV/Lab 7/board/de1_soc/de1_soc.v Line: 81
    Warning (13040): bidirectional pin "GPIO_1[23]" has no driver File: G:/CodingSpace/SystemDesignOfDigitalDevices/schoolRISCV/Lab 7/board/de1_soc/de1_soc.v Line: 81
    Warning (13040): bidirectional pin "GPIO_1[24]" has no driver File: G:/CodingSpace/SystemDesignOfDigitalDevices/schoolRISCV/Lab 7/board/de1_soc/de1_soc.v Line: 81
    Warning (13040): bidirectional pin "GPIO_1[25]" has no driver File: G:/CodingSpace/SystemDesignOfDigitalDevices/schoolRISCV/Lab 7/board/de1_soc/de1_soc.v Line: 81
    Warning (13040): bidirectional pin "GPIO_1[26]" has no driver File: G:/CodingSpace/SystemDesignOfDigitalDevices/schoolRISCV/Lab 7/board/de1_soc/de1_soc.v Line: 81
    Warning (13040): bidirectional pin "GPIO_1[27]" has no driver File: G:/CodingSpace/SystemDesignOfDigitalDevices/schoolRISCV/Lab 7/board/de1_soc/de1_soc.v Line: 81
    Warning (13040): bidirectional pin "GPIO_1[28]" has no driver File: G:/CodingSpace/SystemDesignOfDigitalDevices/schoolRISCV/Lab 7/board/de1_soc/de1_soc.v Line: 81
    Warning (13040): bidirectional pin "GPIO_1[29]" has no driver File: G:/CodingSpace/SystemDesignOfDigitalDevices/schoolRISCV/Lab 7/board/de1_soc/de1_soc.v Line: 81
    Warning (13040): bidirectional pin "GPIO_1[30]" has no driver File: G:/CodingSpace/SystemDesignOfDigitalDevices/schoolRISCV/Lab 7/board/de1_soc/de1_soc.v Line: 81
    Warning (13040): bidirectional pin "GPIO_1[31]" has no driver File: G:/CodingSpace/SystemDesignOfDigitalDevices/schoolRISCV/Lab 7/board/de1_soc/de1_soc.v Line: 81
    Warning (13040): bidirectional pin "GPIO_1[32]" has no driver File: G:/CodingSpace/SystemDesignOfDigitalDevices/schoolRISCV/Lab 7/board/de1_soc/de1_soc.v Line: 81
    Warning (13040): bidirectional pin "GPIO_1[33]" has no driver File: G:/CodingSpace/SystemDesignOfDigitalDevices/schoolRISCV/Lab 7/board/de1_soc/de1_soc.v Line: 81
    Warning (13040): bidirectional pin "GPIO_1[34]" has no driver File: G:/CodingSpace/SystemDesignOfDigitalDevices/schoolRISCV/Lab 7/board/de1_soc/de1_soc.v Line: 81
    Warning (13040): bidirectional pin "GPIO_1[35]" has no driver File: G:/CodingSpace/SystemDesignOfDigitalDevices/schoolRISCV/Lab 7/board/de1_soc/de1_soc.v Line: 81
Warning (13024): Output pins are stuck at VCC or GND
    Warning (13410): Pin "FPGA_I2C_SCLK" is stuck at GND File: G:/CodingSpace/SystemDesignOfDigitalDevices/schoolRISCV/Lab 7/board/de1_soc/de1_soc.v Line: 75
    Warning (13410): Pin "LEDR[1]" is stuck at GND File: G:/CodingSpace/SystemDesignOfDigitalDevices/schoolRISCV/Lab 7/board/de1_soc/de1_soc.v Line: 158
Info (286030): Timing-Driven Synthesis is running
Info (17049): 39 registers lost all their fanouts during netlist optimizations.
Info (16010): Generating hard_block partition "hard_block:auto_generated_inst"
    Info (16011): Adding 0 node(s), including 0 DDIO, 0 PLL, 0 transceiver and 0 LCELL
Warning (21074): Design contains 2 input pin(s) that do not drive logic
    Warning (15610): No output dependent on input pin "KEY[2]" File: G:/CodingSpace/SystemDesignOfDigitalDevices/schoolRISCV/Lab 7/board/de1_soc/de1_soc.v Line: 154
    Warning (15610): No output dependent on input pin "KEY[3]" File: G:/CodingSpace/SystemDesignOfDigitalDevices/schoolRISCV/Lab 7/board/de1_soc/de1_soc.v Line: 154
Info (21057): Implemented 1640 device resources after synthesis - the final resource count might be different
    Info (21058): Implemented 15 input pins
    Info (21059): Implemented 53 output pins
    Info (21060): Implemented 73 bidirectional pins
    Info (21061): Implemented 1441 logic cells
    Info (21064): Implemented 56 RAM segments
    Info (21062): Implemented 2 DSP elements
Info: Quartus Prime Analysis & Synthesis was successful. 0 errors, 103 warnings
    Info: Peak virtual memory: 4929 megabytes
    Info: Processing ended: Wed Jan 28 21:31:38 2026
    Info: Elapsed time: 00:00:08
    Info: Total CPU time (on all processors): 00:00:13


